{"credit":"Made by Nog's Menagerie","texture_size":[64,64],"textures":{"0":"item/crates/necromancer/plushies/plushie_vampire_texture","particle":"item/crates/necromancer/plushies/plushie_vampire_texture"},"elements":[{"name":"torso","from":[5.5,0,7.25],"to":[10.5,8,11.25],"rotation":{"angle":0,"axis":"y","origin":[8,2.0045,8.85355]},"faces":{"north":{"uv":[5.5,0,6.75,2],"texture":"#0"},"east":{"uv":[6.25,2,7.25,4],"texture":"#0"},"south":{"uv":[0,5.75,1.25,7.75],"texture":"#0"},"west":{"uv":[1.25,6.5,2.25,8.5],"texture":"#0"},"up":{"uv":[3.5,7.5,2.25,6.5],"texture":"#0"},"down":{"uv":[4.75,6.5,3.5,7.5],"texture":"#0"}}},{"name":"torso","from":[2.5,8.07061,9.37203],"to":[13.5,8.07061,15.37203],"rotation":{"angle":-45,"axis":"x","origin":[8,8.07061,13.37203]},"faces":{"north":{"uv":[0,0,2.75,0],"texture":"#0"},"east":{"uv":[0,0,1.5,0],"texture":"#0"},"south":{"uv":[0,0,2.75,0],"texture":"#0"},"west":{"uv":[0,0,1.5,0],"texture":"#0"},"up":{"uv":[5.5,1.5,2.75,0],"texture":"#0"},"down":{"uv":[5.5,1.5,2.75,3],"texture":"#0"}}},{"name":"torso","from":[2.5,4.18223,10.51777],"to":[13.5,4.18223,18.51777],"rotation":{"angle":45,"axis":"x","origin":[8,4.18223,13.01777]},"faces":{"north":{"uv":[0,0,2.75,0],"texture":"#0"},"east":{"uv":[0,0,2,0],"texture":"#0"},"south":{"uv":[0,0,2.75,0],"texture":"#0"},"west":{"uv":[0,0,2,0],"texture":"#0"},"up":{"uv":[2.75,2,0,0],"texture":"#0"},"down":{"uv":[2.75,2,0,4],"texture":"#0"}}},{"name":"head","from":[4.5,5.575,4.85],"to":[11.5,12.575,11.85],"rotation":{"angle":-22.5,"axis":"x","origin":[8,7.725,8.25]},"faces":{"north":{"uv":[2.75,3,4.5,4.75],"texture":"#0"},"east":{"uv":[0,4,1.75,5.75],"texture":"#0"},"south":{"uv":[4.5,3,6.25,4.75],"texture":"#0"},"west":{"uv":[1.75,4.75,3.5,6.5],"texture":"#0"},"up":{"uv":[5.25,6.5,3.5,4.75],"texture":"#0"},"down":{"uv":[7,4.75,5.25,6.5],"texture":"#0"}}},{"name":"head","from":[7,6.72396,3.09885],"to":[9,8.72396,5.09885],"rotation":{"angle":-22.5,"axis":"x","origin":[10,7.17396,8.74885]},"faces":{"north":{"uv":[1.25,5.75,1.75,6.25],"texture":"#0"},"east":{"uv":[6.75,1,7.25,1.5],"texture":"#0"},"south":{"uv":[6.75,1.5,7.25,2],"texture":"#0"},"west":{"uv":[6.75,6.5,7.25,7],"texture":"#0"},"up":{"uv":[7.5,5,7,4.5],"texture":"#0"},"down":{"uv":[7.5,5,7,5.5],"texture":"#0"}}},{"name":"head","from":[9,4.36141,5.5489],"to":[10,5.36141,5.5489],"rotation":{"angle":0,"axis":"x","origin":[12.5,2.36141,6.2989]},"faces":{"north":{"uv":[1.75,4.5,2,4.75],"texture":"#0"},"east":{"uv":[0,0,0,0.25],"texture":"#0"},"south":{"uv":[2,4.5,2.25,4.75],"texture":"#0"},"west":{"uv":[0,0,0,0.25],"texture":"#0"},"up":{"uv":[0.25,0,0,0],"texture":"#0"},"down":{"uv":[0.25,0,0,0],"texture":"#0"}}},{"name":"head","from":[6,4.36141,5.5489],"to":[7,5.36141,5.5489],"rotation":{"angle":0,"axis":"x","origin":[3.5,2.36141,6.2989]},"faces":{"north":{"uv":[2.25,4.5,2.5,4.75],"texture":"#0"},"east":{"uv":[0,0,0,0.25],"texture":"#0"},"south":{"uv":[2.5,4.5,2.75,4.75],"texture":"#0"},"west":{"uv":[0,0,0,0.25],"texture":"#0"},"up":{"uv":[0.25,0,0,0],"texture":"#0"},"down":{"uv":[0.25,0,0,0],"texture":"#0"}}},{"name":"right_arm","from":[10.71576,2.10686,8.25],"to":[12.71576,6.10686,10.25],"rotation":{"angle":45,"axis":"z","origin":[11.71576,2.85686,6]},"faces":{"north":{"uv":[5.5,2,6,3],"texture":"#0"},"east":{"uv":[4.75,6.5,5.25,7.5],"texture":"#0"},"south":{"uv":[5.25,6.5,5.75,7.5],"texture":"#0"},"west":{"uv":[5.75,6.5,6.25,7.5],"texture":"#0"},"up":{"uv":[7.5,6,7,5.5],"texture":"#0"},"down":{"uv":[7.5,6,7,6.5],"texture":"#0"}}},{"name":"left_arm","from":[3.28424,2.10686,8.25],"to":[5.28424,6.10686,10.25],"rotation":{"angle":-45,"axis":"z","origin":[4.28424,2.85686,6]},"faces":{"north":{"uv":[6,2,5.5,3],"texture":"#0"},"east":{"uv":[6.25,6.5,5.75,7.5],"texture":"#0"},"south":{"uv":[5.75,6.5,5.25,7.5],"texture":"#0"},"west":{"uv":[5.25,6.5,4.75,7.5],"texture":"#0"},"up":{"uv":[7,6,7.5,5.5],"texture":"#0"},"down":{"uv":[7,6,7.5,6.5],"texture":"#0"}}},{"name":"right_leg","from":[9,0.01,4.25],"to":[11,2.01,8.25],"rotation":{"angle":-22.5,"axis":"y","origin":[8,0.01,6.25]},"faces":{"north":{"uv":[6.75,7,7.25,7.5],"texture":"#0"},"east":{"uv":[1.75,4,2.75,4.5],"texture":"#0"},"south":{"uv":[7.25,0,7.75,0.5],"texture":"#0"},"west":{"uv":[6.25,4,7.25,4.5],"texture":"#0"},"up":{"uv":[6.75,7.5,6.25,6.5],"texture":"#0"},"down":{"uv":[7.25,0,6.75,1],"texture":"#0"}}},{"name":"left_leg","from":[5,0.01,4.25],"to":[7,2.01,8.25],"rotation":{"angle":22.5,"axis":"y","origin":[8,0.01,6.25]},"faces":{"north":{"uv":[7.25,7,6.75,7.5],"texture":"#0"},"east":{"uv":[7.25,4,6.25,4.5],"texture":"#0"},"south":{"uv":[7.75,0,7.25,0.5],"texture":"#0"},"west":{"uv":[2.75,4,1.75,4.5],"texture":"#0"},"up":{"uv":[6.25,7.5,6.75,6.5],"texture":"#0"},"down":{"uv":[6.75,0,7.25,1],"texture":"#0"}}}],"gui_light":"front","display":{"thirdperson_righthand":{"rotation":[24,13,0],"translation":[0,1.25,-0.5],"scale":[0.6,0.6,0.6]},"thirdperson_lefthand":{"rotation":[24,13,0],"translation":[0,0.75,-0.5],"scale":[0.6,0.6,0.6]},"firstperson_righthand":{"rotation":[0,109,5],"translation":[2,5.25,0],"scale":[0.71,0.71,0.71]},"firstperson_lefthand":{"rotation":[0,109,5],"translation":[2,5.25,0],"scale":[0.71,0.71,0.71]},"ground":{"translation":[0,3.5,0],"scale":[0.65,0.65,0.65]},"gui":{"rotation":[25,151,0],"translation":[-0.5,0.25,0],"scale":[0.73,0.73,0.73]},"head":{"translation":[0,14.4,0]},"fixed":{"rotation":[-90,0,0],"translation":[0,0,-13.5],"scale":[1.7,1.7,1.7]}},"groups":[{"name":"base","origin":[8,8,8],"color":0,"nbt":"{}","children":[0,1,2,{"name":"group","origin":[8,7.5,8.25],"color":0,"nbt":"{}","children":[3,4,5,6]},{"name":"group","origin":[5.16813,3.74074,9.25],"color":0,"nbt":"{}","children":[7,8]},{"name":"group","origin":[8,0.01,6.25],"color":0,"nbt":"{}","children":[9,10]}]}],"mcmodels":"2bba870376773be42ff2f3e4d6611717"}