{"credit":"Made by Nog's Menagerie","texture_size":[64,64],"textures":{"1":"item/crates/necromancer/plushies/plushie_killer_texture"},"elements":[{"name":"torso","from":[5.5,0,7.25],"to":[10.5,8,11.25],"rotation":{"angle":0,"axis":"y","origin":[8,2.0045,8.85355]},"faces":{"north":{"uv":[8.75,0,10,2],"texture":"#1"},"east":{"uv":[8.75,2.25,9.75,4.25],"texture":"#1"},"south":{"uv":[2.25,8.75,3.5,10.75],"texture":"#1"},"west":{"uv":[3.75,8.75,4.75,10.75],"texture":"#1"},"up":{"uv":[10,5.5,8.75,4.5],"texture":"#1"},"down":{"uv":[6.25,8.75,5,9.75],"texture":"#1"}}},{"name":"head","from":[4.5,5.575,5.85],"to":[11.5,12.575,11.85],"rotation":{"angle":-22.5,"axis":"x","origin":[8,7.725,8.25]},"faces":{"north":{"uv":[6.75,0,8.5,1.75],"texture":"#1"},"east":{"uv":[4.25,6.75,5.75,8.5],"texture":"#1"},"south":{"uv":[6.75,2,8.5,3.75],"texture":"#1"},"west":{"uv":[6,6.75,7.5,8.5],"texture":"#1"},"up":{"uv":[9.5,7.5,7.75,6],"texture":"#1"},"down":{"uv":[9.5,7.75,7.75,9.25],"texture":"#1"}}},{"name":"head","from":[4.5,5.575,4.85],"to":[11.5,12.575,4.85],"rotation":{"angle":-22.5,"axis":"x","origin":[8,7.725,8.25]},"faces":{"north":{"uv":[2.25,6.75,4,8.5],"texture":"#1"},"east":{"uv":[2,9,2,10.75],"texture":"#1"},"south":{"uv":[6.75,4,8.5,5.75],"texture":"#1"},"west":{"uv":[9.75,10.75,9.75,12.5],"texture":"#1"},"up":{"uv":[12.75,2,11,2],"texture":"#1"},"down":{"uv":[12.75,5.75,11,5.75],"texture":"#1"}}},{"name":"head","from":[4.5,12.575,4.85],"to":[11.5,12.575,5.85],"rotation":{"angle":-22.5,"axis":"x","origin":[8,7.725,8.25]},"faces":{"north":{"uv":[11,6,12.75,6],"texture":"#1"},"east":{"uv":[8.75,5.75,9,5.75],"texture":"#1"},"south":{"uv":[11,6.25,12.75,6.25],"texture":"#1"},"west":{"uv":[9.25,5.75,9.5,5.75],"texture":"#1"},"up":{"uv":[1.75,10.5,0,10.25],"texture":"#1"},"down":{"uv":[12,0,10.25,0.25],"texture":"#1"}}},{"name":"head","from":[11.5,5.575,4.85],"to":[11.5,12.575,5.85],"rotation":{"angle":-22.5,"axis":"x","origin":[8,7.725,8.25]},"faces":{"north":{"uv":[3.5,11,3.5,12.75],"texture":"#1"},"east":{"uv":[7,10,7.25,11.75],"texture":"#1"},"south":{"uv":[3.75,11,3.75,12.75],"texture":"#1"},"west":{"uv":[10,10.25,10.25,12],"texture":"#1"},"up":{"uv":[7.5,6.25,7.5,6],"texture":"#1"},"down":{"uv":[7.5,10,7.5,10.25],"texture":"#1"}}},{"name":"head","from":[4.5,5.575,4.85],"to":[4.5,12.575,5.85],"rotation":{"angle":-22.5,"axis":"x","origin":[8,7.725,8.25]},"faces":{"north":{"uv":[4,11,4,12.75],"texture":"#1"},"east":{"uv":[10.5,10.25,10.75,12],"texture":"#1"},"south":{"uv":[4.25,11,4.25,12.75],"texture":"#1"},"west":{"uv":[0,10.75,0.25,12.5],"texture":"#1"},"up":{"uv":[4.5,11.25,4.5,11],"texture":"#1"},"down":{"uv":[4.75,11,4.75,11.25],"texture":"#1"}}},{"name":"head","from":[4.5,5.575,4.85],"to":[11.5,5.575,5.85],"rotation":{"angle":-22.5,"axis":"x","origin":[8,7.725,8.25]},"faces":{"north":{"uv":[11,6.5,12.75,6.5],"texture":"#1"},"east":{"uv":[11,6.75,11.25,6.75],"texture":"#1"},"south":{"uv":[11,7,12.75,7],"texture":"#1"},"west":{"uv":[11,7.25,11.25,7.25],"texture":"#1"},"up":{"uv":[12,0.75,10.25,0.5],"texture":"#1"},"down":{"uv":[12,1,10.25,1.25],"texture":"#1"}}},{"name":"head","from":[12,4.75642,3.62269],"to":[12,12.75642,11.62269],"rotation":{"angle":-22.5,"axis":"x","origin":[8,9.40642,7.02269]},"faces":{"north":{"uv":[11,10.25,11,12.25],"texture":"#1"},"east":{"uv":[0,0,2,2],"texture":"#1"},"south":{"uv":[5,11.25,5,13.25],"texture":"#1"},"west":{"uv":[0,2.25,2,4.25],"texture":"#1"},"up":{"uv":[5.25,13.25,5.25,11.25],"texture":"#1"},"down":{"uv":[5.5,11.25,5.5,13.25],"texture":"#1"}}},{"name":"head","from":[4,4.75642,3.62269],"to":[4,12.75642,11.62269],"rotation":{"angle":-22.5,"axis":"x","origin":[8,9.40642,7.02269]},"faces":{"north":{"uv":[11,10.25,11,12.25],"texture":"#1"},"east":{"uv":[2,2.25,0,4.25],"texture":"#1"},"south":{"uv":[5,11.25,5,13.25],"texture":"#1"},"west":{"uv":[2,0,0,2],"texture":"#1"},"up":{"uv":[5.25,13.25,5.25,11.25],"texture":"#1"},"down":{"uv":[5.5,11.25,5.5,13.25],"texture":"#1"}}},{"name":"head","from":[4,4.75642,3.62269],"to":[12,12.75642,3.62269],"rotation":{"angle":-22.5,"axis":"x","origin":[8,9.40642,7.02269]},"faces":{"north":{"uv":[2.25,0,4.25,2],"texture":"#1"},"east":{"uv":[11.25,7.5,11.25,9.5],"texture":"#1"},"south":{"uv":[2.25,2.25,4.25,4.25],"texture":"#1"},"west":{"uv":[8.75,11.25,8.75,13.25],"texture":"#1"},"up":{"uv":[13.25,2.25,11.25,2.25],"texture":"#1"},"down":{"uv":[13.25,2.5,11.25,2.5],"texture":"#1"}}},{"name":"head","from":[4,12.83254,4.00538],"to":[12,12.83254,12.00538],"rotation":{"angle":-22.5,"axis":"x","origin":[8,8.48254,7.40538]},"faces":{"north":{"uv":[11.25,2.75,13.25,2.75],"texture":"#1"},"east":{"uv":[11.25,3,13.25,3],"texture":"#1"},"south":{"uv":[11.25,3.25,13.25,3.25],"texture":"#1"},"west":{"uv":[11.25,3.5,13.25,3.5],"texture":"#1"},"up":{"uv":[2,6.5,0,4.5],"texture":"#1"},"down":{"uv":[6.5,0,4.5,2],"texture":"#1"}}},{"name":"head","from":[4,4.75642,3.62269],"to":[12,4.75642,11.62269],"rotation":{"angle":-22.5,"axis":"x","origin":[8,9.40642,7.02269]},"faces":{"north":{"uv":[11.25,3.75,13.25,3.75],"texture":"#1"},"east":{"uv":[11.25,4,13.25,4],"texture":"#1"},"south":{"uv":[11.25,5.25,13.25,5.25],"texture":"#1"},"west":{"uv":[11.25,5.5,13.25,5.5],"texture":"#1"},"up":{"uv":[4.25,6.5,2.25,4.5],"texture":"#1"},"down":{"uv":[6.5,2.25,4.5,4.25],"texture":"#1"}}},{"name":"head","from":[4,4.75642,11.62269],"to":[12,12.75642,11.62269],"rotation":{"angle":-22.5,"axis":"x","origin":[8,9.40642,7.02269]},"faces":{"north":{"uv":[4.5,4.5,6.5,6.5],"texture":"#1"},"east":{"uv":[9,11.25,9,13.25],"texture":"#1"},"south":{"uv":[0,6.75,2,8.75],"texture":"#1"},"west":{"uv":[9.25,11.25,9.25,13.25],"texture":"#1"},"up":{"uv":[13.25,9.75,11.25,9.75],"texture":"#1"},"down":{"uv":[13.25,10,11.25,10],"texture":"#1"}}},{"name":"right_arm","from":[10.71576,2.10686,8.25],"to":[12.71576,6.10686,10.25],"rotation":{"angle":45,"axis":"z","origin":[11.71576,2.85686,6]},"faces":{"north":{"uv":[1.25,9,1.75,10],"texture":"#1"},"east":{"uv":[7.75,9.5,8.25,10.5],"texture":"#1"},"south":{"uv":[8.5,9.5,9,10.5],"texture":"#1"},"west":{"uv":[9.25,9.5,9.75,10.5],"texture":"#1"},"up":{"uv":[7.25,6.5,6.75,6],"texture":"#1"},"down":{"uv":[10.75,1.5,10.25,2],"texture":"#1"}}},{"name":"left_arm","from":[3.28424,2.10686,8.25],"to":[5.28424,6.10686,10.25],"rotation":{"angle":-45,"axis":"z","origin":[4.28424,2.85686,6]},"faces":{"north":{"uv":[1.75,9,1.25,10],"texture":"#1"},"east":{"uv":[9.75,9.5,9.25,10.5],"texture":"#1"},"south":{"uv":[9,9.5,8.5,10.5],"texture":"#1"},"west":{"uv":[8.25,9.5,7.75,10.5],"texture":"#1"},"up":{"uv":[6.75,6.5,7.25,6],"texture":"#1"},"down":{"uv":[10.25,1.5,10.75,2],"texture":"#1"}}},{"name":"right_arm","from":[11.54076,1.88186,7.25],"to":[12.54076,2.88186,11.25],"rotation":{"angle":0,"axis":"y","origin":[11.71576,2.85686,7.25]},"faces":{"north":{"uv":[10.25,5.25,10.5,5.5],"texture":"#1"},"east":{"uv":[10.25,4.25,11.25,4.5],"texture":"#1"},"south":{"uv":[10.75,5.25,11,5.5],"texture":"#1"},"west":{"uv":[10.25,4.75,11.25,5],"texture":"#1"},"up":{"uv":[0.75,11.75,0.5,10.75],"texture":"#1"},"down":{"uv":[1.25,10.75,1,11.75],"texture":"#1"}}},{"name":"right_arm","from":[11.54076,1.38186,3.25],"to":[12.54076,3.38186,7.25],"rotation":{"angle":0,"axis":"y","origin":[11.71576,2.85686,7.25]},"faces":{"north":{"uv":[6.5,10.75,6.75,11.25],"texture":"#1"},"east":{"uv":[9.75,5.75,10.75,6.25],"texture":"#1"},"south":{"uv":[8.25,10.75,8.5,11.25],"texture":"#1"},"west":{"uv":[9.75,6.5,10.75,7],"texture":"#1"},"up":{"uv":[1.75,11.75,1.5,10.75],"texture":"#1"},"down":{"uv":[11,2.25,10.75,3.25],"texture":"#1"}}},{"name":"right_arm","from":[11.51576,1.54264,2.25],"to":[12.56576,2.96764,3.675],"rotation":{"angle":45,"axis":"x","origin":[12.04076,1.96764,3.25]},"faces":{"north":{"uv":[8.75,10.75,9,11],"texture":"#1"},"east":{"uv":[9.25,10.75,9.5,11],"texture":"#1"},"south":{"uv":[11,1.5,11.25,1.75],"texture":"#1"},"west":{"uv":[2,11,2.25,11.25],"texture":"#1"},"up":{"uv":[2.75,11.25,2.5,11],"texture":"#1"},"down":{"uv":[3.25,11,3,11.25],"texture":"#1"}}},{"name":"right_leg","from":[9,0.01,4.25],"to":[11,2.01,8.25],"rotation":{"angle":-22.5,"axis":"y","origin":[8,0.01,6.25]},"faces":{"north":{"uv":[5.75,10.75,6.25,11.25],"texture":"#1"},"east":{"uv":[9.75,7.25,10.75,7.75],"texture":"#1"},"south":{"uv":[7.5,10.75,8,11.25],"texture":"#1"},"west":{"uv":[9.75,8,10.75,8.5],"texture":"#1"},"up":{"uv":[10.5,3.25,10,2.25],"texture":"#1"},"down":{"uv":[5.5,10,5,11],"texture":"#1"}}},{"name":"left_leg","from":[5,0.01,4.25],"to":[7,2.01,8.25],"rotation":{"angle":22.5,"axis":"y","origin":[8,0.01,6.25]},"faces":{"north":{"uv":[6.25,10.75,5.75,11.25],"texture":"#1"},"east":{"uv":[10.75,8,9.75,8.5],"texture":"#1"},"south":{"uv":[8,10.75,7.5,11.25],"texture":"#1"},"west":{"uv":[10.75,7.25,9.75,7.75],"texture":"#1"},"up":{"uv":[10,3.25,10.5,2.25],"texture":"#1"},"down":{"uv":[5,10,5.5,11],"texture":"#1"}}},{"name":"left_leg","from":[6.25,0.035,4.81363],"to":[9.75,1.985,8.81363],"rotation":{"angle":0,"axis":"y","origin":[7,1.035,6.81363]},"faces":{"north":{"uv":[9.75,8.75,10.75,9.25],"texture":"#1"},"east":{"uv":[10,3.5,11,4],"texture":"#1"},"south":{"uv":[5.75,10,6.75,10.5],"texture":"#1"},"west":{"uv":[10,9.5,11,10],"texture":"#1"},"up":{"uv":[7.5,9.75,6.5,8.75],"texture":"#1"},"down":{"uv":[1,9,0,10],"texture":"#1"}}}],"gui_light":"front","display":{"thirdperson_righthand":{"rotation":[24,13,0],"translation":[0,1.25,-0.5],"scale":[0.6,0.6,0.6]},"thirdperson_lefthand":{"rotation":[24,13,0],"translation":[0,0.75,-0.5],"scale":[0.6,0.6,0.6]},"firstperson_righthand":{"rotation":[0,109,5],"translation":[2,5.25,0],"scale":[0.71,0.71,0.71]},"firstperson_lefthand":{"rotation":[0,109,5],"translation":[2,5.25,0],"scale":[0.71,0.71,0.71]},"ground":{"translation":[0,3.5,0],"scale":[0.65,0.65,0.65]},"gui":{"rotation":[25,151,0],"translation":[0.25,0.25,0],"scale":[0.73,0.73,0.73]},"head":{"translation":[0,14.4,0]},"fixed":{"rotation":[-90,0,0],"translation":[0,0,-13.5],"scale":[1.7,1.7,1.7]}},"groups":[{"name":"base","origin":[8,8,8],"color":0,"nbt":"{}","children":[0,{"name":"group","origin":[8,7.5,8.25],"color":0,"nbt":"{}","children":[1,{"name":"group","origin":[8,7.725,8.25],"color":0,"nbt":"{}","children":[2,3,4,5,6]},{"name":"group","origin":[8,7.725,8.25],"color":0,"nbt":"{}","children":[7,8,9,10,11,12]}]},{"name":"group","origin":[5.16813,3.74074,9.25],"color":0,"nbt":"{}","children":[13,14,{"name":"group","origin":[11.71576,2.85686,6],"color":0,"nbt":"{}","children":[15,16,17]}]},{"name":"group","origin":[8,0.01,6.25],"color":0,"nbt":"{}","children":[18,19,20]}]}],"mcmodels":"d3de2d4252105dcc0a8a3b0cc20c32f2"}