{"credit":"Made by Nog's Menagerie","texture_size":[64,64],"textures":{"2":"item/crates/necromancer/plushies/plushie_joris_texture","particle":"item/crates/necromancer/plushies/plushie_joris_texture"},"elements":[{"name":"torso","from":[5.5,0,7.25],"to":[10.5,8,11.25],"rotation":{"angle":0,"axis":"y","origin":[8,2.0045,8.85355]},"faces":{"north":{"uv":[8.75,2.25,10,4.25],"texture":"#2"},"east":{"uv":[8.75,4.5,9.75,6.5],"texture":"#2"},"south":{"uv":[4.5,8.75,5.75,10.75],"texture":"#2"},"west":{"uv":[0,9,1,11],"texture":"#2"},"up":{"uv":[10,7.75,8.75,6.75],"texture":"#2"},"down":{"uv":[10.25,0,9,1],"texture":"#2"}}},{"name":"head","from":[4.5,5.575,4.85],"to":[11.5,12.575,11.85],"rotation":{"angle":-22.5,"axis":"x","origin":[8,7.725,8.25]},"faces":{"north":{"uv":[6.75,2.25,8.5,4],"texture":"#2"},"east":{"uv":[6.75,4.25,8.5,6],"texture":"#2"},"south":{"uv":[4.5,6.75,6.25,8.5],"texture":"#2"},"west":{"uv":[6.75,6.25,8.5,8],"texture":"#2"},"up":{"uv":[8.25,10,6.5,8.25],"texture":"#2"},"down":{"uv":[10.25,8.25,8.5,10],"texture":"#2"}}},{"name":"head","from":[12,4.75642,3.62269],"to":[12,12.75642,11.62269],"rotation":{"angle":-22.5,"axis":"x","origin":[8,9.40642,7.02269]},"faces":{"north":{"uv":[6,10.75,6,12.75],"texture":"#2"},"east":{"uv":[0,0,2,2],"texture":"#2"},"south":{"uv":[6.25,10.75,6.25,12.75],"texture":"#2"},"west":{"uv":[2,0,0,2],"texture":"#2"},"up":{"uv":[7.25,12.75,7.25,10.75],"texture":"#2"},"down":{"uv":[7.5,10.75,7.5,12.75],"texture":"#2"}}},{"name":"head","from":[4,4.75642,3.62269],"to":[4,12.75642,11.62269],"rotation":{"angle":-22.5,"axis":"x","origin":[8,9.40642,7.02269]},"faces":{"north":{"uv":[6,10.75,6,12.75],"texture":"#2"},"east":{"uv":[0,0,2,2],"texture":"#2"},"south":{"uv":[6.25,10.75,6.25,12.75],"texture":"#2"},"west":{"uv":[2,0,0,2],"texture":"#2"},"up":{"uv":[7.25,12.75,7.25,10.75],"texture":"#2"},"down":{"uv":[7.5,10.75,7.5,12.75],"texture":"#2"}}},{"name":"head","from":[4,4.75642,3.62269],"to":[12,12.75642,3.62269],"rotation":{"angle":-22.5,"axis":"x","origin":[8,9.40642,7.02269]},"faces":{"north":{"uv":[0,4.5,2,6.5],"texture":"#2"},"east":{"uv":[1.25,11,1.25,13],"texture":"#2"},"south":{"uv":[2,4.5,0,6.5],"texture":"#2"},"west":{"uv":[1.5,11,1.5,13],"texture":"#2"},"up":{"uv":[12.5,1,10.5,1],"texture":"#2"},"down":{"uv":[12.75,5,10.75,5],"texture":"#2"}}},{"name":"head","from":[4,12.83254,4.00538],"to":[12,12.83254,12.00538],"rotation":{"angle":-22.5,"axis":"x","origin":[8,8.48254,7.40538]},"faces":{"north":{"uv":[10.75,5.25,12.75,5.25],"texture":"#2"},"east":{"uv":[10.75,5.5,12.75,5.5],"texture":"#2"},"south":{"uv":[11,0,13,0],"texture":"#2"},"west":{"uv":[11,0.25,13,0.25],"texture":"#2"},"up":{"uv":[4.25,6.5,2.25,4.5],"texture":"#2"},"down":{"uv":[4.25,4.5,2.25,6.5],"texture":"#2"}}},{"name":"head","from":[4,4.75642,11.62269],"to":[12,12.75642,11.62269],"rotation":{"angle":-22.5,"axis":"x","origin":[8,9.40642,7.02269]},"faces":{"north":{"uv":[2.25,6.75,4.25,8.75],"texture":"#2"},"east":{"uv":[1.75,11,1.75,13],"texture":"#2"},"south":{"uv":[2.25,6.75,4.25,8.75],"texture":"#2"},"west":{"uv":[2,11,2,13],"texture":"#2"},"up":{"uv":[13,1.75,11,1.75],"texture":"#2"},"down":{"uv":[13,2.75,11,2.75],"texture":"#2"}}},{"name":"right_arm","from":[10.71576,2.10686,8.25],"to":[12.71576,6.10686,10.25],"rotation":{"angle":45,"axis":"z","origin":[11.71576,2.85686,6]},"faces":{"north":{"uv":[3.25,9,3.75,10],"texture":"#2"},"east":{"uv":[1.25,9.75,1.75,10.75],"texture":"#2"},"south":{"uv":[2,9.75,2.5,10.75],"texture":"#2"},"west":{"uv":[10,4.5,10.5,5.5],"texture":"#2"},"up":{"uv":[7,10.75,6.5,10.25],"texture":"#2"},"down":{"uv":[10.75,6.5,10.25,7],"texture":"#2"}}},{"name":"left_arm","from":[3.28424,2.10686,8.25],"to":[5.28424,6.10686,10.25],"rotation":{"angle":-45,"axis":"z","origin":[4.28424,2.85686,6]},"faces":{"north":{"uv":[3.75,9,3.25,10],"texture":"#2"},"east":{"uv":[10.5,4.5,10,5.5],"texture":"#2"},"south":{"uv":[2.5,9.75,2,10.75],"texture":"#2"},"west":{"uv":[1.75,9.75,1.25,10.75],"texture":"#2"},"up":{"uv":[6.5,10.75,7,10.25],"texture":"#2"},"down":{"uv":[10.25,6.5,10.75,7],"texture":"#2"}}},{"name":"right_arm","from":[11.54076,1.88186,7.25],"to":[12.54076,2.88186,11.25],"rotation":{"angle":0,"axis":"y","origin":[11.71576,2.85686,7.25]},"faces":{"north":{"uv":[2.75,9.75,3,10],"texture":"#2"},"east":{"uv":[10.25,4,11.25,4.25],"texture":"#2"},"south":{"uv":[10.5,0,10.75,0.25],"texture":"#2"},"west":{"uv":[7.25,10.25,8.25,10.5],"texture":"#2"},"up":{"uv":[3.75,11.25,3.5,10.25],"texture":"#2"},"down":{"uv":[8.75,10.25,8.5,11.25],"texture":"#2"}}},{"name":"right_arm","from":[11.54076,1.38186,0.25],"to":[12.54076,3.38186,7.25],"rotation":{"angle":0,"axis":"y","origin":[11.71576,2.85686,7.25]},"faces":{"north":{"uv":[9.75,10.25,10,10.75],"texture":"#2"},"east":{"uv":[1.25,9,3,9.5],"texture":"#2"},"south":{"uv":[10.25,10.25,10.5,10.75],"texture":"#2"},"west":{"uv":[9,1.25,10.75,1.75],"texture":"#2"},"up":{"uv":[6.25,10.5,6,8.75],"texture":"#2"},"down":{"uv":[4.25,9,4,10.75],"texture":"#2"}}},{"name":"right_arm","from":[11.51576,1.54264,-0.75],"to":[12.56576,2.96764,0.675],"rotation":{"angle":45,"axis":"x","origin":[12.04076,1.96764,0.25]},"faces":{"north":{"uv":[10.5,0.5,10.75,0.75],"texture":"#2"},"east":{"uv":[10.5,8,10.75,8.25],"texture":"#2"},"south":{"uv":[10.5,8.5,10.75,8.75],"texture":"#2"},"west":{"uv":[10.5,9,10.75,9.25],"texture":"#2"},"up":{"uv":[10.75,9.75,10.5,9.5],"texture":"#2"},"down":{"uv":[11,4.5,10.75,4.75],"texture":"#2"}}},{"name":"right_leg","from":[9,0.01,4.25],"to":[11,2.01,8.25],"rotation":{"angle":-22.5,"axis":"y","origin":[8,0.01,6.25]},"faces":{"north":{"uv":[10.25,7.25,10.75,7.75],"texture":"#2"},"east":{"uv":[10,5.75,11,6.25],"texture":"#2"},"south":{"uv":[9,10.25,9.5,10.75],"texture":"#2"},"west":{"uv":[10.25,2,11.25,2.5],"texture":"#2"},"up":{"uv":[3.25,11.25,2.75,10.25],"texture":"#2"},"down":{"uv":[10.75,2.75,10.25,3.75],"texture":"#2"}}},{"name":"left_leg","from":[5,0.01,4.25],"to":[7,2.01,8.25],"rotation":{"angle":22.5,"axis":"y","origin":[8,0.01,6.25]},"faces":{"north":{"uv":[10.75,7.25,10.25,7.75],"texture":"#2"},"east":{"uv":[11.25,2,10.25,2.5],"texture":"#2"},"south":{"uv":[9.5,10.25,9,10.75],"texture":"#2"},"west":{"uv":[11,5.75,10,6.25],"texture":"#2"},"up":{"uv":[2.75,11.25,3.25,10.25],"texture":"#2"},"down":{"uv":[10.25,2.75,10.75,3.75],"texture":"#2"}}}],"gui_light":"front","display":{"thirdperson_righthand":{"rotation":[24,13,0],"translation":[0,1.25,-0.5],"scale":[0.6,0.6,0.6]},"thirdperson_lefthand":{"rotation":[24,13,0],"translation":[0,0.75,-0.5],"scale":[0.6,0.6,0.6]},"firstperson_righthand":{"rotation":[0,109,5],"translation":[2,5.25,0],"scale":[0.71,0.71,0.71]},"firstperson_lefthand":{"rotation":[0,109,5],"translation":[2,5.25,0],"scale":[0.71,0.71,0.71]},"ground":{"translation":[0,3.5,0],"scale":[0.65,0.65,0.65]},"gui":{"rotation":[25,151,0],"translation":[0.25,0.25,0],"scale":[0.73,0.73,0.73]},"head":{"translation":[0,14.4,0]},"fixed":{"rotation":[-90,0,0],"translation":[0,0,-13.5],"scale":[1.7,1.7,1.7]}},"groups":[{"name":"base","origin":[8,8,8],"color":0,"nbt":"{}","children":[0,{"name":"group","origin":[8,7.5,8.25],"color":0,"nbt":"{}","children":[1,{"name":"group","origin":[8,7.725,8.25],"color":0,"nbt":"{}","children":[2,3,4,5,6]}]},{"name":"group","origin":[5.16813,3.74074,9.25],"color":0,"nbt":"{}","children":[7,8,{"name":"group","origin":[11.71576,2.85686,6],"color":0,"nbt":"{}","children":[9,10,11]}]},{"name":"group","origin":[8,0.01,6.25],"color":0,"nbt":"{}","children":[12,13]}]}],"mcmodels":"d3de2d4252105dcc0a8a3b0cc20c32f2"}