{"credit":"Made by Nog's Menagerie","texture_size":[32,32],"textures":{"1":"item/crates/necromancer/plushies/plushie_headless_horseman_texture","2":"item/crates/necromancer/plushies/plushie_headless_horseman_eye_texture","particle":"item/crates/necromancer/plushies/plushie_headless_horseman_eye_texture"},"elements":[{"name":"torso","from":[5,0,4],"to":[11,5,14],"rotation":{"angle":0,"axis":"y","origin":[8,2.0045,5.60355]},"faces":{"north":{"uv":[4.75,4.25,6.25,5.5],"texture":"#1"},"east":{"uv":[0,2.75,2.5,4],"texture":"#1"},"south":{"uv":[5.25,0,6.75,1.25],"texture":"#1"},"west":{"uv":[2.75,2.75,5.25,4],"texture":"#1"},"up":{"uv":[1.5,2.5,0,0],"texture":"#1"},"down":{"uv":[3.25,0,1.75,2.5],"texture":"#1"}}},{"name":"torso","from":[8,0.04477,13.72607],"to":[8,5.04477,15.72607],"rotation":{"angle":-22.5,"axis":"x","origin":[8,2.19477,14.47607]},"faces":{"north":{"uv":[4.75,12,4.75,13.25],"texture":"#1"},"east":{"uv":[1.75,9.5,2.25,10.75],"texture":"#1"},"south":{"uv":[10.5,12,10.5,13.25],"texture":"#1"},"west":{"uv":[2.25,9.5,1.75,10.75],"texture":"#1"},"up":{"uv":[5.25,2,5.25,1.5],"texture":"#1"},"down":{"uv":[1.5,10.25,1.5,10.75],"texture":"#1"}}},{"from":[9,1.36888,16.67283],"to":[12,5.36888,16.67283],"rotation":{"angle":22.5,"axis":"x","origin":[12.5,4.11888,15.17283]},"faces":{"north":{"uv":[8,8.5,7.25,9.5],"texture":"#1"},"east":{"uv":[4,13.25,4,14.25],"texture":"#1"},"south":{"uv":[7.25,8.5,8,9.5],"texture":"#1"},"west":{"uv":[5,13.25,5,14.25],"texture":"#1"},"up":{"uv":[4.25,2.5,3.5,2.5],"texture":"#1"},"down":{"uv":[5.25,2.5,4.5,2.5],"texture":"#1"}}},{"from":[9,2.36888,13.67283],"to":[9,5.36888,16.67283],"rotation":{"angle":22.5,"axis":"x","origin":[12.5,4.11888,15.17283]},"faces":{"north":{"uv":[5.25,13.25,5.25,14],"texture":"#1"},"east":{"uv":[6.25,10.5,5.5,11.25],"texture":"#1"},"south":{"uv":[5.5,13.25,5.5,14],"texture":"#1"},"west":{"uv":[5.5,10.5,6.25,11.25],"texture":"#1"},"up":{"uv":[5.75,14,5.75,13.25],"texture":"#1"},"down":{"uv":[6,13.25,6,14],"texture":"#1"}}},{"from":[12,2.36888,13.67283],"to":[12,5.36888,16.67283],"rotation":{"angle":22.5,"axis":"x","origin":[8.5,4.11888,15.17283]},"faces":{"north":{"uv":[5.25,13.25,5.25,14],"texture":"#1"},"east":{"uv":[6.25,10.5,5.5,11.25],"texture":"#1"},"south":{"uv":[5.5,13.25,5.5,14],"texture":"#1"},"west":{"uv":[5.5,10.5,6.25,11.25],"texture":"#1"},"up":{"uv":[5.75,14,5.75,13.25],"texture":"#1"},"down":{"uv":[6,13.25,6,14],"texture":"#1"}}},{"from":[9,3.36888,13.67283],"to":[12,5.36888,13.67283],"rotation":{"angle":22.5,"axis":"x","origin":[12.5,4.11888,15.17283]},"faces":{"north":{"uv":[7,2.5,7.75,3],"texture":"#1"},"east":{"uv":[13.25,4.25,13.25,4.75],"texture":"#1"},"south":{"uv":[7.75,2.5,7,3],"texture":"#1"},"west":{"uv":[7.5,13.25,7.5,13.75],"texture":"#1"},"up":{"uv":[13.75,0.5,13,0.5],"texture":"#1"},"down":{"uv":[13.75,3,13,3],"texture":"#1"}}},{"from":[9,5.36888,13.67283],"to":[12,5.36888,16.67283],"rotation":{"angle":22.5,"axis":"x","origin":[12.5,4.11888,15.17283]},"faces":{"north":{"uv":[13,5.5,13.75,5.5],"texture":"#1"},"east":{"uv":[13.25,1.75,14,1.75],"texture":"#1"},"south":{"uv":[7.75,13.25,8.5,13.25],"texture":"#1"},"west":{"uv":[13.25,7.75,14,7.75],"texture":"#1"},"up":{"uv":[11.5,6.5,10.75,5.75],"texture":"#1"},"down":{"uv":[11.5,5.75,10.75,6.5],"texture":"#1"}}},{"from":[11.26706,0.23153,9],"to":[14.26706,1.23153,12],"rotation":{"angle":45,"axis":"z","origin":[12.76706,2.73153,10.5]},"faces":{"north":{"uv":[12.25,9.5,13,9.75],"texture":"#1"},"east":{"uv":[12.25,10,13,10.25],"texture":"#1"},"south":{"uv":[12.25,10.5,13,10.75],"texture":"#1"},"west":{"uv":[12.25,11,13,11.25],"texture":"#1"},"up":{"uv":[1.75,11.75,1,11],"texture":"#1"},"down":{"uv":[2.75,11,2,11.75],"texture":"#1"}}},{"from":[11.26706,3.23153,9],"to":[14.26706,4.23153,12],"rotation":{"angle":45,"axis":"z","origin":[12.76706,2.73153,10.5]},"faces":{"north":{"uv":[12.25,11.5,13,11.75],"texture":"#1"},"east":{"uv":[12.25,12,13,12.25],"texture":"#1"},"south":{"uv":[12.5,5.75,13.25,6],"texture":"#1"},"west":{"uv":[12.5,6.25,13.25,6.5],"texture":"#1"},"up":{"uv":[3.75,11.75,3,11],"texture":"#1"},"down":{"uv":[4.75,11,4,11.75],"texture":"#1"}}},{"from":[12.76706,4.23153,10],"to":[12.76706,5.23153,11],"rotation":{"angle":45,"axis":"z","origin":[12.76706,2.73153,10.5]},"faces":{"north":{"uv":[9,11,9,11.25],"texture":"#1"},"east":{"uv":[10.75,10,11,10.25],"texture":"#1"},"south":{"uv":[6.25,11.5,6.25,11.75],"texture":"#1"},"west":{"uv":[7.5,12.75,7.75,13],"texture":"#1"},"up":{"uv":[13.25,8.25,13.25,8],"texture":"#1"},"down":{"uv":[8.75,13.25,8.75,13.5],"texture":"#1"}}},{"from":[11.76706,1.23153,9.5],"to":[13.76706,3.23153,11.5],"rotation":{"angle":45,"axis":"z","origin":[12.76706,2.73153,10.5]},"faces":{"north":{"uv":[5.5,9,6,9.5],"texture":"#1"},"east":{"uv":[11.75,5.75,12.25,6.25],"texture":"#1"},"south":{"uv":[1,12,1.5,12.5],"texture":"#1"},"west":{"uv":[1.75,12,2.25,12.5],"texture":"#1"},"up":{"uv":[3,12.5,2.5,12],"texture":"#1"},"down":{"uv":[3.75,12,3.25,12.5],"texture":"#1"}}},{"name":"head","from":[6.5,6.31453,-0.58418],"to":[9.5,10.31453,2.41582],"rotation":{"angle":-22.5,"axis":"x","origin":[8,6.06453,4.41582]},"faces":{"north":{"uv":[8.25,8.5,9,9.5],"texture":"#1"},"east":{"uv":[8.75,7,9.5,8],"texture":"#1"},"south":{"uv":[2.5,9,3.25,10],"texture":"#1"},"west":{"uv":[3.5,9,4.25,10],"texture":"#1"},"up":{"uv":[7.25,11.75,6.5,11],"texture":"#1"},"down":{"uv":[8.25,11,7.5,11.75],"texture":"#1"}}},{"name":"head","from":[5.5,10.31453,5.41582],"to":[7.5,12.31453,6.41582],"rotation":{"angle":-22.5,"axis":"x","origin":[8,6.06453,4.41582]},"faces":{"north":{"uv":[4,12,4.5,12.5],"texture":"#1"},"east":{"uv":[1,12.75,1.25,13.25],"texture":"#1"},"south":{"uv":[6.25,12,6.75,12.5],"texture":"#1"},"west":{"uv":[12.75,1.25,13,1.75],"texture":"#1"},"up":{"uv":[10.5,6,10,5.75],"texture":"#1"},"down":{"uv":[7,10.5,6.5,10.75],"texture":"#1"}}},{"name":"head","from":[8.5,10.31453,5.41582],"to":[10.5,12.31453,6.41582],"rotation":{"angle":-22.5,"axis":"x","origin":[8,6.06453,4.41582]},"faces":{"north":{"uv":[4,12,4.5,12.5],"texture":"#1"},"east":{"uv":[12.75,1.25,13,1.75],"texture":"#1"},"south":{"uv":[6.25,12,6.75,12.5],"texture":"#1"},"west":{"uv":[1,12.75,1.25,13.25],"texture":"#1"},"up":{"uv":[10,5.75,10.5,6],"texture":"#1"},"down":{"uv":[6.5,10.5,7,10.75],"texture":"#1"}}},{"name":"head","from":[5.5,6.14326,1.55478],"to":[10.5,10.14326,5.55478],"rotation":{"angle":-22.5,"axis":"x","origin":[8,8.14326,3.55478]},"faces":{"north":{"uv":[2.5,6.25,3.75,7.25],"texture":"#1"},"east":{"uv":[7.75,5.75,8.75,6.75],"texture":"#1"},"south":{"uv":[6.25,5.75,7.5,6.75],"texture":"#1"},"west":{"uv":[8,2.5,9,3.5],"texture":"#1"},"up":{"uv":[7.75,4.25,6.5,3.25],"texture":"#1"},"down":{"uv":[7.75,4.5,6.5,5.5],"texture":"#1"}}},{"name":"head","from":[7.5,3.25221,6.12985],"to":[8.5,11.25221,7.12985],"rotation":{"angle":-22.5,"axis":"x","origin":[8,7.25221,6.62985]},"faces":{"north":{"uv":[5,11,5.25,13],"texture":"#1"},"east":{"uv":[11,7.75,11.25,9.75],"texture":"#1"},"south":{"uv":[8.5,11,8.75,13],"texture":"#1"},"west":{"uv":[11.25,10,11.5,12],"texture":"#1"},"up":{"uv":[13,7.75,12.75,7.5],"texture":"#1"},"down":{"uv":[8.25,12.75,8,13],"texture":"#1"}}},{"name":"head","from":[6.5,2.31453,2.41582],"to":[9.5,6.31453,6.41582],"rotation":{"angle":-22.5,"axis":"x","origin":[8,6.06453,4.41582]},"faces":{"north":{"uv":[4.5,9,5.25,10],"texture":"#1"},"east":{"uv":[8,3.75,9,4.75],"texture":"#1"},"south":{"uv":[9,5,9.75,6],"texture":"#1"},"west":{"uv":[1.25,8.25,2.25,9.25],"texture":"#1"},"up":{"uv":[10,3.5,9.25,2.5],"texture":"#1"},"down":{"uv":[10,3.75,9.25,4.75],"texture":"#1"}}},{"name":"head","from":[4.08579,5.82565,2.03087],"to":[4.08579,13.82565,9.03087],"rotation":{"angle":-45,"axis":"y","origin":[4.08579,7.82565,4.03087]},"faces":{"north":{"uv":[0,4.5,0,8.5],"texture":"#2"},"east":{"uv":[0,0,3.5,4],"texture":"#2"},"south":{"uv":[0.5,4.5,0.5,8.5],"texture":"#2"},"west":{"uv":[3.5,0,0,4],"texture":"#2"},"up":{"uv":[1,8,1,4.5],"texture":"#2"},"down":{"uv":[1.5,4.5,1.5,8],"texture":"#2"}}},{"name":"head","from":[12.97487,5.82565,1.59153],"to":[12.97487,13.82565,8.59153],"rotation":{"angle":45,"axis":"y","origin":[12.97487,9.82565,5.09153]},"faces":{"north":{"uv":[0,4.5,0,8.5],"texture":"#2"},"east":{"uv":[0,0,3.5,4],"texture":"#2"},"south":{"uv":[0.5,4.5,0.5,8.5],"texture":"#2"},"west":{"uv":[3.5,0,0,4],"texture":"#2"},"up":{"uv":[1,8,1,4.5],"texture":"#2"},"down":{"uv":[1.5,4.5,1.5,8],"texture":"#2"}}},{"name":"left_leg","from":[10.16282,0.009,11.94603],"to":[15.16282,2.009,13.94603],"rotation":{"angle":-22.5,"axis":"y","origin":[10.66282,1.009,12.94603]},"faces":{"north":{"uv":[9.25,9.75,10.5,10.25],"texture":"#1"},"east":{"uv":[7,12,7.5,12.5],"texture":"#1"},"south":{"uv":[10,5,11.25,5.5],"texture":"#1"},"west":{"uv":[7.75,12,8.25,12.5],"texture":"#1"},"up":{"uv":[1.25,10.75,0,10.25],"texture":"#1"},"down":{"uv":[11.5,2.25,10.25,2.75],"texture":"#1"}}},{"name":"left_arm","from":[10.54645,0.009,5.53436],"to":[15.54645,2.009,7.53436],"rotation":{"angle":22.5,"axis":"y","origin":[7,2.0045,5.95355]},"faces":{"north":{"uv":[2.5,10.25,3.75,10.75],"texture":"#1"},"east":{"uv":[9,12,9.5,12.5],"texture":"#1"},"south":{"uv":[10.25,3,11.5,3.5],"texture":"#1"},"west":{"uv":[9.75,12,10.25,12.5],"texture":"#1"},"up":{"uv":[11.5,4.25,10.25,3.75],"texture":"#1"},"down":{"uv":[5.25,10.25,4,10.75],"texture":"#1"}}},{"name":"right_arm","from":[0.45355,0.009,5.53436],"to":[5.45355,2.009,7.53436],"rotation":{"angle":-22.5,"axis":"y","origin":[9,2.0045,5.95355]},"faces":{"north":{"uv":[3.75,10.25,2.5,10.75],"texture":"#1"},"east":{"uv":[10.25,12,9.75,12.5],"texture":"#1"},"south":{"uv":[11.5,3,10.25,3.5],"texture":"#1"},"west":{"uv":[9.5,12,9,12.5],"texture":"#1"},"up":{"uv":[10.25,4.25,11.5,3.75],"texture":"#1"},"down":{"uv":[4,10.25,5.25,10.75],"texture":"#1"}}},{"name":"right_leg","from":[0.83718,0.009,11.94603],"to":[5.83718,2.009,13.94603],"rotation":{"angle":22.5,"axis":"y","origin":[5.33718,1.009,12.94603]},"faces":{"north":{"uv":[10.5,9.75,9.25,10.25],"texture":"#1"},"east":{"uv":[8.25,12,7.75,12.5],"texture":"#1"},"south":{"uv":[11.25,5,10,5.5],"texture":"#1"},"west":{"uv":[7.5,12,7,12.5],"texture":"#1"},"up":{"uv":[0,10.75,1.25,10.25],"texture":"#1"},"down":{"uv":[10.25,2.25,11.5,2.75],"texture":"#1"}}},{"name":"torso","from":[5.5,5,9],"to":[10.5,12,13],"rotation":{"angle":0,"axis":"y","origin":[8,7.0045,10.60355]},"faces":{"north":{"uv":[1.75,4.25,3,6],"texture":"#1"},"east":{"uv":[0,6,1,7.75],"texture":"#1"},"south":{"uv":[3.25,4.25,4.5,6],"texture":"#1"},"west":{"uv":[1.25,6.25,2.25,8],"texture":"#1"},"up":{"uv":[8.25,1,7,0],"texture":"#1"},"down":{"uv":[8.25,1.25,7,2.25],"texture":"#1"}}},{"name":"torso","from":[5.5,6.26604,14.18847],"to":[10.5,12.26604,14.18847],"rotation":{"angle":-22.5,"axis":"x","origin":[8,8.76604,14.18847]},"faces":{"north":{"uv":[6,5.75,4.75,7.25],"texture":"#1"},"east":{"uv":[9,13.25,9,14.75],"texture":"#1"},"south":{"uv":[4.75,5.75,6,7.25],"texture":"#1"},"west":{"uv":[9.25,13.25,9.25,14.75],"texture":"#1"},"up":{"uv":[14.5,9.5,13.25,9.5],"texture":"#1"},"down":{"uv":[14.5,9.75,13.25,9.75],"texture":"#1"}}},{"name":"head","from":[5,10.6,7.1],"to":[11,12.6,13.1],"rotation":{"angle":-22.5,"axis":"x","origin":[8,12.75,10]},"faces":{"north":{"uv":[3.5,1.75,5,2.25],"texture":"#1"},"east":{"uv":[9,6.25,10.5,6.75],"texture":"#1"},"south":{"uv":[9.25,8.25,10.75,8.75],"texture":"#1"},"west":{"uv":[9.25,9,10.75,9.5],"texture":"#1"},"up":{"uv":[5,1.5,3.5,0],"texture":"#1"},"down":{"uv":[1.5,4.25,0,5.75],"texture":"#1"}}},{"name":"head","from":[5,7.65388,8.14352],"to":[11,9.65388,8.14352],"rotation":{"angle":0,"axis":"y","origin":[8,8.65388,11.14352]},"faces":{"north":{"uv":[0,9.5,1.5,10],"texture":"#1"},"east":{"uv":[9.5,13.25,9.5,13.75],"texture":"#1"},"south":{"uv":[1.5,9.5,0,10],"texture":"#1"},"west":{"uv":[9.75,13.25,9.75,13.75],"texture":"#1"},"up":{"uv":[14.75,10,13.25,10],"texture":"#1"},"down":{"uv":[14.75,10.25,13.25,10.25],"texture":"#1"}}},{"name":"head","from":[5,12.6,13.1],"to":[11,14.6,13.1],"rotation":{"angle":-22.5,"axis":"x","origin":[8,12.75,10]},"faces":{"north":{"uv":[11.25,1.5,9.75,2],"texture":"#1"},"east":{"uv":[10,13.25,10,13.75],"texture":"#1"},"south":{"uv":[9.75,1.5,11.25,2],"texture":"#1"},"west":{"uv":[10.25,13.25,10.25,13.75],"texture":"#1"},"up":{"uv":[14.75,10.5,13.25,10.5],"texture":"#1"},"down":{"uv":[14.75,10.75,13.25,10.75],"texture":"#1"}}},{"name":"head","from":[11,12.6,7.1],"to":[11,14.6,13.1],"rotation":{"angle":-22.5,"axis":"x","origin":[8,12.75,10]},"faces":{"north":{"uv":[10.75,13.25,10.75,13.75],"texture":"#1"},"east":{"uv":[5.5,9.75,7,10.25],"texture":"#1"},"south":{"uv":[11,13.25,11,13.75],"texture":"#1"},"west":{"uv":[7,9.75,5.5,10.25],"texture":"#1"},"up":{"uv":[13.25,12.5,13.25,11],"texture":"#1"},"down":{"uv":[11.25,13.25,11.25,14.75],"texture":"#1"}}},{"name":"head","from":[5,12.6,7.1],"to":[5,14.6,13.1],"rotation":{"angle":-22.5,"axis":"x","origin":[8,12.75,10]},"faces":{"north":{"uv":[10.75,13.25,10.75,13.75],"texture":"#1"},"east":{"uv":[5.5,9.75,7,10.25],"texture":"#1"},"south":{"uv":[11,13.25,11,13.75],"texture":"#1"},"west":{"uv":[7,9.75,5.5,10.25],"texture":"#1"},"up":{"uv":[13.25,12.5,13.25,11],"texture":"#1"},"down":{"uv":[11.25,13.25,11.25,14.75],"texture":"#1"}}},{"name":"right_arm","from":[9.83187,6.66574,10],"to":[11.83187,10.66574,12],"rotation":{"angle":45,"axis":"z","origin":[10.83187,8.66574,11]},"faces":{"north":{"uv":[4,6.25,4.5,7.25],"texture":"#1"},"east":{"uv":[11.5,0,12,1],"texture":"#1"},"south":{"uv":[11.5,4.5,12,5.5],"texture":"#1"},"west":{"uv":[5.5,11.5,6,12.5],"texture":"#1"},"up":{"uv":[12.75,0.5,12.25,0],"texture":"#1"},"down":{"uv":[12.75,2.5,12.25,3],"texture":"#1"}}},{"name":"left_arm","from":[4.16813,6.66574,10],"to":[6.16813,10.66574,12],"rotation":{"angle":-45,"axis":"z","origin":[5.16813,8.66574,11]},"faces":{"north":{"uv":[4.5,6.25,4,7.25],"texture":"#1"},"east":{"uv":[6,11.5,5.5,12.5],"texture":"#1"},"south":{"uv":[12,4.5,11.5,5.5],"texture":"#1"},"west":{"uv":[12,0,11.5,1],"texture":"#1"},"up":{"uv":[12.25,0.5,12.75,0],"texture":"#1"},"down":{"uv":[12.25,2.5,12.75,3],"texture":"#1"}}},{"name":"head","from":[-0.11398,8.53363,8.5],"to":[3.88602,8.53363,9.5],"rotation":{"angle":-22.5,"axis":"z","origin":[1.63602,6.03363,10]},"faces":{"north":{"uv":[13.25,12.75,14.25,12.75],"texture":"#1"},"east":{"uv":[1.25,6,1.5,6],"texture":"#1"},"south":{"uv":[13.25,13,14.25,13],"texture":"#1"},"west":{"uv":[8.75,8.25,9,8.25],"texture":"#1"},"up":{"uv":[10.75,8,9.75,7.75],"texture":"#1"},"down":{"uv":[11.25,4.5,10.25,4.75],"texture":"#1"}}},{"name":"head","from":[-0.11398,3.53363,9.5],"to":[3.88602,8.53363,13.5],"rotation":{"angle":-22.5,"axis":"z","origin":[1.63602,6.03363,10]},"faces":{"north":{"uv":[6.25,7,7.25,8.25],"texture":"#1"},"east":{"uv":[2.5,7.5,3.5,8.75],"texture":"#1"},"south":{"uv":[3.75,7.5,4.75,8.75],"texture":"#1"},"west":{"uv":[5,7.5,6,8.75],"texture":"#1"},"up":{"uv":[9.5,1,8.5,0],"texture":"#1"},"down":{"uv":[9.5,1.25,8.5,2.25],"texture":"#1"}}},{"name":"head","from":[-1.11398,5.53363,10.5],"to":[-0.11398,6.53363,11.5],"rotation":{"angle":-22.5,"axis":"z","origin":[1.63602,6.03363,10]},"faces":{"north":{"uv":[12.75,8,13,8.25],"texture":"#1"},"east":{"uv":[9,12.75,9.25,13],"texture":"#1"},"south":{"uv":[9.5,12.75,9.75,13],"texture":"#1"},"west":{"uv":[10,12.75,10.25,13],"texture":"#1"},"up":{"uv":[13,12.75,12.75,12.5],"texture":"#1"},"down":{"uv":[13.25,0,13,0.25],"texture":"#1"}}},{"name":"head","from":[-0.11398,3.53363,8.5],"to":[3.88602,8.53363,8.5],"rotation":{"angle":-22.5,"axis":"z","origin":[1.63602,6.03363,10]},"faces":{"north":{"uv":[7.5,7,8.5,8.25],"texture":"#1"},"east":{"uv":[11.5,13.25,11.5,14.5],"texture":"#1"},"south":{"uv":[0,8,1,9.25],"texture":"#1"},"west":{"uv":[13.25,13.25,13.25,14.5],"texture":"#1"},"up":{"uv":[1,13.5,0,13.5],"texture":"#1"},"down":{"uv":[14.5,0,13.5,0],"texture":"#1"}}},{"name":"head","from":[-0.11398,3.53363,8.5],"to":[3.88602,3.53363,9.5],"rotation":{"angle":-22.5,"axis":"z","origin":[1.63602,6.03363,10]},"faces":{"north":{"uv":[13.5,0.25,14.5,0.25],"texture":"#1"},"east":{"uv":[9.75,2.25,10,2.25],"texture":"#1"},"south":{"uv":[13.5,0.75,14.5,0.75],"texture":"#1"},"west":{"uv":[10.75,6.75,11,6.75],"texture":"#1"},"up":{"uv":[13.25,1,12.25,0.75],"texture":"#1"},"down":{"uv":[13.25,3.25,12.25,3.5],"texture":"#1"}}},{"name":"head","from":[-0.11398,3.53363,8.5],"to":[-0.11398,8.53363,9.5],"rotation":{"angle":-22.5,"axis":"z","origin":[1.63602,6.03363,10]},"faces":{"north":{"uv":[1.25,13.5,1.25,14.75],"texture":"#1"},"east":{"uv":[11.75,10,12,11.25],"texture":"#1"},"south":{"uv":[1.5,13.5,1.5,14.75],"texture":"#1"},"west":{"uv":[11.75,11.5,12,12.75],"texture":"#1"},"up":{"uv":[1.75,13.75,1.75,13.5],"texture":"#1"},"down":{"uv":[2,13.5,2,13.75],"texture":"#1"}}},{"name":"head","from":[3.88602,3.53363,8.5],"to":[3.88602,8.53363,9.5],"rotation":{"angle":-22.5,"axis":"z","origin":[1.63602,6.03363,10]},"faces":{"north":{"uv":[2.25,13.5,2.25,14.75],"texture":"#1"},"east":{"uv":[0,12,0.25,13.25],"texture":"#1"},"south":{"uv":[2.5,13.5,2.5,14.75],"texture":"#1"},"west":{"uv":[0.5,12,0.75,13.25],"texture":"#1"},"up":{"uv":[13.5,2.25,13.5,2],"texture":"#1"},"down":{"uv":[13.5,2.5,13.5,2.75],"texture":"#1"}}},{"name":"axe","from":[11.71575,8.85686,5],"to":[12.71575,10.85686,6],"rotation":{"angle":0,"axis":"y","origin":[12.21575,8.35686,6.5]},"faces":{"north":{"uv":[1.5,12.75,1.75,13.25],"texture":"#1"},"east":{"uv":[2,12.75,2.25,13.25],"texture":"#1"},"south":{"uv":[2.5,12.75,2.75,13.25],"texture":"#1"},"west":{"uv":[3,12.75,3.25,13.25],"texture":"#1"},"up":{"uv":[13.25,2.75,13,2.5],"texture":"#1"},"down":{"uv":[13.25,5,13,5.25],"texture":"#1"}}},{"name":"axe","from":[11.71575,4.85686,5],"to":[12.71575,8.85686,8],"rotation":{"angle":0,"axis":"y","origin":[12.21575,7.35686,6.5]},"faces":{"north":{"uv":[12.25,3.75,12.5,4.75],"texture":"#1"},"east":{"uv":[7.25,9.75,8,10.75],"texture":"#1"},"south":{"uv":[12.25,7.5,12.5,8.5],"texture":"#1"},"west":{"uv":[8.25,9.75,9,10.75],"texture":"#1"},"up":{"uv":[11.5,13,11.25,12.25],"texture":"#1"},"down":{"uv":[12.5,12.5,12.25,13.25],"texture":"#1"}}},{"name":"axe","from":[11.71575,6.85686,8],"to":[12.71575,7.85686,14],"rotation":{"angle":0,"axis":"y","origin":[12.21575,7.35686,11]},"faces":{"north":{"uv":[13,8.5,13.25,8.75],"texture":"#1"},"east":{"uv":[9,11.5,10.5,11.75],"texture":"#1"},"south":{"uv":[13,9,13.25,9.25],"texture":"#1"},"west":{"uv":[11.75,2,13.25,2.25],"texture":"#1"},"up":{"uv":[11,13,10.75,11.5],"texture":"#1"},"down":{"uv":[12,2.5,11.75,4],"texture":"#1"}}},{"name":"axe","from":[11.74075,5.01014,7.7706],"to":[12.69075,5.96014,9.7706],"rotation":{"angle":-22.5,"axis":"x","origin":[12.21575,5.51014,8.2706]},"faces":{"north":{"uv":[11.75,13,12,13.25],"texture":"#1"},"east":{"uv":[3.5,12.75,4,13],"texture":"#1"},"south":{"uv":[12.75,13,13,13.25],"texture":"#1"},"west":{"uv":[12.75,3.75,13.25,4],"texture":"#1"},"up":{"uv":[4.5,13.25,4.25,12.75],"texture":"#1"},"down":{"uv":[13,4.25,12.75,4.75],"texture":"#1"}}},{"name":"axe","from":[11.74075,5.01014,3.2294],"to":[12.69075,5.96014,5.2294],"rotation":{"angle":22.5,"axis":"x","origin":[12.21575,5.51014,4.7294]},"faces":{"north":{"uv":[13.25,1.25,13.5,1.5],"texture":"#1"},"east":{"uv":[5.5,12.75,6,13],"texture":"#1"},"south":{"uv":[3.5,13.25,3.75,13.5],"texture":"#1"},"west":{"uv":[6.25,12.75,6.75,13],"texture":"#1"},"up":{"uv":[13,7.25,12.75,6.75],"texture":"#1"},"down":{"uv":[7.25,12.75,7,13.25],"texture":"#1"}}},{"name":"right_leg","from":[9.075,5.01,6],"to":[11.075,7.01,10],"rotation":{"angle":-22.5,"axis":"y","origin":[8,5.01,8]},"faces":{"north":{"uv":[12.25,5,12.75,5.5],"texture":"#1"},"east":{"uv":[11.5,1.25,12.5,1.75],"texture":"#1"},"south":{"uv":[12.25,8.75,12.75,9.25],"texture":"#1"},"west":{"uv":[11.5,6.75,12.5,7.25],"texture":"#1"},"up":{"uv":[12,8.5,11.5,7.5],"texture":"#1"},"down":{"uv":[12,8.75,11.5,9.75],"texture":"#1"}}},{"name":"left_leg","from":[4.925,5.01,6],"to":[6.925,7.01,10],"rotation":{"angle":22.5,"axis":"y","origin":[8,5.01,8]},"faces":{"north":{"uv":[12.75,5,12.25,5.5],"texture":"#1"},"east":{"uv":[12.5,6.75,11.5,7.25],"texture":"#1"},"south":{"uv":[12.75,8.75,12.25,9.25],"texture":"#1"},"west":{"uv":[12.5,1.25,11.5,1.75],"texture":"#1"},"up":{"uv":[11.5,8.5,12,7.5],"texture":"#1"},"down":{"uv":[11.5,8.75,12,9.75],"texture":"#1"}}}],"gui_light":"front","display":{"thirdperson_righthand":{"rotation":[24,13,0],"translation":[0,1.25,-0.5],"scale":[0.6,0.6,0.6]},"thirdperson_lefthand":{"rotation":[24,13,0],"translation":[0,0.75,-0.5],"scale":[0.6,0.6,0.6]},"firstperson_righthand":{"rotation":[0,109,5],"translation":[2,5.25,0],"scale":[0.71,0.71,0.71]},"firstperson_lefthand":{"rotation":[0,109,5],"translation":[2,5.25,0],"scale":[0.71,0.71,0.71]},"ground":{"translation":[0,3.5,0],"scale":[0.65,0.65,0.65]},"gui":{"rotation":[25,151,0],"translation":[-0.5,0.5,0],"scale":[0.73,0.73,0.73]},"head":{"translation":[0,14.4,0]},"fixed":{"rotation":[-90,0,0],"translation":[0,0,-13.5],"scale":[1.7,1.7,1.7]}},"groups":[{"name":"base","origin":[8,8,8],"color":0,"children":[{"name":"horse","origin":[8,8,8],"color":0,"children":[0,1,{"name":"group","origin":[0,0,0],"color":0,"children":[2,3,4,5,6]},{"name":"group","origin":[0,0,0],"color":0,"children":[7,8,9,10]},{"name":"group","origin":[8,6.06453,4.41582],"color":0,"children":[11,12,13,14,15,16,{"name":"eye_glow","origin":[2,8.14326,3.55478],"color":0,"children":[17,18]}]},{"name":"group","origin":[7,2.0045,5.85355],"color":0,"children":[19,20,21,22]}]},{"name":"man","origin":[8,8,8],"color":0,"children":[23,24,{"name":"group","origin":[8,7.5,8.25],"color":0,"children":[25,26,27,28,29]},{"name":"group","origin":[8,0.01,6.25],"color":0,"children":[30,31,{"name":"group","origin":[6.46102,4.03363,9.5],"color":0,"children":[32,33,34,35,36,37,38]},{"name":"group","origin":[12.21575,5.51014,4.7294],"color":0,"children":[39,40,41,42,43]}]},{"name":"group","origin":[2.69325,1.97297,9.25],"color":0,"children":[44,45]}]}]}],"mcmodels":"69b0f76d6826aa046009c04ed346ffed"}