{"credit":"Made by Nog's Menagerie","texture_size":[64,64],"textures":{"0":"item/crates/necromancer/plushies/plushie_balloon_clown_texture","particle":"item/crates/necromancer/plushies/plushie_balloon_clown_texture"},"elements":[{"name":"torso","from":[5.5,2,7.25],"to":[10.5,10,11.25],"rotation":{"angle":0,"axis":"y","origin":[8,2.0045,8.85355]},"faces":{"north":{"uv":[0,7,1.25,9],"texture":"#0"},"east":{"uv":[7.5,0,8.5,2],"texture":"#0"},"south":{"uv":[6,7,7.25,9],"texture":"#0"},"west":{"uv":[1.5,7.5,2.5,9.5],"texture":"#0"},"up":{"uv":[9.75,6.75,8.5,5.75],"texture":"#0"},"down":{"uv":[10.25,7,9,8],"texture":"#0"}}},{"name":"torso","from":[4.5,0,7.25],"to":[11.5,2,11.25],"rotation":{"angle":0,"axis":"y","origin":[8,2.0045,8.85355]},"faces":{"north":{"uv":[10.25,7.75,12,8.25],"texture":"#0"},"east":{"uv":[6,9,7,9.5],"texture":"#0"},"south":{"uv":[10.5,5.5,12.25,6],"texture":"#0"},"west":{"uv":[6,9.5,7,10],"texture":"#0"},"up":{"uv":[11.75,9.75,10,8.75],"texture":"#0"},"down":{"uv":[12.25,4.5,10.5,5.5],"texture":"#0"}}},{"name":"head","from":[3.5,5.54596,4.76083],"to":[12.5,5.54596,13.76083],"rotation":{"angle":-22.5,"axis":"x","origin":[8,5.54596,9.26083]},"faces":{"north":{"uv":[10.5,8,12.75,8],"texture":"#0"},"east":{"uv":[10.75,4.75,13,4.75],"texture":"#0"},"south":{"uv":[10.75,5,13,5],"texture":"#0"},"west":{"uv":[10.75,5.25,13,5.25],"texture":"#0"},"up":{"uv":[2.25,2.25,0,0],"texture":"#0"},"down":{"uv":[2.25,0,0,2.25],"texture":"#0"}}},{"name":"head","from":[4.5,5.575,4.85],"to":[11.5,12.575,11.85],"rotation":{"angle":-22.5,"axis":"x","origin":[8,7.725,8.25]},"faces":{"north":{"uv":[2.5,3.5,4.25,5.25],"texture":"#0"},"east":{"uv":[4.5,3.5,6.25,5.25],"texture":"#0"},"south":{"uv":[0,5,1.75,6.75],"texture":"#0"},"west":{"uv":[5,0,6.75,1.75],"texture":"#0"},"up":{"uv":[3.75,7.25,2,5.5],"texture":"#0"},"down":{"uv":[5.75,5.5,4,7.25],"texture":"#0"}}},{"name":"head","from":[11.5,7.575,6.85],"to":[13.5,9.575,7.85],"rotation":{"angle":-22.5,"axis":"x","origin":[8,7.725,8.25]},"faces":{"north":{"uv":[10.25,0,10.75,0.5],"texture":"#0"},"east":{"uv":[7,0,7.25,0.5],"texture":"#0"},"south":{"uv":[10.25,0.75,10.75,1.25],"texture":"#0"},"west":{"uv":[7,0.75,7.25,1.25],"texture":"#0"},"up":{"uv":[7,5.25,6.5,5],"texture":"#0"},"down":{"uv":[7.75,5,7.25,5.25],"texture":"#0"}}},{"name":"head","from":[2.5,7.575,6.85],"to":[4.5,9.575,7.85],"rotation":{"angle":-22.5,"axis":"x","origin":[8,7.725,8.25]},"faces":{"north":{"uv":[5.25,10.25,5.75,10.75],"texture":"#0"},"east":{"uv":[3.25,10.5,3.5,11],"texture":"#0"},"south":{"uv":[6,10.25,6.5,10.75],"texture":"#0"},"west":{"uv":[3.75,10.5,4,11],"texture":"#0"},"up":{"uv":[4.75,10.75,4.25,10.5],"texture":"#0"},"down":{"uv":[11,7,10.5,7.25],"texture":"#0"}}},{"name":"head","from":[3.5,4.47307,7.43158],"to":[12.5,9.47307,13.43158],"rotation":{"angle":-45,"axis":"x","origin":[8,7.97307,5.93158]},"faces":{"north":{"uv":[5,2,7.25,3.25],"texture":"#0"},"east":{"uv":[6.5,3.5,8,4.75],"texture":"#0"},"south":{"uv":[6,5.5,8.25,6.75],"texture":"#0"},"west":{"uv":[2.75,7.5,4.25,8.75],"texture":"#0"},"up":{"uv":[4.75,1.5,2.5,0],"texture":"#0"},"down":{"uv":[4.75,1.75,2.5,3.25],"texture":"#0"}}},{"name":"head","from":[6.5,9.47307,9.43158],"to":[9.5,11.47307,13.43158],"rotation":{"angle":-45,"axis":"x","origin":[8,7.97307,5.93158]},"faces":{"north":{"uv":[10,1.5,10.75,2],"texture":"#0"},"east":{"uv":[8.75,1.5,9.75,2],"texture":"#0"},"south":{"uv":[10,6.25,10.75,6.75],"texture":"#0"},"west":{"uv":[9.5,8.25,10.5,8.75],"texture":"#0"},"up":{"uv":[0.75,10.25,0,9.25],"texture":"#0"},"down":{"uv":[5,9.25,4.25,10.25],"texture":"#0"}}},{"name":"head","from":[6.5,13.61206,5.39665],"to":[9.5,16.61206,5.39665],"rotation":{"angle":-22.5,"axis":"x","origin":[8,14.61206,7.39665]},"faces":{"north":{"uv":[5.25,9.25,6,10],"texture":"#0"},"east":{"uv":[8.25,4,8.25,4.75],"texture":"#0"},"south":{"uv":[6,9.25,5.25,10],"texture":"#0"},"west":{"uv":[7.25,9.25,7.25,10],"texture":"#0"},"up":{"uv":[11.5,5.5,10.75,5.5],"texture":"#0"},"down":{"uv":[11.5,5.75,10.75,5.75],"texture":"#0"}}},{"name":"nose","from":[7,7.72724,4.61537],"to":[9,8.72724,5.61537],"rotation":{"angle":-22.5,"axis":"x","origin":[8,5.87724,9.01537]},"faces":{"north":{"uv":[10.5,7.5,11,7.75],"texture":"#0"},"east":{"uv":[2,5,2.25,5.25],"texture":"#0"},"south":{"uv":[10.25,10.5,10.75,10.75],"texture":"#0"},"west":{"uv":[1.5,7,1.75,7.25],"texture":"#0"},"up":{"uv":[11.25,4,10.75,3.75],"texture":"#0"},"down":{"uv":[11.25,4.25,10.75,4.5],"texture":"#0"}}},{"name":"nose","from":[7,4.48529,5.548],"to":[9,6.48529,5.548],"rotation":{"angle":0,"axis":"y","origin":[8,5.78529,4.66621]},"faces":{"north":{"uv":[6.75,10.75,7.25,10.25],"texture":"#0"},"east":{"uv":[2.5,9.75,2.5,10.25],"texture":"#0"},"south":{"uv":[7.25,10.75,6.75,10.25],"texture":"#0"},"west":{"uv":[0.75,10.5,0.75,11],"texture":"#0"},"up":{"uv":[11.25,6,10.75,6],"texture":"#0"},"down":{"uv":[11.25,8.25,10.75,8.25],"texture":"#0"}}},{"name":"right_arm","from":[9.83187,1.74074,8.25],"to":[11.83187,5.74074,10.25],"rotation":{"angle":45,"axis":"z","origin":[10.83187,3.74074,9.25]},"faces":{"north":{"uv":[7.5,2.25,8,3.25],"texture":"#0"},"east":{"uv":[9.5,9,10,10],"texture":"#0"},"south":{"uv":[1,9.75,1.5,10.75],"texture":"#0"},"west":{"uv":[1.75,9.75,2.25,10.75],"texture":"#0"},"up":{"uv":[10,10.75,9.5,10.25],"texture":"#0"},"down":{"uv":[10.75,9.75,10.25,10.25],"texture":"#0"}}},{"name":"left_arm","from":[4.16813,1.74074,8.25],"to":[6.16813,5.74074,10.25],"rotation":{"angle":-45,"axis":"z","origin":[5.16813,3.74074,9.25]},"faces":{"north":{"uv":[8,2.25,7.5,3.25],"texture":"#0"},"east":{"uv":[2.25,9.75,1.75,10.75],"texture":"#0"},"south":{"uv":[1.5,9.75,1,10.75],"texture":"#0"},"west":{"uv":[10,9,9.5,10],"texture":"#0"},"up":{"uv":[9.5,10.75,10,10.25],"texture":"#0"},"down":{"uv":[10.25,9.75,10.75,10.25],"texture":"#0"}}},{"name":"right_arm","from":[13.67707,1.65095,9.25],"to":[16.67707,10.65095,9.25],"rotation":{"angle":-22.5,"axis":"z","origin":[14.87707,6.15095,9.25]},"faces":{"north":{"uv":[7.5,8.75,8.25,11],"texture":"#0"},"east":{"uv":[5,10.5,5,12.75],"texture":"#0"},"south":{"uv":[8.25,8.75,7.5,11],"texture":"#0"},"west":{"uv":[11,0,11,2.25],"texture":"#0"},"up":{"uv":[11.5,8.5,10.75,8.5],"texture":"#0"},"down":{"uv":[11.5,8.75,10.75,8.75],"texture":"#0"}}},{"name":"right_arm","from":[14.07122,9.21587,6.75],"to":[19.07122,15.21587,11.75],"rotation":{"angle":0,"axis":"y","origin":[18.32122,14.46587,9.25]},"faces":{"north":{"uv":[4.5,7.5,5.75,9],"texture":"#0"},"east":{"uv":[7.5,7,8.75,8.5],"texture":"#0"},"south":{"uv":[8.25,2.25,9.5,3.75],"texture":"#0"},"west":{"uv":[8.5,4,9.75,5.5],"texture":"#0"},"up":{"uv":[10,1.25,8.75,0],"texture":"#0"},"down":{"uv":[4,9,2.75,10.25],"texture":"#0"}}},{"name":"right_leg","from":[9,0.01,4.25],"to":[11,2.01,8.25],"rotation":{"angle":-22.5,"axis":"y","origin":[8,0.01,6.25]},"faces":{"north":{"uv":[0,10.5,0.5,11],"texture":"#0"},"east":{"uv":[9.75,2.25,10.75,2.75],"texture":"#0"},"south":{"uv":[2.5,10.5,3,11],"texture":"#0"},"west":{"uv":[9.75,3,10.75,3.5],"texture":"#0"},"up":{"uv":[10.5,4.75,10,3.75],"texture":"#0"},"down":{"uv":[10.5,5,10,6],"texture":"#0"}}},{"name":"left_leg","from":[5,0.01,4.25],"to":[7,2.01,8.25],"rotation":{"angle":22.5,"axis":"y","origin":[8,0.01,6.25]},"faces":{"north":{"uv":[0.5,10.5,0,11],"texture":"#0"},"east":{"uv":[10.75,3,9.75,3.5],"texture":"#0"},"south":{"uv":[3,10.5,2.5,11],"texture":"#0"},"west":{"uv":[10.75,2.25,9.75,2.75],"texture":"#0"},"up":{"uv":[10,4.75,10.5,3.75],"texture":"#0"},"down":{"uv":[10,5,10.5,6],"texture":"#0"}}}],"gui_light":"front","display":{"thirdperson_righthand":{"rotation":[24,13,0],"translation":[0,1.25,-0.5],"scale":[0.6,0.6,0.6]},"thirdperson_lefthand":{"rotation":[24,13,0],"translation":[0,0.75,-0.5],"scale":[0.6,0.6,0.6]},"firstperson_righthand":{"rotation":[0,109,5],"translation":[2,5.25,0],"scale":[0.71,0.71,0.71]},"firstperson_lefthand":{"rotation":[0,109,5],"translation":[2,5.25,0],"scale":[0.71,0.71,0.71]},"ground":{"translation":[0,3.5,0],"scale":[0.65,0.65,0.65]},"gui":{"rotation":[25,151,0],"translation":[1.25,-0.5,0],"scale":[0.73,0.73,0.73]},"head":{"translation":[0,14.4,0]},"fixed":{"rotation":[-90,0,0],"translation":[-4,0,-13.5],"scale":[1.7,1.7,1.7]}},"groups":[{"name":"base","origin":[8,8,8],"color":0,"nbt":"{}","children":[0,1,2,{"name":"group","origin":[8,7.5,8.25],"color":0,"nbt":"{}","children":[3,4,5,6,7,8,9,10]},{"name":"group","origin":[5.16813,3.74074,9.25],"color":0,"nbt":"{}","children":[11,12,13,14]},{"name":"group","origin":[8,0.01,6.25],"color":0,"nbt":"{}","children":[15,16]}]}],"mcmodels":"d3de2d4252105dcc0a8a3b0cc20c32f2"}