{"credit":"Made by Nog's Menagerie","texture_size":[64,64],"textures":{"0":"item/crates/necromancer/plushies/plushie_mr_bones_texture","particle":"item/crates/necromancer/plushies/plushie_mr_bones_texture"},"elements":[{"name":"torso","from":[5.5,0,11.25],"to":[10.5,7,11.25],"rotation":{"angle":0,"axis":"y","origin":[8,2.0045,8.85355]},"faces":{"north":{"uv":[5.25,6,4,7.75],"texture":"#0"},"east":{"uv":[8,8.75,8,10.5],"texture":"#0"},"south":{"uv":[4,6,5.25,7.75],"texture":"#0"},"west":{"uv":[8.25,8.75,8.25,10.5],"texture":"#0"},"up":{"uv":[9.5,7.5,8.25,7.5],"texture":"#0"},"down":{"uv":[9.5,7.75,8.25,7.75],"texture":"#0"}}},{"name":"torso","from":[5.5,0,7.25],"to":[10.5,7,7.25],"rotation":{"angle":0,"axis":"y","origin":[8,2.0045,8.85355]},"faces":{"north":{"uv":[6,4,7.25,5.75],"texture":"#0"},"east":{"uv":[8.5,8.75,8.5,10.5],"texture":"#0"},"south":{"uv":[7.25,4,6,5.75],"texture":"#0"},"west":{"uv":[8.75,8.75,8.75,10.5],"texture":"#0"},"up":{"uv":[10,0.75,8.75,0.75],"texture":"#0"},"down":{"uv":[10,1,8.75,1],"texture":"#0"}}},{"name":"torso","from":[10.5,0,7.25],"to":[10.5,7,11.25],"rotation":{"angle":0,"axis":"y","origin":[8,2.0045,8.85355]},"faces":{"north":{"uv":[5,9,5,10.75],"texture":"#0"},"east":{"uv":[7,6,8,7.75],"texture":"#0"},"south":{"uv":[5.25,9,5.25,10.75],"texture":"#0"},"west":{"uv":[8,6,7,7.75],"texture":"#0"},"up":{"uv":[5.5,10,5.5,9],"texture":"#0"},"down":{"uv":[5.75,9,5.75,10],"texture":"#0"}}},{"name":"torso","from":[5.5,0,7.25],"to":[5.5,7,11.25],"rotation":{"angle":0,"axis":"y","origin":[8,2.0045,8.85355]},"faces":{"north":{"uv":[6,9,6,10.75],"texture":"#0"},"east":{"uv":[1,8,0,9.75],"texture":"#0"},"south":{"uv":[6.25,9,6.25,10.75],"texture":"#0"},"west":{"uv":[0,8,1,9.75],"texture":"#0"},"up":{"uv":[6.5,10,6.5,9],"texture":"#0"},"down":{"uv":[6.75,9,6.75,10],"texture":"#0"}}},{"name":"head","from":[4.5,5.925,4.6],"to":[11.5,12.925,4.6],"rotation":{"angle":-22.5,"axis":"x","origin":[8,8.075,8.25]},"faces":{"north":{"uv":[1.75,2,0,3.75],"texture":"#0"},"east":{"uv":[7,9,7,10.75],"texture":"#0"},"south":{"uv":[0,2,1.75,3.75],"texture":"#0"},"west":{"uv":[7.25,9,7.25,10.75],"texture":"#0"},"up":{"uv":[10.5,5.75,8.75,5.75],"texture":"#0"},"down":{"uv":[10.75,1.25,9,1.25],"texture":"#0"}}},{"name":"head","from":[4.5,5.925,11.6],"to":[11.5,12.925,11.6],"rotation":{"angle":-22.5,"axis":"x","origin":[8,8.075,8.25]},"faces":{"north":{"uv":[3.75,2,2,3.75],"texture":"#0"},"east":{"uv":[7.5,9,7.5,10.75],"texture":"#0"},"south":{"uv":[2,2,3.75,3.75],"texture":"#0"},"west":{"uv":[7.75,9,7.75,10.75],"texture":"#0"},"up":{"uv":[10.75,1.5,9,1.5],"texture":"#0"},"down":{"uv":[10.75,1.75,9,1.75],"texture":"#0"}}},{"name":"head","from":[4.5,12.925,4.6],"to":[11.5,12.925,11.6],"rotation":{"angle":-22.5,"axis":"x","origin":[8,8.075,8.25]},"faces":{"north":{"uv":[9,8,10.75,8],"texture":"#0"},"east":{"uv":[9,8.25,10.75,8.25],"texture":"#0"},"south":{"uv":[9,8.5,10.75,8.5],"texture":"#0"},"west":{"uv":[9,8.75,10.75,8.75],"texture":"#0"},"up":{"uv":[1.75,5.75,0,4],"texture":"#0"},"down":{"uv":[1.75,4,0,5.75],"texture":"#0"}}},{"name":"head","from":[4.5,5.925,4.6],"to":[11.5,5.925,11.6],"rotation":{"angle":-22.5,"axis":"x","origin":[8,8.075,8.25]},"faces":{"north":{"uv":[9,9,10.75,9],"texture":"#0"},"east":{"uv":[1.25,9.25,3,9.25],"texture":"#0"},"south":{"uv":[9.25,6,11,6],"texture":"#0"},"west":{"uv":[9.25,6.25,11,6.25],"texture":"#0"},"up":{"uv":[3.75,5.75,2,4],"texture":"#0"},"down":{"uv":[3.75,4,2,5.75],"texture":"#0"}}},{"name":"head","from":[4.5,5.925,4.6],"to":[4.5,12.925,11.6],"rotation":{"angle":-22.5,"axis":"x","origin":[8,8.075,8.25]},"faces":{"north":{"uv":[3.25,9.25,3.25,11],"texture":"#0"},"east":{"uv":[1.75,6,0,7.75],"texture":"#0"},"south":{"uv":[3.5,9.25,3.5,11],"texture":"#0"},"west":{"uv":[0,6,1.75,7.75],"texture":"#0"},"up":{"uv":[3.75,11,3.75,9.25],"texture":"#0"},"down":{"uv":[4,9.25,4,11],"texture":"#0"}}},{"name":"head","from":[11.5,5.925,4.6],"to":[11.5,12.925,11.6],"rotation":{"angle":-22.5,"axis":"x","origin":[8,8.075,8.25]},"faces":{"north":{"uv":[4.25,9.25,4.25,11],"texture":"#0"},"east":{"uv":[6,0,7.75,1.75],"texture":"#0"},"south":{"uv":[4.5,9.25,4.5,11],"texture":"#0"},"west":{"uv":[7.75,0,6,1.75],"texture":"#0"},"up":{"uv":[4.75,11,4.75,9.25],"texture":"#0"},"down":{"uv":[9,9.25,9,11],"texture":"#0"}}},{"name":"right_arm","from":[11.83187,1.74074,8.25],"to":[11.83187,5.74074,10.25],"rotation":{"angle":45,"axis":"z","origin":[10.83187,3.74074,9.25]},"faces":{"north":{"uv":[9.25,9.25,9.25,10.25],"texture":"#0"},"east":{"uv":[8,0,8.5,1],"texture":"#0"},"south":{"uv":[1.25,9.5,1.25,10.5],"texture":"#0"},"west":{"uv":[8.5,0,8,1],"texture":"#0"},"up":{"uv":[9.25,7,9.25,6.5],"texture":"#0"},"down":{"uv":[9.5,0,9.5,0.5],"texture":"#0"}}},{"name":"right_arm","from":[9.83187,1.74074,8.25],"to":[11.83187,5.74074,8.25],"rotation":{"angle":45,"axis":"z","origin":[10.83187,3.74074,9.25]},"faces":{"north":{"uv":[2,8,2.5,9],"texture":"#0"},"east":{"uv":[1.5,9.5,1.5,10.5],"texture":"#0"},"south":{"uv":[2.5,8,2,9],"texture":"#0"},"west":{"uv":[1.75,9.5,1.75,10.5],"texture":"#0"},"up":{"uv":[9.75,7.25,9.25,7.25],"texture":"#0"},"down":{"uv":[2.5,9.5,2,9.5],"texture":"#0"}}},{"name":"right_arm","from":[9.83187,1.74074,10.25],"to":[11.83187,5.74074,10.25],"rotation":{"angle":45,"axis":"z","origin":[10.83187,3.74074,9.25]},"faces":{"north":{"uv":[4.75,8,4.25,9],"texture":"#0"},"east":{"uv":[9.5,2,9.5,3],"texture":"#0"},"south":{"uv":[4.25,8,4.75,9],"texture":"#0"},"west":{"uv":[2.75,9.5,2.75,10.5],"texture":"#0"},"up":{"uv":[10,3.25,9.5,3.25],"texture":"#0"},"down":{"uv":[10,3.5,9.5,3.5],"texture":"#0"}}},{"name":"right_arm","from":[9.83187,1.74074,8.25],"to":[9.83187,3.74074,10.25],"rotation":{"angle":45,"axis":"z","origin":[10.83187,3.74074,9.25]},"faces":{"north":{"uv":[3,9.5,3,10],"texture":"#0"},"east":{"uv":[9.25,2,8.75,2.5],"texture":"#0"},"south":{"uv":[9.5,3.75,9.5,4.25],"texture":"#0"},"west":{"uv":[8.75,2,9.25,2.5],"texture":"#0"},"up":{"uv":[9.5,5,9.5,4.5],"texture":"#0"},"down":{"uv":[9.5,6.5,9.5,7],"texture":"#0"}}},{"name":"right_arm","from":[9.83187,1.74074,8.25],"to":[11.83187,1.74074,10.25],"rotation":{"angle":45,"axis":"z","origin":[10.83187,3.74074,9.25]},"faces":{"north":{"uv":[9.5,5.25,10,5.25],"texture":"#0"},"east":{"uv":[9.5,5.5,10,5.5],"texture":"#0"},"south":{"uv":[9.5,9.25,10,9.25],"texture":"#0"},"west":{"uv":[9.5,9.5,10,9.5],"texture":"#0"},"up":{"uv":[9.25,4,8.75,3.5],"texture":"#0"},"down":{"uv":[9.25,3.5,8.75,4],"texture":"#0"}}},{"name":"left_arm","from":[4.16813,1.74074,8.25],"to":[4.16813,5.74074,10.25],"rotation":{"angle":-45,"axis":"z","origin":[5.16813,3.74074,9.25]},"faces":{"north":{"uv":[9.25,9.25,9.25,10.25],"texture":"#0"},"east":{"uv":[8,0,8.5,1],"texture":"#0"},"south":{"uv":[1.25,9.5,1.25,10.5],"texture":"#0"},"west":{"uv":[8.5,0,8,1],"texture":"#0"},"up":{"uv":[9.25,7,9.25,6.5],"texture":"#0"},"down":{"uv":[9.5,0,9.5,0.5],"texture":"#0"}}},{"name":"left_arm","from":[4.16813,1.74074,8.25],"to":[6.16813,5.74074,8.25],"rotation":{"angle":-45,"axis":"z","origin":[5.16813,3.74074,9.25]},"faces":{"north":{"uv":[2.5,8,2,9],"texture":"#0"},"east":{"uv":[1.75,9.5,1.75,10.5],"texture":"#0"},"south":{"uv":[2,8,2.5,9],"texture":"#0"},"west":{"uv":[1.5,9.5,1.5,10.5],"texture":"#0"},"up":{"uv":[9.25,7.25,9.75,7.25],"texture":"#0"},"down":{"uv":[2,9.5,2.5,9.5],"texture":"#0"}}},{"name":"left_arm","from":[4.16813,1.74074,10.25],"to":[6.16813,5.74074,10.25],"rotation":{"angle":-45,"axis":"z","origin":[5.16813,3.74074,9.25]},"faces":{"north":{"uv":[4.25,8,4.75,9],"texture":"#0"},"east":{"uv":[2.75,9.5,2.75,10.5],"texture":"#0"},"south":{"uv":[4.75,8,4.25,9],"texture":"#0"},"west":{"uv":[9.5,2,9.5,3],"texture":"#0"},"up":{"uv":[9.5,3.25,10,3.25],"texture":"#0"},"down":{"uv":[9.5,3.5,10,3.5],"texture":"#0"}}},{"name":"left_arm","from":[4.16813,1.74074,8.25],"to":[6.16813,1.74074,10.25],"rotation":{"angle":-45,"axis":"z","origin":[5.16813,3.74074,9.25]},"faces":{"north":{"uv":[10,5.25,9.5,5.25],"texture":"#0"},"east":{"uv":[10,9.5,9.5,9.5],"texture":"#0"},"south":{"uv":[10,9.25,9.5,9.25],"texture":"#0"},"west":{"uv":[10,5.5,9.5,5.5],"texture":"#0"},"up":{"uv":[8.75,4,9.25,3.5],"texture":"#0"},"down":{"uv":[8.75,3.5,9.25,4],"texture":"#0"}}},{"name":"left_arm","from":[6.16813,1.74074,8.25],"to":[6.16813,3.74074,10.25],"rotation":{"angle":-45,"axis":"z","origin":[5.16813,3.74074,9.25]},"faces":{"north":{"uv":[3,9.5,3,10],"texture":"#0"},"east":{"uv":[9.25,2,8.75,2.5],"texture":"#0"},"south":{"uv":[9.5,3.75,9.5,4.25],"texture":"#0"},"west":{"uv":[8.75,2,9.25,2.5],"texture":"#0"},"up":{"uv":[9.5,5,9.5,4.5],"texture":"#0"},"down":{"uv":[9.5,6.5,9.5,7],"texture":"#0"}}},{"name":"right_leg","from":[9,0.01,4.25],"to":[11,0.01,7.25],"rotation":{"angle":-22.5,"axis":"y","origin":[8,0.01,6.25]},"faces":{"north":{"uv":[9.75,0,10.25,0],"texture":"#0"},"east":{"uv":[9.75,0.25,10.5,0.25],"texture":"#0"},"south":{"uv":[9.75,0.5,10.25,0.5],"texture":"#0"},"west":{"uv":[9.75,2,10.5,2],"texture":"#0"},"up":{"uv":[6.25,8.75,5.75,8],"texture":"#0"},"down":{"uv":[6.25,8,5.75,8.75],"texture":"#0"}}},{"name":"right_leg","from":[9,2.01,4.25],"to":[11,2.01,7.25],"rotation":{"angle":-22.5,"axis":"y","origin":[8,0.01,6.25]},"faces":{"north":{"uv":[2,9.75,2.5,9.75],"texture":"#0"},"east":{"uv":[9.75,2.25,10.5,2.25],"texture":"#0"},"south":{"uv":[9.75,2.5,10.25,2.5],"texture":"#0"},"west":{"uv":[9.75,2.75,10.5,2.75],"texture":"#0"},"up":{"uv":[7,8.75,6.5,8],"texture":"#0"},"down":{"uv":[7,8,6.5,8.75],"texture":"#0"}}},{"name":"right_leg","from":[9,0.01,4.25],"to":[9,2.01,7.25],"rotation":{"angle":-22.5,"axis":"y","origin":[8,0.01,6.25]},"faces":{"north":{"uv":[9.75,3.75,9.75,4.25],"texture":"#0"},"east":{"uv":[8,1.25,8.75,1.75],"texture":"#0"},"south":{"uv":[9.75,4.5,9.75,5],"texture":"#0"},"west":{"uv":[8.75,1.25,8,1.75],"texture":"#0"},"up":{"uv":[9.5,10.5,9.5,9.75],"texture":"#0"},"down":{"uv":[9.75,9.75,9.75,10.5],"texture":"#0"}}},{"name":"right_leg","from":[11,0.01,4.25],"to":[11,2.01,7.25],"rotation":{"angle":-22.5,"axis":"y","origin":[8,0.01,6.25]},"faces":{"north":{"uv":[9.75,6.5,9.75,7],"texture":"#0"},"east":{"uv":[8.25,6,9,6.5],"texture":"#0"},"south":{"uv":[0,10,0,10.5],"texture":"#0"},"west":{"uv":[9,6,8.25,6.5],"texture":"#0"},"up":{"uv":[0.25,10.75,0.25,10],"texture":"#0"},"down":{"uv":[0.5,10,0.5,10.75],"texture":"#0"}}},{"name":"right_leg","from":[9,0.01,4.25],"to":[11,2.01,4.25],"rotation":{"angle":-22.5,"axis":"y","origin":[8,0.01,6.25]},"faces":{"north":{"uv":[8.75,4.25,9.25,4.75],"texture":"#0"},"east":{"uv":[0.75,10,0.75,10.5],"texture":"#0"},"south":{"uv":[9.25,4.25,8.75,4.75],"texture":"#0"},"west":{"uv":[1,10,1,10.5],"texture":"#0"},"up":{"uv":[10.25,3,9.75,3],"texture":"#0"},"down":{"uv":[10.25,7.5,9.75,7.5],"texture":"#0"}}},{"name":"left_leg","from":[5,0.01,4.25],"to":[7,2.01,4.25],"rotation":{"angle":22.5,"axis":"y","origin":[8,0.01,6.25]},"faces":{"north":{"uv":[9.25,4.25,8.75,4.75],"texture":"#0"},"east":{"uv":[1,10,1,10.5],"texture":"#0"},"south":{"uv":[8.75,4.25,9.25,4.75],"texture":"#0"},"west":{"uv":[0.75,10,0.75,10.5],"texture":"#0"},"up":{"uv":[9.75,3,10.25,3],"texture":"#0"},"down":{"uv":[9.75,7.5,10.25,7.5],"texture":"#0"}}},{"name":"left_leg","from":[5,0.01,4.25],"to":[7,0.01,7.25],"rotation":{"angle":22.5,"axis":"y","origin":[8,0.01,6.25]},"faces":{"north":{"uv":[10.25,0,9.75,0],"texture":"#0"},"east":{"uv":[10.5,2,9.75,2],"texture":"#0"},"south":{"uv":[10.25,0.5,9.75,0.5],"texture":"#0"},"west":{"uv":[10.5,0.25,9.75,0.25],"texture":"#0"},"up":{"uv":[5.75,8.75,6.25,8],"texture":"#0"},"down":{"uv":[5.75,8,6.25,8.75],"texture":"#0"}}},{"name":"left_leg","from":[5,2.01,4.25],"to":[7,2.01,7.25],"rotation":{"angle":22.5,"axis":"y","origin":[8,0.01,6.25]},"faces":{"north":{"uv":[2.5,9.75,2,9.75],"texture":"#0"},"east":{"uv":[10.5,2.75,9.75,2.75],"texture":"#0"},"south":{"uv":[10.25,2.5,9.75,2.5],"texture":"#0"},"west":{"uv":[10.5,2.25,9.75,2.25],"texture":"#0"},"up":{"uv":[6.5,8.75,7,8],"texture":"#0"},"down":{"uv":[6.5,8,7,8.75],"texture":"#0"}}},{"name":"left_leg","from":[7,0.01,4.25],"to":[7,2.01,7.25],"rotation":{"angle":22.5,"axis":"y","origin":[8,0.01,6.25]},"faces":{"north":{"uv":[9.75,3.75,9.75,4.25],"texture":"#0"},"east":{"uv":[8,1.25,8.75,1.75],"texture":"#0"},"south":{"uv":[9.75,4.5,9.75,5],"texture":"#0"},"west":{"uv":[8.75,1.25,8,1.75],"texture":"#0"},"up":{"uv":[9.5,10.5,9.5,9.75],"texture":"#0"},"down":{"uv":[9.75,9.75,9.75,10.5],"texture":"#0"}}},{"name":"left_leg","from":[5,0.01,4.25],"to":[5,2.01,7.25],"rotation":{"angle":22.5,"axis":"y","origin":[8,0.01,6.25]},"faces":{"north":{"uv":[9.75,6.5,9.75,7],"texture":"#0"},"east":{"uv":[8.25,6,9,6.5],"texture":"#0"},"south":{"uv":[0,10,0,10.5],"texture":"#0"},"west":{"uv":[9,6,8.25,6.5],"texture":"#0"},"up":{"uv":[0.25,10.75,0.25,10],"texture":"#0"},"down":{"uv":[0.5,10,0.5,10.75],"texture":"#0"}}}],"gui_light":"front","display":{"thirdperson_righthand":{"rotation":[24,13,0],"translation":[0,1.25,-0.5],"scale":[0.6,0.6,0.6]},"thirdperson_lefthand":{"rotation":[24,13,0],"translation":[0,0.75,-0.5],"scale":[0.6,0.6,0.6]},"firstperson_righthand":{"rotation":[0,109,5],"translation":[2,5.25,0],"scale":[0.71,0.71,0.71]},"firstperson_lefthand":{"rotation":[0,109,5],"translation":[2,5.25,0],"scale":[0.71,0.71,0.71]},"ground":{"translation":[0,3.5,0],"scale":[0.65,0.65,0.65]},"gui":{"rotation":[25,151,0],"translation":[0.25,0.25,0],"scale":[0.73,0.73,0.73]},"head":{"translation":[0,14.4,0]},"fixed":{"rotation":[-90,0,0],"translation":[0,0,-13.5],"scale":[1.7,1.7,1.7]}},"groups":[{"name":"base","origin":[8,8,8],"color":0,"nbt":"{}","children":[0,1,2,3,{"name":"group","origin":[8,7.5,8.25],"color":0,"nbt":"{}","children":[4,5,6,7,8,9]},{"name":"group","origin":[5.16813,3.74074,9.25],"color":0,"nbt":"{}","children":[10,11,12,13,14,15,16,17,18,19]},{"name":"group","origin":[8,0.01,6.25],"color":0,"nbt":"{}","children":[20,21,22,23,24,25,26,27,28,29]}]}],"mcmodels":"2bba870376773be42ff2f3e4d6611717"}