{"format_version":"1.9.0","credit":"This is SunWithFace copy! \u00a9 2025 iPlexity LLC. All Rights Reserved.","texture_size":[64,64],"textures":{"0":"item/cosmetics/autumn/scarf_and_glasses_hat_texture","particle":"item/cosmetics/autumn/scarf_and_glasses_hat_texture"},"elements":[{"from":[3.45,4.8025,3.2825],"to":[3.45,5.8125,9.3425],"rotation":{"angle":0,"axis":"y","origin":[-0.16,0,0]},"faces":{"north":{"uv":[2.5,5.5,2.5,5.75],"texture":"#0"},"east":{"uv":[3.75,6,5.25,6.25],"texture":"#0"},"south":{"uv":[5.25,6.5,5.25,6.75],"texture":"#0"},"west":{"uv":[6.25,3,7.75,3.25],"texture":"#0"},"up":{"uv":[6.5,7.75,6.5,6.25],"texture":"#0"},"down":{"uv":[0,6.75,0,8.25],"texture":"#0"}}},{"from":[3.45,3.7925,8.3325],"to":[3.45,4.8025,9.3425],"rotation":{"angle":0,"axis":"y","origin":[-0.16,0,0]},"faces":{"north":{"uv":[0.25,6.75,0.25,7],"texture":"#0"},"east":{"uv":[6.25,4.5,6.5,4.75],"texture":"#0"},"south":{"uv":[0.5,6.75,0.5,7],"texture":"#0"},"west":{"uv":[5.5,6.25,5.75,6.5],"texture":"#0"},"up":{"uv":[0.75,7,0.75,6.75],"texture":"#0"},"down":{"uv":[1,6.75,1,7],"texture":"#0"}}},{"from":[12.54,4.8025,3.2825],"to":[12.54,5.8125,9.3425],"rotation":{"angle":0,"axis":"y","origin":[16,0,0]},"faces":{"north":{"uv":[1.25,6.75,1.25,7],"texture":"#0"},"east":{"uv":[6.25,3.5,7.75,3.75],"texture":"#0"},"south":{"uv":[1.5,6.75,1.5,7],"texture":"#0"},"west":{"uv":[6.25,4,7.75,4.25],"texture":"#0"},"up":{"uv":[1.75,8.25,1.75,6.75],"texture":"#0"},"down":{"uv":[2,6.75,2,8.25],"texture":"#0"}}},{"from":[12.54,3.7925,8.3325],"to":[12.54,4.8025,9.3425],"rotation":{"angle":0,"axis":"y","origin":[16,0,0]},"faces":{"north":{"uv":[2.25,6.75,2.25,7],"texture":"#0"},"east":{"uv":[6,6.25,6.25,6.5],"texture":"#0"},"south":{"uv":[6.75,4.5,6.75,4.75],"texture":"#0"},"west":{"uv":[3.75,6.5,4,6.75],"texture":"#0"},"up":{"uv":[6.75,5.25,6.75,5],"texture":"#0"},"down":{"uv":[5.5,6.75,5.5,7],"texture":"#0"}}},{"from":[3.45,3.2875,3.2825],"to":[7.49,7.3275,3.2825],"rotation":{"angle":0,"axis":"y","origin":[-0.16,0,0]},"faces":{"north":{"uv":[0,5.5,1,6.5],"texture":"#0"},"east":{"uv":[6.75,5.5,6.75,6.5],"texture":"#0"},"south":{"uv":[1.25,5.5,2.25,6.5],"texture":"#0"},"west":{"uv":[5.75,6.75,5.75,7.75],"texture":"#0"},"up":{"uv":[7.75,6.75,6.75,6.75],"texture":"#0"},"down":{"uv":[4.75,7,3.75,7],"texture":"#0"}}},{"from":[7.49,4.8025,3.2825],"to":[8.5,5.8125,3.2825],"rotation":{"angle":0,"axis":"y","origin":[-0.16,0,0]},"faces":{"north":{"uv":[4.25,6.5,4.5,6.75],"texture":"#0"},"east":{"uv":[6,6.75,6,7],"texture":"#0"},"south":{"uv":[4.75,6.5,5,6.75],"texture":"#0"},"west":{"uv":[6.25,6.75,6.25,7],"texture":"#0"},"up":{"uv":[7.25,4.5,7,4.5],"texture":"#0"},"down":{"uv":[7.25,4.75,7,4.75],"texture":"#0"}}},{"from":[8.5,3.2875,3.2825],"to":[12.54,7.3275,3.2825],"rotation":{"angle":0,"axis":"y","origin":[16,0,0]},"faces":{"north":{"uv":[5.5,5,6.5,6],"texture":"#0"},"east":{"uv":[5,7,5,8],"texture":"#0"},"south":{"uv":[2.5,6,3.5,7],"texture":"#0"},"west":{"uv":[7,5,7,6],"texture":"#0"},"up":{"uv":[8,6.25,7,6.25],"texture":"#0"},"down":{"uv":[8,6.5,7,6.5],"texture":"#0"}}},{"from":[3,0,3],"to":[13,3,13],"faces":{"north":{"uv":[2.75,5,5.25,5.75],"texture":"#0"},"east":{"uv":[5.25,0,7.75,0.75],"texture":"#0"},"south":{"uv":[5.25,1,7.75,1.75],"texture":"#0"},"west":{"uv":[5.25,2,7.75,2.75],"texture":"#0"},"up":{"uv":[2.5,2.5,0,0],"texture":"#0"},"down":{"uv":[2.5,2.75,0,5.25],"texture":"#0"}}},{"from":[8,-7,3],"to":[14,0,3],"rotation":{"angle":22.5,"axis":"x","origin":[11,0,3]},"faces":{"north":{"uv":[2.75,3,4.25,4.75],"texture":"#0"},"east":{"uv":[5.25,7,5.25,8.75],"texture":"#0"},"south":{"uv":[4.25,3,2.75,4.75],"texture":"#0"},"west":{"uv":[6.75,7,6.75,8.75],"texture":"#0"},"up":{"uv":[8.5,7,7,7],"texture":"#0"},"down":{"uv":[3.75,7.25,2.25,7.25],"texture":"#0"}}},{"from":[-6,-1,13],"to":[3,4,13],"rotation":{"angle":45,"axis":"y","origin":[3,1.5,13]},"faces":{"north":{"uv":[2.75,0,5,1.25],"texture":"#0"},"east":{"uv":[0.25,7.25,0.25,8.5],"texture":"#0"},"south":{"uv":[5,0,2.75,1.25],"texture":"#0"},"west":{"uv":[0.5,7.25,0.5,8.5],"texture":"#0"},"up":{"uv":[9.5,5,7.25,5],"texture":"#0"},"down":{"uv":[9.5,5.25,7.25,5.25],"texture":"#0"}}}],"gui_light":"front","display":{"thirdperson_righthand":{"rotation":[11.75,0,0],"translation":[0,4,-1.75],"scale":[0.85,0.85,0.85]},"thirdperson_lefthand":{"rotation":[11.75,0,0],"translation":[0,4,-1.75],"scale":[0.85,0.85,0.85]},"firstperson_righthand":{"translation":[9.5,0,-9.25]},"firstperson_lefthand":{"translation":[9.5,0,-9.25]},"ground":{"translation":[0,5.25,0],"scale":[0.8,0.8,0.8]},"gui":{"rotation":[22.5,-153,0],"translation":[0,6.75,0],"scale":[0.86,0.86,0.86]},"head":{"translation":[0,2.75,0],"scale":[1.6,1.6,1.6]},"fixed":{"rotation":[-90,0,0],"translation":[0,0,-16],"scale":[2,2,2]}},"groups":[{"name":"scarf_and_glasses","origin":[8,8,8],"color":0,"children":[{"name":"glasses","origin":[16,0,0],"color":0,"children":[0,1,2,3,4,5,6]},{"name":"scarf","origin":[3,1.5,13],"color":0,"children":[7,8,9]}]}],"mcmodels":"e3dbc04be350749cc00694dac55f299d"}