{"format_version":"1.9.0","credit":"This is SunWithFace copy! \u00a9 2025 iPlexity LLC. All Rights Reserved.","texture_size":[64,64],"textures":{"0":"item/cosmetics/autumn/white_fedora_hat_texture","particle":"item/cosmetics/autumn/white_fedora_hat_texture"},"elements":[{"from":[8.28844,8.30094,4],"to":[11.28844,8.30094,11.95],"rotation":{"angle":22.5,"axis":"z","origin":[10.78844,7.05094,7.975]},"faces":{"north":{"uv":[4,11.5,4.75,11.5],"texture":"#0"},"east":{"uv":[6.75,11.5,8.75,11.5],"texture":"#0"},"south":{"uv":[5,11.5,5.75,11.5],"texture":"#0"},"west":{"uv":[6.75,11.75,8.75,11.75],"texture":"#0"},"up":{"uv":[2.75,11.5,2,9.5],"texture":"#0"},"down":{"uv":[2.75,9.5,2,11.5],"texture":"#0"}}},{"from":[5.00038,7.24908,4],"to":[8.00038,7.24908,11.95],"rotation":{"angle":-22.5,"axis":"z","origin":[8.00038,7.24908,7.975]},"faces":{"north":{"uv":[5,11.75,5.75,11.75],"texture":"#0"},"east":{"uv":[2,12,4,12],"texture":"#0"},"south":{"uv":[12,3.75,12.75,3.75],"texture":"#0"},"west":{"uv":[12,4,14,4],"texture":"#0"},"up":{"uv":[10.5,2,9.75,0],"texture":"#0"},"down":{"uv":[10.5,0,9.75,2],"texture":"#0"}}},{"from":[13.5,1.25,2],"to":[16.5,1.25,10],"rotation":{"angle":0,"axis":"y","origin":[13.5,1,2]},"faces":{"north":{"uv":[6.75,11,7.5,11],"texture":"#0"},"east":{"uv":[11.25,7.5,13.25,7.5],"texture":"#0"},"south":{"uv":[11.25,7.75,12,7.75],"texture":"#0"},"west":{"uv":[11.25,8.75,13.25,8.75],"texture":"#0"},"up":{"uv":[8.75,11,8,9],"texture":"#0"},"down":{"uv":[8.75,9,8,11],"texture":"#0"}}},{"from":[13.5,1.25,2],"to":[13.5,4.25,10],"rotation":{"angle":0,"axis":"y","origin":[13.5,1,2]},"faces":{"north":{"uv":[9,11.25,9,12],"texture":"#0"},"east":{"uv":[8.25,6.25,10.25,7],"texture":"#0"},"south":{"uv":[9.25,11.25,9.25,12],"texture":"#0"},"west":{"uv":[10.25,6.25,8.25,7],"texture":"#0"},"up":{"uv":[9.5,13.25,9.5,11.25],"texture":"#0"},"down":{"uv":[9.75,11.25,9.75,13.25],"texture":"#0"}}},{"from":[-0.5,1.25,5],"to":[2.5,1.25,13],"rotation":{"angle":0,"axis":"y","origin":[2.5,1,5]},"faces":{"north":{"uv":[10.25,8.75,11,8.75],"texture":"#0"},"east":{"uv":[6.75,11.25,8.75,11.25],"texture":"#0"},"south":{"uv":[6.75,10.75,7.5,10.75],"texture":"#0"},"west":{"uv":[11.25,7.25,13.25,7.25],"texture":"#0"},"up":{"uv":[0.75,10.5,0,8.5],"texture":"#0"},"down":{"uv":[0.75,8.5,0,10.5],"texture":"#0"}}},{"from":[2.5,1.25,5],"to":[2.5,4.25,13],"rotation":{"angle":0,"axis":"y","origin":[2.5,1,5]},"faces":{"north":{"uv":[1.25,10.75,1.25,11.5],"texture":"#0"},"east":{"uv":[10.25,5.25,8.25,6],"texture":"#0"},"south":{"uv":[1.5,10.75,1.5,11.5],"texture":"#0"},"west":{"uv":[8.25,5.25,10.25,6],"texture":"#0"},"up":{"uv":[1.75,12.75,1.75,10.75],"texture":"#0"},"down":{"uv":[6.5,10.75,6.5,12.75],"texture":"#0"}}},{"from":[0,0,0],"to":[16,1,16],"rotation":{"angle":0,"axis":"y","origin":[3,0,4]},"faces":{"north":{"uv":[10.5,6.75,14.5,7],"texture":"#0"},"east":{"uv":[10.75,2.25,14.75,2.5],"texture":"#0"},"south":{"uv":[10.75,2.75,14.75,3],"texture":"#0"},"west":{"uv":[10.75,3.25,14.75,3.5],"texture":"#0"},"up":{"uv":[4,4,0,0],"texture":"#0"},"down":{"uv":[4,4.25,0,8.25],"texture":"#0"}}},{"from":[3,1,3],"to":[13,7,13],"rotation":{"angle":0,"axis":"y","origin":[3,1,4]},"faces":{"north":{"uv":[4.25,5.5,6.75,7],"texture":"#0"},"east":{"uv":[7,0,9.5,1.5],"texture":"#0"},"south":{"uv":[7,1.75,9.5,3.25],"texture":"#0"},"west":{"uv":[7,3.5,9.5,5],"texture":"#0"},"up":{"uv":[6.75,2.5,4.25,0],"texture":"#0"},"down":{"uv":[6.75,2.75,4.25,5.25],"texture":"#0"}}},{"from":[2.75,1,2.75],"to":[2.75,3,13.25],"rotation":{"angle":0,"axis":"y","origin":[2.75,1,4]},"faces":{"north":{"uv":[6.75,7.25,6.75,7.75],"texture":"#0"},"east":{"uv":[10.25,8,13,8.5],"texture":"#0"},"south":{"uv":[10,11.25,10,11.75],"texture":"#0"},"west":{"uv":[9.75,4.5,12.5,5],"texture":"#0"},"up":{"uv":[10.25,14,10.25,11.25],"texture":"#0"},"down":{"uv":[10.5,11.25,10.5,14],"texture":"#0"}}},{"from":[13.25,1,2.75],"to":[13.25,3,13.25],"rotation":{"angle":0,"axis":"y","origin":[13.25,1,4]},"faces":{"north":{"uv":[10.75,11.25,10.75,11.75],"texture":"#0"},"east":{"uv":[10,9,12.75,9.5],"texture":"#0"},"south":{"uv":[11,11.25,11,11.75],"texture":"#0"},"west":{"uv":[10,9,12.75,9.5],"texture":"#0"},"up":{"uv":[11.25,14,11.25,11.25],"texture":"#0"},"down":{"uv":[0,11.5,0,14.25],"texture":"#0"}}},{"from":[2.75,1,2.75],"to":[13.25,3,2.75],"rotation":{"angle":0,"axis":"y","origin":[13.25,1,4]},"faces":{"north":{"uv":[10.25,8,13,8.5],"texture":"#0"},"east":{"uv":[0.25,11.5,0.25,12],"texture":"#0"},"south":{"uv":[10.25,8,13,8.5],"texture":"#0"},"west":{"uv":[0.5,11.5,0.5,12],"texture":"#0"},"up":{"uv":[14.25,11.25,11.5,11.25],"texture":"#0"},"down":{"uv":[14.25,11.5,11.5,11.5],"texture":"#0"}}},{"from":[2.75,1,13.25],"to":[13.25,3,13.25],"rotation":{"angle":0,"axis":"y","origin":[13.25,1,12]},"faces":{"north":{"uv":[10,10.5,12.75,11],"texture":"#0"},"east":{"uv":[0.75,11.5,0.75,12],"texture":"#0"},"south":{"uv":[10,10.5,12.75,11],"texture":"#0"},"west":{"uv":[1,11.5,1,12],"texture":"#0"},"up":{"uv":[4.75,11.75,2,11.75],"texture":"#0"},"down":{"uv":[14.25,11.75,11.5,11.75],"texture":"#0"}}},{"from":[4.1685,6.34985,3.025],"to":[8.1685,8.34985,12.975],"rotation":{"angle":-22.5,"axis":"z","origin":[4.6685,7.34985,8]},"faces":{"north":{"uv":[0,10.75,1,11.25],"texture":"#0"},"east":{"uv":[4,10,6.5,10.5],"texture":"#0"},"south":{"uv":[10.75,3.75,11.75,4.25],"texture":"#0"},"west":{"uv":[10.75,0,13.25,0.5],"texture":"#0"},"up":{"uv":[8,7.75,7,5.25],"texture":"#0"},"down":{"uv":[5.25,7.25,4.25,9.75],"texture":"#0"}}},{"from":[7.8315,6.34985,3.025],"to":[11.8315,8.34985,12.975],"rotation":{"angle":22.5,"axis":"z","origin":[11.3315,7.34985,8]},"faces":{"north":{"uv":[4,10.75,5,11.25],"texture":"#0"},"east":{"uv":[10.75,0.75,13.25,1.25],"texture":"#0"},"south":{"uv":[5.25,10.75,6.25,11.25],"texture":"#0"},"west":{"uv":[10.75,1.5,13.25,2],"texture":"#0"},"up":{"uv":[6.5,9.75,5.5,7.25],"texture":"#0"},"down":{"uv":[7.75,8,6.75,10.5],"texture":"#0"}}}],"gui_light":"front","display":{"thirdperson_righthand":{"rotation":[22.5,137,0],"translation":[0,6.25,-3.75],"scale":[0.8,0.8,0.8]},"thirdperson_lefthand":{"rotation":[22.5,137,0],"translation":[0,6.25,-3.75],"scale":[0.8,0.8,0.8]},"firstperson_righthand":{"rotation":[12,-49,10],"translation":[11.75,0,-15]},"firstperson_lefthand":{"rotation":[12,-49,10],"translation":[11.75,0,-15]},"ground":{"translation":[0,3.5,0],"scale":[0.7,0.7,0.7]},"gui":{"rotation":[35,-45,0],"translation":[0,3,0],"scale":[0.7,0.7,0.7]},"head":{"translation":[0,15.5,0],"scale":[1.6,1.6,1.6]},"fixed":{"rotation":[-90,0,0],"translation":[0,0,-16],"scale":[2,2,2]}},"groups":[{"name":"fedora","origin":[3,7,4],"color":0,"children":[{"name":"leaves","origin":[10.78844,14.05094,7.975],"color":0,"children":[0,1,2,3,4,5]},6,7,8,9,10,11,12,13]}],"mcmodels":"e3dbc04be350749cc00694dac55f299d"}