{
	"format_version": "1.21.6",
	"credit": "Pologony Creation Co.,Ltd.",
	"textures": {
		"2": "item/crates/necromancer/animated/animated_2",
		"3": "item/crates/necromancer/animated/animated_7",
		"4": "item/crates/necromancer/fishing_rod",
		"particle": "item/crates/necromancer/animated/animated_7"
	},
	"elements": [
		{
			"from": [7.7535, 0.3125, 6.03173],
			"to": [8.2465, 1.5625, 8.28173],
			"rotation": {"angle": 22.5, "axis": "x", "origin": [8.0035, 0.8125, 7.09423]},
			"faces": {
				"east": {"uv": [7.63636, 1.09091, 8.45455, 1.54545], "texture": "#4"},
				"south": {"uv": [13.45455, 10.54545, 13.63636, 11], "texture": "#4"},
				"west": {"uv": [3.63636, 7.63636, 4.45455, 8.09091], "texture": "#4"},
				"up": {"uv": [9.27273, 12.81818, 9.09091, 12], "texture": "#4"},
				"down": {"uv": [12.18182, 9.45455, 12, 10.27273], "texture": "#4"}
			}
		},
		{
			"from": [7.25, 0.25, 8],
			"to": [8.75, 1.75, 9.5],
			"rotation": {"angle": -45, "axis": "x", "origin": [7.25, 0.25, 8]},
			"faces": {
				"north": {"uv": [9.81818, 2.90909, 10.36364, 3.45455], "texture": "#4"},
				"east": {"uv": [9.81818, 4, 10.36364, 4.54545], "texture": "#4"},
				"south": {"uv": [5.09091, 9.81818, 5.63636, 10.36364], "texture": "#4"},
				"west": {"uv": [9.81818, 5.09091, 10.36364, 5.63636], "texture": "#4"},
				"up": {"uv": [6.72727, 10.36364, 6.18182, 9.81818], "texture": "#4"},
				"down": {"uv": [10.36364, 6.18182, 9.81818, 6.72727], "texture": "#4"}
			}
		},
		{
			"from": [7.75, 2, 7.04289],
			"to": [9.25, 2.5, 8.54289],
			"rotation": {"angle": -45, "axis": "y", "origin": [8, 2, 7.29289]},
			"faces": {
				"north": {"uv": [11.27273, 12.72727, 11.81818, 12.90909], "texture": "#4"},
				"east": {"uv": [12.72727, 11.63636, 13.27273, 11.81818], "texture": "#4"},
				"south": {"uv": [12.36364, 12.72727, 12.90909, 12.90909], "texture": "#4"},
				"west": {"uv": [13.09091, 0, 13.63636, 0.18182], "texture": "#4"},
				"up": {"uv": [7.81818, 10.36364, 7.27273, 9.81818], "texture": "#4"},
				"down": {"uv": [8.90909, 9.81818, 8.36364, 10.36364], "texture": "#4"}
			}
		},
		{
			"from": [7.75, 3, 7.04289],
			"to": [9.25, 3.5, 8.54289],
			"rotation": {"angle": -45, "axis": "y", "origin": [8, 3, 7.29289]},
			"faces": {
				"north": {"uv": [4.36364, 13.09091, 4.90909, 13.27273], "texture": "#4"},
				"east": {"uv": [13.45455, 0.72727, 14, 0.90909], "texture": "#4"},
				"south": {"uv": [13.45455, 1.45455, 14, 1.63636], "texture": "#4"},
				"west": {"uv": [2.18182, 13.45455, 2.72727, 13.63636], "texture": "#4"},
				"up": {"uv": [10, 10.36364, 9.45455, 9.81818], "texture": "#4"},
				"down": {"uv": [0.54545, 10.18182, 0, 10.72727], "texture": "#4"}
			}
		},
		{
			"from": [7.75, 2.5, 7.21967],
			"to": [9, 3, 8.46967],
			"rotation": {"angle": -45, "axis": "y", "origin": [8, 2.5, 7.46967]},
			"faces": {
				"north": {"uv": [11.27273, 13.45455, 11.72727, 13.63636], "texture": "#4"},
				"east": {"uv": [12.36364, 13.45455, 12.81818, 13.63636], "texture": "#4"},
				"south": {"uv": [13.45455, 12.36364, 13.90909, 12.54545], "texture": "#4"},
				"west": {"uv": [13.45455, 13.09091, 13.90909, 13.27273], "texture": "#4"}
			}
		},
		{
			"from": [7.75, 6, 7.04289],
			"to": [9.25, 6.5, 8.54289],
			"rotation": {"angle": -45, "axis": "y", "origin": [8, 13, 7.29289]},
			"faces": {
				"north": {"uv": [3.27273, 13.45455, 3.81818, 13.63636], "texture": "#4"},
				"east": {"uv": [5.45455, 13.45455, 6, 13.63636], "texture": "#4"},
				"south": {"uv": [6.54545, 13.45455, 7.09091, 13.63636], "texture": "#4"},
				"west": {"uv": [13.45455, 6.90909, 14, 7.09091], "texture": "#4"},
				"up": {"uv": [10.72727, 1.27273, 10.18182, 0.72727], "texture": "#4"},
				"down": {"uv": [1.63636, 10.54545, 1.09091, 11.09091], "texture": "#4"}
			}
		},
		{
			"from": [7.75, 6.5, 7.21967],
			"to": [9, 7, 8.46967],
			"rotation": {"angle": -45, "axis": "y", "origin": [8, 13.5, 7.46967]},
			"faces": {
				"north": {"uv": [13.81818, 2.18182, 14.27273, 2.36364], "texture": "#4"},
				"east": {"uv": [13.81818, 2.90909, 14.27273, 3.09091], "texture": "#4"},
				"south": {"uv": [13.81818, 3.63636, 14.27273, 3.81818], "texture": "#4"},
				"west": {"uv": [4.36364, 13.81818, 4.81818, 14], "texture": "#4"}
			}
		},
		{
			"from": [7.75, 7, 7.04289],
			"to": [9.25, 7.5, 8.54289],
			"rotation": {"angle": -45, "axis": "y", "origin": [8, 14, 7.29289]},
			"faces": {
				"north": {"uv": [7.63636, 13.45455, 8.18182, 13.63636], "texture": "#4"},
				"east": {"uv": [13.45455, 7.63636, 14, 7.81818], "texture": "#4"},
				"south": {"uv": [13.45455, 8.36364, 14, 8.54545], "texture": "#4"},
				"west": {"uv": [8.72727, 13.45455, 9.27273, 13.63636], "texture": "#4"},
				"up": {"uv": [2.72727, 11.09091, 2.18182, 10.54545], "texture": "#4"},
				"down": {"uv": [3.81818, 10.54545, 3.27273, 11.09091], "texture": "#4"}
			}
		},
		{
			"from": [8, 3.5, 7.29289],
			"to": [9, 6, 8.29289],
			"rotation": {"angle": -45, "axis": "y", "origin": [8, 3.5, 7.29289]},
			"faces": {
				"north": {"uv": [8, 2.18182, 8.36364, 3.09091], "texture": "#4"},
				"east": {"uv": [8, 5.81818, 8.36364, 6.72727], "texture": "#4"},
				"south": {"uv": [0, 8.36364, 0.36364, 9.27273], "texture": "#4"},
				"west": {"uv": [0.72727, 8.72727, 1.09091, 9.63636], "texture": "#4"}
			}
		},
		{
			"from": [7.625, -0.25, 6.42074],
			"to": [8.375, 2, 7.42074],
			"rotation": {"angle": -22.5, "axis": "x", "origin": [7.625, 0, 6.42074]},
			"faces": {
				"north": {"uv": [11.27273, 9.45455, 11.54545, 10.27273], "texture": "#4"},
				"east": {"uv": [4.36364, 10.54545, 4.72727, 11.36364], "texture": "#4"},
				"south": {"uv": [10.54545, 11.27273, 10.81818, 12.09091], "texture": "#4"},
				"west": {"uv": [10.54545, 9.81818, 10.90909, 10.63636], "texture": "#4"},
				"up": {"uv": [10.09091, 13.45455, 9.81818, 13.09091], "texture": "#4"},
				"down": {"uv": [0.27273, 13.45455, 0, 13.81818], "texture": "#4"}
			}
		},
		{
			"from": [7, 7.5, 6.5],
			"to": [9, 9, 9.5],
			"rotation": {"angle": 0, "axis": "y", "origin": [7, 7.5, 6]},
			"faces": {
				"east": {"uv": [6.18182, 4.36364, 7.27273, 4.90909], "texture": "#4"},
				"west": {"uv": [6.18182, 5.45455, 7.27273, 6], "texture": "#4"},
				"up": {"uv": [4.72727, 6.18182, 4, 5.09091], "texture": "#4"},
				"down": {"uv": [5.81818, 5.09091, 5.09091, 6.18182], "texture": "#4"}
			}
		},
		{
			"from": [6.9975, 8.18934, 6.06066],
			"to": [9.0025, 9.43934, 7.56066],
			"rotation": {"angle": -45, "axis": "x", "origin": [6.9975, 7.93934, 7.56066]},
			"faces": {
				"north": {"uv": [8.72727, 2.18182, 9.45455, 2.63636], "texture": "#4"},
				"east": {"uv": [10.90909, 8.36364, 11.45455, 8.81818], "texture": "#4"},
				"south": {"uv": [8.72727, 3.27273, 9.45455, 3.72727], "texture": "#4"},
				"west": {"uv": [9.45455, 10.90909, 10, 11.36364], "texture": "#4"},
				"up": {"uv": [7.27273, 1.63636, 6.54545, 1.09091], "texture": "#4"},
				"down": {"uv": [4.36364, 6.54545, 3.63636, 7.09091], "texture": "#4"}
			}
		},
		{
			"from": [6.9975, 9.43934, 6.06066],
			"to": [9.0025, 10.68934, 7.31066],
			"rotation": {"angle": -45, "axis": "x", "origin": [6.9975, 7.93934, 7.56066]},
			"faces": {
				"north": {"uv": [3.63636, 8.72727, 4.36364, 9.18182], "texture": "#4"},
				"east": {"uv": [1.09091, 11.63636, 1.54545, 12.09091], "texture": "#4"},
				"south": {"uv": [8.72727, 4.36364, 9.45455, 4.81818], "texture": "#4"},
				"west": {"uv": [2.18182, 11.63636, 2.63636, 12.09091], "texture": "#4"},
				"up": {"uv": [9.45455, 5.90909, 8.72727, 5.45455], "texture": "#4"}
			}
		},
		{
			"from": [7.3725, 10.78033, 8.92678],
			"to": [8.6275, 11.53033, 11.17678],
			"rotation": {"angle": 0, "axis": "y", "origin": [8.125, 11.40533, 10.30178]},
			"faces": {
				"north": {"uv": [12.72727, 9.09091, 13.18182, 9.36364], "texture": "#4"},
				"east": {"uv": [11.27273, 1.81818, 12.09091, 2.09091], "texture": "#4"},
				"south": {"uv": [12.72727, 9.81818, 13.18182, 10.09091], "texture": "#4"},
				"west": {"uv": [11.27273, 10.90909, 12.09091, 11.18182], "texture": "#4"},
				"up": {"uv": [8.09091, 5.18182, 7.63636, 4.36364], "texture": "#4"},
				"down": {"uv": [5.54545, 7.63636, 5.09091, 8.45455], "texture": "#4"}
			}
		},
		{
			"from": [7.495, 9.53033, 9.67678],
			"to": [8.505, 10.78033, 10.92678],
			"rotation": {"angle": 0, "axis": "y", "origin": [7.9975, 10.65533, 10.30178]},
			"faces": {
				"north": {"uv": [4.36364, 12, 4.72727, 12.45455], "texture": "#4"},
				"east": {"uv": [11.63636, 2.54545, 12.09091, 3], "texture": "#4"},
				"south": {"uv": [5.09091, 12, 5.45455, 12.45455], "texture": "#4"},
				"west": {"uv": [3.27273, 11.63636, 3.72727, 12.09091], "texture": "#4"},
				"down": {"uv": [12.36364, 5.81818, 12, 6.27273], "texture": "#4"}
			}
		},
		{
			"from": [7.4975, 9.93934, 8.18934],
			"to": [8.5025, 11.18934, 10.43934],
			"rotation": {"angle": 45, "axis": "x", "origin": [6.9975, 7.93934, 8.43934]},
			"faces": {
				"east": {"uv": [6.18182, 7.63636, 7, 8.09091], "texture": "#4"},
				"south": {"uv": [12, 8.36364, 12.36364, 8.81818], "texture": "#4"},
				"west": {"uv": [7.63636, 7.63636, 8.45455, 8.09091], "texture": "#4"},
				"up": {"uv": [11.27273, 3.72727, 10.90909, 2.90909], "texture": "#4"},
				"down": {"uv": [11.27273, 4.36364, 10.90909, 5.18182], "texture": "#4"}
			}
		},
		{
			"from": [6.9975, 9.43934, 8.68934],
			"to": [9.0025, 10.68934, 9.93934],
			"rotation": {"angle": 45, "axis": "x", "origin": [6.9975, 7.93934, 8.43934]},
			"faces": {
				"north": {"uv": [6.18182, 8.72727, 6.90909, 9.18182], "texture": "#4"},
				"east": {"uv": [11.63636, 3.63636, 12.09091, 4.09091], "texture": "#4"},
				"south": {"uv": [8.72727, 6.54545, 9.45455, 7], "texture": "#4"},
				"west": {"uv": [11.63636, 4.72727, 12.09091, 5.18182], "texture": "#4"},
				"up": {"uv": [8, 9.18182, 7.27273, 8.72727], "texture": "#4"}
			}
		},
		{
			"from": [6.9975, 8.18934, 8.43934],
			"to": [9.0025, 9.43934, 9.93934],
			"rotation": {"angle": 45, "axis": "x", "origin": [6.9975, 7.93934, 8.43934]},
			"faces": {
				"north": {"uv": [8.36364, 8.72727, 9.09091, 9.18182], "texture": "#4"},
				"east": {"uv": [0, 11.27273, 0.54545, 11.72727], "texture": "#4"},
				"south": {"uv": [9.09091, 1.09091, 9.81818, 1.54545], "texture": "#4"},
				"west": {"uv": [11.27273, 0.72727, 11.81818, 1.18182], "texture": "#4"},
				"up": {"uv": [5.45455, 7.09091, 4.72727, 6.54545], "texture": "#4"},
				"down": {"uv": [6.54545, 6.54545, 5.81818, 7.09091], "texture": "#4"}
			}
		},
		{
			"from": [7.875, 13.81537, 9.41115],
			"to": [8.125, 15.56537, 10.16115],
			"rotation": {"angle": -45, "axis": "x", "origin": [7.625, 13.81537, 9.91115]},
			"faces": {
				"north": {"uv": [2.18182, 14.18182, 2.27273, 14.81818], "texture": "#4"},
				"east": {"uv": [8.36364, 11.63636, 8.63636, 12.27273], "texture": "#4"},
				"south": {"uv": [2.90909, 14.18182, 3, 14.81818], "texture": "#4"},
				"west": {"uv": [11.27273, 11.63636, 11.54545, 12.27273], "texture": "#4"},
				"down": {"uv": [14.63636, 8, 14.54545, 8.27273], "texture": "#4"}
			}
		},
		{
			"from": [7.8755, 12.41714, 9.28792],
			"to": [8.1245, 13.99214, 10.08792],
			"rotation": {"angle": 0, "axis": "y", "origin": [7.6255, 12.49214, 9.83792]},
			"faces": {
				"north": {"uv": [3.63636, 14.18182, 3.72727, 14.72727], "texture": "#4"},
				"east": {"uv": [9.81818, 12, 10.09091, 12.54545], "texture": "#4"},
				"south": {"uv": [5.45455, 14.18182, 5.54545, 14.72727], "texture": "#4"},
				"west": {"uv": [12, 11.63636, 12.27273, 12.18182], "texture": "#4"}
			}
		},
		{
			"from": [7.875, 11.78504, 10.25214],
			"to": [8.125, 13.28504, 11.00214],
			"rotation": {"angle": -45, "axis": "x", "origin": [7.625, 11.78504, 10.75214]},
			"faces": {
				"north": {"uv": [6.18182, 14.18182, 6.27273, 14.72727], "texture": "#4"},
				"east": {"uv": [0, 12.36364, 0.27273, 12.90909], "texture": "#4"},
				"south": {"uv": [6.90909, 14.18182, 7, 14.72727], "texture": "#4"},
				"west": {"uv": [12.36364, 0, 12.63636, 0.54545], "texture": "#4"},
				"up": {"uv": [14.63636, 9, 14.54545, 8.72727], "texture": "#4"},
				"down": {"uv": [14.63636, 9.45455, 14.54545, 9.72727], "texture": "#4"}
			}
		},
		{
			"from": [7.875, 12.31537, 8.32536],
			"to": [8.125, 13.31537, 9.82536],
			"rotation": {"angle": -45, "axis": "x", "origin": [7.625, 12.31537, 10.57536]},
			"faces": {
				"north": {"uv": [14.54545, 4.36364, 14.63636, 4.72727], "texture": "#4"},
				"east": {"uv": [6.18182, 11.63636, 6.72727, 12], "texture": "#4"},
				"west": {"uv": [11.63636, 6.90909, 12.18182, 7.27273], "texture": "#4"},
				"up": {"uv": [7.72727, 14.72727, 7.63636, 14.18182], "texture": "#4"},
				"down": {"uv": [8.45455, 14.18182, 8.36364, 14.72727], "texture": "#4"}
			}
		},
		{
			"from": [7.8755, 11.43148, 9.64858],
			"to": [8.1245, 12.18148, 10.39858],
			"rotation": {"angle": 0, "axis": "y", "origin": [8.0005, 11.80648, 9.64858]},
			"faces": {
				"east": {"uv": [13.81818, 4.36364, 14.09091, 4.63636], "texture": "#4"},
				"west": {"uv": [13.81818, 5.09091, 14.09091, 5.36364], "texture": "#4"},
				"down": {"uv": [9.90909, 14.54545, 9.81818, 14.81818], "texture": "#4"}
			}
		},
		{
			"from": [7.875, -3.51537, 6.31385],
			"to": [8.125, -2.26537, 7.06385],
			"rotation": {"angle": -45, "axis": "x", "origin": [7.625, -2.26537, 6.56385]},
			"faces": {
				"north": {"uv": [14.54545, 0.72727, 14.63636, 1.18182], "texture": "#4"},
				"east": {"uv": [10.54545, 12.72727, 10.81818, 13.18182], "texture": "#4"},
				"south": {"uv": [4.36364, 14.54545, 4.45455, 15], "texture": "#4"},
				"west": {"uv": [12.72727, 10.54545, 13, 11], "texture": "#4"},
				"up": {"uv": [10.63636, 14.81818, 10.54545, 14.54545], "texture": "#4"},
				"down": {"uv": [14.63636, 11.63636, 14.54545, 11.90909], "texture": "#4"}
			}
		},
		{
			"from": [7.875, -2.86892, 7.62451],
			"to": [8.125, -2.11892, 7.87451],
			"rotation": {"angle": -45, "axis": "x", "origin": [7.625, -2.61892, 7.62451]},
			"faces": {
				"east": {"uv": [14.54545, 12.36364, 14.63636, 12.63636], "texture": "#4"},
				"south": {"uv": [14.54545, 13.09091, 14.63636, 13.36364], "texture": "#4"},
				"west": {"uv": [13.45455, 14.54545, 13.54545, 14.81818], "texture": "#4"},
				"up": {"uv": [1.54545, 15, 1.45455, 14.90909], "texture": "#4"},
				"down": {"uv": [15, 1.81818, 14.90909, 1.90909], "texture": "#4"}
			}
		},
		{
			"from": [7.8755, -2.44214, 6.38708],
			"to": [8.1245, -0.94214, 7.13708],
			"rotation": {"angle": 0, "axis": "y", "origin": [7.6255, -0.94214, 6.63708]},
			"faces": {
				"north": {"uv": [9.09091, 14.18182, 9.18182, 14.72727], "texture": "#4"},
				"east": {"uv": [5.81818, 12.36364, 6.09091, 12.90909], "texture": "#4"},
				"south": {"uv": [14.18182, 10.54545, 14.27273, 11.09091], "texture": "#4"},
				"west": {"uv": [6.54545, 12.36364, 6.81818, 12.90909], "texture": "#4"}
			}
		},
		{
			"from": [7.875, -1.73504, 5.47286],
			"to": [8.125, -0.23504, 6.22286],
			"rotation": {"angle": -45, "axis": "x", "origin": [7.625, -0.23504, 5.72286]},
			"faces": {
				"north": {"uv": [11.27273, 14.18182, 11.36364, 14.72727], "texture": "#4"},
				"east": {"uv": [7.27273, 12.36364, 7.54545, 12.90909], "texture": "#4"},
				"south": {"uv": [12, 14.18182, 12.09091, 14.72727], "texture": "#4"},
				"west": {"uv": [0.72727, 12.72727, 1, 13.27273], "texture": "#4"},
				"up": {"uv": [0.09091, 15.18182, 0, 14.90909], "texture": "#4"},
				"down": {"uv": [15, 0, 14.90909, 0.27273], "texture": "#4"}
			}
		},
		{
			"from": [7.875, -1.76537, 6.64964],
			"to": [8.125, -0.76537, 8.14964],
			"rotation": {"angle": -45, "axis": "x", "origin": [7.625, -0.76537, 5.89964]},
			"faces": {
				"east": {"uv": [7.27273, 11.63636, 7.81818, 12], "texture": "#4"},
				"west": {"uv": [11.63636, 7.63636, 12.18182, 8], "texture": "#4"},
				"up": {"uv": [12.81818, 14.72727, 12.72727, 14.18182], "texture": "#4"},
				"down": {"uv": [14.27273, 13.81818, 14.18182, 14.36364], "texture": "#4"}
			}
		},
		{
			"from": [7.8755, -0.63148, 6.07642],
			"to": [8.1245, 0.11852, 6.82642],
			"rotation": {"angle": 0, "axis": "y", "origin": [8.0005, -0.25648, 6.82642]},
			"faces": {
				"east": {"uv": [13.81818, 5.81818, 14.09091, 6.09091], "texture": "#4"},
				"west": {"uv": [13.81818, 9.09091, 14.09091, 9.36364], "texture": "#4"},
				"up": {"uv": [0.81818, 15.18182, 0.72727, 14.90909], "texture": "#4"}
			}
		},
		{
			"from": [7.75, 0.3125, 7.71827],
			"to": [8.25, 1.5625, 9.96827],
			"rotation": {"angle": -22.5, "axis": "x", "origin": [8, 0.8125, 8.90577]},
			"faces": {
				"north": {"uv": [0.72727, 13.81818, 0.90909, 14.27273], "texture": "#4"},
				"east": {"uv": [8, 0, 8.81818, 0.45455], "texture": "#4"},
				"west": {"uv": [2.18182, 8, 3, 8.45455], "texture": "#4"},
				"up": {"uv": [12.90909, 1.90909, 12.72727, 1.09091], "texture": "#4"},
				"down": {"uv": [1.63636, 12.72727, 1.45455, 13.54545], "texture": "#4"}
			}
		},
		{
			"from": [7.985, -6, 6],
			"to": [8.015, 1, 10],
			"rotation": {"angle": 0, "axis": "y", "origin": [6.985, 0, 6]},
			"faces": {
				"east": {"uv": [2.90909, 0, 1.45455, 2.54545], "texture": "#4"},
				"west": {"uv": [1.45455, 0, 2.90909, 2.54545], "texture": "#4"}
			}
		},
		{
			"from": [7.985, 0.26903, 4.01641],
			"to": [8.015, 1.51903, 6.51641],
			"rotation": {"angle": 0, "axis": "y", "origin": [7.985, -0.23097, 3.51641]},
			"faces": {
				"east": {"uv": [7.45455, 0, 6.54545, 0.45455], "texture": "#4"},
				"west": {"uv": [6.54545, 0, 7.45455, 0.45455], "texture": "#4"}
			}
		},
		{
			"from": [7.625, -0.25, 8.57926],
			"to": [8.375, 2, 9.57926],
			"rotation": {"angle": 22.5, "axis": "x", "origin": [7.625, 0, 9.57926]},
			"faces": {
				"north": {"uv": [10.81818, 11.27273, 10.54545, 12.09091], "texture": "#4"},
				"east": {"uv": [4.72727, 10.54545, 4.36364, 11.36364], "texture": "#4"},
				"south": {"uv": [11.54545, 9.45455, 11.27273, 10.27273], "texture": "#4"},
				"west": {"uv": [10.90909, 9.81818, 10.54545, 10.63636], "texture": "#4"},
				"up": {"uv": [10.09091, 13.09091, 9.81818, 13.45455], "texture": "#4"},
				"down": {"uv": [0.27273, 13.81818, 0, 13.45455], "texture": "#4"}
			}
		},
		{
			"from": [7.985, 0.26903, 9.48359],
			"to": [8.015, 1.51903, 11.98359],
			"rotation": {"angle": 0, "axis": "y", "origin": [7.985, -0.23097, 12.48359]},
			"faces": {
				"east": {"uv": [6.54545, 0, 7.45455, 0.45455], "texture": "#4"},
				"west": {"uv": [7.45455, 0, 6.54545, 0.45455], "texture": "#4"}
			}
		},
		{
			"from": [7.875, -1.76537, 7.85036],
			"to": [8.125, -0.76537, 9.35036],
			"rotation": {"angle": 45, "axis": "x", "origin": [7.625, -0.76537, 10.10036]},
			"faces": {
				"east": {"uv": [7.81818, 11.63636, 7.27273, 12], "texture": "#4"},
				"west": {"uv": [12.18182, 7.63636, 11.63636, 8], "texture": "#4"},
				"up": {"uv": [12.81818, 14.18182, 12.72727, 14.72727], "texture": "#4"},
				"down": {"uv": [14.27273, 14.36364, 14.18182, 13.81818], "texture": "#4"}
			}
		},
		{
			"from": [7.8755, -0.63148, 9.17358],
			"to": [8.1245, 0.11852, 9.92358],
			"rotation": {"angle": 0, "axis": "y", "origin": [8.0005, -0.25648, 9.17358]},
			"faces": {
				"east": {"uv": [14.09091, 5.81818, 13.81818, 6.09091], "texture": "#4"},
				"west": {"uv": [14.09091, 9.09091, 13.81818, 9.36364], "texture": "#4"},
				"up": {"uv": [0.81818, 14.90909, 0.72727, 15.18182], "texture": "#4"}
			}
		},
		{
			"from": [7.875, -1.73504, 9.77714],
			"to": [8.125, -0.23504, 10.52714],
			"rotation": {"angle": 45, "axis": "x", "origin": [7.625, -0.23504, 10.27714]},
			"faces": {
				"north": {"uv": [12.09091, 14.18182, 12, 14.72727], "texture": "#4"},
				"east": {"uv": [7.54545, 12.36364, 7.27273, 12.90909], "texture": "#4"},
				"south": {"uv": [11.36364, 14.18182, 11.27273, 14.72727], "texture": "#4"},
				"west": {"uv": [1, 12.72727, 0.72727, 13.27273], "texture": "#4"},
				"up": {"uv": [0.09091, 14.90909, 0, 15.18182], "texture": "#4"},
				"down": {"uv": [15, 0.27273, 14.90909, 0], "texture": "#4"}
			}
		},
		{
			"from": [7.8755, -2.44214, 8.86292],
			"to": [8.1245, -0.94214, 9.61292],
			"rotation": {"angle": 0, "axis": "y", "origin": [7.6255, -0.94214, 9.36292]},
			"faces": {
				"north": {"uv": [14.27273, 10.54545, 14.18182, 11.09091], "texture": "#4"},
				"east": {"uv": [6.09091, 12.36364, 5.81818, 12.90909], "texture": "#4"},
				"south": {"uv": [9.18182, 14.18182, 9.09091, 14.72727], "texture": "#4"},
				"west": {"uv": [6.81818, 12.36364, 6.54545, 12.90909], "texture": "#4"}
			}
		},
		{
			"from": [7.875, -2.86892, 8.12549],
			"to": [8.125, -2.11892, 8.37549],
			"rotation": {"angle": 45, "axis": "x", "origin": [7.625, -2.61892, 8.37549]},
			"faces": {
				"north": {"uv": [14.63636, 13.09091, 14.54545, 13.36364], "texture": "#4"},
				"east": {"uv": [14.63636, 12.36364, 14.54545, 12.63636], "texture": "#4"},
				"west": {"uv": [13.54545, 14.54545, 13.45455, 14.81818], "texture": "#4"},
				"up": {"uv": [1.54545, 14.90909, 1.45455, 15], "texture": "#4"},
				"down": {"uv": [15, 1.90909, 14.90909, 1.81818], "texture": "#4"}
			}
		},
		{
			"from": [7.875, -3.51537, 8.93615],
			"to": [8.125, -2.26537, 9.68615],
			"rotation": {"angle": 45, "axis": "x", "origin": [7.625, -2.26537, 9.43615]},
			"faces": {
				"north": {"uv": [4.45455, 14.54545, 4.36364, 15], "texture": "#4"},
				"east": {"uv": [10.81818, 12.72727, 10.54545, 13.18182], "texture": "#4"},
				"south": {"uv": [14.63636, 0.72727, 14.54545, 1.18182], "texture": "#4"},
				"west": {"uv": [13, 10.54545, 12.72727, 11], "texture": "#4"},
				"up": {"uv": [10.63636, 14.54545, 10.54545, 14.81818], "texture": "#4"},
				"down": {"uv": [14.63636, 11.90909, 14.54545, 11.63636], "texture": "#4"}
			}
		},
		{
			"from": [7.985, 8.53033, 10.92678],
			"to": [8.015, 10.78033, 14.92678],
			"rotation": {"angle": 0, "axis": "y", "origin": [7.985, 0.03033, 16.17678]},
			"faces": {
				"east": {"uv": [2.90909, 2.90909, 1.45455, 3.72727], "texture": "#4"},
				"west": {"uv": [1.45455, 2.90909, 2.90909, 3.72727], "texture": "#4"}
			}
		},
		{
			"from": [6.75, -6, 5.73984],
			"to": [6.78, -1, 8.23984],
			"rotation": {"angle": 22.5, "axis": "y", "origin": [6.75, -6, 5.23984]},
			"faces": {
				"east": {"uv": [5, 0, 0, 10], "texture": "#2"},
				"west": {"uv": [0, 0, 5, 10], "texture": "#2"}
			}
		},
		{
			"from": [6.75, -6, 7.76016],
			"to": [6.78, -1, 10.26016],
			"rotation": {"angle": -22.5, "axis": "y", "origin": [6.75, -6, 10.76016]},
			"faces": {
				"east": {"uv": [0, 0, 5, 10], "texture": "#2"},
				"west": {"uv": [5, 0, 0, 10], "texture": "#2"}
			}
		},
		{
			"from": [9.22, -6, 7.76016],
			"to": [9.25, -1, 10.26016],
			"rotation": {"angle": 22.5, "axis": "y", "origin": [9.25, -6, 10.76016]},
			"faces": {
				"east": {"uv": [0, 0, 5, 10], "texture": "#2"},
				"west": {"uv": [5, 0, 0, 10], "texture": "#2"}
			}
		},
		{
			"from": [9.22, -6, 5.73984],
			"to": [9.25, -1, 8.23984],
			"rotation": {"angle": -22.5, "axis": "y", "origin": [9.25, -6, 5.23984]},
			"faces": {
				"east": {"uv": [5, 0, 0, 10], "texture": "#2"},
				"west": {"uv": [0, 0, 5, 10], "texture": "#2"}
			}
		},
		{
			"from": [7, 20.54289, 7.75],
			"to": [9, 22.04289, 9.25],
			"rotation": {"angle": -45, "axis": "x", "origin": [7.25, 20.79289, 8]},
			"faces": {
				"north": {"uv": [6.90909, 2.18182, 7.63636, 2.72727], "texture": "#4"},
				"east": {"uv": [10.54545, 7.27273, 11.09091, 7.81818], "texture": "#4"},
				"south": {"uv": [6.90909, 3.27273, 7.63636, 3.81818], "texture": "#4"},
				"west": {"uv": [5.09091, 10.90909, 5.63636, 11.45455], "texture": "#4"},
				"up": {"uv": [7.63636, 7.09091, 6.90909, 6.54545], "texture": "#4"},
				"down": {"uv": [1.81818, 7.63636, 1.09091, 8.18182], "texture": "#4"}
			}
		},
		{
			"from": [7.75, 9, 6.33579],
			"to": [10.25, 10, 8.83579],
			"rotation": {"angle": -45, "axis": "y", "origin": [8, 9, 6.58579]},
			"faces": {
				"north": {"uv": [1.45455, 9.09091, 2.36364, 9.45455], "texture": "#4"},
				"east": {"uv": [4.72727, 9.09091, 5.63636, 9.45455], "texture": "#4"},
				"south": {"uv": [9.09091, 7.63636, 10, 8], "texture": "#4"},
				"west": {"uv": [9.45455, 0, 10.36364, 0.36364], "texture": "#4"},
				"up": {"uv": [5.27273, 3.09091, 4.36364, 2.18182], "texture": "#4"},
				"down": {"uv": [3.45455, 4.36364, 2.54545, 5.27273], "texture": "#4"}
			}
		},
		{
			"from": [7.75, 11, 6.33579],
			"to": [10.25, 12, 8.83579],
			"rotation": {"angle": -45, "axis": "y", "origin": [8, 11, 6.58579]},
			"faces": {
				"north": {"uv": [9.45455, 8.36364, 10.36364, 8.72727], "texture": "#4"},
				"east": {"uv": [9.45455, 9.09091, 10.36364, 9.45455], "texture": "#4"},
				"south": {"uv": [1.45455, 9.81818, 2.36364, 10.18182], "texture": "#4"},
				"west": {"uv": [9.81818, 2.18182, 10.72727, 2.54545], "texture": "#4"},
				"up": {"uv": [5.27273, 4.54545, 4.36364, 3.63636], "texture": "#4"},
				"down": {"uv": [0.90909, 4.72727, 0, 5.63636], "texture": "#4"}
			}
		},
		{
			"from": [8, 10, 6.58579],
			"to": [10, 11, 8.58579],
			"rotation": {"angle": -45, "axis": "y", "origin": [8, 10, 6.58579]},
			"faces": {
				"north": {"uv": [10.90909, 0, 11.63636, 0.36364], "texture": "#4"},
				"east": {"uv": [6.18182, 10.90909, 6.90909, 11.27273], "texture": "#4"},
				"south": {"uv": [7.27273, 10.90909, 8, 11.27273], "texture": "#4"},
				"west": {"uv": [8.36364, 10.90909, 9.09091, 11.27273], "texture": "#4"}
			}
		},
		{
			"from": [8.25, 12, 6.65901],
			"to": [10, 17, 8.40901],
			"rotation": {"angle": -45, "axis": "y", "origin": [8, 12, 6.40901]},
			"faces": {
				"north": {"uv": [3.27273, 0, 3.90909, 1.81818], "texture": "#4"},
				"east": {"uv": [3.27273, 2.18182, 3.90909, 4], "texture": "#4"},
				"south": {"uv": [4.36364, 0, 5, 1.81818], "texture": "#4"},
				"west": {"uv": [1.45455, 4.36364, 2.09091, 6.18182], "texture": "#4"},
				"up": {"uv": [1.72727, 7.18182, 1.09091, 6.54545], "texture": "#4"}
			}
		},
		{
			"from": [8.42678, 17, 7.08579],
			"to": [9.67678, 21.5, 8.33579],
			"rotation": {"angle": -45, "axis": "y", "origin": [8.17678, 17, 6.58579]},
			"faces": {
				"north": {"uv": [5.45455, 0, 5.90909, 1.63636], "texture": "#4"},
				"east": {"uv": [5.81818, 2.18182, 6.27273, 3.81818], "texture": "#4"},
				"south": {"uv": [2.54545, 5.81818, 3, 7.45455], "texture": "#4"},
				"west": {"uv": [0, 6.18182, 0.45455, 7.81818], "texture": "#4"}
			}
		},
		{
			"from": [7, 12, 6.75],
			"to": [9, 12.5, 7.25],
			"rotation": {"angle": -45, "axis": "y", "origin": [8, 12.25, 6.25]},
			"faces": {
				"north": {"uv": [2.18182, 12.72727, 2.90909, 12.90909], "texture": "#4"},
				"east": {"uv": [14.54545, 5.09091, 14.72727, 5.27273], "texture": "#4"},
				"south": {"uv": [12.72727, 2.54545, 13.45455, 2.72727], "texture": "#4"},
				"west": {"uv": [14.54545, 5.81818, 14.72727, 6], "texture": "#4"},
				"up": {"uv": [4, 12.90909, 3.27273, 12.72727], "texture": "#4"},
				"down": {"uv": [13.45455, 3.27273, 12.72727, 3.45455], "texture": "#4"}
			}
		},
		{
			"from": [7, 12, 5.25],
			"to": [9, 12.5, 5.75],
			"rotation": {"angle": -45, "axis": "y", "origin": [8, 12.25, 6.25]},
			"faces": {
				"north": {"uv": [12.72727, 4, 13.45455, 4.18182], "texture": "#4"},
				"east": {"uv": [14.54545, 6.54545, 14.72727, 6.72727], "texture": "#4"},
				"south": {"uv": [12.72727, 4.72727, 13.45455, 4.90909], "texture": "#4"},
				"west": {"uv": [14.54545, 7.27273, 14.72727, 7.45455], "texture": "#4"},
				"up": {"uv": [13.45455, 5.63636, 12.72727, 5.45455], "texture": "#4"},
				"down": {"uv": [13.45455, 6.18182, 12.72727, 6.36364], "texture": "#4"}
			}
		},
		{
			"from": [8.5, 12, 5.75],
			"to": [9, 12.5, 6.75],
			"rotation": {"angle": -45, "axis": "y", "origin": [8, 12.25, 6.25]},
			"faces": {
				"east": {"uv": [9.81818, 13.81818, 10.18182, 14], "texture": "#4"},
				"west": {"uv": [13.81818, 9.81818, 14.18182, 10], "texture": "#4"},
				"up": {"uv": [10.72727, 14.18182, 10.54545, 13.81818], "texture": "#4"},
				"down": {"uv": [14, 11.63636, 13.81818, 12], "texture": "#4"}
			}
		},
		{
			"from": [7, 12, 5.75],
			"to": [7.5, 12.5, 6.75],
			"rotation": {"angle": -45, "axis": "y", "origin": [8, 12.25, 6.25]},
			"faces": {
				"east": {"uv": [13.45455, 13.81818, 13.81818, 14], "texture": "#4"},
				"west": {"uv": [0, 14.18182, 0.36364, 14.36364], "texture": "#4"},
				"up": {"uv": [14.36364, 0.36364, 14.18182, 0], "texture": "#4"},
				"down": {"uv": [1.63636, 14.18182, 1.45455, 14.54545], "texture": "#4"}
			}
		},
		{
			"from": [7, 16, 6.75],
			"to": [9, 16.5, 7.25],
			"rotation": {"angle": -45, "axis": "y", "origin": [8, 16.25, 6.25]},
			"faces": {
				"north": {"uv": [2.18182, 12.72727, 2.90909, 12.90909], "texture": "#4"},
				"east": {"uv": [14.54545, 5.09091, 14.72727, 5.27273], "texture": "#4"},
				"south": {"uv": [12.72727, 2.54545, 13.45455, 2.72727], "texture": "#4"},
				"west": {"uv": [14.54545, 5.81818, 14.72727, 6], "texture": "#4"},
				"up": {"uv": [4, 12.90909, 3.27273, 12.72727], "texture": "#4"},
				"down": {"uv": [13.45455, 3.27273, 12.72727, 3.45455], "texture": "#4"}
			}
		},
		{
			"from": [7, 16, 5.75],
			"to": [7.5, 16.5, 6.75],
			"rotation": {"angle": -45, "axis": "y", "origin": [8, 16.25, 6.25]},
			"faces": {
				"east": {"uv": [13.45455, 13.81818, 13.81818, 14], "texture": "#4"},
				"west": {"uv": [0, 14.18182, 0.36364, 14.36364], "texture": "#4"},
				"up": {"uv": [14.36364, 0.36364, 14.18182, 0], "texture": "#4"},
				"down": {"uv": [1.63636, 14.18182, 1.45455, 14.54545], "texture": "#4"}
			}
		},
		{
			"from": [7, 16, 5.25],
			"to": [9, 16.5, 5.75],
			"rotation": {"angle": -45, "axis": "y", "origin": [8, 16.25, 6.25]},
			"faces": {
				"north": {"uv": [12.72727, 4, 13.45455, 4.18182], "texture": "#4"},
				"east": {"uv": [14.54545, 6.54545, 14.72727, 6.72727], "texture": "#4"},
				"south": {"uv": [12.72727, 4.72727, 13.45455, 4.90909], "texture": "#4"},
				"west": {"uv": [14.54545, 7.27273, 14.72727, 7.45455], "texture": "#4"},
				"up": {"uv": [13.45455, 5.63636, 12.72727, 5.45455], "texture": "#4"},
				"down": {"uv": [13.45455, 6.18182, 12.72727, 6.36364], "texture": "#4"}
			}
		},
		{
			"from": [8.5, 16, 5.75],
			"to": [9, 16.5, 6.75],
			"rotation": {"angle": -45, "axis": "y", "origin": [8, 16.25, 6.25]},
			"faces": {
				"east": {"uv": [9.81818, 13.81818, 10.18182, 14], "texture": "#4"},
				"west": {"uv": [13.81818, 9.81818, 14.18182, 10], "texture": "#4"},
				"up": {"uv": [10.72727, 14.18182, 10.54545, 13.81818], "texture": "#4"},
				"down": {"uv": [14, 11.63636, 13.81818, 12], "texture": "#4"}
			}
		},
		{
			"from": [7, 20, 6.75],
			"to": [9, 20.5, 7.25],
			"rotation": {"angle": -45, "axis": "y", "origin": [8, 20.25, 6.25]},
			"faces": {
				"north": {"uv": [2.18182, 12.72727, 2.90909, 12.90909], "texture": "#4"},
				"east": {"uv": [14.54545, 5.09091, 14.72727, 5.27273], "texture": "#4"},
				"south": {"uv": [12.72727, 2.54545, 13.45455, 2.72727], "texture": "#4"},
				"west": {"uv": [14.54545, 5.81818, 14.72727, 6], "texture": "#4"},
				"up": {"uv": [4, 12.90909, 3.27273, 12.72727], "texture": "#4"},
				"down": {"uv": [13.45455, 3.27273, 12.72727, 3.45455], "texture": "#4"}
			}
		},
		{
			"from": [7, 20, 5.75],
			"to": [7.5, 20.5, 6.75],
			"rotation": {"angle": -45, "axis": "y", "origin": [8, 20.25, 6.25]},
			"faces": {
				"east": {"uv": [13.45455, 13.81818, 13.81818, 14], "texture": "#4"},
				"west": {"uv": [0, 14.18182, 0.36364, 14.36364], "texture": "#4"},
				"up": {"uv": [14.36364, 0.36364, 14.18182, 0], "texture": "#4"},
				"down": {"uv": [1.63636, 14.18182, 1.45455, 14.54545], "texture": "#4"}
			}
		},
		{
			"from": [7, 20, 5.25],
			"to": [9, 20.5, 5.75],
			"rotation": {"angle": -45, "axis": "y", "origin": [8, 20.25, 6.25]},
			"faces": {
				"north": {"uv": [12.72727, 4, 13.45455, 4.18182], "texture": "#4"},
				"east": {"uv": [14.54545, 6.54545, 14.72727, 6.72727], "texture": "#4"},
				"south": {"uv": [12.72727, 4.72727, 13.45455, 4.90909], "texture": "#4"},
				"west": {"uv": [14.54545, 7.27273, 14.72727, 7.45455], "texture": "#4"},
				"up": {"uv": [13.45455, 5.63636, 12.72727, 5.45455], "texture": "#4"},
				"down": {"uv": [13.45455, 6.18182, 12.72727, 6.36364], "texture": "#4"}
			}
		},
		{
			"from": [8.5, 20, 5.75],
			"to": [9, 20.5, 6.75],
			"rotation": {"angle": -45, "axis": "y", "origin": [8, 20.25, 6.25]},
			"faces": {
				"east": {"uv": [9.81818, 13.81818, 10.18182, 14], "texture": "#4"},
				"west": {"uv": [13.81818, 9.81818, 14.18182, 10], "texture": "#4"},
				"up": {"uv": [10.72727, 14.18182, 10.54545, 13.81818], "texture": "#4"},
				"down": {"uv": [14, 11.63636, 13.81818, 12], "texture": "#4"}
			}
		},
		{
			"from": [7.985, 9, 4],
			"to": [8.015, 21, 7],
			"rotation": {"angle": 0, "axis": "y", "origin": [7.985, 8, 4]},
			"faces": {
				"east": {"uv": [1.09091, 0, 0, 4.36364], "texture": "#4"},
				"west": {"uv": [0, 0, 1.09091, 4.36364], "texture": "#4"}
			}
		},
		{
			"from": [7.99, 19.46989, -0.36621],
			"to": [8.01, 20.01989, 4.63379],
			"rotation": {"angle": -45, "axis": "x", "origin": [7.99, 19.74489, 3.13379]},
			"faces": {
				"east": {"uv": [4.72727, 9.81818, 2.90909, 10], "texture": "#4"},
				"west": {"uv": [2.90909, 9.81818, 4.72727, 10], "texture": "#4"}
			}
		},
		{
			"from": [7.985, 14.27097, -0.62769],
			"to": [8.015, 16.02097, 0.62231],
			"rotation": {"angle": 45, "axis": "x", "origin": [7.985, 15.77097, 0.74731]},
			"faces": {
				"east": {"uv": [11.36364, 5.81818, 10.90909, 6.45455], "texture": "#4"},
				"west": {"uv": [10.90909, 5.81818, 11.36364, 6.45455], "texture": "#4"}
			}
		},
		{
			"from": [7.5, 16.5968, -0.01786],
			"to": [8.5, 17.5968, 0.98214],
			"rotation": {"angle": -45, "axis": "x", "origin": [8, 17.0968, 0.48214]},
			"faces": {
				"north": {"uv": [13.09091, 8.36364, 12.72727, 8.72727], "rotation": 180, "texture": "#4"},
				"east": {"uv": [2.90909, 9.09091, 3.27273, 9.45455], "rotation": 270, "texture": "#4"},
				"south": {"uv": [8.36364, 13.09091, 8, 12.72727], "texture": "#4"},
				"west": {"uv": [12.72727, 7.63636, 13.09091, 8], "rotation": 90, "texture": "#4"},
				"up": {"uv": [8, 3.63636, 8.36364, 4], "rotation": 180, "texture": "#4"},
				"down": {"uv": [12.72727, 6.90909, 13.09091, 7.27273], "texture": "#4"}
			}
		},
		{
			"from": [7.85355, 9, 6.87868],
			"to": [7.88355, 22, 8.87868],
			"rotation": {"angle": -45, "axis": "y", "origin": [7.85355, 9, 5.87868]},
			"faces": {
				"east": {"uv": [2, 0, 0, 13], "texture": "#3"},
				"west": {"uv": [0, 0, 2, 13], "texture": "#3"}
			}
		},
		{
			"from": [7.85355, 9, 7.12132],
			"to": [7.88355, 22, 9.12132],
			"rotation": {"angle": 45, "axis": "y", "origin": [7.85355, 9, 10.12132]},
			"faces": {
				"east": {"uv": [4, 0, 2, 13], "texture": "#3"},
				"west": {"uv": [2, 0, 4, 13], "texture": "#3"}
			}
		},
		{
			"from": [8.11645, 9, 6.87868],
			"to": [8.14645, 22, 8.87868],
			"rotation": {"angle": 45, "axis": "y", "origin": [8.14645, 9, 5.87868]},
			"faces": {
				"east": {"uv": [2, 0, 4, 13], "texture": "#3"},
				"west": {"uv": [4, 0, 2, 13], "texture": "#3"}
			}
		},
		{
			"from": [8.11645, 9, 7.12132],
			"to": [8.14645, 22, 9.12132],
			"rotation": {"angle": -45, "axis": "y", "origin": [8.14645, 9, 10.12132]},
			"faces": {
				"east": {"uv": [0, 0, 2, 13], "texture": "#3"},
				"west": {"uv": [2, 0, 0, 13], "texture": "#3"}
			}
		}
	],
	"gui_light": "front",
	"display": {
		"thirdperson_righthand": {
			"translation": [0, 1.25, 1],
			"scale": [2, 2, 2]
		},
		"thirdperson_lefthand": {
			"translation": [0, 1.25, 1],
			"scale": [2, 2, 2]
		},
		"firstperson_righthand": {
			"rotation": [5, 0, 0],
			"translation": [2.75, 1.5, 0],
			"scale": [2, 2, 2]
		},
		"firstperson_lefthand": {
			"rotation": [5, 0, 0],
			"translation": [2.75, 1.5, 0],
			"scale": [2, 2, 2]
		},
		"ground": {
			"rotation": [-45, 0, 0],
			"translation": [0, 5, 0],
			"scale": [2, 2, 2]
		},
		"gui": {
			"rotation": [-90, 45, 90],
			"translation": [0.75, 0, 0],
			"scale": [2, 2, 2]
		},
		"head": {
			"rotation": [0, -90, 0],
			"scale": [2, 2, 2]
		},
		"fixed": {
			"rotation": [0, -90, 0],
			"translation": [0, 0, -1.75],
			"scale": [4, 4, 4]
		}
	},
	"groups": [
		{
			"name": "fishing_rod",
			"origin": [7.985, 0.03033, 16.17678],
			"color": 0,
			"children": [
				0,
				1,
				2,
				3,
				4,
				5,
				6,
				7,
				8,
				9,
				10,
				11,
				12,
				13,
				14,
				15,
				16,
				17,
				18,
				19,
				20,
				21,
				22,
				23,
				24,
				25,
				26,
				27,
				28,
				29,
				30,
				31,
				32,
				33,
				34,
				35,
				36,
				37,
				38,
				39,
				40,
				41,
				42,
				43,
				44,
				45,
				46,
				47,
				48,
				49,
				50,
				51,
				52,
				53,
				54,
				55,
				56,
				57,
				58,
				59,
				60,
				61,
				62,
				63,
				64,
				65,
				66,
				67,
				68,
				69,
				70
			]
		}
	],
	"mcmodels": "8af83585e56d31a6f12bcd24bcfde830"
}