{"credit":"Pologony Creation Co.,Ltd.","texture_size":[12,12],"textures":{"2":"item/crates/necromancer/animated/animated_2","3":"item/crates/necromancer/animated/animated_4","5":"item/crates/necromancer/pickaxe","particle":"item/crates/necromancer/animated/animated_4"},"elements":[{"from":[7.7535,0.3125,6.03173],"to":[8.2465,1.5625,8.28173],"rotation":{"angle":22.5,"axis":"x","origin":[8.0035,0.8125,7.09423]},"faces":{"east":{"uv":[8,5.09091,8.81818,5.54545],"texture":"#5"},"south":{"uv":[11.63636,13.09091,11.81818,13.54545],"texture":"#5"},"west":{"uv":[8,6.18182,8.81818,6.63636],"texture":"#5"},"up":{"uv":[9.27273,12.81818,9.09091,12],"texture":"#5"},"down":{"uv":[11.09091,12,10.90909,12.81818],"texture":"#5"}}},{"from":[7.25,0.25,8],"to":[8.75,1.75,9.5],"rotation":{"angle":-45,"axis":"x","origin":[7.25,0.25,8]},"faces":{"north":{"uv":[9.45455,5.81818,10,6.36364],"texture":"#5"},"east":{"uv":[9.09091,9.45455,9.63636,10],"texture":"#5"},"south":{"uv":[2.18182,9.81818,2.72727,10.36364],"texture":"#5"},"west":{"uv":[9.81818,2.18182,10.36364,2.72727],"texture":"#5"},"up":{"uv":[10.36364,3.81818,9.81818,3.27273],"texture":"#5"},"down":{"uv":[0.54545,10.18182,0,10.72727],"texture":"#5"}}},{"from":[7.75,2,7.04289],"to":[9.25,2.5,8.54289],"rotation":{"angle":-45,"axis":"y","origin":[8,2,7.29289]},"faces":{"north":{"uv":[12.36364,9.81818,12.90909,10],"texture":"#5"},"east":{"uv":[12.36364,12,12.90909,12.18182],"texture":"#5"},"south":{"uv":[12.72727,1.09091,13.27273,1.27273],"texture":"#5"},"west":{"uv":[12.72727,1.81818,13.27273,2],"texture":"#5"},"up":{"uv":[10.72727,0.54545,10.18182,0],"texture":"#5"},"down":{"uv":[4.90909,10.18182,4.36364,10.72727],"texture":"#5"}}},{"from":[7.75,3,7.04289],"to":[9.25,3.5,8.54289],"rotation":{"angle":-45,"axis":"y","origin":[8,3,7.29289]},"faces":{"north":{"uv":[12.72727,2.54545,13.27273,2.72727],"texture":"#5"},"east":{"uv":[12.72727,3.27273,13.27273,3.45455],"texture":"#5"},"south":{"uv":[3.63636,12.72727,4.18182,12.90909],"texture":"#5"},"west":{"uv":[12.72727,4,13.27273,4.18182],"texture":"#5"},"up":{"uv":[7.45455,10.72727,6.90909,10.18182],"texture":"#5"},"down":{"uv":[10.72727,6.90909,10.18182,7.45455],"texture":"#5"}}},{"from":[7.75,2.5,7.21967],"to":[9,3,8.46967],"rotation":{"angle":-45,"axis":"y","origin":[8,2.5,7.46967]},"faces":{"north":{"uv":[13.09091,8.36364,13.54545,8.54545],"texture":"#5"},"east":{"uv":[0,13.45455,0.45455,13.63636],"texture":"#5"},"south":{"uv":[1.09091,13.45455,1.54545,13.63636],"texture":"#5"},"west":{"uv":[3.63636,13.45455,4.09091,13.63636],"texture":"#5"}}},{"from":[7.75,6,7.04289],"to":[9.25,6.5,8.54289],"rotation":{"angle":-45,"axis":"y","origin":[8,13,7.29289]},"faces":{"north":{"uv":[12.72727,6.90909,13.27273,7.09091],"texture":"#5"},"east":{"uv":[12.72727,10.54545,13.27273,10.72727],"texture":"#5"},"south":{"uv":[12.72727,11.27273,13.27273,11.45455],"texture":"#5"},"west":{"uv":[12.36364,12.72727,12.90909,12.90909],"texture":"#5"},"up":{"uv":[8.54545,10.72727,8,10.18182],"texture":"#5"},"down":{"uv":[10.72727,8,10.18182,8.54545],"texture":"#5"}}},{"from":[7.75,6.5,7.21967],"to":[9,7,8.46967],"rotation":{"angle":-45,"axis":"y","origin":[8,13.5,7.46967]},"faces":{"north":{"uv":[4.72727,13.45455,5.18182,13.63636],"texture":"#5"},"east":{"uv":[5.81818,13.45455,6.27273,13.63636],"texture":"#5"},"south":{"uv":[13.45455,6.18182,13.90909,6.36364],"texture":"#5"},"west":{"uv":[6.90909,13.45455,7.36364,13.63636],"texture":"#5"}}},{"from":[7.75,7,7.04289],"to":[9.25,7.5,8.54289],"rotation":{"angle":-45,"axis":"y","origin":[8,14,7.29289]},"faces":{"north":{"uv":[13.09091,0,13.63636,0.18182],"texture":"#5"},"east":{"uv":[13.09091,4.72727,13.63636,4.90909],"texture":"#5"},"south":{"uv":[13.09091,5.45455,13.63636,5.63636],"texture":"#5"},"west":{"uv":[13.09091,7.63636,13.63636,7.81818],"texture":"#5"},"up":{"uv":[10.72727,9.63636,10.18182,9.09091],"texture":"#5"},"down":{"uv":[10.72727,10.18182,10.18182,10.72727],"texture":"#5"}}},{"from":[8,3.5,7.29289],"to":[9,6,8.29289],"rotation":{"angle":-45,"axis":"y","origin":[8,3.5,7.29289]},"faces":{"north":{"uv":[6.90909,8.36364,7.27273,9.27273],"texture":"#5"},"east":{"uv":[8.72727,1.09091,9.09091,2],"texture":"#5"},"south":{"uv":[7.63636,8.72727,8,9.63636],"texture":"#5"},"west":{"uv":[8.36364,8.72727,8.72727,9.63636],"texture":"#5"}}},{"from":[7.625,-0.25,6.42074],"to":[8.375,2,7.42074],"rotation":{"angle":-22.5,"axis":"x","origin":[7.625,0,6.42074]},"faces":{"north":{"uv":[4,11.27273,4.27273,12.09091],"texture":"#5"},"east":{"uv":[5.45455,10.18182,5.81818,11],"texture":"#5"},"south":{"uv":[11.27273,4,11.54545,4.81818],"texture":"#5"},"west":{"uv":[3.27273,10.54545,3.63636,11.36364],"texture":"#5"},"up":{"uv":[5.72727,13.09091,5.45455,12.72727],"texture":"#5"},"down":{"uv":[3.18182,13.09091,2.90909,13.45455],"texture":"#5"}}},{"from":[7,12.5,6.5],"to":[9,14,9.5],"rotation":{"angle":0,"axis":"y","origin":[7,12.5,6]},"faces":{"east":{"uv":[6.90909,2.90909,8,3.45455],"texture":"#5"},"west":{"uv":[6.90909,4,8,4.54545],"texture":"#5"},"up":{"uv":[6.54545,4,5.81818,2.90909],"texture":"#5"},"down":{"uv":[4.72727,5.81818,4,6.90909],"texture":"#5"}}},{"from":[6.9975,13.18934,6.06066],"to":[9.0025,14.43934,7.56066],"rotation":{"angle":-45,"axis":"x","origin":[6.9975,12.93934,7.56066]},"faces":{"north":{"uv":[0,9.09091,0.72727,9.54545],"texture":"#5"},"east":{"uv":[10.54545,5.81818,11.09091,6.27273],"texture":"#5"},"south":{"uv":[4.72727,9.09091,5.45455,9.54545],"texture":"#5"},"west":{"uv":[0,11.27273,0.54545,11.72727],"texture":"#5"},"up":{"uv":[4.36364,7.81818,3.63636,7.27273],"texture":"#5"},"down":{"uv":[7.63636,7.27273,6.90909,7.81818],"texture":"#5"}}},{"from":[6.9975,14.43934,6.06066],"to":[9.0025,15.68934,7.31066],"rotation":{"angle":-45,"axis":"x","origin":[6.9975,12.93934,7.56066]},"faces":{"north":{"uv":[9.09091,7.27273,9.81818,7.72727],"texture":"#5"},"east":{"uv":[11.27273,7.63636,11.72727,8.09091],"texture":"#5"},"south":{"uv":[9.09091,8.36364,9.81818,8.81818],"texture":"#5"},"west":{"uv":[11.27273,8.72727,11.72727,9.18182],"texture":"#5"},"up":{"uv":[10.18182,1.54545,9.45455,1.09091],"texture":"#5"}}},{"from":[7.3725,15.78033,4.82322],"to":[8.6275,16.53033,7.07322],"rotation":{"angle":0,"axis":"y","origin":[8.125,16.40533,5.69822]},"faces":{"north":{"uv":[12.36364,6.18182,12.81818,6.45455],"texture":"#5"},"east":{"uv":[6.90909,11.27273,7.72727,11.54545],"texture":"#5"},"south":{"uv":[12.36364,9.09091,12.81818,9.36364],"texture":"#5"},"west":{"uv":[11.27273,6.90909,12.09091,7.18182],"texture":"#5"},"up":{"uv":[8.45455,8.09091,8,7.27273],"texture":"#5"},"down":{"uv":[2.63636,8.36364,2.18182,9.18182],"texture":"#5"}}},{"from":[7.4975,14.93934,5.56066],"to":[8.5025,16.18934,7.81066],"rotation":{"angle":-45,"axis":"x","origin":[6.9975,12.93934,7.56066]},"faces":{"north":{"uv":[8.36364,11.27273,8.72727,11.72727],"texture":"#5"},"east":{"uv":[8.36364,2.54545,9.18182,3],"texture":"#5"},"west":{"uv":[3.27273,8.36364,4.09091,8.81818],"texture":"#5"},"up":{"uv":[10.90909,5.18182,10.54545,4.36364],"texture":"#5"},"down":{"uv":[6.54545,10.54545,6.18182,11.36364],"texture":"#5"}}},{"from":[7.495,14.53033,5.07322],"to":[8.505,15.78033,6.32322],"rotation":{"angle":0,"axis":"y","origin":[7.9975,15.65533,5.69822]},"faces":{"north":{"uv":[5.45455,11.63636,5.81818,12.09091],"texture":"#5"},"east":{"uv":[9.81818,11.27273,10.27273,11.72727],"texture":"#5"},"south":{"uv":[11.63636,5.45455,12,5.90909],"texture":"#5"},"west":{"uv":[11.27273,9.81818,11.72727,10.27273],"texture":"#5"},"down":{"uv":[3.27273,12,2.90909,12.45455],"texture":"#5"}}},{"from":[7.3725,15.78033,8.92678],"to":[8.6275,16.53033,11.17678],"rotation":{"angle":0,"axis":"y","origin":[8.125,16.40533,10.30178]},"faces":{"north":{"uv":[12.81818,9.09091,12.36364,9.36364],"texture":"#5"},"east":{"uv":[7.72727,11.27273,6.90909,11.54545],"texture":"#5"},"south":{"uv":[12.81818,6.18182,12.36364,6.45455],"texture":"#5"},"west":{"uv":[12.09091,6.90909,11.27273,7.18182],"texture":"#5"},"up":{"uv":[8.45455,7.27273,8,8.09091],"texture":"#5"},"down":{"uv":[2.63636,9.18182,2.18182,8.36364],"texture":"#5"}}},{"from":[7.495,14.53033,9.67678],"to":[8.505,15.78033,10.92678],"rotation":{"angle":0,"axis":"y","origin":[7.9975,15.65533,10.30178]},"faces":{"north":{"uv":[12,5.45455,11.63636,5.90909],"texture":"#5"},"east":{"uv":[10.27273,11.27273,9.81818,11.72727],"texture":"#5"},"south":{"uv":[5.81818,11.63636,5.45455,12.09091],"texture":"#5"},"west":{"uv":[11.72727,9.81818,11.27273,10.27273],"texture":"#5"},"down":{"uv":[3.27273,12.45455,2.90909,12],"texture":"#5"}}},{"from":[7.4975,14.93934,8.18934],"to":[8.5025,16.18934,10.43934],"rotation":{"angle":45,"axis":"x","origin":[6.9975,12.93934,8.43934]},"faces":{"east":{"uv":[9.18182,2.54545,8.36364,3],"texture":"#5"},"south":{"uv":[8.72727,11.27273,8.36364,11.72727],"texture":"#5"},"west":{"uv":[4.09091,8.36364,3.27273,8.81818],"texture":"#5"},"up":{"uv":[10.90909,4.36364,10.54545,5.18182],"texture":"#5"},"down":{"uv":[6.54545,11.36364,6.18182,10.54545],"texture":"#5"}}},{"from":[6.9975,14.43934,8.68934],"to":[9.0025,15.68934,9.93934],"rotation":{"angle":45,"axis":"x","origin":[6.9975,12.93934,8.43934]},"faces":{"north":{"uv":[9.81818,8.36364,9.09091,8.81818],"texture":"#5"},"east":{"uv":[11.72727,7.63636,11.27273,8.09091],"texture":"#5"},"south":{"uv":[9.81818,7.27273,9.09091,7.72727],"texture":"#5"},"west":{"uv":[11.72727,8.72727,11.27273,9.18182],"texture":"#5"},"up":{"uv":[10.18182,1.09091,9.45455,1.54545],"texture":"#5"}}},{"from":[6.9975,13.18934,8.43934],"to":[9.0025,14.43934,9.93934],"rotation":{"angle":45,"axis":"x","origin":[6.9975,12.93934,8.43934]},"faces":{"north":{"uv":[3.27273,9.45455,4,9.90909],"texture":"#5"},"east":{"uv":[11.27273,0,11.81818,0.45455],"texture":"#5"},"south":{"uv":[9.45455,4.72727,10.18182,5.18182],"texture":"#5"},"west":{"uv":[1.09091,11.27273,1.63636,11.72727],"texture":"#5"},"up":{"uv":[8.36364,0.54545,7.63636,0],"texture":"#5"},"down":{"uv":[5.45455,8,4.72727,8.54545],"texture":"#5"}}},{"from":[7.5,14,7.25],"to":[8.5,18,8.75],"rotation":{"angle":0,"axis":"y","origin":[7.75,14,6.5]},"faces":{"north":{"uv":[0,7.27273,0.36364,8.72727],"texture":"#5"},"east":{"uv":[5.81818,4.36364,6.36364,5.81818],"texture":"#5"},"south":{"uv":[0.72727,7.27273,1.09091,8.72727],"texture":"#5"},"west":{"uv":[5.09091,6.18182,5.63636,7.63636],"texture":"#5"}}},{"from":[7.4975,16.91161,7],"to":[8.5025,19.03661,9.125],"rotation":{"angle":-45,"axis":"x","origin":[7.9975,17.91161,8]},"faces":{"north":{"uv":[9.09091,10.54545,9.45455,11.36364],"texture":"#5"},"east":{"uv":[6.18182,0,7,0.81818],"texture":"#5"},"south":{"uv":[10.90909,1.09091,11.27273,1.90909],"texture":"#5"},"west":{"uv":[2.18182,6.90909,3,7.72727],"texture":"#5"},"up":{"uv":[2.54545,11.72727,2.18182,10.90909],"texture":"#5"},"down":{"uv":[11.27273,2.54545,10.90909,3.36364],"texture":"#5"}}},{"from":[7.875,9.21537,5.87464],"to":[8.125,10.21537,7.37464],"rotation":{"angle":45,"axis":"x","origin":[7.625,9.21537,5.12464]},"faces":{"east":{"uv":[10.90909,11.27273,11.45455,11.63636],"texture":"#5"},"south":{"uv":[13.81818,4,13.90909,4.36364],"texture":"#5"},"west":{"uv":[11.63636,1.09091,12.18182,1.45455],"texture":"#5"},"up":{"uv":[13.54545,12.54545,13.45455,12],"texture":"#5"},"down":{"uv":[12.45455,13.45455,12.36364,14],"texture":"#5"}}},{"from":[7.875,8.68504,4.69786],"to":[8.125,10.18504,5.44786],"rotation":{"angle":45,"axis":"x","origin":[7.625,8.68504,4.94786]},"faces":{"north":{"uv":[13.09091,13.45455,13.18182,14],"texture":"#5"},"east":{"uv":[12,10.90909,12.27273,11.45455],"texture":"#5"},"south":{"uv":[13.81818,0.72727,13.90909,1.27273],"texture":"#5"},"west":{"uv":[11.63636,12,11.90909,12.54545],"texture":"#5"},"up":{"uv":[13.90909,7.18182,13.81818,6.90909],"texture":"#5"},"down":{"uv":[14.27273,0,14.18182,0.27273],"texture":"#5"}}},{"from":[7.875,10.71537,5.53885],"to":[8.125,12.46537,6.28885],"rotation":{"angle":45,"axis":"x","origin":[7.625,10.71537,5.78885]},"faces":{"north":{"uv":[10.18182,13.45455,10.27273,14.09091],"texture":"#5"},"east":{"uv":[4,4.72727,4.27273,5.36364],"texture":"#5"},"south":{"uv":[10.90909,13.45455,11,14.09091],"texture":"#5"},"west":{"uv":[4.72727,11.27273,5,11.90909],"texture":"#5"},"up":{"uv":[4.45455,14.45455,4.36364,14.18182],"texture":"#5"},"down":{"uv":[14.27273,4.72727,14.18182,5],"texture":"#5"}}},{"from":[7.8755,8.33148,5.30142],"to":[8.1245,9.08148,6.05142],"rotation":{"angle":0,"axis":"y","origin":[8.0005,8.70648,6.05142]},"faces":{"east":{"uv":[8,13.45455,8.27273,13.72727],"texture":"#5"},"west":{"uv":[8.72727,13.45455,9,13.72727],"texture":"#5"},"down":{"uv":[5.18182,14.18182,5.09091,14.45455],"texture":"#5"}}},{"from":[7.8755,9.31714,5.61208],"to":[8.1245,10.89214,6.41208],"rotation":{"angle":0,"axis":"y","origin":[7.6255,9.39214,5.86208]},"faces":{"north":{"uv":[13.81818,1.81818,13.90909,2.36364],"texture":"#5"},"east":{"uv":[0,12.36364,0.27273,12.90909],"texture":"#5"},"south":{"uv":[2.90909,13.81818,3,14.36364],"texture":"#5"},"west":{"uv":[12.36364,0,12.63636,0.54545],"texture":"#5"}}},{"from":[7.875,9.21537,8.62536],"to":[8.125,10.21537,10.12536],"rotation":{"angle":-45,"axis":"x","origin":[7.625,9.21537,10.87536]},"faces":{"north":{"uv":[13.90909,4,13.81818,4.36364],"texture":"#5"},"east":{"uv":[11.45455,11.27273,10.90909,11.63636],"texture":"#5"},"west":{"uv":[12.18182,1.09091,11.63636,1.45455],"texture":"#5"},"up":{"uv":[13.54545,12,13.45455,12.54545],"texture":"#5"},"down":{"uv":[12.45455,14,12.36364,13.45455],"texture":"#5"}}},{"from":[7.875,8.68504,10.55214],"to":[8.125,10.18504,11.30214],"rotation":{"angle":-45,"axis":"x","origin":[7.625,8.68504,11.05214]},"faces":{"north":{"uv":[13.90909,0.72727,13.81818,1.27273],"texture":"#5"},"east":{"uv":[12.27273,10.90909,12,11.45455],"texture":"#5"},"south":{"uv":[13.18182,13.45455,13.09091,14],"texture":"#5"},"west":{"uv":[11.90909,12,11.63636,12.54545],"texture":"#5"},"up":{"uv":[13.90909,6.90909,13.81818,7.18182],"texture":"#5"},"down":{"uv":[14.27273,0.27273,14.18182,0],"texture":"#5"}}},{"from":[7.875,10.71537,9.71115],"to":[8.125,12.46537,10.46115],"rotation":{"angle":-45,"axis":"x","origin":[7.625,10.71537,10.21115]},"faces":{"north":{"uv":[11,13.45455,10.90909,14.09091],"texture":"#5"},"east":{"uv":[4.27273,4.72727,4,5.36364],"texture":"#5"},"south":{"uv":[10.27273,13.45455,10.18182,14.09091],"texture":"#5"},"west":{"uv":[5,11.27273,4.72727,11.90909],"texture":"#5"},"up":{"uv":[4.45455,14.18182,4.36364,14.45455],"texture":"#5"},"down":{"uv":[14.27273,5,14.18182,4.72727],"texture":"#5"}}},{"from":[7.8755,8.33148,9.94858],"to":[8.1245,9.08148,10.69858],"rotation":{"angle":0,"axis":"y","origin":[8.0005,8.70648,9.94858]},"faces":{"east":{"uv":[8.27273,13.45455,8,13.72727],"texture":"#5"},"west":{"uv":[9,13.45455,8.72727,13.72727],"texture":"#5"},"down":{"uv":[5.18182,14.45455,5.09091,14.18182],"texture":"#5"}}},{"from":[7.8755,9.31714,9.58792],"to":[8.1245,10.89214,10.38792],"rotation":{"angle":0,"axis":"y","origin":[7.6255,9.39214,10.13792]},"faces":{"north":{"uv":[3,13.81818,2.90909,14.36364],"texture":"#5"},"east":{"uv":[0.27273,12.36364,0,12.90909],"texture":"#5"},"south":{"uv":[13.90909,1.81818,13.81818,2.36364],"texture":"#5"},"west":{"uv":[12.63636,0,12.36364,0.54545],"texture":"#5"}}},{"from":[7.31536,7.37597,7.875],"to":[8.81536,8.37597,8.125],"rotation":{"angle":45,"axis":"z","origin":[8,9.87698,8]},"faces":{"north":{"uv":[11.63636,1.09091,12.18182,1.45455],"texture":"#5"},"south":{"uv":[10.90909,11.27273,11.45455,11.63636],"texture":"#5"},"west":{"uv":[13.81818,4,13.90909,4.36364],"texture":"#5"},"up":{"uv":[13.54545,12.54545,13.45455,12],"rotation":90,"texture":"#5"},"down":{"uv":[12.45455,13.45455,12.36364,14],"rotation":270,"texture":"#5"}}},{"from":[8.81536,6.87596,7.875],"to":[9.56536,8.37596,8.125],"rotation":{"angle":45,"axis":"z","origin":[8,9.87698,8]},"faces":{"north":{"uv":[11.63636,12,11.90909,12.54545],"texture":"#5"},"east":{"uv":[13.09091,13.45455,13.18182,14],"texture":"#5"},"south":{"uv":[12,10.90909,12.27273,11.45455],"texture":"#5"},"west":{"uv":[13.81818,0.72727,13.90909,1.27273],"texture":"#5"},"up":{"uv":[13.90909,7.18182,13.81818,6.90909],"rotation":90,"texture":"#5"},"down":{"uv":[14.27273,0,14.18182,0.27273],"rotation":270,"texture":"#5"}}},{"from":[9.65635,8.90629,7.875],"to":[10.40635,10.65629,8.125],"rotation":{"angle":45,"axis":"z","origin":[8,9.87698,8]},"faces":{"north":{"uv":[4.72727,11.27273,5,11.90909],"texture":"#5"},"east":{"uv":[10.18182,13.45455,10.27273,14.09091],"texture":"#5"},"south":{"uv":[4,4.72727,4.27273,5.36364],"texture":"#5"},"west":{"uv":[10.90909,13.45455,11,14.09091],"texture":"#5"},"up":{"uv":[4.45455,14.45455,4.36364,14.18182],"rotation":90,"texture":"#5"},"down":{"uv":[14.27273,4.72727,14.18182,5],"rotation":270,"texture":"#5"}}},{"from":[9.94858,8.33148,7.8755],"to":[10.69858,9.08148,8.1245],"rotation":{"angle":0,"axis":"y","origin":[8,9.87698,8]},"faces":{"north":{"uv":[8.72727,13.45455,9,13.72727],"texture":"#5"},"south":{"uv":[8,13.45455,8.27273,13.72727],"texture":"#5"},"down":{"uv":[5.18182,14.18182,5.09091,14.45455],"rotation":270,"texture":"#5"}}},{"from":[9.58792,9.31714,7.8755],"to":[10.38792,10.89214,8.1245],"rotation":{"angle":0,"axis":"y","origin":[8,9.87698,8]},"faces":{"north":{"uv":[12.36364,0,12.63636,0.54545],"texture":"#5"},"east":{"uv":[13.81818,1.81818,13.90909,2.36364],"texture":"#5"},"south":{"uv":[0,12.36364,0.27273,12.90909],"texture":"#5"},"west":{"uv":[2.90909,13.81818,3,14.36364],"texture":"#5"}}},{"from":[5.61208,9.31714,7.8755],"to":[6.41208,10.89214,8.1245],"rotation":{"angle":0,"axis":"y","origin":[8,9.87698,8]},"faces":{"north":{"uv":[12.63636,0,12.36364,0.54545],"texture":"#5"},"east":{"uv":[3,13.81818,2.90909,14.36364],"texture":"#5"},"south":{"uv":[0.27273,12.36364,0,12.90909],"texture":"#5"},"west":{"uv":[13.90909,1.81818,13.81818,2.36364],"texture":"#5"}}},{"from":[5.30142,8.33148,7.8755],"to":[6.05142,9.08148,8.1245],"rotation":{"angle":0,"axis":"y","origin":[8,9.87698,8]},"faces":{"north":{"uv":[9,13.45455,8.72727,13.72727],"texture":"#5"},"south":{"uv":[8.27273,13.45455,8,13.72727],"texture":"#5"},"down":{"uv":[5.18182,14.45455,5.09091,14.18182],"rotation":270,"texture":"#5"}}},{"from":[5.59365,8.90629,7.875],"to":[6.34365,10.65629,8.125],"rotation":{"angle":-45,"axis":"z","origin":[8,9.87698,8]},"faces":{"north":{"uv":[5,11.27273,4.72727,11.90909],"texture":"#5"},"east":{"uv":[11,13.45455,10.90909,14.09091],"texture":"#5"},"south":{"uv":[4.27273,4.72727,4,5.36364],"texture":"#5"},"west":{"uv":[10.27273,13.45455,10.18182,14.09091],"texture":"#5"},"up":{"uv":[4.45455,14.18182,4.36364,14.45455],"rotation":90,"texture":"#5"},"down":{"uv":[14.27273,5,14.18182,4.72727],"rotation":270,"texture":"#5"}}},{"from":[6.43464,6.87596,7.875],"to":[7.18464,8.37596,8.125],"rotation":{"angle":-45,"axis":"z","origin":[8,9.87698,8]},"faces":{"north":{"uv":[11.90909,12,11.63636,12.54545],"texture":"#5"},"east":{"uv":[13.90909,0.72727,13.81818,1.27273],"texture":"#5"},"south":{"uv":[12.27273,10.90909,12,11.45455],"texture":"#5"},"west":{"uv":[13.18182,13.45455,13.09091,14],"texture":"#5"},"up":{"uv":[13.90909,6.90909,13.81818,7.18182],"rotation":90,"texture":"#5"},"down":{"uv":[14.27273,0.27273,14.18182,0],"rotation":270,"texture":"#5"}}},{"from":[7.18464,7.37597,7.875],"to":[8.68464,8.37597,8.125],"rotation":{"angle":-45,"axis":"z","origin":[8,9.87698,8]},"faces":{"north":{"uv":[12.18182,1.09091,11.63636,1.45455],"texture":"#5"},"east":{"uv":[13.90909,4,13.81818,4.36364],"texture":"#5"},"south":{"uv":[11.45455,11.27273,10.90909,11.63636],"texture":"#5"},"up":{"uv":[13.54545,12,13.45455,12.54545],"rotation":90,"texture":"#5"},"down":{"uv":[12.45455,14,12.36364,13.45455],"rotation":270,"texture":"#5"}}},{"from":[7.875,-3.51537,6.31385],"to":[8.125,-2.26537,7.06385],"rotation":{"angle":-45,"axis":"x","origin":[7.625,-2.26537,6.56385]},"faces":{"north":{"uv":[1.45455,14.18182,1.54545,14.63636],"texture":"#5"},"east":{"uv":[8.36364,12.36364,8.63636,12.81818],"texture":"#5"},"south":{"uv":[3.63636,14.18182,3.72727,14.63636],"texture":"#5"},"west":{"uv":[9.81818,12.36364,10.09091,12.81818],"texture":"#5"},"up":{"uv":[14.27273,5.72727,14.18182,5.45455],"texture":"#5"},"down":{"uv":[5.90909,14.18182,5.81818,14.45455],"texture":"#5"}}},{"from":[7.875,-2.86892,7.62451],"to":[8.125,-2.11892,7.87451],"rotation":{"angle":-45,"axis":"x","origin":[7.625,-2.61892,7.62451]},"faces":{"east":{"uv":[6.54545,14.18182,6.63636,14.45455],"texture":"#5"},"south":{"uv":[7.27273,14.18182,7.36364,14.45455],"texture":"#5"},"west":{"uv":[14.18182,7.63636,14.27273,7.90909],"texture":"#5"},"up":{"uv":[14.27273,9.18182,14.18182,9.09091],"texture":"#5"},"down":{"uv":[9.54545,14.18182,9.45455,14.27273],"texture":"#5"}}},{"from":[7.8755,-2.44214,6.38708],"to":[8.1245,-0.94214,7.13708],"rotation":{"angle":0,"axis":"y","origin":[7.6255,-0.94214,6.63708]},"faces":{"north":{"uv":[13.81818,2.90909,13.90909,3.45455],"texture":"#5"},"east":{"uv":[0.72727,12.36364,1,12.90909],"texture":"#5"},"south":{"uv":[13.81818,9.81818,13.90909,10.36364],"texture":"#5"},"west":{"uv":[1.45455,12.36364,1.72727,12.90909],"texture":"#5"}}},{"from":[7.875,-1.73504,5.47286],"to":[8.125,-0.23504,6.22286],"rotation":{"angle":-45,"axis":"x","origin":[7.625,-0.23504,5.72286]},"faces":{"north":{"uv":[13.81818,10.90909,13.90909,11.45455],"texture":"#5"},"east":{"uv":[2.18182,12.36364,2.45455,12.90909],"texture":"#5"},"south":{"uv":[13.81818,13.09091,13.90909,13.63636],"texture":"#5"},"west":{"uv":[4.72727,12.36364,5,12.90909],"texture":"#5"},"up":{"uv":[8.09091,14.45455,8,14.18182],"texture":"#5"},"down":{"uv":[14.27273,8.36364,14.18182,8.63636],"texture":"#5"}}},{"from":[7.875,-1.76537,6.64964],"to":[8.125,-0.76537,8.14964],"rotation":{"angle":-45,"axis":"x","origin":[7.625,-0.76537,5.89964]},"faces":{"east":{"uv":[11.63636,1.81818,12.18182,2.18182],"texture":"#5"},"west":{"uv":[11.63636,2.54545,12.18182,2.90909],"texture":"#5"},"up":{"uv":[0.09091,14.72727,0,14.18182],"texture":"#5"},"down":{"uv":[0.81818,14.18182,0.72727,14.72727],"texture":"#5"}}},{"from":[7.8755,-0.63148,6.07642],"to":[8.1245,0.11852,6.82642],"rotation":{"angle":0,"axis":"y","origin":[8.0005,-0.25648,6.82642]},"faces":{"east":{"uv":[13.45455,9.09091,13.72727,9.36364],"texture":"#5"},"west":{"uv":[9.45455,13.45455,9.72727,13.72727],"texture":"#5"},"up":{"uv":[8.81818,14.45455,8.72727,14.18182],"texture":"#5"}}},{"from":[7.75,0.3125,7.71827],"to":[8.25,1.5625,9.96827],"rotation":{"angle":-22.5,"axis":"x","origin":[8,0.8125,8.90577]},"faces":{"north":{"uv":[2.18182,13.45455,2.36364,13.90909],"texture":"#5"},"east":{"uv":[8.36364,3.63636,9.18182,4.09091],"texture":"#5"},"west":{"uv":[8.72727,0,9.54545,0.45455],"texture":"#5"},"up":{"uv":[12.54545,5.54545,12.36364,4.72727],"texture":"#5"},"down":{"uv":[12.54545,7.63636,12.36364,8.45455],"texture":"#5"}}},{"from":[7.985,-6,6],"to":[8.015,1,10],"rotation":{"angle":0,"axis":"y","origin":[6.985,0,6]},"faces":{"east":{"uv":[1.45455,2.90909,0,5.45455],"texture":"#5"},"west":{"uv":[0,2.90909,1.45455,5.45455],"texture":"#5"}}},{"from":[7.985,0.26903,4.01641],"to":[8.015,1.51903,6.51641],"rotation":{"angle":0,"axis":"y","origin":[7.985,-0.23097,3.51641]},"faces":{"east":{"uv":[8.18182,1.45455,7.27273,1.90909],"texture":"#5"},"west":{"uv":[7.27273,1.45455,8.18182,1.90909],"texture":"#5"}}},{"from":[7.625,-0.25,8.57926],"to":[8.375,2,9.57926],"rotation":{"angle":22.5,"axis":"x","origin":[7.625,0,9.57926]},"faces":{"north":{"uv":[11.54545,4,11.27273,4.81818],"texture":"#5"},"east":{"uv":[5.81818,10.18182,5.45455,11],"texture":"#5"},"south":{"uv":[4.27273,11.27273,4,12.09091],"texture":"#5"},"west":{"uv":[3.63636,10.54545,3.27273,11.36364],"texture":"#5"},"up":{"uv":[5.72727,12.72727,5.45455,13.09091],"texture":"#5"},"down":{"uv":[3.18182,13.45455,2.90909,13.09091],"texture":"#5"}}},{"from":[7.875,-1.76537,7.85036],"to":[8.125,-0.76537,9.35036],"rotation":{"angle":45,"axis":"x","origin":[7.625,-0.76537,10.10036]},"faces":{"east":{"uv":[12.18182,1.81818,11.63636,2.18182],"texture":"#5"},"west":{"uv":[12.18182,2.54545,11.63636,2.90909],"texture":"#5"},"up":{"uv":[0.09091,14.18182,0,14.72727],"texture":"#5"},"down":{"uv":[0.81818,14.72727,0.72727,14.18182],"texture":"#5"}}},{"from":[7.8755,-0.63148,9.17358],"to":[8.1245,0.11852,9.92358],"rotation":{"angle":0,"axis":"y","origin":[8.0005,-0.25648,9.17358]},"faces":{"east":{"uv":[13.72727,9.09091,13.45455,9.36364],"texture":"#5"},"west":{"uv":[9.72727,13.45455,9.45455,13.72727],"texture":"#5"},"up":{"uv":[8.81818,14.18182,8.72727,14.45455],"texture":"#5"}}},{"from":[7.875,-1.73504,9.77714],"to":[8.125,-0.23504,10.52714],"rotation":{"angle":45,"axis":"x","origin":[7.625,-0.23504,10.27714]},"faces":{"north":{"uv":[13.90909,13.09091,13.81818,13.63636],"texture":"#5"},"east":{"uv":[2.45455,12.36364,2.18182,12.90909],"texture":"#5"},"south":{"uv":[13.90909,10.90909,13.81818,11.45455],"texture":"#5"},"west":{"uv":[5,12.36364,4.72727,12.90909],"texture":"#5"},"up":{"uv":[8.09091,14.18182,8,14.45455],"texture":"#5"},"down":{"uv":[14.27273,8.63636,14.18182,8.36364],"texture":"#5"}}},{"from":[7.8755,-2.44214,8.86292],"to":[8.1245,-0.94214,9.61292],"rotation":{"angle":0,"axis":"y","origin":[7.6255,-0.94214,9.36292]},"faces":{"north":{"uv":[13.90909,9.81818,13.81818,10.36364],"texture":"#5"},"east":{"uv":[1,12.36364,0.72727,12.90909],"texture":"#5"},"south":{"uv":[13.90909,2.90909,13.81818,3.45455],"texture":"#5"},"west":{"uv":[1.72727,12.36364,1.45455,12.90909],"texture":"#5"}}},{"from":[7.875,-3.51537,8.93615],"to":[8.125,-2.26537,9.68615],"rotation":{"angle":45,"axis":"x","origin":[7.625,-2.26537,9.43615]},"faces":{"north":{"uv":[3.72727,14.18182,3.63636,14.63636],"texture":"#5"},"east":{"uv":[8.63636,12.36364,8.36364,12.81818],"texture":"#5"},"south":{"uv":[1.54545,14.18182,1.45455,14.63636],"texture":"#5"},"west":{"uv":[10.09091,12.36364,9.81818,12.81818],"texture":"#5"},"up":{"uv":[14.27273,5.45455,14.18182,5.72727],"texture":"#5"},"down":{"uv":[5.90909,14.45455,5.81818,14.18182],"texture":"#5"}}},{"from":[7.875,-2.86892,8.12549],"to":[8.125,-2.11892,8.37549],"rotation":{"angle":45,"axis":"x","origin":[7.625,-2.61892,8.37549]},"faces":{"north":{"uv":[7.36364,14.18182,7.27273,14.45455],"texture":"#5"},"east":{"uv":[6.63636,14.18182,6.54545,14.45455],"texture":"#5"},"west":{"uv":[14.27273,7.63636,14.18182,7.90909],"texture":"#5"},"up":{"uv":[14.27273,9.09091,14.18182,9.18182],"texture":"#5"},"down":{"uv":[9.54545,14.27273,9.45455,14.18182],"texture":"#5"}}},{"from":[7.985,0.26903,9.48359],"to":[8.015,1.51903,11.98359],"rotation":{"angle":0,"axis":"y","origin":[7.985,-0.23097,12.48359]},"faces":{"east":{"uv":[7.27273,1.45455,8.18182,1.90909],"texture":"#5"},"west":{"uv":[8.18182,1.45455,7.27273,1.90909],"texture":"#5"}}},{"from":[6.75,-6,5.73984],"to":[6.78,-1,8.23984],"rotation":{"angle":22.5,"axis":"y","origin":[6.75,-6,5.23984]},"faces":{"east":{"uv":[5,0,0,10],"texture":"#2"},"west":{"uv":[0,0,5,10],"texture":"#2"}}},{"from":[6.75,-6,7.76016],"to":[6.78,-1,10.26016],"rotation":{"angle":-22.5,"axis":"y","origin":[6.75,-6,10.76016]},"faces":{"east":{"uv":[0,0,5,10],"texture":"#2"},"west":{"uv":[5,0,0,10],"texture":"#2"}}},{"from":[9.22,-6,7.76016],"to":[9.25,-1,10.26016],"rotation":{"angle":22.5,"axis":"y","origin":[9.25,-6,10.76016]},"faces":{"east":{"uv":[0,0,5,10],"texture":"#2"},"west":{"uv":[5,0,0,10],"texture":"#2"}}},{"from":[9.22,-6,5.73984],"to":[9.25,-1,8.23984],"rotation":{"angle":-22.5,"axis":"y","origin":[9.25,-6,5.23984]},"faces":{"east":{"uv":[5,0,0,10],"texture":"#2"},"west":{"uv":[0,0,5,10],"texture":"#2"}}},{"from":[6.79289,7.5,7.5],"to":[8.79289,12.5,9.5],"rotation":{"angle":45,"axis":"y","origin":[7.29289,7.75,8]},"faces":{"north":{"uv":[4.72727,1.45455,5.45455,3.27273],"texture":"#5"},"east":{"uv":[1.81818,4.72727,2.54545,6.54545],"texture":"#5"},"south":{"uv":[2.90909,4.72727,3.63636,6.54545],"texture":"#5"},"west":{"uv":[4.72727,3.63636,5.45455,5.45455],"texture":"#5"},"up":{"uv":[7.63636,5.81818,6.90909,5.09091],"texture":"#5"},"down":{"uv":[7.63636,6.18182,6.90909,6.90909],"texture":"#5"}}},{"from":[7.75,13.275,2.75],"to":[8.25,16.275,13.25],"rotation":{"angle":0,"axis":"y","origin":[7.5,13.275,1.75]},"faces":{"east":{"uv":[0,0,3.81818,1.09091],"texture":"#5"},"west":{"uv":[0,1.45455,3.81818,2.54545],"texture":"#5"},"up":{"uv":[6.36364,10,6.18182,6.18182],"texture":"#5"},"down":{"uv":[1.63636,6.90909,1.45455,10.72727],"texture":"#5"}}},{"from":[7.7475,13.525,1.5],"to":[8.2525,16.025,4],"rotation":{"angle":-45,"axis":"x","origin":[7.9975,14.775,2.75]},"faces":{"north":{"uv":[12,3.27273,12.18182,4.18182],"texture":"#5"},"east":{"uv":[0,5.81818,0.90909,6.72727],"texture":"#5"},"south":{"uv":[6.18182,12,6.36364,12.90909],"texture":"#5"},"west":{"uv":[5.81818,1.45455,6.72727,2.36364],"texture":"#5"},"up":{"uv":[7.09091,12.90909,6.90909,12],"texture":"#5"},"down":{"uv":[7.81818,12,7.63636,12.90909],"texture":"#5"}}},{"from":[7.7475,13.525,12],"to":[8.2525,16.025,14.5],"rotation":{"angle":45,"axis":"x","origin":[7.9975,14.775,13.25]},"faces":{"north":{"uv":[6.36364,12,6.18182,12.90909],"texture":"#5"},"east":{"uv":[0.90909,5.81818,0,6.72727],"texture":"#5"},"south":{"uv":[12.18182,3.27273,12,4.18182],"texture":"#5"},"west":{"uv":[6.72727,1.45455,5.81818,2.36364],"texture":"#5"},"up":{"uv":[7.09091,12,6.90909,12.90909],"texture":"#5"},"down":{"uv":[7.81818,12.90909,7.63636,12],"texture":"#5"}}},{"from":[7.985,11.25,0.75],"to":[8.015,15.25,3.75],"rotation":{"angle":-22.5,"axis":"x","origin":[8,12.46553,0.1049]},"faces":{"east":{"uv":[2.90909,2.90909,1.81818,4.36364],"texture":"#5"},"west":{"uv":[1.81818,2.90909,2.90909,4.36364],"texture":"#5"}}},{"from":[7.99,11.09118,-1.26814],"to":[8.01,14.79118,1.73186],"rotation":{"angle":-45,"axis":"x","origin":[8,12.46553,0.1049]},"faces":{"east":{"uv":[4.36364,2.90909,3.27273,4.36364],"texture":"#5"},"west":{"uv":[3.27273,2.90909,4.36364,4.36364],"texture":"#5"}}},{"from":[7.995,8.89401,-2.5697],"to":[8.005,11.89401,0.8553],"rotation":{"angle":22.5,"axis":"x","origin":[8,12.46553,0.1049]},"faces":{"east":{"uv":[5.81818,0,4.36364,1.09091],"texture":"#5"},"west":{"uv":[4.36364,0,5.81818,1.09091],"texture":"#5"}}},{"from":[7.985,11.25,12.25],"to":[8.015,15.25,15.25],"rotation":{"angle":22.5,"axis":"x","origin":[8,12.46553,15.8951]},"faces":{"east":{"uv":[1.81818,2.90909,2.90909,4.36364],"texture":"#5"},"west":{"uv":[2.90909,2.90909,1.81818,4.36364],"texture":"#5"}}},{"from":[7.99,11.09118,14.26814],"to":[8.01,14.79118,17.26814],"rotation":{"angle":45,"axis":"x","origin":[8,12.46553,15.8951]},"faces":{"east":{"uv":[3.27273,2.90909,4.36364,4.36364],"texture":"#5"},"west":{"uv":[4.36364,2.90909,3.27273,4.36364],"texture":"#5"}}},{"from":[7.995,8.89401,15.1447],"to":[8.005,11.89401,18.5697],"rotation":{"angle":-22.5,"axis":"x","origin":[8,12.46553,15.8951]},"faces":{"east":{"uv":[4.36364,0,5.81818,1.09091],"texture":"#5"},"west":{"uv":[5.81818,0,4.36364,1.09091],"texture":"#5"}}},{"from":[7.1,9.5,2.5],"to":[7.13,18.5,7.5],"rotation":{"angle":0,"axis":"y","origin":[0,0,-0.5]},"faces":{"east":{"uv":[12,0,5.33333,12],"texture":"#3"},"west":{"uv":[5.33333,0,12,12],"texture":"#3"}}},{"from":[5.95423,9.5,-1.26016],"to":[5.98423,18.5,2.73984],"rotation":{"angle":22.5,"axis":"y","origin":[5.95423,14,-0.26016]},"faces":{"east":{"uv":[5.33333,0,0,12],"texture":"#3"},"west":{"uv":[0,0,5.33333,12],"texture":"#3"}}},{"from":[7.1,9.5,8.5],"to":[7.13,18.5,13.5],"rotation":{"angle":0,"axis":"y","origin":[0,0,16.5]},"faces":{"east":{"uv":[5.33333,0,12,12],"texture":"#3"},"west":{"uv":[12,0,5.33333,12],"texture":"#3"}}},{"from":[5.95423,9.5,13.26016],"to":[5.98423,18.5,17.26016],"rotation":{"angle":-22.5,"axis":"y","origin":[5.95423,14,16.26016]},"faces":{"east":{"uv":[0,0,5.33333,12],"texture":"#3"},"west":{"uv":[5.33333,0,0,12],"texture":"#3"}}},{"from":[8.87,9.5,2.5],"to":[8.9,18.5,7.5],"rotation":{"angle":0,"axis":"y","origin":[16,0,-0.5]},"faces":{"east":{"uv":[12,0,5.33333,12],"texture":"#3"},"west":{"uv":[5.33333,0,12,12],"texture":"#3"}}},{"from":[10.01577,9.5,-1.26016],"to":[10.04577,18.5,2.73984],"rotation":{"angle":-22.5,"axis":"y","origin":[10.04577,14,-0.26016]},"faces":{"east":{"uv":[5.33333,0,0,12],"texture":"#3"},"west":{"uv":[0,0,5.33333,12],"texture":"#3"}}},{"from":[8.87,9.5,8.5],"to":[8.9,18.5,13.5],"rotation":{"angle":0,"axis":"y","origin":[16,0,16.5]},"faces":{"east":{"uv":[5.33333,0,12,12],"texture":"#3"},"west":{"uv":[12,0,5.33333,12],"texture":"#3"}}},{"from":[10.01577,9.5,13.26016],"to":[10.04577,18.5,17.26016],"rotation":{"angle":22.5,"axis":"y","origin":[10.04577,14,16.26016]},"faces":{"east":{"uv":[0,0,5.33333,12],"texture":"#3"},"west":{"uv":[5.33333,0,0,12],"texture":"#3"}}}],"gui_light":"front","display":{"thirdperson_righthand":{"translation":[0,1.25,1]},"thirdperson_lefthand":{"translation":[0,1.25,1]},"firstperson_righthand":{"rotation":[5,0,0],"translation":[2.75,1.5,0],"scale":[0.8,0.8,0.8]},"firstperson_lefthand":{"rotation":[5,0,0],"translation":[2.75,1.5,0],"scale":[0.8,0.8,0.8]},"ground":{"rotation":[-45,0,0],"translation":[0,5,0],"scale":[0.7,0.7,0.7]},"gui":{"rotation":[-90,45,90],"scale":[0.7,0.7,0.7]},"head":{"rotation":[0,-90,0]},"fixed":{"rotation":[0,-90,0],"translation":[0,0,-1.75],"scale":[2,2,2]}},"groups":[{"name":"pickaxe","origin":[7.985,0.03033,16.17678],"color":0,"children":[0,1,2,3,4,5,6,7,8,9,10,11,12,13,14,15,16,17,18,19,20,21,22,23,24,25,26,27,28,29,30,31,32,33,34,35,36,37,38,39,40,41,42,43,44,45,46,47,48,49,50,51,52,53,54,55,56,57,58,59,60,61,62,63,64,65,66,67,68,69,70,71,72,73,74,75,76,77,78,79,80,81]}],"mcmodels":"8af83585e56d31a6f12bcd24bcfde830"}