{
	"format_version": "1.21.6",
	"credit": "Made with Blockbench",
	"texture_size": [128, 128],
	"textures": {
		"1": "item/crates/pale-garden/pale_garden_animation1",
		"2": "item/crates/pale-garden/pale_garden_texture",
		"particle": "item/crates/pale-garden/pale_garden_texture"
	},
	"elements": [
		{
			"from": [6, 0, 4],
			"to": [10, 4.5, 12],
			"rotation": {"angle": 0, "axis": "y", "origin": [7.5, -5.11142, 9.5625]},
			"faces": {
				"north": {"uv": [1, 3.25, 1.5, 3.8125], "texture": "#2"},
				"east": {"uv": [1, 0.625, 2, 1.1875], "texture": "#2"},
				"south": {"uv": [1, 3.25, 1.5, 3.8125], "texture": "#2"},
				"west": {"uv": [1, 0.625, 2, 1.1875], "texture": "#2"},
				"up": {"uv": [1.5, 2.25, 1, 1.25], "texture": "#2"},
				"down": {"uv": [2, 1.25, 1.5, 2.25], "texture": "#2"}
			}
		},
		{
			"from": [6, 4.6, 13.7],
			"to": [10, 4.6, 17.2],
			"rotation": {"angle": -22.5, "axis": "x", "origin": [8, 4.6, 14.2]},
			"faces": {
				"north": {"uv": [0, 0, 0.5, 0], "texture": "#2"},
				"east": {"uv": [0, 0, 0.4375, 0], "texture": "#2"},
				"south": {"uv": [0, 0, 0.5, 0], "texture": "#2"},
				"west": {"uv": [0, 0, 0.4375, 0], "texture": "#2"},
				"up": {"uv": [4.25, 3.4375, 3.75, 3], "texture": "#2"},
				"down": {"uv": [4.25, 3, 3.75, 3.4375], "texture": "#2"}
			}
		},
		{
			"from": [5.99, 0.5, 10.2],
			"to": [5.99, 4.6, 15.2],
			"rotation": {"angle": -22.5, "axis": "x", "origin": [5.9, 4.6, 12.2]},
			"faces": {
				"north": {"uv": [0, 0, 0, 0.5], "texture": "#2"},
				"east": {"uv": [3.875, 0.5, 3.25, 1.0125], "texture": "#2"},
				"south": {"uv": [0, 0, 0, 0.5], "texture": "#2"},
				"west": {"uv": [3.25, 0.5, 3.875, 1.0125], "texture": "#2"},
				"up": {"uv": [0, 0.625, 0, 0], "texture": "#2"},
				"down": {"uv": [0, 0, 0, 0.625], "texture": "#2"}
			}
		},
		{
			"from": [10.01, 0.5, 10.2],
			"to": [10.01, 4.6, 15.2],
			"rotation": {"angle": -22.5, "axis": "x", "origin": [10.1, 4.6, 12.2]},
			"faces": {
				"north": {"uv": [0, 0, 0, 0.5], "texture": "#2"},
				"east": {"uv": [3.875, 0.5, 3.25, 1.0125], "texture": "#2"},
				"south": {"uv": [0, 0, 0, 0.5], "texture": "#2"},
				"west": {"uv": [3.25, 0.5, 3.875, 1.0125], "texture": "#2"},
				"up": {"uv": [0, 0.625, 0, 0], "texture": "#2"},
				"down": {"uv": [0, 0, 0, 0.625], "texture": "#2"}
			}
		},
		{
			"from": [5.51, -1.4, 5.5],
			"to": [10.49, 2.1, 9],
			"rotation": {"angle": -45, "axis": "x", "origin": [8, 2.1, 9]},
			"faces": {
				"north": {"uv": [3.25, 1, 3.875, 1.4375], "texture": "#2"},
				"east": {"uv": [0.25, 3.875, 0.6875, 4.3125], "texture": "#2"},
				"south": {"uv": [3.25, 1.5, 3.875, 1.9375], "texture": "#2"},
				"west": {"uv": [3.875, 0.5, 4.3125, 0.9375], "texture": "#2"},
				"up": {"uv": [3.875, 2.4375, 3.25, 2], "texture": "#2"},
				"down": {"uv": [3.875, 2.5, 3.25, 2.9375], "texture": "#2"}
			}
		},
		{
			"from": [5.5, -0.5, 6.5],
			"to": [10.5, 5, 11.5],
			"rotation": {"angle": 0, "axis": "y", "origin": [8.5, 2.5, 9.6]},
			"faces": {
				"north": {"uv": [1, 2.5, 1.625, 3.1875], "texture": "#2"},
				"east": {"uv": [2.625, 0, 3.25, 0.6875], "texture": "#2"},
				"south": {"uv": [2.625, 0.75, 3.25, 1.4375], "texture": "#2"},
				"west": {"uv": [2.625, 1.5, 3.25, 2.1875], "texture": "#2"},
				"up": {"uv": [3.25, 2.875, 2.625, 2.25], "texture": "#2"},
				"down": {"uv": [3.25, 2.875, 2.625, 3.5], "texture": "#2"}
			}
		},
		{
			"from": [5.5, 3, 6.51],
			"to": [7, 6, 11.49],
			"rotation": {"angle": 45, "axis": "z", "origin": [5.5, 5, 8.5]},
			"faces": {
				"north": {"uv": [0.875, 4.375, 1.0625, 4.75], "texture": "#2"},
				"east": {"uv": [3, 3.5, 3.625, 3.875], "texture": "#2"},
				"south": {"uv": [1.125, 4.375, 1.3125, 4.75], "texture": "#2"},
				"west": {"uv": [3.625, 3.5, 4.2475, 3.875], "texture": "#2"},
				"up": {"uv": [2.1875, 4.875, 2, 4.25], "texture": "#2"},
				"down": {"uv": [0.1875, 4.375, 0, 5], "texture": "#2"}
			}
		},
		{
			"from": [5.5, 6, 6.5],
			"to": [7, 7.5, 9.5],
			"rotation": {"angle": 45, "axis": "z", "origin": [5.5, 5, 8.5]},
			"faces": {
				"north": {"uv": [4.625, 1.375, 4.8125, 1.5625], "texture": "#2"},
				"east": {"uv": [4.25, 2.25, 4.625, 2.4375], "texture": "#2"},
				"south": {"uv": [4.625, 1.625, 4.8125, 1.8125], "texture": "#2"},
				"west": {"uv": [2.25, 4.375, 2.625, 4.5625], "texture": "#2"},
				"up": {"uv": [1.5625, 4.75, 1.375, 4.375], "texture": "#2"},
				"down": {"uv": [2.8125, 4.375, 2.625, 4.75], "texture": "#2"}
			}
		},
		{
			"from": [9, 3, 6.51],
			"to": [10.5, 6, 11.49],
			"rotation": {"angle": -45, "axis": "z", "origin": [10.5, 5, 8.5]},
			"faces": {
				"north": {"uv": [1.0625, 4.375, 0.875, 4.75], "texture": "#2"},
				"east": {"uv": [4.2475, 3.5, 3.625, 3.875], "texture": "#2"},
				"south": {"uv": [1.3125, 4.375, 1.125, 4.75], "texture": "#2"},
				"west": {"uv": [3.625, 3.5, 3, 3.875], "texture": "#2"},
				"up": {"uv": [2, 4.875, 2.1875, 4.25], "texture": "#2"},
				"down": {"uv": [0, 4.375, 0.1875, 5], "texture": "#2"}
			}
		},
		{
			"from": [9, 6, 6.5],
			"to": [10.5, 7.5, 9.5],
			"rotation": {"angle": -45, "axis": "z", "origin": [10.5, 5, 8.5]},
			"faces": {
				"north": {"uv": [4.8125, 1.375, 4.625, 1.5625], "texture": "#2"},
				"east": {"uv": [2.625, 4.375, 2.25, 4.5625], "texture": "#2"},
				"south": {"uv": [4.8125, 1.625, 4.625, 1.8125], "texture": "#2"},
				"west": {"uv": [4.625, 2.25, 4.25, 2.4375], "texture": "#2"},
				"up": {"uv": [1.375, 4.75, 1.5625, 4.375], "texture": "#2"},
				"down": {"uv": [2.625, 4.375, 2.8125, 4.75], "texture": "#2"}
			}
		},
		{
			"from": [4.99, 2.12886, 9.38744],
			"to": [11.01, 3.82886, 11.08744],
			"rotation": {"angle": -45, "axis": "x", "origin": [8.5, 1.74142, 9]},
			"faces": {
				"north": {"uv": [3.875, 2.5, 4.625, 2.6875], "texture": "#2"},
				"east": {"uv": [4.625, 0.875, 4.8125, 1.0625], "texture": "#2"},
				"south": {"uv": [2.625, 3.875, 3.375, 4.0625], "texture": "#2"},
				"west": {"uv": [4.8125, 0.875, 4.625, 1.0625], "texture": "#2"},
				"up": {"uv": [4.625, 2.9375, 3.875, 2.75], "texture": "#2"},
				"down": {"uv": [4.125, 3.875, 3.375, 4.0625], "texture": "#2"}
			}
		},
		{
			"from": [4.99, -0.32886, 9.38744],
			"to": [11.01, 1.37114, 11.08744],
			"rotation": {"angle": 45, "axis": "x", "origin": [8.5, 1.75858, 9]},
			"faces": {
				"north": {"uv": [4, 0, 4.75, 0.1875], "texture": "#2"},
				"east": {"uv": [4.625, 1.875, 4.8125, 2.0625], "texture": "#2"},
				"south": {"uv": [4, 0.25, 4.75, 0.4375], "texture": "#2"},
				"west": {"uv": [4.8125, 1.875, 4.625, 2.0625], "texture": "#2"},
				"up": {"uv": [3.375, 4.3125, 2.625, 4.125], "texture": "#2"},
				"down": {"uv": [4.125, 4.125, 3.375, 4.3125], "texture": "#2"}
			}
		},
		{
			"from": [5, 0, 7.75],
			"to": [11, 3.5, 10.25],
			"rotation": {"angle": 0, "axis": "y", "origin": [8.5, 1.74142, 9]},
			"faces": {
				"north": {"uv": [0.25, 3, 1, 3.4375], "texture": "#2"},
				"east": {"uv": [4.125, 3.875, 4.4375, 4.3125], "texture": "#2"},
				"south": {"uv": [3.25, 0, 4, 0.4375], "texture": "#2"},
				"west": {"uv": [4.25, 1, 4.5625, 1.4375], "texture": "#2"},
				"up": {"uv": [1, 3.8125, 0.25, 3.5], "texture": "#2"},
				"down": {"uv": [3, 3.5, 2.25, 3.8125], "texture": "#2"}
			}
		},
		{
			"from": [11.5, 4.3, 11.5],
			"to": [4.5, 1.8, 9],
			"rotation": {"angle": -45, "axis": "x", "origin": [14.7, 0.05, 13.25]},
			"faces": {
				"east": {"uv": [15.5, 0.3125, 15.1875, 0], "texture": "#2"},
				"south": {"uv": [16, 0.3125, 15.1875, 0], "texture": "#2"},
				"west": {"uv": [15.5, 0.3125, 15.1875, 0], "texture": "#2"},
				"up": {"uv": [16, 0.3125, 15.1875, 0], "texture": "#2"}
			}
		},
		{
			"from": [11.45, 3.5, 10.75],
			"to": [4.45, 0, 7.25],
			"rotation": {"angle": 0, "axis": "y", "origin": [22.4, 5.24142, 12]},
			"faces": {
				"north": {"uv": [16, 0, 15.1875, 0.4375], "texture": "#2"},
				"east": {"uv": [15.625, 0, 15.1875, 0.4375], "texture": "#2"},
				"south": {"uv": [16, 0, 15.1875, 0.4375], "texture": "#2"},
				"west": {"uv": [15.625, 0, 15.1875, 0.4375], "texture": "#2"}
			}
		},
		{
			"from": [11.5, 1.7, 11.5],
			"to": [4.5, -0.8, 9],
			"rotation": {"angle": 45, "axis": "x", "origin": [14.7, 3.45, 13.25]},
			"faces": {
				"east": {"uv": [15.5, 0, 15.1875, 0.3125], "texture": "#2"},
				"south": {"uv": [16, 0, 15.1875, 0.3125], "texture": "#2"},
				"west": {"uv": [15.5, 0, 15.1875, 0.3125], "texture": "#2"},
				"down": {"uv": [16, 0, 15.1875, 0.3125], "texture": "#2"}
			}
		},
		{
			"from": [6.25, 14.32765, -1.56477],
			"to": [9.75, 18.22765, 2.93523],
			"rotation": {"angle": 45, "axis": "x", "origin": [7.985, 13.11695, 7.22767]},
			"faces": {
				"north": {"uv": [5.75, 7.375, 6.2375, 7.8125], "rotation": 270, "texture": "#2"},
				"east": {"uv": [5.75, 7.375, 6.2375, 6.8125], "rotation": 270, "texture": "#2"},
				"south": {"uv": [5.1875, 7.6875, 5.675, 8.125], "rotation": 270, "texture": "#2"},
				"west": {"uv": [5.75, 6.8125, 6.2375, 7.375], "rotation": 270, "texture": "#2"},
				"up": {"uv": [3.625, 10.125, 4.1875, 10.5625], "rotation": 270, "texture": "#2"},
				"down": {"uv": [4.1875, 10.125, 4.75, 10.5625], "rotation": 270, "texture": "#2"}
			}
		},
		{
			"from": [6.76, 4.5, 7.35],
			"to": [9.24, 13, 10.25],
			"rotation": {"angle": 0, "axis": "y", "origin": [8, 8.25, 9.1]},
			"faces": {
				"north": {"uv": [5.75, 6.5625, 5.4375, 7.625], "texture": "#2"},
				"east": {"uv": [4.75, 6.5625, 5.125, 7.625], "texture": "#2"},
				"south": {"uv": [5.4375, 6.5625, 5.125, 7.625], "texture": "#2"},
				"west": {"uv": [5.125, 6.5625, 4.75, 7.625], "texture": "#2"},
				"up": {"uv": [5.1875, 7.75, 4.875, 8.125], "texture": "#2"},
				"down": {"uv": [5.1875, 7.75, 4.875, 8.125], "texture": "#2"}
			}
		},
		{
			"from": [6.75, 12.1, 6.95],
			"to": [9.25, 19.6, 9.95],
			"rotation": {"angle": -22.5, "axis": "x", "origin": [8, 13.25, 8]},
			"faces": {
				"north": {"uv": [5.75, 5.875, 6.0625, 6.8125], "texture": "#2"},
				"east": {"uv": [6.0625, 4.9375, 5.6875, 5.875], "texture": "#2"},
				"south": {"uv": [6.0625, 4.9375, 6.375, 5.875], "texture": "#2"},
				"west": {"uv": [5.6875, 4.9375, 6.0625, 5.875], "texture": "#2"},
				"up": {"uv": [5.75, 5.875, 6.0625, 6.25], "texture": "#2"},
				"down": {"uv": [5.75, 5.875, 6.0625, 6.25], "texture": "#2"}
			}
		},
		{
			"from": [5.5, -0.5, -0.50711],
			"to": [10.5, 5, 4.99289],
			"rotation": {"angle": -45, "axis": "x", "origin": [9, 2, 2.49289]},
			"faces": {
				"north": {"uv": [5.4375, 8.8125, 6.125, 9.4375], "rotation": 90, "texture": "#2"},
				"east": {"uv": [5.4375, 8.8125, 6.125, 8.125], "rotation": 90, "texture": "#2"},
				"south": {"uv": [5.4375, 9.4375, 6.125, 10.0625], "rotation": 90, "texture": "#2"},
				"west": {"uv": [5.4375, 8.125, 6.125, 8.8125], "rotation": 90, "texture": "#2"},
				"up": {"uv": [6.125, 8.125, 6.8125, 8.75], "rotation": 90, "texture": "#2"},
				"down": {"uv": [6.125, 8.8125, 6.8125, 9.4375], "rotation": 90, "texture": "#2"}
			}
		},
		{
			"from": [6.5, -14.85587, 5.21305],
			"to": [9.5, -10.85587, 9.21305],
			"rotation": {"angle": -22.5, "axis": "x", "origin": [8, -13.26891, 6.8]},
			"faces": {
				"north": {"uv": [0.75, 3.875, 1.125, 4.375], "texture": "#2"},
				"east": {"uv": [3.75, 3, 3.25, 3.5], "texture": "#2"},
				"south": {"uv": [3.875, 1, 4.25, 1.5], "texture": "#2"},
				"west": {"uv": [3.25, 3, 3.75, 3.5], "texture": "#2"},
				"up": {"uv": [1.5, 4.375, 1.125, 3.875], "texture": "#2"},
				"down": {"uv": [4.25, 1.5, 3.875, 2], "texture": "#2"}
			}
		},
		{
			"from": [10, -11.93196, 8.13695],
			"to": [6, -15.43196, 4.63695],
			"rotation": {"angle": -22.5, "axis": "x", "origin": [8, -13.26891, 6.8]},
			"faces": {
				"north": {"uv": [16, 0, 15.5, 0.4375], "texture": "#2"},
				"east": {"uv": [16, 0, 15.5625, 0.4375], "texture": "#2"},
				"south": {"uv": [16, 0, 15.5, 0.4375], "texture": "#2"},
				"west": {"uv": [16, 0, 15.5625, 0.4375], "texture": "#2"},
				"up": {"uv": [16, 0, 15.5, 0.4375], "texture": "#2"},
				"down": {"uv": [16, 0, 15.5, 0.4375], "texture": "#2"}
			}
		},
		{
			"from": [6.71, -2.89022, 8.47925],
			"to": [9.19, -0.89022, 11.47925],
			"rotation": {"angle": 0, "axis": "y", "origin": [-0.05, -6.39022, 25.02925]},
			"faces": {
				"north": {"uv": [3.75, 4.625, 3.4375, 4.875], "texture": "#2"},
				"east": {"uv": [3.0625, 4.625, 3.4375, 4.875], "texture": "#2"},
				"south": {"uv": [3.75, 4.625, 3.4375, 4.875], "texture": "#2"},
				"west": {"uv": [3.4375, 4.625, 3.0625, 4.875], "texture": "#2"},
				"up": {"uv": [3.5625, 4.875, 3.25, 5.25], "texture": "#2"},
				"down": {"uv": [3.5625, 4.875, 3.25, 5.25], "texture": "#2"}
			}
		},
		{
			"from": [6.75, -13.35237, 8.28045],
			"to": [9.25, -4.85237, 11.28045],
			"rotation": {"angle": 22.5, "axis": "x", "origin": [8.05, -5.85237, 8.48045]},
			"faces": {
				"north": {"uv": [2.875, 5.75, 3.1875, 6.8125], "texture": "#2"},
				"east": {"uv": [2.5, 5.75, 2.875, 6.8125], "texture": "#2"},
				"south": {"uv": [2.875, 5.75, 3.1875, 6.8125], "texture": "#2"},
				"west": {"uv": [2.5, 5.75, 2.875, 6.8125], "texture": "#2"},
				"up": {"uv": [2.875, 5.75, 3.1875, 6.125], "texture": "#2"},
				"down": {"uv": [2.875, 5.75, 3.1875, 6.125], "texture": "#2"}
			}
		},
		{
			"from": [6.51, -10.2, 6.6],
			"to": [9.49, -5.2, 10.1],
			"rotation": {"angle": 22.5, "axis": "x", "origin": [8, -9.55, 8.1]},
			"faces": {
				"north": {"uv": [3.5625, 5.5625, 3.1875, 6.1875], "texture": "#2"},
				"east": {"uv": [3.1875, 6.1875, 3.625, 6.8125], "texture": "#2"},
				"south": {"uv": [3.9375, 5.5625, 3.5625, 6.1875], "texture": "#2"},
				"west": {"uv": [3.625, 6.1875, 3.1875, 6.8125], "texture": "#2"},
				"up": {"uv": [3.9375, 4.875, 3.5625, 5.3125], "texture": "#2"},
				"down": {"uv": [3.9375, 4.875, 3.5625, 5.3125], "texture": "#2"}
			}
		},
		{
			"from": [6.5, -6.29649, 8.11243],
			"to": [9.5, -2.29649, 11.61243],
			"rotation": {"angle": 0, "axis": "y", "origin": [8, -6.29649, 11.61243]},
			"faces": {
				"north": {"uv": [4, 6.3125, 3.625, 6.8125], "texture": "#2"},
				"east": {"uv": [3.9375, 5.5625, 4.375, 6.0625], "texture": "#2"},
				"south": {"uv": [4.375, 6.3125, 4, 6.8125], "texture": "#2"},
				"west": {"uv": [4.375, 5.5625, 3.9375, 6.0625], "texture": "#2"},
				"up": {"uv": [4.375, 6.3125, 4, 6.75], "texture": "#2"},
				"down": {"uv": [4.375, 6.3125, 4, 6.75], "texture": "#2"}
			}
		},
		{
			"from": [6.25, -4.29649, 6.71243],
			"to": [9.75, -2.29649, 12.71243],
			"rotation": {"angle": 22.5, "axis": "x", "origin": [7.8, -2.29649, 11.71243]},
			"faces": {
				"north": {"uv": [4.375, 5.3125, 3.9375, 5.5625], "texture": "#2"},
				"east": {"uv": [3.1875, 5.3125, 3.9375, 5.5625], "texture": "#2"},
				"south": {"uv": [4.375, 5.0625, 3.9375, 5.3125], "texture": "#2"},
				"west": {"uv": [3.9375, 5.3125, 3.1875, 5.5625], "texture": "#2"},
				"up": {"uv": [4.8125, 5.0625, 4.375, 5.8125], "texture": "#2"},
				"down": {"uv": [4.8125, 5.8125, 4.375, 6.5625], "texture": "#2"}
			}
		},
		{
			"from": [8, 19.04888, 3.14411],
			"to": [8, 20.04888, 9.64411],
			"rotation": {"angle": -22.5, "axis": "x", "origin": [7.05313, 2.94936, 5.7]},
			"faces": {
				"north": {"uv": [7.5625, 0, 7.6875, 0], "rotation": 90, "texture": "#missing"},
				"east": {"uv": [6.5, 1.0625, 6.375, 0], "rotation": 90, "texture": "#2"},
				"south": {"uv": [7.5625, 0, 7.6875, 0], "rotation": 90, "texture": "#missing"},
				"west": {"uv": [6.375, 1.0625, 6.5, 0], "rotation": 90, "texture": "#2"},
				"up": {"uv": [0, 0, 0.8125, 0], "rotation": 270, "texture": "#missing"},
				"down": {"uv": [0, 0, 0.8125, 0], "rotation": 270, "texture": "#missing"}
			}
		},
		{
			"from": [8.5, 4.5, 9.6],
			"to": [8.5, 13.5, 15.6],
			"rotation": {"angle": -22.5, "axis": "y", "origin": [10.5, 4.5, 12.6]},
			"faces": {
				"north": {"uv": [0, 0, 0, 4], "texture": "#missing"},
				"east": {"uv": [4.8125, 0, 5.5625, 1.125], "texture": "#2"},
				"south": {"uv": [0, 0, 0, 4], "texture": "#missing"},
				"west": {"uv": [5.5625, 0, 4.8125, 1.125], "texture": "#2"},
				"up": {"uv": [0, 4, 0, 0], "texture": "#missing"},
				"down": {"uv": [0, 4, 0, 0], "texture": "#missing"}
			}
		},
		{
			"from": [8.5, 13, 9],
			"to": [8.5, 26, 15],
			"rotation": {"angle": 0, "axis": "y", "origin": [8.5, 19.5, 12]},
			"faces": {
				"north": {"uv": [0, 0, 0, 13], "texture": "#1"},
				"east": {"uv": [10, 0, 16, 13], "texture": "#1"},
				"south": {"uv": [0, 0, 0, 13], "texture": "#1"},
				"west": {"uv": [16, 0, 10, 13], "texture": "#1"},
				"up": {"uv": [0, 0, 0, 6], "texture": "#1"},
				"down": {"uv": [0, 6, 0, 0], "texture": "#1"}
			}
		},
		{
			"from": [8.5, 13, 9],
			"to": [8.5, 26, 15],
			"rotation": {"angle": -22.5, "axis": "y", "origin": [8.5, 19.5, 12]},
			"faces": {
				"north": {"uv": [0, 0, 0, 13], "texture": "#1"},
				"east": {"uv": [10, 0, 16, 13], "texture": "#1"},
				"south": {"uv": [0, 0, 0, 13], "texture": "#1"},
				"west": {"uv": [16, 0, 10, 13], "texture": "#1"},
				"up": {"uv": [0, 0, 0, 6], "texture": "#1"},
				"down": {"uv": [0, 6, 0, 0], "texture": "#1"}
			}
		},
		{
			"from": [7, 4.5, 3],
			"to": [7, 9.5, 9],
			"rotation": {"angle": -45, "axis": "y", "origin": [7, 7, 6]},
			"faces": {
				"north": {"uv": [0, 0, 0, 4], "texture": "#missing"},
				"east": {"uv": [5.5625, 0, 6.3125, 0.625], "texture": "#2"},
				"south": {"uv": [0, 0, 0, 4], "texture": "#missing"},
				"west": {"uv": [6.3125, 0, 5.5625, 0.625], "texture": "#2"},
				"up": {"uv": [0, 4, 0, 0], "texture": "#missing"},
				"down": {"uv": [0, 4, 0, 0], "texture": "#missing"}
			}
		},
		{
			"from": [7, 4.5, 3],
			"to": [7, 9.5, 9],
			"rotation": {"angle": 0, "axis": "y", "origin": [7, 7, 6]},
			"faces": {
				"north": {"uv": [0, 0, 0, 4], "texture": "#missing"},
				"east": {"uv": [5.5625, 0, 6.3125, 0.625], "texture": "#2"},
				"south": {"uv": [0, 0, 0, 4], "texture": "#missing"},
				"west": {"uv": [6.3125, 0, 5.5625, 0.625], "texture": "#2"},
				"up": {"uv": [0, 4, 0, 0], "texture": "#missing"},
				"down": {"uv": [0, 4, 0, 0], "texture": "#missing"}
			}
		},
		{
			"from": [7, 9.5, 3],
			"to": [7, 22.5, 9],
			"rotation": {"angle": 0, "axis": "y", "origin": [5, 9.5, 3]},
			"faces": {
				"north": {"uv": [0, 0, 0, 13], "texture": "#1"},
				"east": {"uv": [6, 0, 0, 13], "texture": "#1"},
				"south": {"uv": [0, 0, 0, 13], "texture": "#1"},
				"west": {"uv": [0, 0, 6, 13], "texture": "#1"},
				"up": {"uv": [0, 6, 0, 0], "texture": "#1"},
				"down": {"uv": [0, 0, 0, 6], "texture": "#1"}
			}
		},
		{
			"from": [7, 9.5, 3],
			"to": [7, 22.5, 9],
			"rotation": {"angle": -22.5, "axis": "y", "origin": [7, 16, 6]},
			"faces": {
				"north": {"uv": [0, 0, 0, 13], "texture": "#1"},
				"east": {"uv": [6, 0, 0, 13], "texture": "#1"},
				"south": {"uv": [0, 0, 0, 13], "texture": "#1"},
				"west": {"uv": [0, 0, 6, 13], "texture": "#1"},
				"up": {"uv": [0, 6, 0, 0], "texture": "#1"},
				"down": {"uv": [0, 0, 0, 6], "texture": "#1"}
			}
		},
		{
			"from": [8, 4.5, 2],
			"to": [8, 18.5, 6.5],
			"rotation": {"angle": 0, "axis": "y", "origin": [7, 7, 4]},
			"faces": {
				"north": {"uv": [0, 0, 0, 2.375], "texture": "#missing"},
				"east": {"uv": [8.125, 0, 7.5625, 1.75], "texture": "#2"},
				"south": {"uv": [0, 0, 0, 2.375], "texture": "#missing"},
				"west": {"uv": [7.5625, 0, 8.125, 1.75], "texture": "#2"},
				"up": {"uv": [0, 0, 0, 0.625], "texture": "#missing"},
				"down": {"uv": [0, 0, 0, 0.625], "texture": "#missing"}
			}
		},
		{
			"from": [7, 15.5, -4.8],
			"to": [9, 18, -2.3],
			"rotation": {"angle": -22.5, "axis": "x", "origin": [8, 16.6, -4.3]},
			"faces": {
				"north": {"uv": [5.125, 9.375, 5.4375, 9.625], "rotation": 90, "texture": "#2"},
				"east": {"uv": [5.125, 9.375, 5.4375, 9.0625], "rotation": 90, "texture": "#2"},
				"south": {"uv": [5.125, 9.375, 5.4375, 9.625], "rotation": 90, "texture": "#2"},
				"west": {"uv": [5.125, 9.0625, 5.4375, 9.375], "rotation": 90, "texture": "#2"},
				"up": {"uv": [5.125, 9.625, 5.4375, 9.875], "rotation": 90, "texture": "#2"},
				"down": {"uv": [5.125, 9.875, 5.4375, 10.125], "rotation": 90, "texture": "#2"}
			}
		},
		{
			"from": [8, 19.3, -6.6],
			"to": [8, 24.8, 0.9],
			"rotation": {"angle": -22.5, "axis": "x", "origin": [7.05313, 5.14936, 12.7]},
			"faces": {
				"north": {"uv": [10.0625, 6.375, 10.6875, 6.375], "rotation": 90, "texture": "#missing"},
				"east": {"uv": [7.5, 0, 6.5625, 0.6875], "texture": "#2"},
				"south": {"uv": [10.0625, 6.375, 10.6875, 6.375], "rotation": 90, "texture": "#missing"},
				"west": {"uv": [6.5625, 0, 7.5, 0.6875], "texture": "#2"},
				"up": {"uv": [2.5, 6.375, 3.1875, 6.375], "rotation": 270, "texture": "#missing"},
				"down": {"uv": [2.5, 6.375, 3.1875, 6.375], "rotation": 270, "texture": "#missing"}
			}
		}
	],
	"gui_light": "front",
	"display": {
		"thirdperson_righthand": {
			"translation": [0, 7.35, 1.5],
			"scale": [1.2, 1.2, 1.2]
		},
		"thirdperson_lefthand": {
			"translation": [0, 7.35, 1.5],
			"scale": [1.2, 1.2, 1.2]
		},
		"firstperson_righthand": {
			"rotation": [-10, 7, 2],
			"translation": [6, 5.75, -4.25],
			"scale": [1.2, 1.2, 1.2]
		},
		"firstperson_lefthand": {
			"rotation": [-10, 7, 2],
			"translation": [6, 5.75, -4.25],
			"scale": [1.2, 1.2, 1.2]
		},
		"ground": {
			"rotation": [0, 0, 90],
			"translation": [-1.75, 9, 0],
			"scale": [1.2, 1.2, 1.2]
		},
		"gui": {
			"rotation": [-90, 45, 90],
			"translation": [-0.75, 2, 0]
		},
		"head": {
			"scale": [0, 0, 0]
		},
		"fixed": {
			"rotation": [-90, -90, -90],
			"translation": [0, 12, -3.5],
			"scale": [2.8, 2.8, 2.8]
		}
	},
	"mcmodels": "18eed7511527b5877c3dcf9394c60948"
}