{"credit":"Made with Blockbench","texture_size":[128,128],"textures":{"1":"item/crates/pale-garden/pale_garden_animation1","2":"item/crates/pale-garden/pale_garden_texture","particle":"item/crates/pale-garden/pale_garden_texture"},"elements":[{"from":[6.5,-12.3,-7],"to":[9.5,-8.3,-3],"rotation":{"angle":-45,"axis":"x","origin":[7.7,2.7,8]},"faces":{"north":{"uv":[0.75,3.875,1.125,4.375],"texture":"#2"},"east":{"uv":[3.75,3,3.25,3.5],"texture":"#2"},"south":{"uv":[3.875,1,4.25,1.5],"texture":"#2"},"west":{"uv":[3.25,3,3.75,3.5],"texture":"#2"},"up":{"uv":[1.5,4.375,1.125,3.875],"texture":"#2"},"down":{"uv":[4.25,1.5,3.875,2],"texture":"#2"}}},{"from":[6.75,-5,6.75],"to":[9.25,-2,9.25],"rotation":{"angle":45,"axis":"y","origin":[8,-3.5,8]},"faces":{"north":{"uv":[4.25,1.5,4.5625,1.875],"texture":"#2"},"east":{"uv":[4.5625,1.875,4.25,2.25],"texture":"#2"},"south":{"uv":[4.25,3,4.5625,3.375],"texture":"#2"},"west":{"uv":[4.25,3.375,4.5625,3.75],"texture":"#2"},"up":{"uv":[0.5625,4.6875,0.25,4.375],"texture":"#2"},"down":{"uv":[4.6875,0.5,4.375,0.8125],"texture":"#2"}}},{"from":[7,-14.5,7],"to":[9,-4,9],"rotation":{"angle":45,"axis":"y","origin":[8,-8,8]},"faces":{"north":{"uv":[1.75,2.5,2,3.8125],"texture":"#2"},"east":{"uv":[2,2.5,1.75,3.8125],"texture":"#2"},"south":{"uv":[0.25,3,0,4.3125],"texture":"#2"},"west":{"uv":[0,3,0.25,4.3125],"texture":"#2"},"up":{"uv":[3.375,4.625,3.125,4.375],"texture":"#2"},"down":{"uv":[3.625,4.375,3.375,4.625],"texture":"#2"}}},{"from":[6,-2,5],"to":[10,2.5,8],"rotation":{"angle":0,"axis":"y","origin":[7.5,-7.11142,10.5625]},"faces":{"north":{"uv":[1,3.25,1.5,3.8125],"texture":"#2"},"east":{"uv":[1.625,0.625,2,1.1875],"texture":"#2"},"south":{"uv":[1,3.25,1.5,3.8125],"texture":"#2"},"west":{"uv":[2,0.625,1.625,1.1875],"texture":"#2"},"up":{"uv":[1.5,2.4375,1,2.0625],"texture":"#2"},"down":{"uv":[2,1.25,1.5,1.625],"texture":"#2"}}},{"from":[6,-2,8],"to":[10,2.5,11],"rotation":{"angle":0,"axis":"y","origin":[7.5,-7.11142,5.4375]},"faces":{"north":{"uv":[1.5,3.25,1,3.8125],"texture":"#2"},"east":{"uv":[2,0.625,1.625,1.1875],"texture":"#2"},"south":{"uv":[1.5,3.25,1,3.8125],"texture":"#2"},"west":{"uv":[1.625,0.625,2,1.1875],"texture":"#2"},"up":{"uv":[1.5,2.0625,1,2.4375],"texture":"#2"},"down":{"uv":[2,1.625,1.5,1.25],"texture":"#2"}}},{"from":[6,2.6,10.7],"to":[10,2.6,14.2],"rotation":{"angle":-22.5,"axis":"x","origin":[8,2.6,11.2]},"faces":{"north":{"uv":[0,0,0.5,0],"texture":"#2"},"east":{"uv":[0,0,0.4375,0],"texture":"#2"},"south":{"uv":[0,0,0.5,0],"texture":"#2"},"west":{"uv":[0,0,0.4375,0],"texture":"#2"},"up":{"uv":[4.25,3.4375,3.75,3],"texture":"#2"},"down":{"uv":[4.25,3,3.75,3.4375],"texture":"#2"}}},{"from":[7.8,19,5.2],"to":[7.8,32,11.2],"rotation":{"angle":22.5,"axis":"y","origin":[7.8,25.5,8.2]},"faces":{"north":{"uv":[0,0,0,13],"texture":"#1"},"east":{"uv":[6,0,0,13],"texture":"#1"},"south":{"uv":[0,0,0,13],"texture":"#1"},"west":{"uv":[0,0,6,13],"texture":"#1"},"up":{"uv":[0,0,0,6],"rotation":180,"texture":"#1"},"down":{"uv":[0,6,0,0],"rotation":180,"texture":"#1"}}},{"from":[7.8,19,5.2],"to":[7.8,32,11.2],"rotation":{"angle":0,"axis":"y","origin":[9.8,19,5.2]},"faces":{"north":{"uv":[0,0,0,13],"texture":"#1"},"east":{"uv":[6,0,0,13],"texture":"#1"},"south":{"uv":[0,0,0,13],"texture":"#1"},"west":{"uv":[0,0,6,13],"texture":"#1"},"up":{"uv":[0,0,0,6],"rotation":180,"texture":"#1"},"down":{"uv":[0,6,0,0],"rotation":180,"texture":"#1"}}},{"from":[8.1,14.5,4.7],"to":[8.1,23.5,10.7],"rotation":{"angle":22.5,"axis":"y","origin":[10.1,14.5,7.7]},"faces":{"north":{"uv":[0,0,0,4],"texture":"#missing"},"east":{"uv":[5.5625,0,4.8125,1.125],"texture":"#2"},"south":{"uv":[0,0,0,4],"texture":"#missing"},"west":{"uv":[4.8125,0,5.5625,1.125],"texture":"#2"},"up":{"uv":[0,4,0,0],"rotation":180,"texture":"#missing"},"down":{"uv":[0,4,0,0],"rotation":180,"texture":"#missing"}}},{"from":[5.99,-1.5,9.2],"to":[5.99,2.6,14.2],"rotation":{"angle":-22.5,"axis":"x","origin":[5.9,2.6,11.2]},"faces":{"north":{"uv":[0,0,0,0.5],"texture":"#2"},"east":{"uv":[3.875,0.5,3.25,1.0125],"texture":"#2"},"south":{"uv":[0,0,0,0.5],"texture":"#2"},"west":{"uv":[3.25,0.5,3.875,1.0125],"texture":"#2"},"up":{"uv":[0,0.625,0,0],"texture":"#2"},"down":{"uv":[0,0,0,0.625],"texture":"#2"}}},{"from":[10.01,-1.5,9.2],"to":[10.01,2.6,14.2],"rotation":{"angle":-22.5,"axis":"x","origin":[10.1,2.6,11.2]},"faces":{"north":{"uv":[0,0,0,0.5],"texture":"#2"},"east":{"uv":[3.875,0.5,3.25,1.0125],"texture":"#2"},"south":{"uv":[0,0,0,0.5],"texture":"#2"},"west":{"uv":[3.25,0.5,3.875,1.0125],"texture":"#2"},"up":{"uv":[0,0.625,0,0],"texture":"#2"},"down":{"uv":[0,0,0,0.625],"texture":"#2"}}},{"from":[10.01,-1.5,1.8],"to":[10.01,2.6,6.8],"rotation":{"angle":22.5,"axis":"x","origin":[10.1,2.6,4.8]},"faces":{"north":{"uv":[0,0,0,0.5],"texture":"#2"},"east":{"uv":[3.25,0.5,3.875,1.0125],"texture":"#2"},"south":{"uv":[0,0,0,0.5],"texture":"#2"},"west":{"uv":[3.875,0.5,3.25,1.0125],"texture":"#2"},"up":{"uv":[0,0,0,0.625],"texture":"#2"},"down":{"uv":[0,0.625,0,0],"texture":"#2"}}},{"from":[6,2.6,1.8],"to":[10,2.6,5.3],"rotation":{"angle":22.5,"axis":"x","origin":[8,2.6,4.8]},"faces":{"north":{"uv":[0.5,0,0,0],"texture":"#2"},"east":{"uv":[0.4375,0,0,0],"texture":"#2"},"south":{"uv":[0.5,0,0,0],"texture":"#2"},"west":{"uv":[0.4375,0,0,0],"texture":"#2"},"up":{"uv":[4.25,3,3.75,3.4375],"texture":"#2"},"down":{"uv":[4.25,3.4375,3.75,3],"texture":"#2"}}},{"from":[5.99,-1.5,1.8],"to":[5.99,2.6,6.8],"rotation":{"angle":22.5,"axis":"x","origin":[5.9,2.6,4.8]},"faces":{"north":{"uv":[0,0,0,0.5],"texture":"#2"},"east":{"uv":[3.25,0.5,3.875,1.0125],"texture":"#2"},"south":{"uv":[0,0,0,0.5],"texture":"#2"},"west":{"uv":[3.875,0.5,3.25,1.0125],"texture":"#2"},"up":{"uv":[0,0,0,0.625],"texture":"#2"},"down":{"uv":[0,0.625,0,0],"texture":"#2"}}},{"from":[5.51,-3.4,4.5],"to":[10.49,0.1,8],"rotation":{"angle":-45,"axis":"x","origin":[8,0.1,8]},"faces":{"north":{"uv":[3.25,1,3.875,1.4375],"texture":"#2"},"east":{"uv":[0.25,3.875,0.6875,4.3125],"texture":"#2"},"south":{"uv":[3.25,1.5,3.875,1.9375],"texture":"#2"},"west":{"uv":[3.875,0.5,4.3125,0.9375],"texture":"#2"},"up":{"uv":[3.875,2.4375,3.25,2],"texture":"#2"},"down":{"uv":[3.875,2.5,3.25,2.9375],"texture":"#2"}}},{"from":[5.5,-2.5,5.5],"to":[10.5,3,10.5],"rotation":{"angle":0,"axis":"y","origin":[8.5,0.5,8.6]},"faces":{"north":{"uv":[1,2.5,1.625,3.1875],"texture":"#2"},"east":{"uv":[2.625,0,3.25,0.6875],"texture":"#2"},"south":{"uv":[2.625,0.75,3.25,1.4375],"texture":"#2"},"west":{"uv":[2.625,1.5,3.25,2.1875],"texture":"#2"},"up":{"uv":[3.25,2.875,2.625,2.25],"texture":"#2"},"down":{"uv":[3.25,2.875,2.625,3.5],"texture":"#2"}}},{"from":[5.5,1,5.51],"to":[7,4,10.49],"rotation":{"angle":45,"axis":"z","origin":[5.5,3,7.5]},"faces":{"north":{"uv":[0.875,4.375,1.0625,4.75],"texture":"#2"},"east":{"uv":[3,3.5,3.625,3.875],"texture":"#2"},"south":{"uv":[1.125,4.375,1.3125,4.75],"texture":"#2"},"west":{"uv":[3.625,3.5,4.2475,3.875],"texture":"#2"},"up":{"uv":[2.1875,4.875,2,4.25],"texture":"#2"},"down":{"uv":[0.1875,4.375,0,5],"texture":"#2"}}},{"from":[5.5,4,5.5],"to":[7,5.5,8.5],"rotation":{"angle":45,"axis":"z","origin":[5.5,3,7.5]},"faces":{"north":{"uv":[4.625,1.375,4.8125,1.5625],"texture":"#2"},"east":{"uv":[4.25,2.25,4.625,2.4375],"texture":"#2"},"south":{"uv":[4.625,1.625,4.8125,1.8125],"texture":"#2"},"west":{"uv":[2.25,4.375,2.625,4.5625],"texture":"#2"},"up":{"uv":[1.5625,4.75,1.375,4.375],"texture":"#2"},"down":{"uv":[2.8125,4.375,2.625,4.75],"texture":"#2"}}},{"from":[9,1,5.51],"to":[10.5,4,10.49],"rotation":{"angle":-45,"axis":"z","origin":[10.5,3,7.5]},"faces":{"north":{"uv":[1.0625,4.375,0.875,4.75],"texture":"#2"},"east":{"uv":[4.2475,3.5,3.625,3.875],"texture":"#2"},"south":{"uv":[1.3125,4.375,1.125,4.75],"texture":"#2"},"west":{"uv":[3.625,3.5,3,3.875],"texture":"#2"},"up":{"uv":[2,4.875,2.1875,4.25],"texture":"#2"},"down":{"uv":[0,4.375,0.1875,5],"texture":"#2"}}},{"from":[9,4,5.5],"to":[10.5,5.5,8.5],"rotation":{"angle":-45,"axis":"z","origin":[10.5,3,7.5]},"faces":{"north":{"uv":[4.8125,1.375,4.625,1.5625],"texture":"#2"},"east":{"uv":[2.625,4.375,2.25,4.5625],"texture":"#2"},"south":{"uv":[4.8125,1.625,4.625,1.8125],"texture":"#2"},"west":{"uv":[4.625,2.25,4.25,2.4375],"texture":"#2"},"up":{"uv":[1.375,4.75,1.5625,4.375],"texture":"#2"},"down":{"uv":[2.625,4.375,2.8125,4.75],"texture":"#2"}}},{"from":[4.99,0.12886,8.38744],"to":[11.01,1.82886,10.08744],"rotation":{"angle":-45,"axis":"x","origin":[8.5,-0.25858,8]},"faces":{"north":{"uv":[3.875,2.5,4.625,2.6875],"texture":"#2"},"east":{"uv":[4.625,0.875,4.8125,1.0625],"texture":"#2"},"south":{"uv":[2.625,3.875,3.375,4.0625],"texture":"#2"},"west":{"uv":[4.8125,0.875,4.625,1.0625],"texture":"#2"},"up":{"uv":[4.625,2.9375,3.875,2.75],"texture":"#2"},"down":{"uv":[4.125,3.875,3.375,4.0625],"texture":"#2"}}},{"from":[4.99,-2.32886,8.38744],"to":[11.01,-0.62886,10.08744],"rotation":{"angle":45,"axis":"x","origin":[8.5,-0.24142,8]},"faces":{"north":{"uv":[4,0,4.75,0.1875],"texture":"#2"},"east":{"uv":[4.625,1.875,4.8125,2.0625],"texture":"#2"},"south":{"uv":[4,0.25,4.75,0.4375],"texture":"#2"},"west":{"uv":[4.8125,1.875,4.625,2.0625],"texture":"#2"},"up":{"uv":[3.375,4.3125,2.625,4.125],"texture":"#2"},"down":{"uv":[4.125,4.125,3.375,4.3125],"texture":"#2"}}},{"from":[5,-2,6.75],"to":[11,1.5,9.25],"rotation":{"angle":0,"axis":"y","origin":[8.5,-0.25858,8]},"faces":{"north":{"uv":[0.25,3,1,3.4375],"texture":"#2"},"east":{"uv":[4.125,3.875,4.4375,4.3125],"texture":"#2"},"south":{"uv":[3.25,0,4,0.4375],"texture":"#2"},"west":{"uv":[4.25,1,4.5625,1.4375],"texture":"#2"},"up":{"uv":[1,3.8125,0.25,3.5],"texture":"#2"},"down":{"uv":[3,3.5,2.25,3.8125],"texture":"#2"}}},{"from":[10,-6.58922,-10.80421],"to":[6,-10.08922,-14.30421],"rotation":{"angle":-45,"axis":"x","origin":[13.7,12.21499,8]},"faces":{"north":{"uv":[16,0,15.5,0.4375],"texture":"#2"},"east":{"uv":[16,0,15.5625,0.4375],"texture":"#2"},"south":{"uv":[16,0,15.5,0.4375],"texture":"#2"},"west":{"uv":[16,0,15.5625,0.4375],"texture":"#2"},"up":{"uv":[16,0,15.5,0.4375],"texture":"#2"},"down":{"uv":[16,0,15.5,0.4375],"texture":"#2"}}},{"from":[11.5,2.3,10.5],"to":[4.5,-0.2,8],"rotation":{"angle":-45,"axis":"x","origin":[14.7,-1.95,12.25]},"faces":{"east":{"uv":[15.5,0.3125,15.1875,0],"texture":"#2"},"south":{"uv":[16,0.3125,15.1875,0],"texture":"#2"},"west":{"uv":[15.5,0.3125,15.1875,0],"texture":"#2"},"up":{"uv":[16,0.3125,15.1875,0],"texture":"#2"}}},{"from":[11.45,1.5,9.75],"to":[4.45,-2,6.25],"rotation":{"angle":0,"axis":"y","origin":[22.4,3.24142,11]},"faces":{"north":{"uv":[16,0,15.1875,0.4375],"texture":"#2"},"east":{"uv":[15.625,0,15.1875,0.4375],"texture":"#2"},"south":{"uv":[16,0,15.1875,0.4375],"texture":"#2"},"west":{"uv":[15.625,0,15.1875,0.4375],"texture":"#2"}}},{"from":[11.5,-0.3,10.5],"to":[4.5,-2.8,8],"rotation":{"angle":45,"axis":"x","origin":[14.7,1.45,12.25]},"faces":{"east":{"uv":[15.5,0,15.1875,0.3125],"texture":"#2"},"south":{"uv":[16,0,15.1875,0.3125],"texture":"#2"},"west":{"uv":[15.5,0,15.1875,0.3125],"texture":"#2"},"down":{"uv":[16,0,15.1875,0.3125],"texture":"#2"}}},{"from":[7.5,11,4],"to":[8.5,14.5,7],"rotation":{"angle":0,"axis":"y","origin":[-0.2,-3.5,1.1]},"faces":{"north":{"uv":[8.0625,4.8125,8.1875,5.25],"texture":"#2"},"east":{"uv":[8.0625,4.8125,7.6875,5.25],"texture":"#2"},"south":{"uv":[8.0625,4.8125,8.1875,5.25],"texture":"#2"},"west":{"uv":[7.6875,4.8125,8.0625,5.25],"texture":"#2"},"up":{"uv":[8.1875,4.8125,8.3125,5.1875],"texture":"#2"},"down":{"uv":[8.1875,5.1875,8.3125,4.8125],"texture":"#2"}}},{"from":[7.51,11.75,2.9],"to":[8.49,14.25,5.4],"rotation":{"angle":-45,"axis":"x","origin":[8,12.75,4.4]},"faces":{"north":{"uv":[7.6875,5.5625,8,5.685],"rotation":90,"texture":"#2"},"east":{"uv":[7.6875,5.5625,8,5.25],"rotation":90,"texture":"#2"},"south":{"uv":[7.6875,5.5625,8,5.685],"rotation":90,"texture":"#2"},"west":{"uv":[7.6875,5.25,8,5.5625],"rotation":90,"texture":"#2"},"up":{"uv":[7.6875,5.6875,8,5.81],"rotation":90,"texture":"#2"},"down":{"uv":[8.0625,2.625,8.375,2.7475],"rotation":90,"texture":"#missing"}}},{"from":[7.51,8.1,3.4],"to":[8.49,9.5,4.8],"rotation":{"angle":45,"axis":"x","origin":[8,9,4.3]},"faces":{"north":{"uv":[8.31,5.1875,8.1875,5.3625],"texture":"#2"},"east":{"uv":[8,5.25,8.175,5.425],"texture":"#2"},"south":{"uv":[8.31,5.1875,8.1875,5.3625],"texture":"#2"},"west":{"uv":[8.175,5.25,8,5.425],"texture":"#2"},"up":{"uv":[6.8725,5.3125,6.75,5.4875],"texture":"#2"},"down":{"uv":[6.8725,5.3125,6.75,5.4875],"texture":"#2"}}},{"from":[7.5,8,4],"to":[8.5,10,7],"rotation":{"angle":0,"axis":"y","origin":[-0.2,-9,1.1]},"faces":{"north":{"uv":[7.375,5.9375,7.25,6.1875],"texture":"#2"},"east":{"uv":[6.875,5.9375,7.25,6.1875],"texture":"#2"},"south":{"uv":[7.375,5.9375,7.25,6.1875],"texture":"#2"},"west":{"uv":[7.25,5.9375,6.875,6.1875],"texture":"#2"},"up":{"uv":[6.875,4.9375,6.75,5.3125],"texture":"#2"},"down":{"uv":[6.875,5.3125,6.75,4.9375],"texture":"#2"}}},{"from":[7,6,7],"to":[9,15.5,9],"rotation":{"angle":45,"axis":"y","origin":[8,14.875,8]},"faces":{"north":{"uv":[7.125,4.75,7.375,5.9375],"texture":"#2"},"east":{"uv":[7.375,4.75,7.125,5.9375],"texture":"#2"},"south":{"uv":[7.125,4.75,6.875,5.9375],"texture":"#2"},"west":{"uv":[6.875,4.75,7.125,5.9375],"texture":"#2"},"up":{"uv":[7.375,4.75,7.625,5],"texture":"#2"},"down":{"uv":[7.375,4.75,7.625,5],"texture":"#2"}}},{"from":[6.75,3,6.75],"to":[9.25,6,9.25],"rotation":{"angle":45,"axis":"y","origin":[8,0,8]},"faces":{"north":{"uv":[7.6875,5.75,7.375,5.375],"texture":"#2"},"east":{"uv":[7.375,5.75,7.6875,5.375],"texture":"#2"},"south":{"uv":[7.375,5.375,7.6875,5],"texture":"#2"},"west":{"uv":[7.6875,5.375,7.375,5],"texture":"#2"},"up":{"uv":[7.6875,6.0625,7.375,5.75],"texture":"#2"},"down":{"uv":[7.6875,6.0625,7.375,5.75],"texture":"#2"}}}],"gui_light":"front","display":{"thirdperson_righthand":{"translation":[0,7.5,1.5],"scale":[0.55,0.55,0.55]},"thirdperson_lefthand":{"translation":[0,7.5,1.5],"scale":[0.55,0.55,0.55]},"firstperson_righthand":{"rotation":[-10,7,2],"translation":[5,5.5,-4.25],"scale":[0.51992,0.51992,0.51992]},"firstperson_lefthand":{"rotation":[-10,7,2],"translation":[5,5.5,-4.25],"scale":[0.51992,0.51992,0.51992]},"ground":{"rotation":[0,0,90],"translation":[-3.75,9,0],"scale":[0.5,0.5,0.5]},"gui":{"rotation":[-90,-90,90],"translation":[0.25,-2.5,0],"scale":[0.375,0.375,0.375]},"head":{"scale":[0,0,0]},"fixed":{"rotation":[-90,-90,-90],"translation":[0,12,-3.5],"scale":[1.4,1.4,1.4]}},"mcmodels":"18eed7511527b5877c3dcf9394c60948"}