{"credit":"Made with Blockbench","texture_size":[128,128],"textures":{"1":"item/crates/pale-garden/pale_garden_animation1","2":"item/crates/pale-garden/pale_garden_texture","particle":"item/crates/pale-garden/pale_garden_texture"},"elements":[{"from":[6.5,-12.3,-7],"to":[9.5,-8.3,-3],"rotation":{"angle":-45,"axis":"x","origin":[7.7,2.7,8]},"faces":{"north":{"uv":[0.75,3.875,1.125,4.375],"texture":"#2"},"east":{"uv":[3.75,3,3.25,3.5],"texture":"#2"},"south":{"uv":[3.875,1,4.25,1.5],"texture":"#2"},"west":{"uv":[3.25,3,3.75,3.5],"texture":"#2"},"up":{"uv":[1.5,4.375,1.125,3.875],"texture":"#2"},"down":{"uv":[4.25,1.5,3.875,2],"texture":"#2"}}},{"from":[10,-6.58922,-10.80421],"to":[6,-10.08922,-14.30421],"rotation":{"angle":-45,"axis":"x","origin":[13.7,12.21499,8]},"faces":{"north":{"uv":[16,0,15.5,0.4375],"texture":"#2"},"east":{"uv":[16,0,15.5625,0.4375],"texture":"#2"},"south":{"uv":[16,0,15.5,0.4375],"texture":"#2"},"west":{"uv":[16,0,15.5625,0.4375],"texture":"#2"},"up":{"uv":[16,0,15.5,0.4375],"texture":"#2"},"down":{"uv":[16,0,15.5,0.4375],"texture":"#2"}}},{"from":[5,2.59,5],"to":[11,20.09,11],"rotation":{"angle":45,"axis":"y","origin":[8,11.35,8]},"faces":{"north":{"uv":[0.75,13.8125,1.5,16],"texture":"#2"},"east":{"uv":[1.5,13.8125,0.75,16],"texture":"#2"},"south":{"uv":[0.75,13.8125,0,16],"texture":"#2"},"west":{"uv":[0,13.8125,0.75,16],"texture":"#2"},"up":{"uv":[1.5,15.25,2.25,16],"texture":"#2"},"down":{"uv":[1.5,14.5,2.25,15.25],"texture":"#2"}}},{"from":[6.75,15.85,3.8],"to":[9.25,19.35,7.3],"rotation":{"angle":-45,"axis":"x","origin":[8,16.35,6.8]},"faces":{"north":{"uv":[4.5,10.5625,4.0625,10.875],"rotation":270,"texture":"#2"},"east":{"uv":[1.9375,14.5,1.5,14.0625],"rotation":90,"texture":"#2"},"south":{"uv":[4.5,10.5625,4.0625,10.875],"rotation":270,"texture":"#2"},"west":{"uv":[1.9375,14.0625,1.5,14.5],"rotation":90,"texture":"#2"},"up":{"uv":[4.0625,10.5625,3.625,10.875],"rotation":270,"texture":"#2"},"down":{"uv":[4.0625,10.5625,3.625,10.875],"rotation":270,"texture":"#2"}}},{"from":[6.75,10.85,3.8],"to":[9.25,14.35,7.3],"rotation":{"angle":-45,"axis":"x","origin":[8,11.35,6.8]},"faces":{"north":{"uv":[4.5,10.5625,4.0625,10.875],"rotation":270,"texture":"#2"},"east":{"uv":[1.9375,14.5,1.5,14.0625],"rotation":90,"texture":"#2"},"south":{"uv":[4.5,10.5625,4.0625,10.875],"rotation":270,"texture":"#2"},"west":{"uv":[1.9375,14.0625,1.5,14.5],"rotation":90,"texture":"#2"},"up":{"uv":[4.0625,10.5625,3.625,10.875],"rotation":270,"texture":"#2"},"down":{"uv":[4.0625,10.5625,3.625,10.875],"rotation":270,"texture":"#2"}}},{"from":[6.75,5.85,3.8],"to":[9.25,9.35,7.3],"rotation":{"angle":-45,"axis":"x","origin":[8,6.35,6.8]},"faces":{"north":{"uv":[4.5,10.5625,4.0625,10.875],"rotation":270,"texture":"#2"},"east":{"uv":[1.9375,14.5,1.5,14.0625],"rotation":90,"texture":"#2"},"south":{"uv":[4.5,10.5625,4.0625,10.875],"rotation":270,"texture":"#2"},"west":{"uv":[1.9375,14.0625,1.5,14.5],"rotation":90,"texture":"#2"},"up":{"uv":[4.0625,10.5625,3.625,10.875],"rotation":270,"texture":"#2"},"down":{"uv":[4.0625,10.5625,3.625,10.875],"rotation":270,"texture":"#2"}}},{"from":[6.75,15.85,8.7],"to":[9.25,19.35,12.2],"rotation":{"angle":45,"axis":"x","origin":[8,16.35,9.2]},"faces":{"north":{"uv":[4.5,10.875,4.0625,10.5625],"rotation":270,"texture":"#2"},"east":{"uv":[1.9375,14.0625,1.5,14.5],"rotation":90,"texture":"#2"},"south":{"uv":[4.5,10.875,4.0625,10.5625],"rotation":270,"texture":"#2"},"west":{"uv":[1.9375,14.5,1.5,14.0625],"rotation":90,"texture":"#2"},"up":{"uv":[3.625,10.5625,4.0625,10.875],"rotation":270,"texture":"#2"},"down":{"uv":[3.625,10.5625,4.0625,10.875],"rotation":270,"texture":"#2"}}},{"from":[6.75,10.85,8.7],"to":[9.25,14.35,12.2],"rotation":{"angle":45,"axis":"x","origin":[8,11.35,9.2]},"faces":{"north":{"uv":[4.5,10.875,4.0625,10.5625],"rotation":270,"texture":"#2"},"east":{"uv":[1.9375,14.0625,1.5,14.5],"rotation":90,"texture":"#2"},"south":{"uv":[4.5,10.875,4.0625,10.5625],"rotation":270,"texture":"#2"},"west":{"uv":[1.9375,14.5,1.5,14.0625],"rotation":90,"texture":"#2"},"up":{"uv":[3.625,10.5625,4.0625,10.875],"rotation":270,"texture":"#2"},"down":{"uv":[3.625,10.5625,4.0625,10.875],"rotation":270,"texture":"#2"}}},{"from":[6.75,5.85,8.7],"to":[9.25,9.35,12.2],"rotation":{"angle":45,"axis":"x","origin":[8,6.35,9.2]},"faces":{"north":{"uv":[4.5,10.875,4.0625,10.5625],"rotation":270,"texture":"#2"},"east":{"uv":[1.9375,14.0625,1.5,14.5],"rotation":90,"texture":"#2"},"south":{"uv":[4.5,10.875,4.0625,10.5625],"rotation":270,"texture":"#2"},"west":{"uv":[1.9375,14.5,1.5,14.0625],"rotation":90,"texture":"#2"},"up":{"uv":[3.625,10.5625,4.0625,10.875],"rotation":270,"texture":"#2"},"down":{"uv":[3.625,10.5625,4.0625,10.875],"rotation":270,"texture":"#2"}}},{"from":[7.68701,15.23406,6.75],"to":[11.18701,18.73406,9.25],"rotation":{"angle":45,"axis":"z","origin":[8,11.35,8]},"faces":{"north":{"uv":[1.9375,14.5,1.5,14.0625],"rotation":90,"texture":"#2"},"east":{"uv":[4.5,10.875,4.0625,10.5625],"rotation":270,"texture":"#2"},"south":{"uv":[1.9375,14.0625,1.5,14.5],"rotation":90,"texture":"#2"},"west":{"uv":[4.5,10.875,4.0625,10.5625],"rotation":270,"texture":"#2"},"up":{"uv":[3.625,10.5625,4.0625,10.875],"texture":"#2"},"down":{"uv":[3.625,10.5625,4.0625,10.875],"rotation":180,"texture":"#2"}}},{"from":[4.15147,11.69853,6.75],"to":[7.65147,15.19853,9.25],"rotation":{"angle":45,"axis":"z","origin":[8,11.35,8]},"faces":{"north":{"uv":[1.9375,14.5,1.5,14.0625],"rotation":90,"texture":"#2"},"east":{"uv":[4.5,10.875,4.0625,10.5625],"rotation":270,"texture":"#2"},"south":{"uv":[1.9375,14.0625,1.5,14.5],"rotation":90,"texture":"#2"},"west":{"uv":[4.5,10.875,4.0625,10.5625],"rotation":270,"texture":"#2"},"up":{"uv":[3.625,10.5625,4.0625,10.875],"texture":"#2"},"down":{"uv":[3.625,10.5625,4.0625,10.875],"rotation":180,"texture":"#2"}}},{"from":[0.61594,8.16299,6.75],"to":[4.11594,11.66299,9.25],"rotation":{"angle":45,"axis":"z","origin":[8,11.35,8]},"faces":{"north":{"uv":[1.9375,14.5,1.5,14.0625],"rotation":90,"texture":"#2"},"east":{"uv":[4.5,10.875,4.0625,10.5625],"rotation":270,"texture":"#2"},"south":{"uv":[1.9375,14.0625,1.5,14.5],"rotation":90,"texture":"#2"},"west":{"uv":[4.5,10.875,4.0625,10.5625],"rotation":270,"texture":"#2"},"up":{"uv":[3.625,10.5625,4.0625,10.875],"texture":"#2"},"down":{"uv":[3.625,10.5625,4.0625,10.875],"rotation":180,"texture":"#2"}}},{"from":[4.81299,15.23406,6.75],"to":[8.31299,18.73406,9.25],"rotation":{"angle":-45,"axis":"z","origin":[8,11.35,8]},"faces":{"north":{"uv":[1.9375,14.0625,1.5,14.5],"rotation":90,"texture":"#2"},"east":{"uv":[4.5,10.5625,4.0625,10.875],"rotation":270,"texture":"#2"},"south":{"uv":[1.9375,14.5,1.5,14.0625],"rotation":90,"texture":"#2"},"west":{"uv":[4.5,10.5625,4.0625,10.875],"rotation":270,"texture":"#2"},"up":{"uv":[4.0625,10.5625,3.625,10.875],"texture":"#2"},"down":{"uv":[4.0625,10.5625,3.625,10.875],"rotation":180,"texture":"#2"}}},{"from":[8.34853,11.69853,6.75],"to":[11.84853,15.19853,9.25],"rotation":{"angle":-45,"axis":"z","origin":[8,11.35,8]},"faces":{"north":{"uv":[1.9375,14.0625,1.5,14.5],"rotation":90,"texture":"#2"},"east":{"uv":[4.5,10.5625,4.0625,10.875],"rotation":270,"texture":"#2"},"south":{"uv":[1.9375,14.5,1.5,14.0625],"rotation":90,"texture":"#2"},"west":{"uv":[4.5,10.5625,4.0625,10.875],"rotation":270,"texture":"#2"},"up":{"uv":[4.0625,10.5625,3.625,10.875],"texture":"#2"},"down":{"uv":[4.0625,10.5625,3.625,10.875],"rotation":180,"texture":"#2"}}},{"from":[11.88406,8.16299,6.75],"to":[15.38406,11.66299,9.25],"rotation":{"angle":-45,"axis":"z","origin":[8,11.35,8]},"faces":{"north":{"uv":[1.9375,14.0625,1.5,14.5],"rotation":90,"texture":"#2"},"east":{"uv":[4.5,10.5625,4.0625,10.875],"rotation":270,"texture":"#2"},"south":{"uv":[1.9375,14.5,1.5,14.0625],"rotation":90,"texture":"#2"},"west":{"uv":[4.5,10.5625,4.0625,10.875],"rotation":270,"texture":"#2"},"up":{"uv":[4.0625,10.5625,3.625,10.875],"texture":"#2"},"down":{"uv":[4.0625,10.5625,3.625,10.875],"rotation":180,"texture":"#2"}}},{"from":[7,-15.5,7],"to":[9,1,9],"rotation":{"angle":45,"axis":"y","origin":[8,-9,8]},"faces":{"north":{"uv":[0.25,6.9375,0.5,9],"texture":"#2"},"east":{"uv":[0.5,6.9375,0.25,9],"texture":"#2"},"south":{"uv":[0.25,6.9375,0,9],"texture":"#2"},"west":{"uv":[0,6.9375,0.25,9],"texture":"#2"},"up":{"uv":[3.375,4.625,3.125,4.375],"texture":"#2"},"down":{"uv":[3.625,4.375,3.375,4.625],"texture":"#2"}}},{"from":[9,17,11],"to":[9,30,17],"rotation":{"angle":0,"axis":"y","origin":[9,23.5,14]},"faces":{"north":{"uv":[0,0,0,13],"texture":"#1"},"east":{"uv":[10,0,16,13],"texture":"#1"},"south":{"uv":[0,0,0,13],"texture":"#1"},"west":{"uv":[16,0,10,13],"texture":"#1"},"up":{"uv":[0,0,0,6],"texture":"#1"},"down":{"uv":[0,6,0,0],"texture":"#1"}}},{"from":[9,17,11],"to":[9,30,17],"rotation":{"angle":22.5,"axis":"y","origin":[9,23.5,14]},"faces":{"north":{"uv":[0,0,0,13],"texture":"#1"},"east":{"uv":[10,0,16,13],"texture":"#1"},"south":{"uv":[0,0,0,13],"texture":"#1"},"west":{"uv":[16,0,10,13],"texture":"#1"},"up":{"uv":[0,0,0,6],"texture":"#1"},"down":{"uv":[0,6,0,0],"texture":"#1"}}},{"from":[9,10.5,8],"to":[9,19.5,14],"rotation":{"angle":22.5,"axis":"x","origin":[7,10.5,11]},"faces":{"north":{"uv":[0,0,0,4],"texture":"#missing"},"east":{"uv":[5.5625,0,4.8125,1.125],"texture":"#2"},"south":{"uv":[0,0,0,4],"texture":"#missing"},"west":{"uv":[4.8125,0,5.5625,1.125],"texture":"#2"},"up":{"uv":[0,4,0,0],"texture":"#missing"},"down":{"uv":[0,4,0,0],"texture":"#missing"}}},{"from":[7,5.5,2],"to":[7,14.5,8],"rotation":{"angle":-22.5,"axis":"x","origin":[5,5.5,5]},"faces":{"north":{"uv":[0,0,0,4],"texture":"#missing"},"east":{"uv":[4.8125,0,5.5625,1.125],"texture":"#2"},"south":{"uv":[0,0,0,4],"texture":"#missing"},"west":{"uv":[5.5625,0,4.8125,1.125],"texture":"#2"},"up":{"uv":[0,0,0,4],"texture":"#missing"},"down":{"uv":[0,0,0,4],"texture":"#missing"}}},{"from":[7,19,4],"to":[7,24,10],"rotation":{"angle":-45,"axis":"y","origin":[7,21.5,7]},"faces":{"north":{"uv":[0,0,0,4],"texture":"#missing"},"east":{"uv":[5.5625,0,6.3125,0.625],"texture":"#2"},"south":{"uv":[0,0,0,4],"texture":"#missing"},"west":{"uv":[6.3125,0,5.5625,0.625],"texture":"#2"},"up":{"uv":[0,4,0,0],"texture":"#missing"},"down":{"uv":[0,4,0,0],"texture":"#missing"}}},{"from":[7,19,4],"to":[7,24,10],"rotation":{"angle":0,"axis":"y","origin":[7,21.5,7]},"faces":{"north":{"uv":[0,0,0,4],"texture":"#missing"},"east":{"uv":[5.5625,0,6.3125,0.625],"texture":"#2"},"south":{"uv":[0,0,0,4],"texture":"#missing"},"west":{"uv":[6.3125,0,5.5625,0.625],"texture":"#2"},"up":{"uv":[0,4,0,0],"texture":"#missing"},"down":{"uv":[0,4,0,0],"texture":"#missing"}}},{"from":[7,11,-1],"to":[7,24,5],"rotation":{"angle":-22.5,"axis":"y","origin":[7,17.5,2]},"faces":{"north":{"uv":[0,0,0,13],"texture":"#1"},"east":{"uv":[6,0,0,13],"texture":"#1"},"south":{"uv":[0,0,0,13],"texture":"#1"},"west":{"uv":[0,0,6,13],"texture":"#1"},"up":{"uv":[0,6,0,0],"texture":"#1"},"down":{"uv":[0,0,0,6],"texture":"#1"}}},{"from":[7,11,-1],"to":[7,24,5],"rotation":{"angle":0,"axis":"y","origin":[5,11,-1]},"faces":{"north":{"uv":[0,0,0,13],"texture":"#1"},"east":{"uv":[6,0,0,13],"texture":"#1"},"south":{"uv":[0,0,0,13],"texture":"#1"},"west":{"uv":[0,0,6,13],"texture":"#1"},"up":{"uv":[0,6,0,0],"texture":"#1"},"down":{"uv":[0,0,0,6],"texture":"#1"}}},{"from":[6.75,0,6.75],"to":[9.25,3,9.25],"rotation":{"angle":45,"axis":"y","origin":[8,1.5,8]},"faces":{"north":{"uv":[6.375,5.3125,6.6875,5.6875],"texture":"#2"},"east":{"uv":[6.6875,5.3125,6.375,5.6875],"texture":"#2"},"south":{"uv":[6.6875,4.9375,6.375,5.3125],"texture":"#2"},"west":{"uv":[6.375,4.9375,6.6875,5.3125],"texture":"#2"},"up":{"uv":[6.375,4.9375,6.6875,5.25],"texture":"#2"},"down":{"uv":[6.375,4.9375,6.6875,5.25],"texture":"#2"}}}],"gui_light":"front","display":{"thirdperson_righthand":{"translation":[0,9.25,1.25],"scale":[0.65,0.655,0.6]},"thirdperson_lefthand":{"translation":[0,9.25,1.25],"scale":[0.65,0.655,0.6]},"firstperson_righthand":{"rotation":[-10,7,2],"translation":[5,7,-4.25],"scale":[0.52969,0.52969,0.52969]},"firstperson_lefthand":{"rotation":[-10,6,2],"translation":[5,7,-4.25],"scale":[0.52969,0.52969,0.52969]},"ground":{"rotation":[0,0,90],"translation":[-3.5,9,0],"scale":[0.5,0.5,0.5]},"gui":{"rotation":[-90,-135,-90],"translation":[-2,2,-1.5],"scale":[0.50195,0.50195,0.50195]},"head":{"scale":[0,0,0]},"fixed":{"rotation":[-90,-90,-90],"translation":[0,12,-3.5],"scale":[1.4,1.4,1.4]}},"mcmodels":"18eed7511527b5877c3dcf9394c60948"}