{
  "parent": "minecraft:item/handheld",
  "textures": {
    "layer0": "minecraft:item/mace"
  },
  "overrides": [
    { "predicate": { "custom_model_data": 100 }, "model": "oneblocky/pvp/retro/donkey_kong_hammer" },
    { "predicate": { "custom_model_data": 1000 }, "model": "oneblocky/crates/ocean/mace" },
    { "predicate": { "custom_model_data": 5000 }, "model": "oneblocky/crates/pale-garden/mace" },
    { "predicate": { "custom_model_data": 5100 }, "model": "oneblocky/crates/pale-garden/mace_mega" },
    { "predicate": { "custom_model_data": 6000 }, "model": "oneblocky/crates/pyrosoul/mace" },
    { "predicate": { "custom_model_data": 6100 }, "model": "oneblocky/crates/pyrosoul/mace-mega" },
    { "predicate": { "custom_model_data": 7000 }, "model": "oneblocky/crates/autumn/mace" },
    { "predicate": { "custom_model_data": 7100 }, "model": "oneblocky/crates/autumn/mace-mega" },
    { "predicate": { "custom_model_data": 8000 }, "model": "oneblocky/crates/necromancer/mace" },
    { "predicate": { "custom_model_data": 8100 }, "model": "oneblocky/crates/necromancer/mace-mega" }
  ]
}