{
  "parent": "minecraft:item/handheld",
  "textures": {
    "layer0": "minecraft:item/netherite_sword"
  },
  "overrides": [
    { "predicate": { "custom_model_data": 100 }, "model": "oneblocky/pvp/retro/mario_sword" },
    { "predicate": { "custom_model_data": 1000 }, "model": "oneblocky/crates/ocean/sword" },
    { "predicate": { "custom_model_data": 2000 }, "model": "oneblocky/crates/frog/sword" },
    { "predicate": { "custom_model_data": 2100 }, "model": "oneblocky/crates/frog/sword_mega" },
    { "predicate": { "custom_model_data": 3000 }, "model": "oneblocky/crates/summer/sword" },
    { "predicate": { "custom_model_data": 3100 }, "model": "oneblocky/crates/summer/sword_mega" },
    { "predicate": { "custom_model_data": 4000 }, "model": "oneblocky/crates/buzz/sword_lightyear" },
    { "predicate": { "custom_model_data": 5000 }, "model": "oneblocky/crates/pale-garden/sword" },
    { "predicate": { "custom_model_data": 5100 }, "model": "oneblocky/crates/pale-garden/sword_mega" },
    { "predicate": { "custom_model_data": 6000 }, "model": "oneblocky/crates/pyrosoul/sword" },
    { "predicate": { "custom_model_data": 6100 }, "model": "oneblocky/crates/pyrosoul/sword-mega" },
    { "predicate": { "custom_model_data": 7000 }, "model": "oneblocky/crates/autumn/sword" },
    { "predicate": { "custom_model_data": 7100 }, "model": "oneblocky/crates/autumn/sword-mega" },
    { "predicate": { "custom_model_data": 8000 }, "model": "oneblocky/crates/necromancer/sword" },
    { "predicate": { "custom_model_data": 8001 }, "model": "oneblocky/crates/necromancer/scythe" },
    { "predicate": { "custom_model_data": 8100 }, "model": "oneblocky/crates/necromancer/sword-mega" },
    { "predicate": { "custom_model_data": 8101 }, "model": "oneblocky/crates/necromancer/scythe-mega" }
  ]
}