{
    "parent": "builtin/entity",
    "gui_light": "front",
    "textures": {
        "particle": "block/dark_oak_planks"
    },
    "display": {
        "thirdperson_righthand": {
            "rotation": [ 0, 90, 0 ],
            "translation": [ 10, 6, -4 ],
            "scale": [ 1, 1, 1 ]
        },
        "thirdperson_lefthand": {
            "rotation": [ 0, 90, 0 ],
            "translation": [ 10, 6, 12 ],
            "scale": [ 1, 1, 1 ]
        },
        "firstperson_righthand": {
            "rotation": [ 0, 180, 5 ],
            "translation": [ -10, 2, -10 ],
            "scale": [ 1.25, 1.25, 1.25 ]
        },
        "firstperson_lefthand": {
            "rotation": [ 0, 180, 5 ],
            "translation": [ 10, 0, -10 ],
            "scale": [ 1.25, 1.25, 1.25 ]
        },
        "gui": {
            "rotation": [ 15, -25, -5 ],
            "translation": [ 2, 3, 0 ],
            "scale": [ 0.65, 0.65, 0.65 ]
        },
        "fixed": {
            "rotation": [ 0, 180, 0 ],
            "translation": [ -4.5, 4.5, -5],
            "scale":[ 0.55, 0.55, 0.55]
        },
        "ground": {
            "rotation": [ 0, 0, 0 ],
            "translation": [ 2, 4, 2],
            "scale":[ 0.25, 0.25, 0.25]
        }
    },
    "overrides": [
        { "predicate": { "blocking": 1 }, "model": "item/shield_blocking" },
		
		{ "predicate": {"custom_model_data": 1000},"model": "oneblocky/crates/ocean/shield" },
		{ "predicate": {"custom_model_data": 1000, "blocking": 1},"model": "oneblocky/crates/ocean/shield_blocking" },
		
		{ "predicate": {"custom_model_data": 2000},"model": "oneblocky/crates/frog/shield" },
		{ "predicate": {"custom_model_data": 2000, "blocking": 1},"model": "oneblocky/crates/frog/shield_blocking" },
		{ "predicate": {"custom_model_data": 2100},"model": "oneblocky/crates/frog/shield_mega" },
		{ "predicate": {"custom_model_data": 2100, "blocking": 1},"model": "oneblocky/crates/frog/shield_blocking_mega" },

		{ "predicate": {"custom_model_data": 3000},"model": "oneblocky/crates/summer/shield" },
		{ "predicate": {"custom_model_data": 3000, "blocking": 1},"model": "oneblocky/crates/summer/shield_blocking" },
		{ "predicate": {"custom_model_data": 3100},"model": "oneblocky/crates/summer/shield_mega" },
		{ "predicate": {"custom_model_data": 3100, "blocking": 1},"model": "oneblocky/crates/summer/shield_blocking_mega" },

		{ "predicate": {"custom_model_data": 5000},"model": "oneblocky/crates/pale-garden/shield" },
		{ "predicate": {"custom_model_data": 5000, "blocking": 1},"model": "oneblocky/crates/pale-garden/shield_blocking" },
		{ "predicate": {"custom_model_data": 5100},"model": "oneblocky/crates/pale-garden/shield_mega" },
		{ "predicate": {"custom_model_data": 5100, "blocking": 1},"model": "oneblocky/crates/pale-garden/shield_blocking_mega" },

		{ "predicate": {"custom_model_data": 6000},"model": "oneblocky/crates/pyrosoul/shield" },
		{ "predicate": {"custom_model_data": 6000, "blocking": 1},"model": "oneblocky/crates/pyrosoul/shield_blocking" },
		{ "predicate": {"custom_model_data": 6100},"model": "oneblocky/crates/pyrosoul/shield-mega" },
		{ "predicate": {"custom_model_data": 6100, "blocking": 1},"model": "oneblocky/crates/pyrosoul/shield_blocking-mega" },

		{ "predicate": {"custom_model_data": 7000},"model": "oneblocky/crates/autumn/shield" },
		{ "predicate": {"custom_model_data": 7000, "blocking": 1},"model": "oneblocky/crates/autumn/shield_blocking" },
		{ "predicate": {"custom_model_data": 7100},"model": "oneblocky/crates/autumn/shield-mega" },
		{ "predicate": {"custom_model_data": 7100, "blocking": 1},"model": "oneblocky/crates/autumn/shield_blocking-mega" },

		{ "predicate": {"custom_model_data": 8000},"model": "oneblocky/crates/necromancer/shield" },
		{ "predicate": {"custom_model_data": 8000, "blocking": 1},"model": "oneblocky/crates/necromancer/shield_blocking" },
		{ "predicate": {"custom_model_data": 8100},"model": "oneblocky/crates/necromancer/shield-mega" },
		{ "predicate": {"custom_model_data": 8100, "blocking": 1},"model": "oneblocky/crates/necromancer/shield_blocking-mega" }
    ]
}