{"credit":"Made with Blockbench","texture_size":[64,64],"textures":{"1":"item/furniture/basic/dark"},"elements":[{"from":[3,10,3],"to":[5,23,5],"rotation":{"angle":0,"axis":"y","origin":[4,16.5,4]},"faces":{"north":{"uv":[3.625,13,3.75,13.8125],"texture":"#1"},"east":{"uv":[3.8125,13.125,3.9375,13.9375],"texture":"#1"},"south":{"uv":[4,13.125,4.125,13.9375],"texture":"#1"},"west":{"uv":[5.9375,13.125,6.0625,13.9375],"texture":"#1"},"up":{"uv":[4.4375,14.625,4.3125,14.5],"texture":"#1"},"down":{"uv":[4.625,14.5,4.5,14.625],"texture":"#1"}}},{"from":[3,10,11],"to":[5,23,13],"rotation":{"angle":0,"axis":"y","origin":[4,16.5,12]},"faces":{"north":{"uv":[9.625,13.125,9.75,13.9375],"texture":"#1"},"east":{"uv":[9.8125,13.125,9.9375,13.9375],"texture":"#1"},"south":{"uv":[10,13.125,10.125,13.9375],"texture":"#1"},"west":{"uv":[12.625,13.125,12.75,13.9375],"texture":"#1"},"up":{"uv":[4.8125,14.625,4.6875,14.5],"texture":"#1"},"down":{"uv":[5,14.5,4.875,14.625],"texture":"#1"}}},{"from":[3.975,15,5],"to":[4,22,11],"rotation":{"angle":0,"axis":"y","origin":[3.5,18.5,8]},"faces":{"north":{"uv":[9,11.6875,9.0625,12.125],"texture":"#1"},"east":{"uv":[5.5625,2.75,5.9375,3.1875],"texture":"#1"},"south":{"uv":[10.0625,12.625,10.125,13.0625],"texture":"#1"},"west":{"uv":[9.75,12.125,10.125,12.5625],"texture":"#1"},"up":{"uv":[4.6875,11,4.625,10.625],"texture":"#1"},"down":{"uv":[6.1875,13.125,6.125,13.5],"texture":"#1"}}},{"from":[3,8,3],"to":[14,10,13],"rotation":{"angle":0,"axis":"y","origin":[8.5,9,8]},"faces":{"north":{"uv":[13.25,8.25,13.9375,8.375],"texture":"#1"},"east":{"uv":[13.3125,1.5625,13.9375,1.6875],"texture":"#1"},"south":{"uv":[13.25,8.8125,13.9375,8.9375],"texture":"#1"},"west":{"uv":[13.3125,3,13.9375,3.125],"texture":"#1"},"up":{"uv":[4,10.4375,3.3125,9.8125],"texture":"#1"},"down":{"uv":[5.4375,9.8125,4.75,10.4375],"texture":"#1"}}},{"from":[11,0,3],"to":[13,8,5],"rotation":{"angle":0,"axis":"y","origin":[12,4,4]},"faces":{"north":{"uv":[9.75,11.5,9.875,12],"texture":"#1"},"east":{"uv":[10.75,13.75,10.875,14.25],"texture":"#1"},"south":{"uv":[10.9375,13.75,11.0625,14.25],"texture":"#1"},"west":{"uv":[13.8125,0.8125,13.9375,1.3125],"texture":"#1"},"up":{"uv":[5.5,14.625,5.375,14.5],"texture":"#1"},"down":{"uv":[5.6875,14.5,5.5625,14.625],"texture":"#1"}}},{"from":[11,0,11],"to":[13,8,13],"rotation":{"angle":0,"axis":"y","origin":[12,4,12]},"faces":{"north":{"uv":[1.6875,13.8125,1.8125,14.3125],"texture":"#1"},"east":{"uv":[1.875,13.8125,2,14.3125],"texture":"#1"},"south":{"uv":[2.0625,13.8125,2.1875,14.3125],"texture":"#1"},"west":{"uv":[13.8125,2.4375,13.9375,2.9375],"texture":"#1"},"up":{"uv":[5.875,14.625,5.75,14.5],"texture":"#1"},"down":{"uv":[6.1875,14.5,6.0625,14.625],"texture":"#1"}}},{"from":[3,0,3],"to":[5,8,5],"rotation":{"angle":0,"axis":"y","origin":[4,4,4]},"faces":{"north":{"uv":[3,13.8125,3.125,14.3125],"texture":"#1"},"east":{"uv":[13.8125,3.375,13.9375,3.875],"texture":"#1"},"south":{"uv":[13.8125,5.1875,13.9375,5.6875],"texture":"#1"},"west":{"uv":[5.25,13.8125,5.375,14.3125],"texture":"#1"},"up":{"uv":[6.375,14.625,6.25,14.5],"texture":"#1"},"down":{"uv":[14.625,9.9375,14.5,10.0625],"texture":"#1"}}},{"from":[3,0,11],"to":[5,8,13],"rotation":{"angle":0,"axis":"y","origin":[4,4,12]},"faces":{"north":{"uv":[7.6875,13.8125,7.8125,14.3125],"texture":"#1"},"east":{"uv":[7.875,13.8125,8,14.3125],"texture":"#1"},"south":{"uv":[12.8125,13.8125,12.9375,14.3125],"texture":"#1"},"west":{"uv":[13,13.8125,13.125,14.3125],"texture":"#1"},"up":{"uv":[14,14.625,13.875,14.5],"texture":"#1"},"down":{"uv":[14.1875,14.5,14.0625,14.625],"texture":"#1"}}}],"gui_light":"front","display":{"thirdperson_righthand":{"rotation":[75,45,0],"translation":[0,2.5,0],"scale":[0.375,0.375,0.375]},"thirdperson_lefthand":{"rotation":[75,45,0],"translation":[0,2.5,0],"scale":[0.375,0.375,0.375]},"firstperson_righthand":{"rotation":[0,120,0],"scale":[0.4,0.4,0.4]},"firstperson_lefthand":{"rotation":[0,120,0],"scale":[0.4,0.4,0.4]},"ground":{"translation":[0,2,0],"scale":[0.5,0.5,0.5]},"gui":{"rotation":[15,-130,0],"translation":[-0.25,-1.75,0],"scale":[0.55,0.55,0.55]},"fixed":{"rotation":[-90,90,0],"translation":[0,0,-16],"scale":[2,2,2]}},"groups":[{"name":"chair","origin":[-8,0,-8],"color":0,"children":[0,1,2,3,4,5,6,7]}],"mcmodels":"175f334c99c447e9681cb9b03b4ab6a6"}