{"credit":"Made with Blockbench","texture_size":[128,128],"textures":{"1":"item/furniture/basic/dark","particle":"item/furniture/basic/dark"},"elements":[{"from":[0,4,-7],"to":[16,8,14],"rotation":{"angle":0,"axis":"y","origin":[8,0,10]},"faces":{"north":{"uv":[7.4375,11.1875,8.4375,11.4375],"texture":"#1","tintindex":0},"east":{"uv":[1.3125,10.5625,2.625,10.8125],"texture":"#1","tintindex":0},"south":{"uv":[11.1875,9.8125,12.1875,10.0625],"texture":"#1","tintindex":0},"west":{"uv":[10.5625,2.5,11.875,2.75],"texture":"#1","tintindex":0},"up":{"uv":[1,7.5625,0,6.25],"texture":"#1","tintindex":0},"down":{"uv":[4.625,6.4375,3.625,7.75],"texture":"#1","tintindex":0}}},{"from":[3,7.99953,8.56692],"to":[13,14.99953,11.56692],"rotation":{"angle":45,"axis":"x","origin":[8,0.3,10.2]},"faces":{"north":{"uv":[0.625,11.125,1.25,11.5625],"texture":"#1"},"east":{"uv":[13.3125,13.3125,13.5,13.75],"texture":"#1"},"south":{"uv":[1.3125,11.1875,1.9375,11.625],"texture":"#1"},"west":{"uv":[13.375,2,13.5625,2.4375],"texture":"#1"},"up":{"uv":[1.6875,6.4375,1.0625,6.25],"texture":"#1"},"down":{"uv":[13.3125,7,12.6875,7.1875],"texture":"#1"}}},{"from":[14,8,21],"to":[16,15,24],"rotation":{"angle":0,"axis":"y","origin":[8,0,10]},"faces":{"north":{"uv":[11.3125,13.9375,11.4375,14.375],"texture":"#1"},"east":{"uv":[13.375,7,13.5625,7.4375],"texture":"#1"},"south":{"uv":[11.5,13.9375,11.625,14.375],"texture":"#1"},"west":{"uv":[10.375,13.375,10.5625,13.8125],"texture":"#1"},"up":{"uv":[13.6875,4.0625,13.5625,3.875],"texture":"#1"},"down":{"uv":[9.8125,14.4375,9.6875,14.625],"texture":"#1"}}},{"from":[2,8,21.5],"to":[15,14,23.5],"rotation":{"angle":0,"axis":"y","origin":[8,0,10]},"faces":{"north":{"uv":[10.625,2.0625,11.4375,2.4375],"texture":"#1"},"east":{"uv":[4,14,4.125,14.375],"texture":"#1"},"south":{"uv":[10.625,8.5,11.4375,8.875],"texture":"#1"},"west":{"uv":[4.1875,14,4.3125,14.375],"texture":"#1"},"up":{"uv":[13.9375,4.5,13.125,4.375],"texture":"#1"},"down":{"uv":[13.9375,4.875,13.125,5],"texture":"#1"}}},{"from":[0,8,21],"to":[2,15,24],"rotation":{"angle":0,"axis":"y","origin":[8,0,10]},"faces":{"north":{"uv":[12.4375,13.9375,12.5625,14.375],"texture":"#1"},"east":{"uv":[1.1875,13.4375,1.375,13.875],"texture":"#1"},"south":{"uv":[13.75,13.9375,13.875,14.375],"texture":"#1"},"west":{"uv":[2.5,13.4375,2.6875,13.875],"texture":"#1"},"up":{"uv":[10,14.625,9.875,14.4375],"texture":"#1"},"down":{"uv":[10.4375,14.4375,10.3125,14.625],"texture":"#1"}}},{"from":[0,0,21],"to":[16,8,24],"rotation":{"angle":0,"axis":"y","origin":[8,0,10]},"faces":{"north":{"uv":[9.5,2.5,10.5,3],"texture":"#1"},"east":{"uv":[5.25,13.25,5.4375,13.75],"texture":"#1"},"south":{"uv":[7.4375,9.5625,8.4375,10.0625],"texture":"#1"},"west":{"uv":[13.25,10,13.4375,10.5],"texture":"#1"},"up":{"uv":[12.625,7.1875,11.625,7],"texture":"#1"},"down":{"uv":[12.875,9.375,11.875,9.5625],"texture":"#1"}}},{"from":[1.4,3.9,12.9],"to":[14.6,7.1,21.1],"rotation":{"angle":0,"axis":"y","origin":[8,0,9.5]},"faces":{"north":{"uv":[12.25,4.875,13.0625,5.0625],"texture":"#1"},"east":{"uv":[13.1875,4.125,13.6875,4.3125],"texture":"#1"},"south":{"uv":[12.25,9.8125,13.0625,10],"texture":"#1"},"west":{"uv":[13.1875,7.625,13.6875,7.8125],"texture":"#1"},"up":{"uv":[10.875,3.875,10.0625,3.375],"texture":"#1"},"down":{"uv":[10.875,7.9375,10.0625,8.4375],"texture":"#1"}}},{"from":[0,0,-8],"to":[16,1,21],"rotation":{"angle":0,"axis":"y","origin":[8,-3,10]},"faces":{"north":{"uv":[10.0625,9.625,11.0625,9.6875],"texture":"#1"},"east":{"uv":[12.625,5.875,14.4375,5.9375],"texture":"#1"},"south":{"uv":[13.4375,4.75,14.4375,4.8125],"texture":"#1"},"west":{"uv":[12.6875,9.125,14.5,9.1875],"texture":"#1"},"up":{"uv":[3.6875,1.8125,2.6875,0],"texture":"#1"},"down":{"uv":[3.6875,1.875,2.6875,3.6875],"texture":"#1"}}},{"from":[0,3,-8],"to":[16,4,21],"rotation":{"angle":0,"axis":"y","origin":[8,0,10]},"faces":{"north":{"uv":[13.5,0,14.5,0.0625],"texture":"#1"},"east":{"uv":[12.6875,11.5625,14.5,11.625],"texture":"#1"},"south":{"uv":[13.5,0.125,14.5,0.1875],"texture":"#1"},"west":{"uv":[12.75,1.75,14.5625,1.8125],"texture":"#1"},"up":{"uv":[1,5.3125,0,3.5],"texture":"#1"},"down":{"uv":[2.0625,3.5,1.0625,5.3125],"texture":"#1"}}},{"from":[1,1,7],"to":[15,3,21],"rotation":{"angle":0,"axis":"y","origin":[8,0,10]},"faces":{"north":{"uv":[0,7.625,0.875,7.75],"texture":"#1"},"east":{"uv":[12.8125,11.0625,13.6875,11.1875],"texture":"#1"},"south":{"uv":[12.9375,9.375,13.8125,9.5],"texture":"#1"},"west":{"uv":[13,6.5,13.875,6.625],"texture":"#1"},"up":{"uv":[0.875,9.4375,0,8.5625],"texture":"#1"},"down":{"uv":[8.75,8.625,7.875,9.5],"texture":"#1"}}},{"from":[1,1,-7],"to":[15,3,7],"rotation":{"angle":0,"axis":"y","origin":[8,0,10]},"faces":{"north":{"uv":[13,6.6875,13.875,6.8125],"texture":"#1"},"east":{"uv":[13,12.375,13.875,12.5],"texture":"#1"},"south":{"uv":[13,12.5625,13.875,12.6875],"texture":"#1"},"west":{"uv":[13.0625,0.625,13.9375,0.75],"texture":"#1"},"up":{"uv":[1.8125,9.625,0.9375,8.75],"texture":"#1"},"down":{"uv":[2.75,8.75,1.875,9.625],"texture":"#1"}}}],"gui_light":"front","display":{"thirdperson_righthand":{"rotation":[75,45,0],"translation":[0,2.5,0],"scale":[0.375,0.375,0.375]},"thirdperson_lefthand":{"rotation":[75,45,0],"translation":[0,2.5,0],"scale":[0.375,0.375,0.375]},"firstperson_righthand":{"rotation":[0,120,0],"scale":[0.4,0.4,0.4]},"firstperson_lefthand":{"rotation":[0,120,0],"scale":[0.4,0.4,0.4]},"ground":{"translation":[0,2,0],"scale":[0.5,0.5,0.5]},"gui":{"rotation":[30,135,0],"translation":[-0.25,-0.25,0],"scale":[0.45,0.45,0.45]},"fixed":{"rotation":[-90,0,0],"translation":[0,20,-16],"scale":[2,2,2]}},"groups":[{"name":"bed","origin":[-17.5,3,-11],"color":0,"children":[0,1,2,3,4,5,6,7,8,9,10]}],"mcmodels":"175f334c99c447e9681cb9b03b4ab6a6"}