{"credit":"Made with Blockbench","texture_size":[24,24],"textures":{"1":"item/crates/lucky/animations/animation_1","3":"item/crates/lucky/axe"},"elements":[{"from":[6.25,13.67132,7.5],"to":[7.25,14.67132,8.5],"rotation":{"angle":-45,"axis":"x","origin":[6.75,14.17132,8]},"faces":{"north":{"uv":[12,3.33333,12.66667,4],"texture":"#3"},"south":{"uv":[12,4,12.66667,4.66667],"texture":"#3"},"west":{"uv":[12,4.66667,12.66667,5.33333],"texture":"#3"},"up":{"uv":[12.66667,6,12,5.33333],"texture":"#3"},"down":{"uv":[12.66667,6,12,6.66667],"texture":"#3"}}},{"from":[6.5,14.2493,8.07798],"to":[7,15.2493,9.07798],"rotation":{"angle":-45,"axis":"x","origin":[6.75,14.17132,8]},"faces":{"north":{"uv":[12.66667,2.66667,13,3.33333],"texture":"#3"},"east":{"uv":[12,6.66667,12.66667,7.33333],"texture":"#3"},"west":{"uv":[12,7.33333,12.66667,8],"texture":"#3"},"down":{"uv":[3.66667,12.66667,3.33333,13.33333],"texture":"#3"}}},{"from":[6.5,13.89575,9.22443],"to":[7,14.89575,10.22443],"rotation":{"angle":-45,"axis":"x","origin":[6.75,13.81777,7.64645]},"faces":{"east":{"uv":[12,8,12.66667,8.66667],"texture":"#3"},"south":{"uv":[12.66667,3.33333,13,4],"texture":"#3"},"west":{"uv":[12,8.66667,12.66667,9.33333],"texture":"#3"},"up":{"uv":[4.33333,13.33333,4,12.66667],"texture":"#3"},"down":{"uv":[13,4,12.66667,4.66667],"texture":"#3"}}},{"from":[6.5,15.39575,8.43153],"to":[7,16.39575,9.43153],"rotation":{"angle":-45,"axis":"x","origin":[6.75,13.81777,8.35355]},"faces":{"north":{"uv":[4.66667,12.66667,5,13.33333],"texture":"#3"},"east":{"uv":[12,9.33333,12.66667,10],"texture":"#3"},"south":{"uv":[12.66667,4.66667,13,5.33333],"texture":"#3"},"west":{"uv":[12,10,12.66667,10.66667],"texture":"#3"},"up":{"uv":[5.66667,13.33333,5.33333,12.66667],"texture":"#3"}}},{"from":[6.5,12.32554,6.73996],"to":[7,13.32554,7.73996],"rotation":{"angle":22.5,"axis":"x","origin":[6.75,13.57554,6.98996]},"faces":{"north":{"uv":[12.66667,4.66667,13,5.33333],"rotation":180,"texture":"#3"},"east":{"uv":[12,9.33333,12.66667,10],"rotation":180,"texture":"#3"},"south":{"uv":[4.66667,12.66667,5,13.33333],"rotation":180,"texture":"#3"},"west":{"uv":[12,10,12.66667,10.66667],"rotation":180,"texture":"#3"},"down":{"uv":[5.66667,13.33333,5.33333,12.66667],"texture":"#3"}}},{"from":[6.5,13.32554,6.73996],"to":[7,14.32554,7.73996],"rotation":{"angle":22.5,"axis":"x","origin":[6.75,13.57554,6.98996]},"faces":{"east":{"uv":[12,6.66667,12.66667,7.33333],"rotation":180,"texture":"#3"},"south":{"uv":[12.66667,2.66667,13,3.33333],"rotation":180,"texture":"#3"},"west":{"uv":[12,7.33333,12.66667,8],"rotation":180,"texture":"#3"},"up":{"uv":[3.66667,12.66667,3.33333,13.33333],"texture":"#3"}}},{"from":[6.5,13.32554,5.73995],"to":[7,14.32554,6.73995],"rotation":{"angle":22.5,"axis":"x","origin":[6.75,13.57554,6.98996]},"faces":{"north":{"uv":[12.66667,3.33333,13,4],"rotation":180,"texture":"#3"},"east":{"uv":[12,8,12.66667,8.66667],"rotation":180,"texture":"#3"},"west":{"uv":[12,8.66667,12.66667,9.33333],"rotation":180,"texture":"#3"},"up":{"uv":[13,4,12.66667,4.66667],"texture":"#3"},"down":{"uv":[4.33333,13.33333,4,12.66667],"texture":"#3"}}},{"from":[6.5,13.32554,9.26005],"to":[7,14.32554,10.26005],"rotation":{"angle":-22.5,"axis":"x","origin":[6.75,13.57554,9.01004]},"faces":{"east":{"uv":[12.66667,8,12,8.66667],"rotation":180,"texture":"#3"},"south":{"uv":[13,3.33333,12.66667,4],"rotation":180,"texture":"#3"},"west":{"uv":[12.66667,8.66667,12,9.33333],"rotation":180,"texture":"#3"},"up":{"uv":[13,4.66667,12.66667,4],"texture":"#3"},"down":{"uv":[4.33333,12.66667,4,13.33333],"texture":"#3"}}},{"from":[6.5,13.32554,8.26004],"to":[7,14.32554,9.26004],"rotation":{"angle":-22.5,"axis":"x","origin":[6.75,13.57554,9.01004]},"faces":{"north":{"uv":[13,2.66667,12.66667,3.33333],"rotation":180,"texture":"#3"},"east":{"uv":[12.66667,6.66667,12,7.33333],"rotation":180,"texture":"#3"},"west":{"uv":[12.66667,7.33333,12,8],"rotation":180,"texture":"#3"},"up":{"uv":[3.66667,13.33333,3.33333,12.66667],"texture":"#3"}}},{"from":[6.5,12.32554,8.26004],"to":[7,13.32554,9.26004],"rotation":{"angle":-22.5,"axis":"x","origin":[6.75,13.57554,9.01004]},"faces":{"north":{"uv":[5,12.66667,4.66667,13.33333],"rotation":180,"texture":"#3"},"east":{"uv":[12.66667,9.33333,12,10],"rotation":180,"texture":"#3"},"south":{"uv":[13,4.66667,12.66667,5.33333],"rotation":180,"texture":"#3"},"west":{"uv":[12.66667,10,12,10.66667],"rotation":180,"texture":"#3"},"down":{"uv":[5.66667,12.66667,5.33333,13.33333],"texture":"#3"}}},{"from":[8.75,13.67132,7.5],"to":[9.75,14.67132,8.5],"rotation":{"angle":-45,"axis":"x","origin":[9.25,14.17132,8]},"faces":{"north":{"uv":[12.66667,3.33333,12,4],"texture":"#3"},"east":{"uv":[12.66667,4.66667,12,5.33333],"texture":"#3"},"south":{"uv":[12.66667,4,12,4.66667],"texture":"#3"},"up":{"uv":[12,6,12.66667,5.33333],"texture":"#3"},"down":{"uv":[12,6,12.66667,6.66667],"texture":"#3"}}},{"from":[9,14.2493,8.07798],"to":[9.5,15.2493,9.07798],"rotation":{"angle":-45,"axis":"x","origin":[9.25,14.17132,8]},"faces":{"north":{"uv":[13,2.66667,12.66667,3.33333],"texture":"#3"},"east":{"uv":[12.66667,7.33333,12,8],"texture":"#3"},"west":{"uv":[12.66667,6.66667,12,7.33333],"texture":"#3"},"down":{"uv":[3.33333,12.66667,3.66667,13.33333],"texture":"#3"}}},{"from":[9,13.89575,9.22443],"to":[9.5,14.89575,10.22443],"rotation":{"angle":-45,"axis":"x","origin":[9.25,13.81777,7.64645]},"faces":{"east":{"uv":[12.66667,8.66667,12,9.33333],"texture":"#3"},"south":{"uv":[13,3.33333,12.66667,4],"texture":"#3"},"west":{"uv":[12.66667,8,12,8.66667],"texture":"#3"},"up":{"uv":[4,13.33333,4.33333,12.66667],"texture":"#3"},"down":{"uv":[12.66667,4,13,4.66667],"texture":"#3"}}},{"from":[9,15.39575,8.43153],"to":[9.5,16.39575,9.43153],"rotation":{"angle":-45,"axis":"x","origin":[9.25,13.81777,8.35355]},"faces":{"north":{"uv":[5,12.66667,4.66667,13.33333],"texture":"#3"},"east":{"uv":[12.66667,10,12,10.66667],"texture":"#3"},"south":{"uv":[13,4.66667,12.66667,5.33333],"texture":"#3"},"west":{"uv":[12.66667,9.33333,12,10],"texture":"#3"},"up":{"uv":[5.33333,13.33333,5.66667,12.66667],"texture":"#3"}}},{"from":[9,13.32554,5.73995],"to":[9.5,14.32554,6.73995],"rotation":{"angle":22.5,"axis":"x","origin":[9.25,13.57554,6.98996]},"faces":{"north":{"uv":[13,3.33333,12.66667,4],"rotation":180,"texture":"#3"},"east":{"uv":[12.66667,8.66667,12,9.33333],"rotation":180,"texture":"#3"},"west":{"uv":[12.66667,8,12,8.66667],"rotation":180,"texture":"#3"},"up":{"uv":[12.66667,4,13,4.66667],"texture":"#3"},"down":{"uv":[4,13.33333,4.33333,12.66667],"texture":"#3"}}},{"from":[9,13.32554,6.73996],"to":[9.5,14.32554,7.73996],"rotation":{"angle":22.5,"axis":"x","origin":[9.25,13.57554,6.98996]},"faces":{"east":{"uv":[12.66667,7.33333,12,8],"rotation":180,"texture":"#3"},"south":{"uv":[13,2.66667,12.66667,3.33333],"rotation":180,"texture":"#3"},"west":{"uv":[12.66667,6.66667,12,7.33333],"rotation":180,"texture":"#3"},"up":{"uv":[3.33333,12.66667,3.66667,13.33333],"texture":"#3"}}},{"from":[9,12.32554,6.73996],"to":[9.5,13.32554,7.73996],"rotation":{"angle":22.5,"axis":"x","origin":[9.25,13.57554,6.98996]},"faces":{"north":{"uv":[13,4.66667,12.66667,5.33333],"rotation":180,"texture":"#3"},"east":{"uv":[12.66667,10,12,10.66667],"rotation":180,"texture":"#3"},"south":{"uv":[5,12.66667,4.66667,13.33333],"rotation":180,"texture":"#3"},"west":{"uv":[12.66667,9.33333,12,10],"rotation":180,"texture":"#3"},"down":{"uv":[5.33333,13.33333,5.66667,12.66667],"texture":"#3"}}},{"from":[9,12.32554,8.26004],"to":[9.5,13.32554,9.26004],"rotation":{"angle":-22.5,"axis":"x","origin":[9.25,13.57554,9.01004]},"faces":{"north":{"uv":[4.66667,12.66667,5,13.33333],"rotation":180,"texture":"#3"},"east":{"uv":[12,10,12.66667,10.66667],"rotation":180,"texture":"#3"},"south":{"uv":[12.66667,4.66667,13,5.33333],"rotation":180,"texture":"#3"},"west":{"uv":[12,9.33333,12.66667,10],"rotation":180,"texture":"#3"},"down":{"uv":[5.33333,12.66667,5.66667,13.33333],"texture":"#3"}}},{"from":[9,13.32554,8.26004],"to":[9.5,14.32554,9.26004],"rotation":{"angle":-22.5,"axis":"x","origin":[9.25,13.57554,9.01004]},"faces":{"north":{"uv":[12.66667,2.66667,13,3.33333],"rotation":180,"texture":"#3"},"east":{"uv":[12,7.33333,12.66667,8],"rotation":180,"texture":"#3"},"west":{"uv":[12,6.66667,12.66667,7.33333],"rotation":180,"texture":"#3"},"up":{"uv":[3.33333,13.33333,3.66667,12.66667],"texture":"#3"}}},{"from":[9,13.32554,9.26005],"to":[9.5,14.32554,10.26005],"rotation":{"angle":-22.5,"axis":"x","origin":[9.25,13.57554,9.01004]},"faces":{"east":{"uv":[12,8.66667,12.66667,9.33333],"rotation":180,"texture":"#3"},"south":{"uv":[12.66667,3.33333,13,4],"rotation":180,"texture":"#3"},"west":{"uv":[12,8,12.66667,8.66667],"rotation":180,"texture":"#3"},"up":{"uv":[12.66667,4.66667,13,4],"texture":"#3"},"down":{"uv":[4,12.66667,4.33333,13.33333],"texture":"#3"}}},{"from":[7.35,-0.15,7.85],"to":[8.65,1.15,9.15],"rotation":{"angle":-45,"axis":"x","origin":[7.5,0,8]},"faces":{"north":{"uv":[10.66667,0.66667,11.66667,1.66667],"texture":"#3"},"east":{"uv":[10.66667,2,11.66667,3],"texture":"#3"},"south":{"uv":[10.66667,3.33333,11.66667,4.33333],"texture":"#3"},"west":{"uv":[10.66667,6,11.66667,7],"texture":"#3"},"up":{"uv":[11.66667,8.33333,10.66667,7.33333],"texture":"#3"},"down":{"uv":[11.66667,8.66667,10.66667,9.66667],"texture":"#3"}}},{"from":[7.4,0.9,7.4],"to":[8.6,2.1,8.6],"rotation":{"angle":0,"axis":"y","origin":[7.5,1,7.5]},"faces":{"north":{"uv":[12,10.66667,12.66667,11.33333],"texture":"#3"},"east":{"uv":[11.33333,12,12,12.66667],"texture":"#3"},"south":{"uv":[12,12,12.66667,12.66667],"texture":"#3"},"west":{"uv":[0,12.66667,0.66667,13.33333],"texture":"#3"},"up":{"uv":[13.33333,0.66667,12.66667,0],"texture":"#3"}}},{"from":[7.4,12.1,7.4],"to":[8.6,13.3,8.6],"rotation":{"angle":0,"axis":"y","origin":[7.5,12.2,7.5]},"faces":{"north":{"uv":[0.66667,12.66667,1.33333,13.33333],"texture":"#3"},"east":{"uv":[12.66667,0.66667,13.33333,1.33333],"texture":"#3"},"south":{"uv":[1.33333,12.66667,2,13.33333],"texture":"#3"},"west":{"uv":[12.66667,1.33333,13.33333,2],"texture":"#3"}}},{"from":[7.5,2.1,7.5],"to":[8.5,7.1,8.5],"rotation":{"angle":0,"axis":"y","origin":[7.5,2.1,7.5]},"faces":{"north":{"uv":[2.66667,8,3.33333,11.33333],"texture":"#3"},"east":{"uv":[3.33333,8,4,11.33333],"texture":"#3"},"south":{"uv":[8.66667,0,9.33333,3.33333],"texture":"#3"},"west":{"uv":[9.33333,0,10,3.33333],"texture":"#3"}}},{"from":[7.25,12.50711,7.75],"to":[8.75,15.00711,10.25],"rotation":{"angle":-45,"axis":"x","origin":[7.5,12.75711,8]},"faces":{"north":{"uv":[9.33333,3.33333,10.33333,5],"texture":"#3"},"east":{"uv":[8,6,9.66667,7.66667],"texture":"#3"},"south":{"uv":[4,9.33333,5,11],"texture":"#3"},"west":{"uv":[8,8,9.66667,9.66667],"texture":"#3"},"up":{"uv":[6.33333,11,5.33333,9.33333],"texture":"#3"},"down":{"uv":[7.66667,9.33333,6.66667,11],"texture":"#3"}}},{"from":[7.985,-1.5,5.75],"to":[8.015,3,10.25],"rotation":{"angle":0,"axis":"y","origin":[7.985,-1,6.25]},"faces":{"east":{"uv":[9,12.66667,6,15.66667],"texture":"#3"},"west":{"uv":[6,12.66667,9,15.66667],"texture":"#3"}}},{"from":[6.1,10,4.25],"to":[6.1,18,12.25],"rotation":{"angle":0,"axis":"y","origin":[6.1,10,4.25]},"faces":{"west":{"uv":[0,0,16,16],"texture":"#1"}}},{"from":[9.9,10,4.25],"to":[9.9,18,12.25],"rotation":{"angle":0,"axis":"y","origin":[9.9,10,4.25]},"faces":{"east":{"uv":[16,0,0,16],"texture":"#1"}}},{"from":[7.3,7.1,7.3],"to":[8.7,12.1,8.7],"rotation":{"angle":0,"axis":"y","origin":[7.5,7.1,7.5]},"faces":{"north":{"uv":[6.66667,6,7.66667,9.33333],"texture":"#3"},"east":{"uv":[7.33333,0,8.33333,3.33333],"texture":"#3"},"south":{"uv":[0,8,1,11.33333],"texture":"#3"},"west":{"uv":[1.33333,8,2.33333,11.33333],"texture":"#3"},"up":{"uv":[11.66667,11,10.66667,10],"texture":"#3"},"down":{"uv":[1,11.33333,0,12.33333],"texture":"#3"}}},{"from":[8,14,8.5],"to":[9,15,9.85],"rotation":{"angle":45,"axis":"z","origin":[8,14,8.5]},"faces":{"north":{"uv":[2,12.66667,2.66667,13.33333],"texture":"#3"},"east":{"uv":[10.66667,4.66667,11.66667,5.33333],"texture":"#3"},"south":{"uv":[12.66667,2,13.33333,2.66667],"texture":"#3"},"west":{"uv":[11.33333,11.33333,12.33333,12],"texture":"#3"},"up":{"uv":[12.66667,1.66667,12,0.66667],"texture":"#3"},"down":{"uv":[12.66667,2,12,3],"texture":"#3"}}},{"from":[8.1,14.1,9.85],"to":[8.9,14.9,13.25],"rotation":{"angle":45,"axis":"z","origin":[8,14,10.25]},"faces":{"east":{"uv":[9.33333,5.33333,11.66667,6],"texture":"#3"},"south":{"uv":[2.66667,12.66667,3.33333,13.33333],"texture":"#3"},"west":{"uv":[10,0,12.33333,0.66667],"texture":"#3"},"up":{"uv":[10.66667,3,10,0.66667],"texture":"#3"},"down":{"uv":[10.66667,6,10,8.33333],"texture":"#3"}}},{"from":[7.375,13.82322,13.45711],"to":[8.625,15.07322,14.70711],"rotation":{"angle":-45,"axis":"x","origin":[7.375,13.82322,13.45711]},"faces":{"north":{"uv":[1.33333,11.33333,2.33333,12.33333],"texture":"#3"},"east":{"uv":[2.66667,11.33333,3.66667,12.33333],"texture":"#3"},"south":{"uv":[4,11.33333,5,12.33333],"texture":"#3"},"west":{"uv":[5.33333,11.33333,6.33333,12.33333],"texture":"#3"},"up":{"uv":[7.66667,12.33333,6.66667,11.33333],"texture":"#3"},"down":{"uv":[11,11.33333,10,12.33333],"texture":"#3"}}},{"from":[7.985,9.24142,10],"to":[8.015,14.24142,13.25],"rotation":{"angle":0,"axis":"y","origin":[7.985,7.14142,9.25]},"faces":{"east":{"uv":[16,0,13.66667,3.33334],"texture":"#3"},"west":{"uv":[13.66667,0,16,3.33334],"texture":"#3"}}},{"from":[7.5,11.3429,6.40381],"to":[8.5,14.8429,9.90381],"rotation":{"angle":-45,"axis":"x","origin":[7.5,11.3429,5.90381]},"faces":{"north":{"uv":[8,10,8.66667,12.33333],"texture":"#3"},"east":{"uv":[6.66667,3.33333,9,5.66667],"texture":"#3"},"south":{"uv":[8.66667,10,9.33333,12.33333],"texture":"#3"},"west":{"uv":[13.66667,4.66667,16,7],"texture":"#3"},"up":{"uv":[10.66667,11,10,8.66667],"texture":"#3"},"down":{"uv":[10,10,9.33333,12.33333],"texture":"#3"}}},{"from":[7.985,8.42133,0.78249],"to":[8.015,19.92133,6.78249],"rotation":{"angle":0,"axis":"y","origin":[7.985,2.97133,-2.21751]},"faces":{"east":{"uv":[4,0,0,7.66667],"texture":"#3"},"west":{"uv":[0,0,4,7.66667],"texture":"#3"}}}],"gui_light":"front","display":{"thirdperson_righthand":{"translation":[0,1.25,1]},"thirdperson_lefthand":{"translation":[0,1.25,1]},"firstperson_righthand":{"rotation":[-10,0,0],"translation":[1,-0.25,-1.5]},"firstperson_lefthand":{"rotation":[-10,0,0],"translation":[1,-0.25,-1.5]},"ground":{"rotation":[-45,0,0],"translation":[0,5,0],"scale":[0.7,0.7,0.7]},"gui":{"rotation":[-90,45,90],"translation":[1.25,-0.75,0],"scale":[0.7,0.7,0.7]},"head":{"rotation":[0,-90,0]},"fixed":{"rotation":[0,-90,0],"translation":[0,0,-1.5],"scale":[2,2,2]}},"USER":"1381","NONCE":"7b9a55f0c88b46edc7cd9ba6f7ade999","TIMESTAMP":"1741965777","RESOURCE":"11547","MCMODELS":"1","mcmodels":"7b9a55f0c88b46edc7cd9ba6f7ade999"}