{"credit":"Made with Blockbench","texture_size":[32,32],"textures":{"1":"item/crates/lucky/animations/animation_1","3":"item/crates/lucky/bow"},"elements":[{"from":[7.1,11.35,7.85],"to":[8.9,12.65,9.15],"rotation":{"angle":45,"axis":"x","origin":[7.5,12.5,8]},"faces":{"north":{"uv":[10.5,4,11.5,4.75],"texture":"#3"},"east":{"uv":[8.5,10.5,9.25,11.25],"texture":"#3"},"south":{"uv":[5,10.5,6,11.25],"texture":"#3"},"west":{"uv":[9.5,10.5,10.25,11.25],"texture":"#3"},"up":{"uv":[11.5,5.75,10.5,5],"texture":"#3"},"down":{"uv":[7,10.5,6,11.25],"texture":"#3"}}},{"from":[7.4,10.5,7.4],"to":[8.6,11.7,8.6],"rotation":{"angle":0,"axis":"y","origin":[7.5,10.6,7.5]},"faces":{"north":{"uv":[10.5,7.5,11,8],"texture":"#3"},"east":{"uv":[9.5,11.5,10,12],"texture":"#3"},"south":{"uv":[11.5,9.5,12,10],"texture":"#3"},"west":{"uv":[10,11.5,10.5,12],"texture":"#3"},"down":{"uv":[12,10,11.5,10.5],"texture":"#3"}}},{"from":[7.5,5.5,7.5],"to":[8.5,10.5,8.5],"rotation":{"angle":0,"axis":"y","origin":[7.5,5.5,7.5]},"faces":{"north":{"uv":[3,9.5,3.5,12],"texture":"#3"},"east":{"uv":[3.5,9.5,4,12],"texture":"#3"},"south":{"uv":[4,9.5,4.5,12],"texture":"#3"},"west":{"uv":[4.5,9.5,5,12],"texture":"#3"}}},{"from":[7.985,2.22543,2.72277],"to":[8.015,13.22543,6.72277],"rotation":{"angle":0,"axis":"x","origin":[8.835,7.72543,6.75]},"faces":{"east":{"uv":[5.5,15.5,0,13.5],"rotation":270,"texture":"#3"},"west":{"uv":[0,13.5,5.5,15.5],"rotation":270,"texture":"#3"}}},{"from":[7.185,9.5,5.75],"to":[7.185,14,10.25],"rotation":{"angle":-22.5,"axis":"x","origin":[7.2,11.75,8]},"faces":{"west":{"uv":[13.75,6.5,16,8.75],"texture":"#3"}}},{"from":[7.46,15.825,8.625],"to":[7.46,19.325,12.125],"rotation":{"angle":22.5,"axis":"x","origin":[7.475,17.575,10.375]},"faces":{"west":{"uv":[14.25,9.25,16,11],"texture":"#3"}}},{"from":[8.815,9.5,5.75],"to":[8.815,14,10.25],"rotation":{"angle":-22.5,"axis":"x","origin":[8.8,11.75,8]},"faces":{"east":{"uv":[16,6.5,13.75,8.75],"texture":"#3"}}},{"from":[8.54,15.825,8.625],"to":[8.54,19.325,12.125],"rotation":{"angle":22.5,"axis":"x","origin":[8.525,17.575,10.375]},"faces":{"east":{"uv":[16,9.25,14.25,11],"texture":"#3"}}},{"from":[7.46,-3.325,8.625],"to":[7.46,0.175,12.125],"rotation":{"angle":-22.5,"axis":"x","origin":[7.475,-1.575,10.375]},"faces":{"west":{"uv":[14.25,11,16,9.25],"texture":"#3"}}},{"from":[8.54,-3.325,8.625],"to":[8.54,0.175,12.125],"rotation":{"angle":-22.5,"axis":"x","origin":[8.525,-1.575,10.375]},"faces":{"east":{"uv":[16,11,14.25,9.25],"texture":"#3"}}},{"from":[7.185,2,5.75],"to":[7.185,6.5,10.25],"rotation":{"angle":22.5,"axis":"x","origin":[8,4.25,8]},"faces":{"west":{"uv":[13.75,8.75,16,6.5],"rotation":180,"texture":"#3"}}},{"from":[8.815,2,5.75],"to":[8.815,6.5,10.25],"rotation":{"angle":22.5,"axis":"x","origin":[8,4.25,8]},"faces":{"east":{"uv":[16,8.75,13.75,6.5],"rotation":180,"texture":"#3"}}},{"from":[7.5,11.92929,6.76005],"to":[8.5,13.92929,7.76005],"rotation":{"angle":-45,"axis":"x","origin":[7.5,12.42929,7.01005]},"faces":{"north":{"uv":[1,11,1.5,12],"texture":"#3"},"east":{"uv":[1.5,11,2,12],"texture":"#3"},"south":{"uv":[2,11,2.5,12],"texture":"#3"},"west":{"uv":[2.5,11,3,12],"texture":"#3"},"up":{"uv":[0.5,12.5,0,12],"texture":"#3"},"down":{"uv":[1,12,0.5,12.5],"texture":"#3"}}},{"from":[7.75,12.60607,6.89393],"to":[8.25,13.85607,7.89393],"rotation":{"angle":0,"axis":"x","origin":[7.25,13.10607,7.14393]},"faces":{"east":{"uv":[11.5,7.5,12,8.25],"texture":"#3"},"south":{"uv":[3.5,12,3.75,12.75],"texture":"#3"},"west":{"uv":[8.5,11.5,9,12.25],"texture":"#3"},"up":{"uv":[12.75,2.5,12.5,2],"texture":"#3"}}},{"from":[7.7535,13.60502,7.21737],"to":[8.2465,14.85502,8.14237],"rotation":{"angle":22.5,"axis":"x","origin":[7.2535,14.60502,7.39237]},"faces":{"east":{"uv":[11.5,8.5,12,9.25],"texture":"#3"},"south":{"uv":[4,12,4.25,12.75],"texture":"#3"},"west":{"uv":[9,11.5,9.5,12.25],"texture":"#3"},"up":{"uv":[2.75,13,2.5,12.5],"texture":"#3"}}},{"from":[7.7585,14.49189,7.14393],"to":[8.2415,15.84189,8.39393],"rotation":{"angle":-22.5,"axis":"x","origin":[7.2585,15.24189,7.89393]},"faces":{"east":{"uv":[10.5,10.5,11.25,11.25],"texture":"#3"},"south":{"uv":[4.5,12,4.75,12.75],"texture":"#3"},"west":{"uv":[0,11,0.75,11.75],"texture":"#3"},"down":{"uv":[12.25,5,12,5.75],"texture":"#3"}}},{"from":[7.5035,12.33743,5.67798],"to":[8.4965,15.33743,6.67798],"rotation":{"angle":22.5,"axis":"x","origin":[7.5035,12.58743,8.17798]},"faces":{"north":{"uv":[10.5,6,11,7.5],"texture":"#3"},"east":{"uv":[7,10.5,7.5,12],"texture":"#3"},"south":{"uv":[7.5,10.5,8,12],"texture":"#3"},"west":{"uv":[8,10.5,8.5,12],"texture":"#3"},"up":{"uv":[1.5,12.5,1,12],"texture":"#3"}}},{"from":[7.5085,15.1225,4.24389],"to":[8.4915,17.1225,5.16889],"rotation":{"angle":45,"axis":"x","origin":[7.5085,12.3725,6.74389]},"faces":{"north":{"uv":[11,6,11.5,7],"texture":"#3"},"east":{"uv":[11,7,11.5,8],"texture":"#3"},"south":{"uv":[11.5,2,12,3],"texture":"#3"},"west":{"uv":[11.5,3,12,4],"texture":"#3"},"up":{"uv":[2,12.5,1.5,12],"texture":"#3"}}},{"from":[7.5135,17.06053,8.45393],"to":[8.4865,17.92053,10.45393],"rotation":{"angle":-22.5,"axis":"x","origin":[8.0135,17.41053,9.45393]},"faces":{"east":{"uv":[11.5,4,12.5,4.5],"texture":"#3"},"west":{"uv":[11.5,4.5,12.5,5],"texture":"#3"},"up":{"uv":[5.5,12.5,5,11.5],"texture":"#3"},"down":{"uv":[12,5,11.5,6],"texture":"#3"}}},{"from":[7.4,17.66586,9.33411],"to":[8.6,18.86586,10.53411],"rotation":{"angle":45,"axis":"x","origin":[7.4,17.41586,9.33411]},"faces":{"north":{"uv":[2,12,2.5,12.5],"texture":"#3"},"east":{"uv":[12,2,12.5,2.5],"texture":"#3"},"south":{"uv":[2.5,12,3,12.5],"texture":"#3"},"west":{"uv":[12,2.5,12.5,3],"texture":"#3"},"up":{"uv":[3.5,12.5,3,12],"texture":"#3"},"down":{"uv":[12.5,3,12,3.5],"texture":"#3"}}},{"from":[7.1,3.35,7.85],"to":[8.9,4.65,9.15],"rotation":{"angle":-45,"axis":"x","origin":[7.5,3.5,8]},"faces":{"north":{"uv":[10.5,4.75,11.5,4],"texture":"#3"},"east":{"uv":[8.5,11.25,9.25,10.5],"texture":"#3"},"south":{"uv":[5,11.25,6,10.5],"texture":"#3"},"west":{"uv":[9.5,11.25,10.25,10.5],"texture":"#3"},"up":{"uv":[7,11.25,6,10.5],"texture":"#3"},"down":{"uv":[11.5,5,10.5,5.75],"texture":"#3"}}},{"from":[7.5,2.07071,6.76005],"to":[8.5,4.07071,7.76005],"rotation":{"angle":45,"axis":"x","origin":[7.5,3.57071,7.01005]},"faces":{"north":{"uv":[1,12,1.5,11],"texture":"#3"},"east":{"uv":[1.5,12,2,11],"texture":"#3"},"south":{"uv":[2,12,2.5,11],"texture":"#3"},"west":{"uv":[2.5,12,3,11],"texture":"#3"},"up":{"uv":[1,12.5,0.5,12],"texture":"#3"},"down":{"uv":[0.5,12,0,12.5],"texture":"#3"}}},{"from":[7.5035,0.66257,5.67798],"to":[8.4965,3.66257,6.67798],"rotation":{"angle":-22.5,"axis":"x","origin":[7.5035,3.41257,8.17798]},"faces":{"north":{"uv":[10.5,7.5,11,6],"texture":"#3"},"east":{"uv":[7,12,7.5,10.5],"texture":"#3"},"south":{"uv":[7.5,12,8,10.5],"texture":"#3"},"west":{"uv":[8,12,8.5,10.5],"texture":"#3"},"down":{"uv":[1.5,12,1,12.5],"texture":"#3"}}},{"from":[7.5085,-1.1225,4.24389],"to":[8.4915,0.8775,5.16889],"rotation":{"angle":-45,"axis":"x","origin":[7.5085,3.6275,6.74389]},"faces":{"north":{"uv":[11,7,11.5,6],"texture":"#3"},"east":{"uv":[11,8,11.5,7],"texture":"#3"},"south":{"uv":[11.5,3,12,2],"texture":"#3"},"west":{"uv":[11.5,4,12,3],"texture":"#3"},"down":{"uv":[2,12,1.5,12.5],"texture":"#3"}}},{"from":[7.5135,-1.92053,8.45393],"to":[8.4865,-1.06053,10.45393],"rotation":{"angle":22.5,"axis":"x","origin":[8.0135,-1.41053,9.45393]},"faces":{"east":{"uv":[11.5,4.5,12.5,4],"texture":"#3"},"west":{"uv":[11.5,5,12.5,4.5],"texture":"#3"},"up":{"uv":[12,6,11.5,5],"texture":"#3"},"down":{"uv":[5.5,11.5,5,12.5],"texture":"#3"}}},{"from":[7.75,2.14393,6.89393],"to":[8.25,3.39393,7.89393],"rotation":{"angle":0,"axis":"x","origin":[7.25,2.89393,7.14393]},"faces":{"east":{"uv":[11.5,8.25,12,7.5],"texture":"#3"},"south":{"uv":[3.5,12.75,3.75,12],"texture":"#3"},"west":{"uv":[8.5,12.25,9,11.5],"texture":"#3"},"down":{"uv":[12.75,2,12.5,2.5],"texture":"#3"}}},{"from":[7.7535,1.14498,7.21737],"to":[8.2465,2.39498,8.14237],"rotation":{"angle":-22.5,"axis":"x","origin":[7.2535,1.39498,7.39237]},"faces":{"east":{"uv":[11.5,9.25,12,8.5],"texture":"#3"},"south":{"uv":[4,12.75,4.25,12],"texture":"#3"},"west":{"uv":[9,12.25,9.5,11.5],"texture":"#3"},"down":{"uv":[2.75,12.5,2.5,13],"texture":"#3"}}},{"from":[7.7585,0.15811,7.14393],"to":[8.2415,1.50811,8.39393],"rotation":{"angle":22.5,"axis":"x","origin":[7.2585,0.75811,7.89393]},"faces":{"east":{"uv":[10.5,11.25,11.25,10.5],"texture":"#3"},"south":{"uv":[4.5,12.75,4.75,12],"texture":"#3"},"west":{"uv":[0,11.75,0.75,11],"texture":"#3"},"up":{"uv":[12.25,5.75,12,5],"texture":"#3"}}},{"from":[7.4,-2.86586,9.33411],"to":[8.6,-1.66586,10.53411],"rotation":{"angle":-45,"axis":"x","origin":[7.4,-1.41586,9.33411]},"faces":{"north":{"uv":[2,12.5,2.5,12],"texture":"#3"},"east":{"uv":[12,2.5,12.5,2],"texture":"#3"},"south":{"uv":[2.5,12.5,3,12],"texture":"#3"},"west":{"uv":[12,3,12.5,2.5],"texture":"#3"},"up":{"uv":[12.5,3.5,12,3],"texture":"#3"},"down":{"uv":[3.5,12,3,12.5],"texture":"#3"}}},{"from":[7.4,4.3,7.4],"to":[8.6,5.5,8.6],"rotation":{"angle":0,"axis":"y","origin":[7.5,5.4,7.5]},"faces":{"north":{"uv":[10.5,8,11,7.5],"texture":"#3"},"east":{"uv":[9.5,12,10,11.5],"texture":"#3"},"south":{"uv":[11.5,10,12,9.5],"texture":"#3"},"west":{"uv":[10,12,10.5,11.5],"texture":"#3"},"up":{"uv":[12,10.5,11.5,10],"texture":"#3"}}},{"from":[7.985,-1.5,10.35941],"to":[8.015,17.5,16.35941],"rotation":{"angle":0,"axis":"y","origin":[7.985,4.5,10.35941]},"faces":{"east":{"uv":[3,0,0,9.5],"texture":"#3"},"west":{"uv":[0,0,3,9.5],"texture":"#3"}}},{"from":[6.6,10.25,4],"to":[6.6,18.25,12],"rotation":{"angle":22.5,"axis":"x","origin":[6.6,14.25,8]},"faces":{"west":{"uv":[0,0,16,16],"texture":"#1"}}},{"from":[6.6,-2.25,4],"to":[6.6,5.75,12],"rotation":{"angle":-22.5,"axis":"x","origin":[6.6,1.75,8]},"faces":{"west":{"uv":[0,16,16,0],"texture":"#1"}}},{"from":[9.4,10.25,4],"to":[9.4,18.25,12],"rotation":{"angle":22.5,"axis":"x","origin":[9.4,14.25,8]},"faces":{"east":{"uv":[16,0,0,16],"texture":"#1"}}},{"from":[9.4,-2.25,4],"to":[9.4,5.75,12],"rotation":{"angle":-22.5,"axis":"x","origin":[9.4,1.75,8]},"faces":{"east":{"uv":[16,16,0,0],"texture":"#1"}}}],"gui_light":"front","display":{"thirdperson_righthand":{"translation":[0,-2,1]},"thirdperson_lefthand":{"translation":[0,-2,1]},"firstperson_righthand":{"translation":[1.75,2,-1.5]},"firstperson_lefthand":{"translation":[1.75,2,-1.5]},"ground":{"rotation":[45,0,0],"translation":[0,5,0],"scale":[0.7,0.7,0.7]},"gui":{"rotation":[90,45,90],"translation":[-1,1.25,0],"scale":[0.7,0.7,0.7]},"head":{"rotation":[0,-90,0]},"fixed":{"rotation":[0,-90,0],"translation":[0,0,-1.5],"scale":[2,2,2]}},"USER":"1381","NONCE":"7b9a55f0c88b46edc7cd9ba6f7ade999","TIMESTAMP":"1741965777","RESOURCE":"11547","MCMODELS":"1","mcmodels":"7b9a55f0c88b46edc7cd9ba6f7ade999"}