{"credit":"Made with Blockbench","texture_size":[48,48],"textures":{"1":"item/crates/lucky/chest","2":"item/crates/lucky/animations/animation_1","particle":"item/crates/lucky/animations/animation_1"},"elements":[{"from":[3,0,3],"to":[5,1,5],"faces":{"north":{"uv":[3.33333,10.66667,4,11],"texture":"#1"},"east":{"uv":[7,11,7.66667,11.33333],"texture":"#1"},"south":{"uv":[11.66667,12.33333,12.33333,12.66667],"texture":"#1"},"west":{"uv":[12.33333,12.33333,13,12.66667],"texture":"#1"},"down":{"uv":[4,8,3.33333,8.66667],"texture":"#1"}}},{"from":[2.5,1,2.5],"to":[13.5,3,13.5],"faces":{"north":{"uv":[11.33333,0.66667,15,1.33333],"texture":"#1"},"east":{"uv":[11.33333,1.33333,15,2],"texture":"#1"},"south":{"uv":[11.33333,2,15,2.66667],"texture":"#1"},"west":{"uv":[11.33333,2.66667,15,3.33333],"texture":"#1"},"up":{"uv":[7.66667,3.66667,4,0],"texture":"#1"},"down":{"uv":[7.66667,3.66667,4,7.33333],"texture":"#1"}}},{"from":[3,3,3],"to":[13,6,13],"faces":{"north":{"uv":[0,8,3.33333,9],"texture":"#1"},"east":{"uv":[0,9,3.33333,10],"texture":"#1"},"south":{"uv":[0,10,3.33333,11],"texture":"#1"},"west":{"uv":[7.66667,10.33333,11,11.33333],"texture":"#1"}}},{"from":[2.5,6,2.5],"to":[13.5,7,13.5],"faces":{"north":{"uv":[11.33333,3.33333,15,3.66667],"texture":"#1"},"east":{"uv":[11.33333,3.66667,15,4],"texture":"#1"},"south":{"uv":[11.33333,4,15,4.33333],"texture":"#1"},"west":{"uv":[11.33333,4.33333,15,4.66667],"texture":"#1"},"up":{"uv":[7.66667,11,4,7.33333],"texture":"#1"},"down":{"uv":[11.33333,0,7.66667,3.66667],"texture":"#1"}}},{"from":[13,4,6],"to":[14,5,7],"rotation":{"angle":0,"axis":"y","origin":[16,0,6]},"faces":{"north":{"uv":[10.66667,11.33333,11,11.66667],"texture":"#1"},"east":{"uv":[2.66667,12,3,12.33333],"texture":"#1"},"south":{"uv":[7.33333,12.66667,7.66667,13],"texture":"#1"},"west":{"uv":[12.33333,12.66667,12.66667,13],"texture":"#1"},"up":{"uv":[13,13,12.66667,12.66667],"texture":"#1"},"down":{"uv":[0.33333,13,0,13.33333],"texture":"#1"}}},{"from":[13.25,3.875,5],"to":[13.75,4.375,6],"rotation":{"angle":-22.5,"axis":"z","origin":[14.5,4.125,8]},"faces":{"north":{"uv":[13.66667,12.66667,13.83333,12.83333],"texture":"#1"},"east":{"uv":[13.66667,9,14,9.16667],"texture":"#1"},"south":{"uv":[13,13.66667,13.16667,13.83333],"texture":"#1"},"west":{"uv":[9.33333,13.66667,9.66667,13.83333],"texture":"#1"},"up":{"uv":[13.83333,9.66667,13.66667,9.33333],"texture":"#1"},"down":{"uv":[9.83333,13.66667,9.66667,14],"texture":"#1"}}},{"from":[13.75,3.875,5],"to":[15.75,4.375,5.5],"rotation":{"angle":-22.5,"axis":"z","origin":[14.5,4.125,8]},"faces":{"north":{"uv":[0.33333,13,1,13.16667],"texture":"#1"},"east":{"uv":[13.66667,13,13.83333,13.16667],"texture":"#1"},"south":{"uv":[1,13,1.66667,13.16667],"texture":"#1"},"west":{"uv":[13.33333,13.66667,13.5,13.83333],"texture":"#1"},"up":{"uv":[2.33333,13.16667,1.66667,13],"texture":"#1"},"down":{"uv":[3,13,2.33333,13.16667],"texture":"#1"}}},{"from":[15.25,3.875,5.5],"to":[15.75,4.375,6.5],"rotation":{"angle":-22.5,"axis":"z","origin":[14.5,4.125,8]},"faces":{"north":{"uv":[13.66667,13.66667,13.83333,13.83333],"texture":"#1"},"east":{"uv":[13.66667,9.66667,14,9.83333],"texture":"#1"},"south":{"uv":[0,14,0.16667,14.16667],"texture":"#1"},"west":{"uv":[10,13.66667,10.33333,13.83333],"texture":"#1"},"up":{"uv":[13.83333,10.33333,13.66667,10],"texture":"#1"},"down":{"uv":[10.5,13.66667,10.33333,14],"texture":"#1"}}},{"from":[15,3.625,6.5],"to":[16,4.625,9.5],"rotation":{"angle":-22.5,"axis":"z","origin":[14.5,4.125,8]},"faces":{"north":{"uv":[3,13,3.33333,13.33333],"texture":"#1"},"east":{"uv":[11.33333,7,12.33333,7.33333],"texture":"#1"},"south":{"uv":[3.33333,13,3.66667,13.33333],"texture":"#1"},"west":{"uv":[6.66667,12.33333,7.66667,12.66667],"texture":"#1"},"up":{"uv":[8,13.33333,7.66667,12.33333],"texture":"#1"},"down":{"uv":[11,12.33333,10.66667,13.33333],"texture":"#1"}}},{"from":[6.75,5.25,2],"to":[9.25,7.75,3],"rotation":{"angle":45,"axis":"z","origin":[8,6.5,2.5]},"faces":{"north":{"uv":[11.33333,6,12.16667,6.83333],"texture":"#1"},"east":{"uv":[11,12.33333,11.33333,13.16667],"texture":"#1"},"south":{"uv":[7,11.33333,7.83333,12.16667],"texture":"#1"},"west":{"uv":[11.33333,12.33333,11.66667,13.16667],"texture":"#1"},"up":{"uv":[13.16667,7,12.33333,6.66667],"texture":"#1"},"down":{"uv":[13.16667,7,12.33333,7.33333],"texture":"#1"}}},{"from":[11,0,3],"to":[13,1,5],"rotation":{"angle":0,"axis":"y","origin":[16,0,0]},"faces":{"north":{"uv":[0,12.66667,0.66667,13],"texture":"#1"},"east":{"uv":[0.66667,12.66667,1.33333,13],"texture":"#1"},"south":{"uv":[1.33333,12.66667,2,13],"texture":"#1"},"west":{"uv":[2,12.66667,2.66667,13],"texture":"#1"},"down":{"uv":[4,10,3.33333,10.66667],"texture":"#1"}}},{"from":[3,0,11],"to":[5,1,13],"rotation":{"angle":0,"axis":"y","origin":[0,0,16]},"faces":{"north":{"uv":[6.66667,12.66667,7.33333,13],"texture":"#1"},"east":{"uv":[8,12.66667,8.66667,13],"texture":"#1"},"south":{"uv":[8.66667,12.66667,9.33333,13],"texture":"#1"},"west":{"uv":[9.33333,12.66667,10,13],"texture":"#1"},"down":{"uv":[8.66667,11.33333,8,12],"texture":"#1"}}},{"from":[11,0,11],"to":[13,1,13],"rotation":{"angle":0,"axis":"y","origin":[16,0,16]},"faces":{"north":{"uv":[10,12.66667,10.66667,13],"texture":"#1"},"east":{"uv":[11.66667,12.66667,12.33333,13],"texture":"#1"},"south":{"uv":[12.66667,11.66667,13.33333,12],"texture":"#1"},"west":{"uv":[12.66667,12,13.33333,12.33333],"texture":"#1"},"down":{"uv":[9.33333,11.33333,8.66667,12],"texture":"#1"}}},{"from":[15.25,3.875,9.5],"to":[15.75,4.375,10.5],"rotation":{"angle":-22.5,"axis":"z","origin":[14.5,4.125,8]},"faces":{"north":{"uv":[0.33333,14,0.5,14.16667],"texture":"#1"},"east":{"uv":[10.66667,13.66667,11,13.83333],"texture":"#1"},"south":{"uv":[0.66667,14,0.83333,14.16667],"texture":"#1"},"west":{"uv":[11,13.66667,11.33333,13.83333],"texture":"#1"},"up":{"uv":[11.5,14,11.33333,13.66667],"texture":"#1"},"down":{"uv":[11.83333,13.66667,11.66667,14],"texture":"#1"}}},{"from":[13.75,3.875,10.5],"to":[15.75,4.375,11],"rotation":{"angle":-22.5,"axis":"z","origin":[14.5,4.125,8]},"faces":{"north":{"uv":[13,6,13.66667,6.16667],"texture":"#1"},"east":{"uv":[1,14,1.16667,14.16667],"texture":"#1"},"south":{"uv":[6.33333,13,7,13.16667],"texture":"#1"},"west":{"uv":[1.33333,14,1.5,14.16667],"texture":"#1"},"up":{"uv":[13.66667,6.5,13,6.33333],"texture":"#1"},"down":{"uv":[7.66667,13,7,13.16667],"texture":"#1"}}},{"from":[13.25,3.875,10],"to":[13.75,4.375,11],"rotation":{"angle":-22.5,"axis":"z","origin":[14.5,4.125,8]},"faces":{"north":{"uv":[1.66667,14,1.83333,14.16667],"texture":"#1"},"east":{"uv":[12,13.66667,12.33333,13.83333],"texture":"#1"},"south":{"uv":[2,14,2.16667,14.16667],"texture":"#1"},"west":{"uv":[12.33333,13.66667,12.66667,13.83333],"texture":"#1"},"up":{"uv":[13.83333,12.66667,13.66667,12.33333],"texture":"#1"},"down":{"uv":[12.83333,13.66667,12.66667,14],"texture":"#1"}}},{"from":[13,4,9],"to":[14,5,10],"rotation":{"angle":0,"axis":"y","origin":[16,0,10]},"faces":{"north":{"uv":[8,13,8.33333,13.33333],"texture":"#1"},"east":{"uv":[8.33333,13,8.66667,13.33333],"texture":"#1"},"south":{"uv":[8.66667,13,9,13.33333],"texture":"#1"},"west":{"uv":[9,13,9.33333,13.33333],"texture":"#1"},"up":{"uv":[9.66667,13.33333,9.33333,13],"texture":"#1"},"down":{"uv":[10,13,9.66667,13.33333],"texture":"#1"}}},{"from":[2,4,6],"to":[3,5,7],"rotation":{"angle":0,"axis":"y","origin":[0,0,6]},"faces":{"north":{"uv":[11,11.33333,10.66667,11.66667],"texture":"#1"},"east":{"uv":[12.66667,12.66667,12.33333,13],"texture":"#1"},"south":{"uv":[7.66667,12.66667,7.33333,13],"texture":"#1"},"west":{"uv":[3,12,2.66667,12.33333],"texture":"#1"},"up":{"uv":[12.66667,13,13,12.66667],"texture":"#1"},"down":{"uv":[0,13,0.33333,13.33333],"texture":"#1"}}},{"from":[2.25,3.875,5],"to":[2.75,4.375,6],"rotation":{"angle":22.5,"axis":"z","origin":[1.5,4.125,8]},"faces":{"north":{"uv":[13.83333,12.66667,13.66667,12.83333],"texture":"#1"},"east":{"uv":[9.66667,13.66667,9.33333,13.83333],"texture":"#1"},"south":{"uv":[13.16667,13.66667,13,13.83333],"texture":"#1"},"west":{"uv":[14,9,13.66667,9.16667],"texture":"#1"},"up":{"uv":[13.66667,9.66667,13.83333,9.33333],"texture":"#1"},"down":{"uv":[9.66667,13.66667,9.83333,14],"texture":"#1"}}},{"from":[0.25,3.875,5],"to":[2.25,4.375,5.5],"rotation":{"angle":22.5,"axis":"z","origin":[1.5,4.125,8]},"faces":{"north":{"uv":[1,13,0.33333,13.16667],"texture":"#1"},"east":{"uv":[13.5,13.66667,13.33333,13.83333],"texture":"#1"},"south":{"uv":[1.66667,13,1,13.16667],"texture":"#1"},"west":{"uv":[13.83333,13,13.66667,13.16667],"texture":"#1"},"up":{"uv":[1.66667,13.16667,2.33333,13],"texture":"#1"},"down":{"uv":[2.33333,13,3,13.16667],"texture":"#1"}}},{"from":[0.25,3.875,5.5],"to":[0.75,4.375,6.5],"rotation":{"angle":22.5,"axis":"z","origin":[1.5,4.125,8]},"faces":{"north":{"uv":[13.83333,13.66667,13.66667,13.83333],"texture":"#1"},"east":{"uv":[10.33333,13.66667,10,13.83333],"texture":"#1"},"south":{"uv":[0.16667,14,0,14.16667],"texture":"#1"},"west":{"uv":[14,9.66667,13.66667,9.83333],"texture":"#1"},"up":{"uv":[13.66667,10.33333,13.83333,10],"texture":"#1"},"down":{"uv":[10.33333,13.66667,10.5,14],"texture":"#1"}}},{"from":[0,3.625,6.5],"to":[1,4.625,9.5],"rotation":{"angle":22.5,"axis":"z","origin":[1.5,4.125,8]},"faces":{"north":{"uv":[3.33333,13,3,13.33333],"texture":"#1"},"east":{"uv":[7.66667,12.33333,6.66667,12.66667],"texture":"#1"},"south":{"uv":[3.66667,13,3.33333,13.33333],"texture":"#1"},"west":{"uv":[12.33333,7,11.33333,7.33333],"texture":"#1"},"up":{"uv":[7.66667,13.33333,8,12.33333],"texture":"#1"},"down":{"uv":[10.66667,12.33333,11,13.33333],"texture":"#1"}}},{"from":[0.25,3.875,9.5],"to":[0.75,4.375,10.5],"rotation":{"angle":22.5,"axis":"z","origin":[1.5,4.125,8]},"faces":{"north":{"uv":[0.5,14,0.33333,14.16667],"texture":"#1"},"east":{"uv":[11.33333,13.66667,11,13.83333],"texture":"#1"},"south":{"uv":[0.83333,14,0.66667,14.16667],"texture":"#1"},"west":{"uv":[11,13.66667,10.66667,13.83333],"texture":"#1"},"up":{"uv":[11.33333,14,11.5,13.66667],"texture":"#1"},"down":{"uv":[11.66667,13.66667,11.83333,14],"texture":"#1"}}},{"from":[0.25,3.875,10.5],"to":[2.25,4.375,11],"rotation":{"angle":22.5,"axis":"z","origin":[1.5,4.125,8]},"faces":{"north":{"uv":[13.66667,6,13,6.16667],"texture":"#1"},"east":{"uv":[1.5,14,1.33333,14.16667],"texture":"#1"},"south":{"uv":[7,13,6.33333,13.16667],"texture":"#1"},"west":{"uv":[1.16667,14,1,14.16667],"texture":"#1"},"up":{"uv":[13,6.5,13.66667,6.33333],"texture":"#1"},"down":{"uv":[7,13,7.66667,13.16667],"texture":"#1"}}},{"from":[2.25,3.875,10],"to":[2.75,4.375,11],"rotation":{"angle":22.5,"axis":"z","origin":[1.5,4.125,8]},"faces":{"north":{"uv":[1.83333,14,1.66667,14.16667],"texture":"#1"},"east":{"uv":[12.66667,13.66667,12.33333,13.83333],"texture":"#1"},"south":{"uv":[2.16667,14,2,14.16667],"texture":"#1"},"west":{"uv":[12.33333,13.66667,12,13.83333],"texture":"#1"},"up":{"uv":[13.66667,12.66667,13.83333,12.33333],"texture":"#1"},"down":{"uv":[12.66667,13.66667,12.83333,14],"texture":"#1"}}},{"from":[2,4,9],"to":[3,5,10],"rotation":{"angle":0,"axis":"y","origin":[0,0,10]},"faces":{"north":{"uv":[8.33333,13,8,13.33333],"texture":"#1"},"east":{"uv":[9.33333,13,9,13.33333],"texture":"#1"},"south":{"uv":[9,13,8.66667,13.33333],"texture":"#1"},"west":{"uv":[8.66667,13,8.33333,13.33333],"texture":"#1"},"up":{"uv":[9.33333,13.33333,9.66667,13],"texture":"#1"},"down":{"uv":[9.66667,13,10,13.33333],"texture":"#1"}}},{"from":[2.75,9,2.75],"to":[13.25,10,13.25],"faces":{"north":{"uv":[11.33333,4.66667,14.83333,5],"texture":"#1"},"east":{"uv":[11.33333,5,14.83333,5.33333],"texture":"#1"},"south":{"uv":[11.33333,5.33333,14.83333,5.66667],"texture":"#1"},"west":{"uv":[11.33333,5.66667,14.83333,6],"texture":"#1"},"up":{"uv":[11.16667,7.16667,7.66667,3.66667],"texture":"#1"}}},{"from":[2.25,7,2.25],"to":[13.75,9,13.75],"faces":{"north":{"uv":[3,11,6.83333,11.66667],"texture":"#1"},"east":{"uv":[11,10.33333,14.83333,11],"texture":"#1"},"south":{"uv":[11,11,14.83333,11.66667],"texture":"#1"},"west":{"uv":[11.33333,0,15.16667,0.66667],"texture":"#1"},"up":{"uv":[3.83333,3.83333,0,0],"texture":"#1"},"down":{"uv":[3.83333,4,0,7.83333],"texture":"#1"}}},{"from":[4.25,10,4.25],"to":[6.25,10.5,6.25],"rotation":{"angle":22.5,"axis":"y","origin":[5.25,10.25,5.25]},"faces":{"north":{"uv":[3.66667,13,4.33333,13.16667],"texture":"#1"},"east":{"uv":[4.33333,13,5,13.16667],"texture":"#1"},"south":{"uv":[5,13,5.66667,13.16667],"texture":"#1"},"west":{"uv":[5.66667,13,6.33333,13.16667],"texture":"#1"},"up":{"uv":[4,9.33333,3.33333,8.66667],"texture":"#1"},"down":{"uv":[4,9.33333,3.33333,10],"texture":"#1"}}},{"from":[7.15,10,4.25],"to":[9.15,10.5,6.25],"rotation":{"angle":-22.5,"axis":"y","origin":[8.15,10.25,5.25]},"faces":{"north":{"uv":[10,13,10.66667,13.16667],"texture":"#1"},"east":{"uv":[11.66667,13,12.33333,13.16667],"texture":"#1"},"south":{"uv":[12.33333,13,13,13.16667],"texture":"#1"},"west":{"uv":[13,12.33333,13.66667,12.5],"texture":"#1"},"up":{"uv":[10,12,9.33333,11.33333],"texture":"#1"},"down":{"uv":[10.66667,11.33333,10,12],"texture":"#1"}}},{"from":[9.75,10,4.25],"to":[11.75,10.5,6.25],"rotation":{"angle":-22.5,"axis":"y","origin":[10.75,10.25,5.25]},"faces":{"north":{"uv":[13,12.66667,13.66667,12.83333],"texture":"#1"},"east":{"uv":[13,13,13.66667,13.16667],"texture":"#1"},"south":{"uv":[0,13.33333,0.66667,13.5],"texture":"#1"},"west":{"uv":[0.66667,13.33333,1.33333,13.5],"texture":"#1"},"up":{"uv":[3.66667,12.33333,3,11.66667],"texture":"#1"},"down":{"uv":[4.33333,11.66667,3.66667,12.33333],"texture":"#1"}}},{"from":[9.54067,10,10.05238],"to":[11.54067,10.5,12.05238],"rotation":{"angle":0,"axis":"y","origin":[8,10.25,10]},"faces":{"north":{"uv":[1.33333,13.33333,2,13.5],"texture":"#1"},"east":{"uv":[2,13.33333,2.66667,13.5],"texture":"#1"},"south":{"uv":[2.66667,13.33333,3.33333,13.5],"texture":"#1"},"west":{"uv":[3.33333,13.33333,4,13.5],"texture":"#1"},"up":{"uv":[5,12.33333,4.33333,11.66667],"texture":"#1"},"down":{"uv":[5.66667,11.66667,5,12.33333],"texture":"#1"}}},{"from":[6.86142,10,9.5574],"to":[8.86142,10.5,11.5574],"rotation":{"angle":-45,"axis":"y","origin":[8,10.25,10.5]},"faces":{"north":{"uv":[4,13.33333,4.66667,13.5],"texture":"#1"},"east":{"uv":[4.66667,13.33333,5.33333,13.5],"texture":"#1"},"south":{"uv":[5.33333,13.33333,6,13.5],"texture":"#1"},"west":{"uv":[6,13.33333,6.66667,13.5],"texture":"#1"},"up":{"uv":[6.33333,12.33333,5.66667,11.66667],"texture":"#1"},"down":{"uv":[7,11.66667,6.33333,12.33333],"texture":"#1"}}},{"from":[4.20933,10,9.44762],"to":[6.20933,10.5,11.44762],"rotation":{"angle":22.5,"axis":"y","origin":[5.20933,10.25,10.44762]},"faces":{"north":{"uv":[6.66667,13.33333,7.33333,13.5],"texture":"#1"},"east":{"uv":[13.33333,6.66667,14,6.83333],"texture":"#1"},"south":{"uv":[13.33333,7,14,7.16667],"texture":"#1"},"west":{"uv":[7.33333,13.33333,8,13.5],"texture":"#1"},"up":{"uv":[11.33333,12.33333,10.66667,11.66667],"texture":"#1"},"down":{"uv":[12,11.66667,11.33333,12.33333],"texture":"#1"}}},{"from":[5.86142,10,6.6926],"to":[7.86142,10.5,8.6926],"rotation":{"angle":-22.5,"axis":"y","origin":[6.86142,10.25,7.6926]},"faces":{"north":{"uv":[8,13.33333,8.66667,13.5],"texture":"#1"},"east":{"uv":[8.66667,13.33333,9.33333,13.5],"texture":"#1"},"south":{"uv":[9.33333,13.33333,10,13.5],"texture":"#1"},"west":{"uv":[10,13.33333,10.66667,13.5],"texture":"#1"},"up":{"uv":[0.66667,12.66667,0,12],"texture":"#1"},"down":{"uv":[1.33333,12,0.66667,12.66667],"texture":"#1"}}},{"from":[8.86142,10,6.9426],"to":[10.86142,10.5,8.9426],"rotation":{"angle":0,"axis":"y","origin":[9.86142,10.25,7.9426]},"faces":{"north":{"uv":[10.66667,13.33333,11.33333,13.5],"texture":"#1"},"east":{"uv":[11.33333,13.33333,12,13.5],"texture":"#1"},"south":{"uv":[13.33333,11.66667,14,11.83333],"texture":"#1"},"west":{"uv":[12,13.33333,12.66667,13.5],"texture":"#1"},"up":{"uv":[2,12.66667,1.33333,12],"texture":"#1"},"down":{"uv":[2.66667,12,2,12.66667],"texture":"#1"}}},{"from":[8.36142,10.5,8.4426],"to":[10.36142,11,10.4426],"rotation":{"angle":45,"axis":"y","origin":[9.36142,10.75,9.4426]},"faces":{"north":{"uv":[13.33333,12,14,12.16667],"texture":"#1"},"east":{"uv":[12.66667,13.33333,13.33333,13.5],"texture":"#1"},"south":{"uv":[13.33333,13.33333,14,13.5],"texture":"#1"},"west":{"uv":[0,13.66667,0.66667,13.83333],"texture":"#1"},"up":{"uv":[8.66667,12.66667,8,12],"texture":"#1"},"down":{"uv":[9.33333,12,8.66667,12.66667],"texture":"#1"}}},{"from":[8.36142,10.5,5.4426],"to":[10.36142,11,7.4426],"rotation":{"angle":22.5,"axis":"y","origin":[9.36142,10.75,6.4426]},"faces":{"north":{"uv":[0.66667,13.66667,1.33333,13.83333],"texture":"#1"},"east":{"uv":[1.33333,13.66667,2,13.83333],"texture":"#1"},"south":{"uv":[2,13.66667,2.66667,13.83333],"texture":"#1"},"west":{"uv":[2.66667,13.66667,3.33333,13.83333],"texture":"#1"},"up":{"uv":[10,12.66667,9.33333,12],"texture":"#1"},"down":{"uv":[10.66667,12,10,12.66667],"texture":"#1"}}},{"from":[5.61142,10.5,5.4426],"to":[7.61142,11,7.4426],"rotation":{"angle":22.5,"axis":"y","origin":[6.61142,10.75,6.4426]},"faces":{"north":{"uv":[3.33333,13.66667,4,13.83333],"texture":"#1"},"east":{"uv":[4,13.66667,4.66667,13.83333],"texture":"#1"},"south":{"uv":[4.66667,13.66667,5.33333,13.83333],"texture":"#1"},"west":{"uv":[5.33333,13.66667,6,13.83333],"texture":"#1"},"up":{"uv":[12.66667,12.33333,12,11.66667],"texture":"#1"},"down":{"uv":[3.33333,12.33333,2.66667,13],"texture":"#1"}}},{"from":[5.61142,10.5,8.1926],"to":[7.61142,11,10.1926],"rotation":{"angle":45,"axis":"y","origin":[6.61142,10.75,9.1926]},"faces":{"north":{"uv":[6,13.66667,6.66667,13.83333],"texture":"#1"},"east":{"uv":[13.66667,6,14.33333,6.16667],"texture":"#1"},"south":{"uv":[13.66667,6.33333,14.33333,6.5],"texture":"#1"},"west":{"uv":[6.66667,13.66667,7.33333,13.83333],"texture":"#1"},"up":{"uv":[4,13,3.33333,12.33333],"texture":"#1"},"down":{"uv":[4.66667,12.33333,4,13],"texture":"#1"}}},{"from":[9.96142,10.6,7.1926],"to":[11.96142,11.1,9.1926],"rotation":{"angle":-45,"axis":"z","origin":[10.96142,10.85,8.1926]},"faces":{"north":{"uv":[7.33333,13.66667,8,13.83333],"texture":"#1"},"east":{"uv":[13.66667,7.33333,14.33333,7.5],"texture":"#1"},"south":{"uv":[13.66667,7.66667,14.33333,7.83333],"texture":"#1"},"west":{"uv":[8,13.66667,8.66667,13.83333],"texture":"#1"},"up":{"uv":[5.33333,13,4.66667,12.33333],"texture":"#1"},"down":{"uv":[6,12.33333,5.33333,13],"texture":"#1"}}},{"from":[3.93858,10.3,6.8926],"to":[5.93858,10.8,8.8926],"rotation":{"angle":22.5,"axis":"z","origin":[4.93858,10.55,7.8926]},"faces":{"north":{"uv":[13.66667,8,14.33333,8.16667],"texture":"#1"},"east":{"uv":[13.66667,8.33333,14.33333,8.5],"texture":"#1"},"south":{"uv":[8.66667,13.66667,9.33333,13.83333],"texture":"#1"},"west":{"uv":[13.66667,8.66667,14.33333,8.83333],"texture":"#1"},"up":{"uv":[6.66667,13,6,12.33333],"texture":"#1"},"down":{"uv":[13,6,12.33333,6.66667],"texture":"#1"}}},{"from":[3.75,2.25,1.6],"to":[11.75,10.25,1.6],"rotation":{"angle":0,"axis":"y","origin":[11.75,2.25,1.6]},"faces":{"north":{"uv":[0,0,16,16],"texture":"#2"}}}],"gui_light":"front","display":{"thirdperson_righthand":{"rotation":[-143.75,0,-180],"translation":[0,5.5,1.25],"scale":[0.70117,0.70117,0.70117]},"thirdperson_lefthand":{"rotation":[-143.75,0,-180],"translation":[0,5.5,1.25],"scale":[0.70117,0.70117,0.70117]},"firstperson_righthand":{"rotation":[-27.25,180,0],"translation":[0,4.5,0],"scale":[0.60742,0.60742,0.60742]},"firstperson_lefthand":{"rotation":[-27.25,180,0],"translation":[0,4.5,0],"scale":[0.60742,0.60742,0.60742]},"ground":{"translation":[0,5,0]},"gui":{"rotation":[20,135,0],"translation":[0,1.5,0]},"head":{"rotation":[0,180,0],"translation":[0,-26.5,0],"scale":[2,2,2]},"fixed":{"rotation":[-90,0,0],"translation":[0,0,-16],"scale":[2,2,2]}},"groups":[{"name":"group","origin":[16,0,10],"color":0,"boneType":"","children":[0,1,2,3,4,5,6,7,8,9,10,11,12,13,14,15,16,17,18,19,20,21,22,23,24,25]},{"name":"group","origin":[3.75,16.5,3.75],"color":0,"boneType":"","children":[26,27,28,29,30,31,32,33,34,35,36,37,38,39,40,41,42]}],"mcmodels":"7b9a55f0c88b46edc7cd9ba6f7ade999"}