{"credit":"Made with Blockbench","textures":{"1":"item/crates/lucky/animations/animation_1","2":"item/crates/lucky/crossbow","particle":"item/crates/lucky/crossbow"},"elements":[{"from":[11.28298,8.93566,2.56237],"to":[12.58298,10.73566,3.86237],"rotation":{"angle":-45,"axis":"y","origin":[14.15698,10.23566,1.82529]},"faces":{"north":{"uv":[3,13,4,13.75],"rotation":270,"texture":"#2"},"east":{"uv":[14,5.25,13,4.5],"rotation":90,"texture":"#2"},"south":{"uv":[4,13,5,13.75],"rotation":90,"texture":"#2"},"west":{"uv":[6.5,13,5.5,13.75],"rotation":90,"texture":"#2"},"up":{"uv":[13.5,5.5,14.25,6.25],"rotation":90,"texture":"#2"},"down":{"uv":[13.5,0,14.25,0.75],"rotation":90,"texture":"#2"}}},{"from":[10.31066,9.23566,0.6335],"to":[11.51066,10.43566,1.8335],"rotation":{"angle":0,"axis":"y","origin":[14.15698,10.23566,1.82529]},"faces":{"north":{"uv":[12,14.5,12.5,15],"rotation":270,"texture":"#2"},"south":{"uv":[14.5,12.5,15,13],"rotation":90,"texture":"#2"},"west":{"uv":[15,13,14.5,13.5],"rotation":90,"texture":"#2"},"up":{"uv":[13,14.5,13.5,15],"rotation":90,"texture":"#2"},"down":{"uv":[12.5,14.5,13,15],"rotation":90,"texture":"#2"}}},{"from":[9.73476,10.62066,-1.96502],"to":[14.23476,10.65066,2.53498],"rotation":{"angle":22.5,"axis":"y","origin":[14.15698,10.23566,1.82529]},"faces":{"up":{"uv":[3,9,5.25,11.25],"rotation":90,"texture":"#2"},"down":{"uv":[3,9,5.25,11.25],"rotation":90,"texture":"#2"}}},{"from":[16.0723,10.37066,0.4872],"to":[19.5723,10.40066,3.9872],"rotation":{"angle":-22.5,"axis":"y","origin":[14.15698,10.23566,1.82529]},"faces":{"up":{"uv":[9.5,9,11.25,10.75],"rotation":90,"texture":"#2"},"down":{"uv":[11.25,9,9.5,10.75],"rotation":90,"texture":"#2"}}},{"from":[13.41989,9.33566,-0.89871],"to":[15.41989,10.33566,0.10129],"rotation":{"angle":45,"axis":"y","origin":[14.15698,10.23566,1.82529]},"faces":{"north":{"uv":[9,10,9.5,11],"rotation":270,"texture":"#2"},"east":{"uv":[14,15,13.5,14.5],"rotation":90,"texture":"#2"},"south":{"uv":[12,13.5,12.5,14.5],"rotation":90,"texture":"#2"},"west":{"uv":[15,14,14.5,14.5],"rotation":90,"texture":"#2"},"up":{"uv":[12.5,13.5,13,14.5],"rotation":90,"texture":"#2"},"down":{"uv":[11.5,13,12,14],"rotation":90,"texture":"#2"}}},{"from":[12.41673,9.58566,0.12743],"to":[13.66673,10.08566,1.12743],"rotation":{"angle":0,"axis":"y","origin":[14.15698,10.23566,1.82529]},"faces":{"east":{"uv":[13.75,15.5,13.5,15],"rotation":90,"texture":"#2"},"south":{"uv":[8.5,15,8.75,15.75],"rotation":90,"texture":"#2"},"up":{"uv":[14.5,0,15,0.75],"rotation":90,"texture":"#2"},"down":{"uv":[14,14,14.5,14.75],"rotation":90,"texture":"#2"}}},{"from":[12.93699,9.58916,0.44317],"to":[14.18699,10.08216,1.36817],"rotation":{"angle":-22.5,"axis":"y","origin":[14.15698,10.23566,1.82529]},"faces":{"east":{"uv":[14.25,15.5,14,15],"rotation":90,"texture":"#2"},"south":{"uv":[9,15,9.25,15.75],"rotation":90,"texture":"#2"},"up":{"uv":[14.5,2.5,15,3.25],"rotation":90,"texture":"#2"},"down":{"uv":[14.5,1,15,1.75],"rotation":90,"texture":"#2"}}},{"from":[14.50144,9.59416,0.77327],"to":[15.85144,10.07716,2.02327],"rotation":{"angle":22.5,"axis":"y","origin":[14.15698,10.23566,1.82529]},"faces":{"south":{"uv":[15,9,15.25,9.75],"rotation":90,"texture":"#2"},"west":{"uv":[15.25,14,15,14.5],"rotation":90,"texture":"#2"},"up":{"uv":[14.5,4.5,15,5.25],"rotation":90,"texture":"#2"},"down":{"uv":[14.5,3.5,15,4.25],"rotation":90,"texture":"#2"}}},{"from":[12.12362,9.33916,-0.38392],"to":[15.12362,10.33216,0.61608],"rotation":{"angle":-22.5,"axis":"y","origin":[14.15698,10.23566,1.82529]},"faces":{"north":{"uv":[13,5.5,13.5,7],"rotation":270,"texture":"#2"},"east":{"uv":[15,15,14.5,14.5],"rotation":90,"texture":"#2"},"south":{"uv":[7,13,7.5,14.5],"rotation":90,"texture":"#2"},"up":{"uv":[13,7,13.5,8.5],"rotation":90,"texture":"#2"},"down":{"uv":[6.5,13,7,14.5],"rotation":90,"texture":"#2"}}},{"from":[14.20462,9.34416,-0.58567],"to":[16.20462,10.32716,0.33933],"rotation":{"angle":-45,"axis":"y","origin":[14.15698,10.23566,1.82529]},"faces":{"north":{"uv":[13,13.5,13.5,14.5],"rotation":270,"texture":"#2"},"east":{"uv":[0.5,15.5,0,15],"rotation":90,"texture":"#2"},"south":{"uv":[14,1,14.5,2],"rotation":90,"texture":"#2"},"up":{"uv":[3,14,3.5,15],"rotation":90,"texture":"#2"},"down":{"uv":[13.5,13.5,14,14.5],"rotation":90,"texture":"#2"}}},{"from":[16.30801,9.34916,2.79443],"to":[17.16801,10.32216,4.79443],"rotation":{"angle":22.5,"axis":"y","origin":[14.15698,10.23566,1.82529]},"faces":{"east":{"uv":[4,15,3.5,14],"rotation":90,"texture":"#2"},"west":{"uv":[4.5,14,4,15],"rotation":90,"texture":"#2"},"up":{"uv":[14,2,15,2.5],"rotation":90,"texture":"#2"},"down":{"uv":[10.5,8.5,11.5,9],"rotation":90,"texture":"#2"}}},{"from":[17.10237,9.23566,0.1797],"to":[18.30237,10.43566,1.3797],"rotation":{"angle":-45,"axis":"y","origin":[14.15698,10.23566,1.82529]},"faces":{"north":{"uv":[15,0,15.5,0.5],"rotation":270,"texture":"#2"},"east":{"uv":[15.5,1.5,15,1],"rotation":90,"texture":"#2"},"south":{"uv":[15,0.5,15.5,1],"rotation":90,"texture":"#2"},"west":{"uv":[2,15,1.5,15.5],"rotation":90,"texture":"#2"},"up":{"uv":[1,15,1.5,15.5],"rotation":90,"texture":"#2"},"down":{"uv":[0.5,15,1,15.5],"rotation":90,"texture":"#2"}}},{"from":[3.41702,8.93566,2.56237],"to":[4.71702,10.73566,3.86237],"rotation":{"angle":45,"axis":"y","origin":[1.84302,10.23566,1.82529]},"faces":{"north":{"uv":[3,13.75,4,13],"rotation":270,"texture":"#2"},"east":{"uv":[6.5,13.75,5.5,13],"rotation":90,"texture":"#2"},"south":{"uv":[4,13.75,5,13],"rotation":90,"texture":"#2"},"west":{"uv":[14,4.5,13,5.25],"rotation":90,"texture":"#2"},"up":{"uv":[13.5,6.25,14.25,5.5],"rotation":90,"texture":"#2"},"down":{"uv":[13.5,0.75,14.25,0],"rotation":90,"texture":"#2"}}},{"from":[4.48934,9.23566,0.6335],"to":[5.68934,10.43566,1.8335],"rotation":{"angle":0,"axis":"y","origin":[1.84302,10.23566,1.82529]},"faces":{"north":{"uv":[12,15,12.5,14.5],"rotation":270,"texture":"#2"},"east":{"uv":[15,13.5,14.5,13],"rotation":90,"texture":"#2"},"south":{"uv":[14.5,13,15,12.5],"rotation":90,"texture":"#2"},"up":{"uv":[13,15,13.5,14.5],"rotation":90,"texture":"#2"},"down":{"uv":[12.5,15,13,14.5],"rotation":90,"texture":"#2"}}},{"from":[1.76524,10.62066,-1.96502],"to":[6.26524,10.65066,2.53498],"rotation":{"angle":-22.5,"axis":"y","origin":[1.84302,10.23566,1.82529]},"faces":{"up":{"uv":[3,11.25,5.25,9],"rotation":90,"texture":"#2"},"down":{"uv":[3,11.25,5.25,9],"rotation":90,"texture":"#2"}}},{"from":[-3.5723,10.37066,0.4872],"to":[-0.0723,10.40066,3.9872],"rotation":{"angle":22.5,"axis":"y","origin":[1.84302,10.23566,1.82529]},"faces":{"up":{"uv":[9.5,10.75,11.25,9],"rotation":90,"texture":"#2"},"down":{"uv":[11.25,10.75,9.5,9],"rotation":90,"texture":"#2"}}},{"from":[0.58011,9.33566,-0.89871],"to":[2.58011,10.33566,0.10129],"rotation":{"angle":-45,"axis":"y","origin":[1.84302,10.23566,1.82529]},"faces":{"north":{"uv":[9,11,9.5,10],"rotation":270,"texture":"#2"},"east":{"uv":[15,14.5,14.5,14],"rotation":90,"texture":"#2"},"south":{"uv":[12,14.5,12.5,13.5],"rotation":90,"texture":"#2"},"west":{"uv":[14,14.5,13.5,15],"rotation":90,"texture":"#2"},"up":{"uv":[12.5,14.5,13,13.5],"rotation":90,"texture":"#2"},"down":{"uv":[11.5,14,12,13],"rotation":90,"texture":"#2"}}},{"from":[2.33327,9.58566,0.12743],"to":[3.58327,10.08566,1.12743],"rotation":{"angle":0,"axis":"y","origin":[1.84302,10.23566,1.82529]},"faces":{"south":{"uv":[8.5,15.75,8.75,15],"rotation":90,"texture":"#2"},"west":{"uv":[13.75,15,13.5,15.5],"rotation":90,"texture":"#2"},"up":{"uv":[14.5,0.75,15,0],"rotation":90,"texture":"#2"},"down":{"uv":[14,14.75,14.5,14],"rotation":90,"texture":"#2"}}},{"from":[1.81301,9.58916,0.44317],"to":[3.06301,10.08216,1.36817],"rotation":{"angle":22.5,"axis":"y","origin":[1.84302,10.23566,1.82529]},"faces":{"south":{"uv":[9,15.75,9.25,15],"rotation":90,"texture":"#2"},"west":{"uv":[14.25,15,14,15.5],"rotation":90,"texture":"#2"},"up":{"uv":[14.5,3.25,15,2.5],"rotation":90,"texture":"#2"},"down":{"uv":[14.5,1.75,15,1],"rotation":90,"texture":"#2"}}},{"from":[0.14856,9.59416,0.77327],"to":[1.49856,10.07716,2.02327],"rotation":{"angle":-22.5,"axis":"y","origin":[1.84302,10.23566,1.82529]},"faces":{"east":{"uv":[15.25,14.5,15,14],"rotation":90,"texture":"#2"},"south":{"uv":[15,9.75,15.25,9],"rotation":90,"texture":"#2"},"up":{"uv":[14.5,5.25,15,4.5],"rotation":90,"texture":"#2"},"down":{"uv":[14.5,4.25,15,3.5],"rotation":90,"texture":"#2"}}},{"from":[0.87638,9.33916,-0.38392],"to":[3.87638,10.33216,0.61608],"rotation":{"angle":22.5,"axis":"y","origin":[1.84302,10.23566,1.82529]},"faces":{"north":{"uv":[13,7,13.5,5.5],"rotation":270,"texture":"#2"},"south":{"uv":[7,14.5,7.5,13],"rotation":90,"texture":"#2"},"west":{"uv":[15,14.5,14.5,15],"rotation":90,"texture":"#2"},"up":{"uv":[13,8.5,13.5,7],"rotation":90,"texture":"#2"},"down":{"uv":[6.5,14.5,7,13],"rotation":90,"texture":"#2"}}},{"from":[-0.20462,9.34416,-0.58567],"to":[1.79538,10.32716,0.33933],"rotation":{"angle":45,"axis":"y","origin":[1.84302,10.23566,1.82529]},"faces":{"north":{"uv":[13,14.5,13.5,13.5],"rotation":270,"texture":"#2"},"south":{"uv":[14,2,14.5,1],"rotation":90,"texture":"#2"},"west":{"uv":[0.5,15,0,15.5],"rotation":90,"texture":"#2"},"up":{"uv":[3,15,3.5,14],"rotation":90,"texture":"#2"},"down":{"uv":[13.5,14.5,14,13.5],"rotation":90,"texture":"#2"}}},{"from":[-1.16801,9.34916,2.79443],"to":[-0.30801,10.32216,4.79443],"rotation":{"angle":-22.5,"axis":"y","origin":[1.84302,10.23566,1.82529]},"faces":{"east":{"uv":[4.5,15,4,14],"rotation":90,"texture":"#2"},"west":{"uv":[4,14,3.5,15],"rotation":90,"texture":"#2"},"up":{"uv":[14,2.5,15,2],"rotation":90,"texture":"#2"},"down":{"uv":[10.5,9,11.5,8.5],"rotation":90,"texture":"#2"}}},{"from":[-2.30237,9.23566,0.1797],"to":[-1.10237,10.43566,1.3797],"rotation":{"angle":45,"axis":"y","origin":[1.84302,10.23566,1.82529]},"faces":{"north":{"uv":[15,0.5,15.5,0],"rotation":270,"texture":"#2"},"east":{"uv":[2,15.5,1.5,15],"rotation":90,"texture":"#2"},"south":{"uv":[15,1,15.5,0.5],"rotation":90,"texture":"#2"},"west":{"uv":[15.5,1,15,1.5],"rotation":90,"texture":"#2"},"up":{"uv":[1,15.5,1.5,15],"rotation":90,"texture":"#2"},"down":{"uv":[0.5,15.5,1,15],"rotation":90,"texture":"#2"}}},{"from":[6.75,9.735,-2.85],"to":[9.25,9.765,8.65],"rotation":{"angle":45,"axis":"z","origin":[8,9.75,2.9]},"faces":{"up":{"uv":[1.25,14.75,0,9],"texture":"#2"},"down":{"uv":[1.25,9,0,14.75],"texture":"#2"}}},{"from":[7.985,8.5,-2.85],"to":[8.015,11,8.65],"rotation":{"angle":45,"axis":"z","origin":[8,9.75,2.9]},"faces":{"east":{"uv":[1.25,9,0,14.75],"rotation":270,"texture":"#2"},"west":{"uv":[1.25,14.75,0,9],"rotation":270,"texture":"#2"}}},{"from":[-3.4,11.25,-2],"to":[4.6,11.25,6],"rotation":{"angle":22.5,"axis":"y","origin":[0.6,11.25,2]},"faces":{"up":{"uv":[0,0,16,16],"texture":"#1"}}},{"from":[11.4,11.25,-2],"to":[19.4,11.25,6],"rotation":{"angle":-22.5,"axis":"y","origin":[15.4,11.25,2]},"faces":{"up":{"uv":[16,0,0,16],"texture":"#1"}}},{"from":[7,6.875,1],"to":[9,8.875,9],"rotation":{"angle":0,"axis":"y","origin":[7,3.875,0]},"faces":{"north":{"uv":[12,4.5,13,5.5],"texture":"#2"},"east":{"uv":[5.5,9,9.5,10],"texture":"#2"},"west":{"uv":[9.5,0,13.5,1],"texture":"#2"},"up":{"uv":[10.5,5,9.5,1],"texture":"#2"},"down":{"uv":[10.5,5,9.5,9],"texture":"#2"}}},{"from":[7,6.875,11.5],"to":[9,8.875,13.5],"rotation":{"angle":0,"axis":"y","origin":[7,3.875,0]},"faces":{"east":{"uv":[5.5,12,6.5,13],"texture":"#2"},"south":{"uv":[12,5.5,13,6.5],"texture":"#2"},"west":{"uv":[6.5,12,7.5,13],"texture":"#2"},"up":{"uv":[13,7.5,12,6.5],"texture":"#2"},"down":{"uv":[13,7.5,12,8.5],"texture":"#2"}}},{"from":[6.75,6.875,9],"to":[9.25,9.375,11.5],"rotation":{"angle":0,"axis":"y","origin":[6.75,6.875,6.5]},"faces":{"north":{"uv":[7.5,10,8.75,11.25],"texture":"#2"},"east":{"uv":[10.5,1,11.75,2.25],"texture":"#2"},"south":{"uv":[10.5,2.5,11.75,3.75],"texture":"#2"},"west":{"uv":[10.5,4,11.75,5.25],"texture":"#2"},"up":{"uv":[11.75,6.75,10.5,5.5],"texture":"#2"},"down":{"uv":[11.75,7,10.5,8.25],"texture":"#2"}}},{"from":[7.4,6.00336,17.35195],"to":[8.6,9.20336,18.35195],"rotation":{"angle":22.5,"axis":"x","origin":[7.5,6.10336,17.35195]},"faces":{"north":{"uv":[9,13,9.5,14.5],"texture":"#2"},"east":{"uv":[9.5,13,10,14.5],"texture":"#2"},"south":{"uv":[10,13,10.5,14.5],"texture":"#2"},"west":{"uv":[10.5,13,11,14.5],"texture":"#2"},"up":{"uv":[15.5,2,15,1.5],"texture":"#2"},"down":{"uv":[2.5,15,2,15.5],"texture":"#2"}}},{"from":[7.5,7.875,13.5],"to":[8.5,8.875,18.5],"rotation":{"angle":0,"axis":"y","origin":[7.5,7.875,13.5]},"faces":{"east":{"uv":[11.5,10.5,14,11],"texture":"#2"},"west":{"uv":[12,3,14.5,3.5],"texture":"#2"},"up":{"uv":[5.5,14,5,11.5],"texture":"#2"},"down":{"uv":[9,11.5,8.5,14],"texture":"#2"}}},{"from":[7.75,6.875,13.5],"to":[8.25,7.875,18.5],"rotation":{"angle":0,"axis":"y","origin":[7.5,7.875,13.5]},"faces":{"east":{"uv":[12,3.5,14.5,4],"texture":"#2"},"west":{"uv":[12,4,14.5,4.5],"texture":"#2"},"down":{"uv":[11.25,13,11,15.5],"texture":"#2"}}},{"from":[7.7535,7.02962,14.99532],"to":[8.2465,8.02962,17.69532],"rotation":{"angle":22.5,"axis":"x","origin":[8.0035,7.42962,15.19532]},"faces":{"east":{"uv":[13,2.5,14.25,3],"texture":"#2"},"west":{"uv":[13,11,14.25,11.5],"texture":"#2"},"down":{"uv":[14.75,9,14.5,10.25],"texture":"#2"}}},{"from":[7.5,4.25,10.5],"to":[8.5,6.25,11.5],"rotation":{"angle":-22.5,"axis":"x","origin":[7.5,4.25,10.5]},"faces":{"north":{"uv":[4.5,14,5,15],"texture":"#2"},"east":{"uv":[14,4.5,14.5,5.5],"texture":"#2"},"west":{"uv":[5,14,5.5,15],"texture":"#2"}}},{"from":[7.25,6.25,10.5],"to":[8.75,7.25,12],"rotation":{"angle":-22.5,"axis":"x","origin":[7.5,4.25,10.5]},"faces":{"north":{"uv":[14.5,5.5,15.25,6],"texture":"#2"},"east":{"uv":[14.5,6,15.25,6.5],"texture":"#2"},"south":{"uv":[6.5,14.5,7.25,15],"texture":"#2"},"west":{"uv":[14.5,6.5,15.25,7],"texture":"#2"},"down":{"uv":[14.25,7.5,13.5,8.25],"texture":"#2"}}},{"from":[7.25,3.75,10.25],"to":[8.75,4.25,11.5],"rotation":{"angle":-22.5,"axis":"x","origin":[7.5,4.25,10.5]},"faces":{"north":{"uv":[15,10,15.75,10.25],"texture":"#2"},"east":{"uv":[15,11,15.75,11.25],"texture":"#2"},"west":{"uv":[11.5,15,12.25,15.25],"texture":"#2"},"up":{"uv":[14.25,7.25,13.5,6.5],"texture":"#2"},"down":{"uv":[8.25,13.5,7.5,14.25],"texture":"#2"}}},{"from":[7.25,3.75,11.5],"to":[8.75,6.25,12],"rotation":{"angle":-22.5,"axis":"x","origin":[7.5,4.25,10.5]},"faces":{"north":{"uv":[12,12,12.75,13.25],"texture":"#2"},"east":{"uv":[10.5,14.5,10.75,15.75],"texture":"#2"},"south":{"uv":[13,1,13.75,2.25],"texture":"#2"},"west":{"uv":[14.5,11,14.75,12.25],"texture":"#2"},"down":{"uv":[10.25,15,9.5,15.25],"texture":"#2"}}},{"from":[7,9.375,8.25],"to":[9,9.875,12.25],"rotation":{"angle":0,"axis":"y","origin":[7,9.375,8.5]},"faces":{"north":{"uv":[15,2,16,2.25],"texture":"#2"},"east":{"uv":[14,10.5,16,10.75],"texture":"#2"},"south":{"uv":[2.5,15,3.5,15.25],"texture":"#2"},"west":{"uv":[14,13.5,16,13.75],"texture":"#2"},"up":{"uv":[6.5,12,5.5,10],"texture":"#2"},"down":{"uv":[7.5,10,6.5,12],"texture":"#2"}}},{"from":[7,10.375,8.75],"to":[9,12.375,11.75],"rotation":{"angle":0,"axis":"y","origin":[7,9.375,8.5]},"faces":{"north":{"uv":[9,12,10,13],"texture":"#2"},"east":{"uv":[9,11,10.5,12],"texture":"#2"},"south":{"uv":[10,12,11,13],"texture":"#2"},"west":{"uv":[10.5,11,12,12],"texture":"#2"},"up":{"uv":[4,13,3,11.5],"texture":"#2"},"down":{"uv":[5,11.5,4,13],"texture":"#2"}}},{"from":[7.5,9.875,9.25],"to":[8.5,10.375,11.25],"rotation":{"angle":0,"axis":"y","origin":[7,9.375,8.5]},"faces":{"north":{"uv":[14.5,15,15,15.25],"texture":"#2"},"east":{"uv":[15,2.5,16,2.75],"texture":"#2"},"south":{"uv":[15,14.5,15.5,14.75],"texture":"#2"},"west":{"uv":[15,3,16,3.25],"texture":"#2"}}},{"from":[8.5,10.875,11.5],"to":[9.5,11.875,12],"rotation":{"angle":0,"axis":"y","origin":[9,11.375,11.25]},"faces":{"north":{"uv":[3.5,15,4,15.5],"texture":"#2"},"south":{"uv":[15,3.5,15.5,4],"texture":"#2"},"west":{"uv":[15,15,15.25,15.5],"texture":"#2"},"up":{"uv":[0.5,15.75,0,15.5],"texture":"#2"},"down":{"uv":[16,0,15.5,0.25],"texture":"#2"}}},{"from":[9.14645,10.375,11.64645],"to":[11.14645,12.375,12.14645],"rotation":{"angle":45,"axis":"y","origin":[9.14645,9.875,11.64645]},"faces":{"north":{"uv":[11,12,12,13],"texture":"#2"},"east":{"uv":[4,15,4.25,16],"texture":"#2"},"south":{"uv":[12,11,13,12],"texture":"#2"},"west":{"uv":[15,4,15.25,5],"texture":"#2"},"up":{"uv":[5.5,15.25,4.5,15],"texture":"#2"},"down":{"uv":[16,5,15,5.25],"texture":"#2"}}},{"from":[6.75,7.375,0.75],"to":[9.25,8.375,1.75],"rotation":{"angle":0,"axis":"y","origin":[7,7.375,0.75]},"faces":{"north":{"uv":[13,11.5,14.25,12],"texture":"#2"},"east":{"uv":[5.5,15,6,15.5],"texture":"#2"},"south":{"uv":[13,12,14.25,12.5],"texture":"#2"},"west":{"uv":[6,15,6.5,15.5],"texture":"#2"},"up":{"uv":[14.25,13,13,12.5],"texture":"#2"},"down":{"uv":[14.25,13,13,13.5],"texture":"#2"}}},{"from":[9.10355,7.72855,0.7535],"to":[10.60355,8.72855,1.7465],"rotation":{"angle":45,"axis":"z","origin":[9.60355,7.72855,0.7535]},"faces":{"north":{"uv":[14.5,7,15.25,7.5],"texture":"#2"},"east":{"uv":[6.5,15,7,15.5],"texture":"#2"},"south":{"uv":[7.5,14.5,8.25,15],"texture":"#2"},"up":{"uv":[15.25,8,14.5,7.5],"texture":"#2"},"down":{"uv":[15.25,8,14.5,8.5],"texture":"#2"}}},{"from":[9.31066,8.43566,0.7585],"to":[10.31066,10.43566,1.7415],"rotation":{"angle":0,"axis":"y","origin":[10.31066,8.93566,0.7585]},"faces":{"north":{"uv":[5.5,14,6,15],"texture":"#2"},"east":{"uv":[6,14,6.5,15],"texture":"#2"},"south":{"uv":[8.5,14,9,15],"texture":"#2"},"west":{"uv":[11.5,14,12,15],"texture":"#2"},"up":{"uv":[7.5,15.5,7,15],"texture":"#2"}}},{"from":[5.39645,7.72855,0.7535],"to":[6.89645,8.72855,1.7465],"rotation":{"angle":-45,"axis":"z","origin":[6.39645,7.72855,0.7535]},"faces":{"north":{"uv":[15.25,7,14.5,7.5],"texture":"#2"},"south":{"uv":[8.25,14.5,7.5,15],"texture":"#2"},"west":{"uv":[7,15,6.5,15.5],"texture":"#2"},"up":{"uv":[14.5,8,15.25,7.5],"texture":"#2"},"down":{"uv":[14.5,8,15.25,8.5],"texture":"#2"}}},{"from":[5.68934,8.43566,0.7585],"to":[6.68934,10.43566,1.7415],"rotation":{"angle":0,"axis":"y","origin":[5.68934,8.93566,0.7585]},"faces":{"north":{"uv":[6,14,5.5,15],"texture":"#2"},"east":{"uv":[12,14,11.5,15],"texture":"#2"},"south":{"uv":[9,14,8.5,15],"texture":"#2"},"west":{"uv":[6.5,14,6,15],"texture":"#2"},"up":{"uv":[7,15.5,7.5,15],"texture":"#2"}}},{"from":[-1.375,9.73466,3.60794],"to":[17.375,9.76466,8.85794],"rotation":{"angle":0,"axis":"y","origin":[1.375,3.73466,3.60794]},"faces":{"up":{"uv":[9.5,8.75,0,6],"texture":"#2"},"down":{"uv":[9.5,6,0,8.75],"texture":"#2"}}},{"from":[7.5,6.375,2],"to":[8.5,6.875,5],"rotation":{"angle":0,"axis":"y","origin":[8,6.25,2]},"faces":{"north":{"uv":[0.5,15.5,1,15.75],"texture":"#2"},"east":{"uv":[14.5,8.5,16,8.75],"texture":"#2"},"south":{"uv":[15.5,0.5,16,0.75],"texture":"#2"},"west":{"uv":[9,14.5,10.5,14.75],"texture":"#2"}}},{"from":[7.25,4.875,1.5],"to":[8.75,6.375,5.5],"rotation":{"angle":0,"axis":"y","origin":[8,6.25,2]},"faces":{"north":{"uv":[13.5,8.5,14.25,9.25],"texture":"#2"},"east":{"uv":[11.5,8.5,13.5,9.25],"texture":"#2"},"south":{"uv":[13.5,9.5,14.25,10.25],"texture":"#2"},"west":{"uv":[11.5,9.5,13.5,10.25],"texture":"#2"},"up":{"uv":[8.25,13.5,7.5,11.5],"texture":"#2"},"down":{"uv":[12.75,1,12,3],"texture":"#2"}}},{"from":[7.5,5.125,1.25],"to":[8.5,6.125,1.5],"rotation":{"angle":0,"axis":"y","origin":[8,6.25,2]},"faces":{"north":{"uv":[7.5,15,8,15.5],"texture":"#2"},"east":{"uv":[1,15.5,1.25,16],"texture":"#2"},"west":{"uv":[15.5,1,15.75,1.5],"texture":"#2"},"up":{"uv":[2,15.75,1.5,15.5],"texture":"#2"},"down":{"uv":[16,1.5,15.5,1.75],"texture":"#2"}}},{"from":[7.5,5.125,5.5],"to":[8.5,6.125,5.75],"rotation":{"angle":0,"axis":"y","origin":[8,6.25,2]},"faces":{"east":{"uv":[2,15.5,2.25,16],"texture":"#2"},"south":{"uv":[8,15,8.5,15.5],"texture":"#2"},"west":{"uv":[2.5,15.5,2.75,16],"texture":"#2"},"up":{"uv":[3.5,15.75,3,15.5],"texture":"#2"},"down":{"uv":[4,15.5,3.5,15.75],"texture":"#2"}}},{"from":[7.75,5.71508,8.31075],"to":[8.25,7.21508,8.81075],"rotation":{"angle":-22.5,"axis":"x","origin":[7.75,5.71508,7.81075]},"faces":{"north":{"uv":[15,11.5,15.25,12.25],"texture":"#2"},"east":{"uv":[12.5,15,12.75,15.75],"texture":"#2"},"south":{"uv":[15,12.5,15.25,13.25],"texture":"#2"},"west":{"uv":[13,15,13.25,15.75],"texture":"#2"},"down":{"uv":[15.75,3.5,15.5,3.75],"texture":"#2"}}},{"from":[7.7535,5.98044,8.31075],"to":[8.2465,6.48044,8.81075],"rotation":{"angle":22.5,"axis":"x","origin":[7.7535,6.48044,7.81075]},"faces":{"north":{"uv":[15.5,4,15.75,4.25],"texture":"#2"},"east":{"uv":[4.5,15.5,4.75,15.75],"texture":"#2"},"south":{"uv":[15.5,4.5,15.75,4.75],"texture":"#2"},"west":{"uv":[5,15.5,5.25,15.75],"texture":"#2"},"down":{"uv":[5.75,15.5,5.5,15.75],"texture":"#2"}}}],"gui_light":"front","display":{"thirdperson_righthand":{"translation":[0,1.25,0.5]},"thirdperson_lefthand":{"translation":[0,1.25,0.5]},"firstperson_righthand":{"rotation":[0,-10.25,0],"translation":[1.9,0.5,-3.75]},"firstperson_lefthand":{"rotation":[0,-10,0],"translation":[1.98,0.5,-3.75]},"ground":{"rotation":[20,0,0],"translation":[0,5,0],"scale":[0.7,0.7,0.7]},"gui":{"rotation":[90,45,0],"translation":[1,-1.25,0],"scale":[0.7,0.7,0.7]},"head":{"rotation":[110,0,180]},"fixed":{"rotation":[-90,0,0],"translation":[0,0,-5],"scale":[2,2,2]}},"mcmodels":"7b9a55f0c88b46edc7cd9ba6f7ade999"}