{"credit":"Made with Blockbench","texture_size":[128,128],"textures":{"1":"item/furniture/basic/mangrove","particle":"item/furniture/basic/mangrove"},"elements":[{"from":[-7.9875,13,1.7125],"to":[24.0125,15,14.2125],"rotation":{"angle":0,"axis":"y","origin":[8.0125,14,7.9625]},"faces":{"north":{"uv":[11.1875,10.125,13.1875,10.25],"texture":"#1"},"east":{"uv":[13.125,6,13.9375,6.125],"texture":"#1"},"south":{"uv":[11.1875,10.3125,13.1875,10.4375],"texture":"#1"},"west":{"uv":[13.125,6.1875,13.9375,6.3125],"texture":"#1"},"up":{"uv":[5.9375,4.0625,3.9375,3.25],"texture":"#1"},"down":{"uv":[5.9375,4.125,3.9375,4.9375],"texture":"#1"}}},{"from":[15.0125,0,2.5125],"to":[23.0125,13,13.5125],"rotation":{"angle":0,"axis":"y","origin":[19.0125,7,8.0125]},"faces":{"north":{"uv":[10.0625,8.5,10.5625,9.3125],"texture":"#1"},"east":{"uv":[5.9375,9.3125,6.625,10.125],"texture":"#1"},"south":{"uv":[9.3125,10.0625,9.8125,10.875],"texture":"#1"},"west":{"uv":[6.6875,9.3125,7.375,10.125],"texture":"#1"},"up":{"uv":[3.5,7.1875,3,6.5],"texture":"#1"},"down":{"uv":[9.25,10.375,8.75,11.0625],"texture":"#1"}}},{"from":[-6.9875,0,2.5125],"to":[1.0125,13,13.5125],"rotation":{"angle":0,"axis":"y","origin":[-2.9875,7,8.0125]},"faces":{"north":{"uv":[9.875,10.0625,10.375,10.875],"texture":"#1"},"east":{"uv":[9.3125,8,10,8.8125],"texture":"#1"},"south":{"uv":[0,10.125,0.5,10.9375],"texture":"#1"},"west":{"uv":[9.3125,8.875,10,9.6875],"texture":"#1"},"up":{"uv":[3.3125,11.1875,2.8125,10.5],"texture":"#1"},"down":{"uv":[3.875,10.5,3.375,11.1875],"texture":"#1"}}},{"from":[1.0125,3,2.5125],"to":[15.0125,13,13.5125],"rotation":{"angle":0,"axis":"y","origin":[8.0125,8,8.0125]},"faces":{"north":{"uv":[9.125,3.4375,10,4.0625],"texture":"#1"},"east":{"uv":[9.9375,5.375,10.625,6],"texture":"#1"},"south":{"uv":[9.3125,6.125,10.1875,6.75],"texture":"#1"},"west":{"uv":[9.9375,7.25,10.625,7.875],"texture":"#1"},"up":{"uv":[5,9.6875,4.125,9],"texture":"#1"},"down":{"uv":[9.875,7.25,9,7.9375],"texture":"#1"}}}],"gui_light":"front","display":{"thirdperson_righthand":{"rotation":[75,45,0],"translation":[0,2.5,0],"scale":[0.375,0.375,0.375]},"thirdperson_lefthand":{"rotation":[75,45,0],"translation":[0,2.5,0],"scale":[0.375,0.375,0.375]},"firstperson_righthand":{"rotation":[0,120,0],"scale":[0.4,0.4,0.4]},"firstperson_lefthand":{"rotation":[0,120,0],"scale":[0.4,0.4,0.4]},"ground":{"translation":[0,2,0],"scale":[0.5,0.5,0.5]},"gui":{"rotation":[15,150,0],"translation":[0,-1,0],"scale":[0.4,0.4,0.4]},"fixed":{"rotation":[-90,0,0],"translation":[0,0,-16],"scale":[2,2,2]}},"groups":[{"name":"group2","origin":[-7.9875,9,0.0125],"color":0,"children":[0,1,2,3]}],"mcmodels":"175f334c99c447e9681cb9b03b4ab6a6"}