{"credit":"Made with Blockbench","texture_size":[128,128],"textures":{"1":"item/furniture/basic/mangrove","particle":"item/furniture/basic/mangrove"},"elements":[{"from":[3.9,19.3,4.8],"to":[12.1,28.3,11.2],"rotation":{"angle":0,"axis":"y","origin":[8,23.8,8]},"faces":{"north":{"uv":[6.3125,10.8125,6.8125,11.375],"texture":"#1"},"east":{"uv":[11.4375,11.6875,11.8125,12.25],"texture":"#1"},"south":{"uv":[6.875,10.8125,7.375,11.375],"texture":"#1"},"west":{"uv":[1.8125,11.75,2.1875,12.3125],"texture":"#1"},"up":{"uv":[12.625,9.1875,12.125,8.8125],"texture":"#1"},"down":{"uv":[12.625,11.25,12.125,11.625],"texture":"#1"}}},{"from":[3.5,28.5,4.9],"to":[4.5,30.5,5.9],"rotation":{"angle":0,"axis":"y","origin":[4,29.5,5.4]},"faces":{"north":{"uv":[12.6875,0.625,12.75,0.75],"texture":"#1"},"east":{"uv":[4.1875,13.25,4.25,13.375],"texture":"#1"},"south":{"uv":[13.6875,13.0625,13.75,13.1875],"texture":"#1"},"west":{"uv":[4.0625,14.625,4.125,14.75],"texture":"#1"},"up":{"uv":[4.75,14.75,4.6875,14.6875],"texture":"#1"},"down":{"uv":[4.875,14.6875,4.8125,14.75],"texture":"#1"}}},{"from":[11.5,28.5,4.9],"to":[12.5,30.5,5.9],"rotation":{"angle":0,"axis":"y","origin":[12,29.5,5.4]},"faces":{"north":{"uv":[5.25,14.625,5.3125,14.75],"texture":"#1"},"east":{"uv":[7.3125,14.625,7.375,14.75],"texture":"#1"},"south":{"uv":[11.6875,14.625,11.75,14.75],"texture":"#1"},"west":{"uv":[0,14.6875,0.0625,14.8125],"texture":"#1"},"up":{"uv":[5,14.75,4.9375,14.6875],"texture":"#1"},"down":{"uv":[5.4375,14.6875,5.375,14.75],"texture":"#1"}}},{"from":[5.998,28.998,4.998],"to":[10.002,31.002,11.002],"rotation":{"angle":0,"axis":"y","origin":[8,30,8]},"faces":{"north":{"uv":[3.5625,14.4375,3.8125,14.5625],"texture":"#1"},"east":{"uv":[5.5,10.875,5.875,11],"texture":"#1"},"south":{"uv":[3.875,14.4375,4.125,14.5625],"texture":"#1"},"west":{"uv":[14,4.375,14.375,4.5],"texture":"#1"},"up":{"uv":[12.0625,13.625,11.8125,13.25],"texture":"#1"},"down":{"uv":[12.375,13.25,12.125,13.625],"texture":"#1"}}},{"from":[4.14645,28.23223,5],"to":[7.14645,30.23223,11],"rotation":{"angle":45,"axis":"z","origin":[5.64645,29.23223,8]},"faces":{"north":{"uv":[14.4375,9.75,14.625,9.875],"texture":"#1"},"east":{"uv":[14,4.875,14.375,5],"texture":"#1"},"south":{"uv":[14.4375,14.25,14.625,14.375],"texture":"#1"},"west":{"uv":[14,5.4375,14.375,5.5625],"texture":"#1"},"up":{"uv":[6.3125,14,6.125,13.625],"texture":"#1"},"down":{"uv":[6.5625,13.625,6.375,14],"texture":"#1"}}},{"from":[8.85355,28.23223,5],"to":[11.85355,30.23223,11],"rotation":{"angle":-45,"axis":"z","origin":[10.35355,29.23223,8]},"faces":{"north":{"uv":[14.4375,14.4375,14.625,14.5625],"texture":"#1"},"east":{"uv":[14,6,14.375,6.125],"texture":"#1"},"south":{"uv":[0,14.5,0.1875,14.625],"texture":"#1"},"west":{"uv":[14,6.1875,14.375,6.3125],"texture":"#1"},"up":{"uv":[13.8125,7.375,13.625,7],"texture":"#1"},"down":{"uv":[7.5,13.625,7.3125,14],"texture":"#1"}}},{"from":[3,0,3.5],"to":[13,3,12.5],"rotation":{"angle":0,"axis":"y","origin":[8,1.5,8]},"faces":{"north":{"uv":[12.875,3.875,13.5,4.0625],"texture":"#1"},"east":{"uv":[10.6875,12.9375,11.25,13.125],"texture":"#1"},"south":{"uv":[12.875,12.125,13.5,12.3125],"texture":"#1"},"west":{"uv":[3,13,3.5625,13.1875],"texture":"#1"},"up":{"uv":[6.5625,10.75,5.9375,10.1875],"texture":"#1"},"down":{"uv":[7.25,10.1875,6.625,10.75],"texture":"#1"}}},{"from":[4.5,3,5],"to":[5.5,19,11],"rotation":{"angle":0,"axis":"y","origin":[5,11,8]},"faces":{"north":{"uv":[10.5,13.875,10.5625,14.875],"texture":"#1"},"east":{"uv":[5.5,9.8125,5.875,10.8125],"texture":"#1"},"south":{"uv":[1.1875,13.9375,1.25,14.9375],"texture":"#1"},"west":{"uv":[7.4375,10.125,7.8125,11.125],"texture":"#1"},"up":{"uv":[2.9375,14.3125,2.875,13.9375],"texture":"#1"},"down":{"uv":[10.125,14.4375,10.0625,14.8125],"texture":"#1"}}},{"from":[5.5,5,5],"to":[10.5,6,10],"rotation":{"angle":0,"axis":"y","origin":[8,5.5,7.5]},"faces":{"north":{"uv":[4.125,8.875,4.4375,8.9375],"texture":"#1"},"east":{"uv":[14.5,3.625,14.8125,3.6875],"texture":"#1"},"south":{"uv":[14.5,3.75,14.8125,3.8125],"texture":"#1"},"west":{"uv":[14.5,3.875,14.8125,3.9375],"texture":"#1"},"up":{"uv":[0.875,10.4375,0.5625,10.125],"texture":"#1"},"down":{"uv":[0.75,13.1875,0.4375,13.5],"texture":"#1"}}},{"from":[5.5,3,10],"to":[10.5,19,11],"rotation":{"angle":0,"axis":"y","origin":[8,11,10.5]},"faces":{"north":{"uv":[10.4375,10.625,10.75,11.625],"texture":"#1"},"east":{"uv":[1.3125,13.9375,1.375,14.9375],"texture":"#1"},"south":{"uv":[5.9375,10.8125,6.25,11.8125],"texture":"#1"},"west":{"uv":[2.5,13.9375,2.5625,14.9375],"texture":"#1"},"up":{"uv":[14.8125,4.0625,14.5,4],"texture":"#1"},"down":{"uv":[14.8125,4.125,14.5,4.1875],"texture":"#1"}}},{"from":[10.5,3,5],"to":[11.5,19,11],"rotation":{"angle":0,"axis":"y","origin":[11,11,8]},"faces":{"north":{"uv":[2.625,13.9375,2.6875,14.9375],"texture":"#1"},"east":{"uv":[7.875,10.125,8.25,11.125],"texture":"#1"},"south":{"uv":[2.75,13.9375,2.8125,14.9375],"texture":"#1"},"west":{"uv":[8.3125,10.125,8.6875,11.125],"texture":"#1"},"up":{"uv":[13.8125,14.8125,13.75,14.4375],"texture":"#1"},"down":{"uv":[0.3125,14.5,0.25,14.875],"texture":"#1"}}},{"from":[3.448,18.998,4.298],"to":[12.552,20.002,11.802],"rotation":{"angle":0,"axis":"y","origin":[8,19.5,8.05]},"faces":{"north":{"uv":[14.1875,8.625,14.75,8.6875],"texture":"#1"},"east":{"uv":[14.25,10.1875,14.75,10.25],"texture":"#1"},"south":{"uv":[14.1875,13.625,14.75,13.6875],"texture":"#1"},"west":{"uv":[14.3125,6.375,14.8125,6.4375],"texture":"#1"},"up":{"uv":[9.875,11.4375,9.3125,10.9375],"texture":"#1"},"down":{"uv":[11.5625,6.0625,11,6.5625],"texture":"#1"}}},{"from":[3.398,27.998,4.298],"to":[12.602,29.002,11.802],"rotation":{"angle":0,"axis":"y","origin":[8,28.5,8.05]},"faces":{"north":{"uv":[14.25,1.625,14.8125,1.6875],"texture":"#1"},"east":{"uv":[14.375,0.5,14.875,0.5625],"texture":"#1"},"south":{"uv":[14.25,1.875,14.8125,1.9375],"texture":"#1"},"west":{"uv":[14.4375,4.375,14.9375,4.4375],"texture":"#1"},"up":{"uv":[5.1875,11.5625,4.625,11.0625],"texture":"#1"},"down":{"uv":[5.8125,11.0625,5.25,11.5625],"texture":"#1"}}},{"from":[3.1706,27.84672,4.3],"to":[4.1706,28.84672,11.8],"rotation":{"angle":-22.5,"axis":"z","origin":[3.6706,28.34672,8.05]},"faces":{"north":{"uv":[5.5,14.6875,5.5625,14.75],"texture":"#1"},"east":{"uv":[14.4375,4.5,14.9375,4.5625],"texture":"#1"},"south":{"uv":[5.625,14.6875,5.6875,14.75],"texture":"#1"},"west":{"uv":[14.4375,4.625,14.9375,4.6875],"texture":"#1"},"up":{"uv":[11.0625,14.8125,11,14.3125],"texture":"#1"},"down":{"uv":[2.1875,14.375,2.125,14.875],"texture":"#1"}}},{"from":[11.8294,27.84672,4.3],"to":[12.8294,28.84672,11.8],"rotation":{"angle":22.5,"axis":"z","origin":[12.3294,28.34672,8.05]},"faces":{"north":{"uv":[5.75,14.6875,5.8125,14.75],"texture":"#1"},"east":{"uv":[14.4375,4.875,14.9375,4.9375],"texture":"#1"},"south":{"uv":[14.6875,5.75,14.75,5.8125],"texture":"#1"},"west":{"uv":[14.4375,5.4375,14.9375,5.5],"texture":"#1"},"up":{"uv":[7.5,14.875,7.4375,14.375],"texture":"#1"},"down":{"uv":[8,14.375,7.9375,14.875],"texture":"#1"}}},{"from":[3.1706,19.15328,4.3],"to":[4.1706,20.15328,11.8],"rotation":{"angle":22.5,"axis":"z","origin":[3.6706,19.65328,8.05]},"faces":{"north":{"uv":[6.0625,14.6875,6.125,14.75],"texture":"#1"},"east":{"uv":[14.4375,6,14.9375,6.0625],"texture":"#1"},"south":{"uv":[6.1875,14.6875,6.25,14.75],"texture":"#1"},"west":{"uv":[14.4375,6.125,14.9375,6.1875],"texture":"#1"},"up":{"uv":[1.125,14.9375,1.0625,14.4375],"texture":"#1"},"down":{"uv":[4.25,14.4375,4.1875,14.9375],"texture":"#1"}}},{"from":[11.8294,19.15328,4.3],"to":[12.8294,20.15328,11.8],"rotation":{"angle":-22.5,"axis":"z","origin":[12.3294,19.65328,8.05]},"faces":{"north":{"uv":[6.3125,14.6875,6.375,14.75],"texture":"#1"},"east":{"uv":[14.4375,6.25,14.9375,6.3125],"texture":"#1"},"south":{"uv":[14.6875,6.875,14.75,6.9375],"texture":"#1"},"west":{"uv":[14.4375,6.5,14.9375,6.5625],"texture":"#1"},"up":{"uv":[6,14.9375,5.9375,14.4375],"texture":"#1"},"down":{"uv":[6.8125,14.4375,6.75,14.9375],"texture":"#1"}}},{"from":[4,3,4.5],"to":[12,5,11.5],"rotation":{"angle":0,"axis":"y","origin":[8,4,8]},"faces":{"north":{"uv":[13.5625,12.125,14.0625,12.25],"texture":"#1"},"east":{"uv":[13.75,7.9375,14.1875,8.0625],"texture":"#1"},"south":{"uv":[13.625,8.625,14.125,8.75],"texture":"#1"},"west":{"uv":[13.875,7.3125,14.3125,7.4375],"texture":"#1"},"up":{"uv":[5.0625,12.0625,4.5625,11.625],"texture":"#1"},"down":{"uv":[5.625,11.625,5.125,12.0625],"texture":"#1"}}},{"from":[4,18,4.5],"to":[12,19,11.5],"rotation":{"angle":0,"axis":"y","origin":[8,18.5,8]},"faces":{"north":{"uv":[14.4375,6.625,14.9375,6.6875],"texture":"#1"},"east":{"uv":[14.4375,8.375,14.875,8.4375],"texture":"#1"},"south":{"uv":[14.4375,6.75,14.9375,6.8125],"texture":"#1"},"west":{"uv":[14.4375,8.75,14.875,8.8125],"texture":"#1"},"up":{"uv":[12.125,6.5,11.625,6.0625],"texture":"#1"},"down":{"uv":[12.1875,0,11.6875,0.4375],"texture":"#1"}}},{"from":[7,7.5,7.5],"to":[9,10.5,9.5],"rotation":{"angle":0,"axis":"y","origin":[8,9,8.5]},"faces":{"north":{"uv":[0.375,14.5,0.5,14.6875],"texture":"#1"},"east":{"uv":[14.5,1.125,14.625,1.3125],"texture":"#1"},"south":{"uv":[14.5,1.375,14.625,1.5625],"texture":"#1"},"west":{"uv":[1.4375,14.5,1.5625,14.6875],"texture":"#1"},"up":{"uv":[14.75,7.375,14.625,7.25],"texture":"#1"},"down":{"uv":[7.8125,14.625,7.6875,14.75],"texture":"#1"}}},{"from":[7.5,9,8],"to":[8.5,18,9],"rotation":{"angle":0,"axis":"y","origin":[8,13.5,8.5]},"faces":{"north":{"uv":[7.375,12,7.4375,12.5625],"texture":"#1"},"east":{"uv":[2.6875,12.0625,2.75,12.625],"texture":"#1"},"south":{"uv":[10.6875,12.1875,10.75,12.75],"texture":"#1"},"west":{"uv":[4.1875,12.625,4.25,13.1875],"texture":"#1"},"up":{"uv":[14.75,8.9375,14.6875,8.875],"texture":"#1"},"down":{"uv":[14.75,9.375,14.6875,9.4375],"texture":"#1"}}},{"from":[4.14625,22.32391,4.12925],"to":[11.85375,25.47609,5.12525],"rotation":{"angle":45,"axis":"z","origin":[8,23.9,4.62725]},"faces":{"north":{"uv":[13.1875,7.875,13.6875,8.0625],"texture":"#1"},"east":{"uv":[6.25,7.9375,6.3125,8.125],"texture":"#1"},"south":{"uv":[13.1875,10.5625,13.6875,10.75],"texture":"#1"},"west":{"uv":[8.9375,5.375,9,5.5625],"texture":"#1"},"up":{"uv":[14.9375,7.0625,14.4375,7],"texture":"#1"},"down":{"uv":[14.9375,7.125,14.4375,7.1875],"texture":"#1"}}},{"from":[6.42191,20.04425,4.12725],"to":[9.57809,27.75575,5.12725],"rotation":{"angle":0,"axis":"y","origin":[8,23.9,4.62725]},"faces":{"north":{"uv":[13.3125,0.8125,13.5,1.3125],"texture":"#1"},"east":{"uv":[6.875,14.4375,6.9375,14.9375],"texture":"#1"},"south":{"uv":[6.8125,13.3125,7,13.8125],"texture":"#1"},"west":{"uv":[7,14.4375,7.0625,14.9375],"texture":"#1"},"up":{"uv":[13,1.375,12.8125,1.3125],"texture":"#1"},"down":{"uv":[14.8125,2.1875,14.625,2.25],"texture":"#1"}}},{"from":[6.42591,20.04825,4.13125],"to":[9.57409,27.75175,5.12325],"rotation":{"angle":45,"axis":"z","origin":[8,23.9,4.62725]},"faces":{"north":{"uv":[7.0625,13.3125,7.25,13.8125],"texture":"#1"},"east":{"uv":[8.0625,14.4375,8.125,14.9375],"texture":"#1"},"south":{"uv":[8.0625,13.3125,8.25,13.8125],"texture":"#1"},"west":{"uv":[8.1875,14.4375,8.25,14.9375],"texture":"#1"},"up":{"uv":[14.8125,11,14.625,10.9375],"texture":"#1"},"down":{"uv":[14.8125,11.0625,14.625,11.125],"texture":"#1"}}},{"from":[4.14225,22.31991,4.12525],"to":[11.85775,25.48009,5.12925],"rotation":{"angle":0,"axis":"y","origin":[8,23.9,4.62725]},"faces":{"north":{"uv":[13.25,3.625,13.75,3.8125],"texture":"#1"},"east":{"uv":[5.5625,12.125,5.625,12.3125],"texture":"#1"},"south":{"uv":[13.25,5.5625,13.75,5.75],"texture":"#1"},"west":{"uv":[0.5,12.3125,0.5625,12.5],"texture":"#1"},"up":{"uv":[14.9375,8.3125,14.4375,8.25],"texture":"#1"},"down":{"uv":[8.8125,14.4375,8.3125,14.5],"texture":"#1"}}},{"from":[5.02907,22.68287,4.08799],"to":[10.97093,25.11713,5.09199],"rotation":{"angle":0,"axis":"y","origin":[8,23.9,4.58999]},"faces":{"north":{"uv":[14,8.25,14.375,8.375],"texture":"#1"},"east":{"uv":[0.125,14.6875,0.1875,14.8125],"texture":"#1"},"south":{"uv":[14,8.8125,14.375,8.9375],"texture":"#1"},"west":{"uv":[0.8125,14.6875,0.875,14.8125],"texture":"#1"},"up":{"uv":[12,6.9375,11.625,6.875],"texture":"#1"},"down":{"uv":[13.75,5.4375,13.375,5.5],"texture":"#1"}}},{"from":[6.78887,20.93507,4.09399],"to":[9.21113,26.86493,5.08599],"rotation":{"angle":45,"axis":"z","origin":[8,23.9,4.58999]},"faces":{"north":{"uv":[4.75,14.0625,4.875,14.4375],"texture":"#1"},"east":{"uv":[2.25,14.5,2.3125,14.875],"texture":"#1"},"south":{"uv":[4.9375,14.0625,5.0625,14.4375],"texture":"#1"},"west":{"uv":[2.375,14.5,2.4375,14.875],"texture":"#1"},"up":{"uv":[14.8125,0.875,14.6875,0.8125],"texture":"#1"},"down":{"uv":[14.8125,0.9375,14.6875,1],"texture":"#1"}}},{"from":[6.78487,20.93107,4.08999],"to":[9.21513,26.86893,5.08999],"rotation":{"angle":0,"axis":"y","origin":[8,23.9,4.58999]},"faces":{"north":{"uv":[6.125,14.0625,6.25,14.4375],"texture":"#1"},"east":{"uv":[3.125,14.5,3.1875,14.875],"texture":"#1"},"south":{"uv":[6.3125,14.0625,6.4375,14.4375],"texture":"#1"},"west":{"uv":[3.25,14.5,3.3125,14.875],"texture":"#1"},"up":{"uv":[14.8125,1.125,14.6875,1.0625],"texture":"#1"},"down":{"uv":[14.8125,1.1875,14.6875,1.25],"texture":"#1"}}},{"from":[7.40157,23.16337,3.91599],"to":[10.38143,26.11563,5.20359],"rotation":{"angle":0,"axis":"y","origin":[8.8915,24.6395,4.55979]},"faces":{"north":{"uv":[12.8125,14.375,13,14.5625],"texture":"#1"},"east":{"uv":[2.6875,12.6875,2.75,12.875],"texture":"#1"},"south":{"uv":[13.0625,14.375,13.25,14.5625],"texture":"#1"},"west":{"uv":[11.1875,13.1875,11.25,13.375],"texture":"#1"},"up":{"uv":[14.8125,11.25,14.625,11.1875],"texture":"#1"},"down":{"uv":[14.8125,11.3125,14.625,11.375],"texture":"#1"}}},{"from":[5.03307,22.68687,4.09199],"to":[10.96693,25.11313,5.08799],"rotation":{"angle":45,"axis":"z","origin":[8,23.9,4.58999]},"faces":{"north":{"uv":[14,9.75,14.375,9.875],"texture":"#1"},"east":{"uv":[0.9375,14.6875,1,14.8125],"texture":"#1"},"south":{"uv":[14,11.25,14.375,11.375],"texture":"#1"},"west":{"uv":[14.6875,1.3125,14.75,1.4375],"texture":"#1"},"up":{"uv":[14.8125,12.8125,14.4375,12.75],"texture":"#1"},"down":{"uv":[14.875,0.25,14.5,0.3125],"texture":"#1"}}}],"gui_light":"front","display":{"thirdperson_righthand":{"rotation":[75,45,0],"translation":[0,2.5,0],"scale":[0.375,0.375,0.375]},"thirdperson_lefthand":{"rotation":[75,45,0],"translation":[0,2.5,0],"scale":[0.375,0.375,0.375]},"firstperson_righthand":{"rotation":[0,120,0],"scale":[0.4,0.4,0.4]},"firstperson_lefthand":{"rotation":[0,120,0],"scale":[0.4,0.4,0.4]},"ground":{"translation":[0,2,0],"scale":[0.5,0.5,0.5]},"gui":{"rotation":[15,150,0],"translation":[0,-3.25,0],"scale":[0.5,0.5,0.5]},"fixed":{"rotation":[-90,0,0],"translation":[0,0,-16],"scale":[2,2,2]}},"groups":[{"name":"clock","origin":[-58,16,-36.5],"color":0,"children":[0,1,2,3,4,5,6,7,8,9,10,11,12,13,14,15,16,17,18,19,20,{"name":"group3","origin":[0,23.9,4.58999],"color":0,"children":[21,22,23,24,25,26,27,28,29]}]}],"mcmodels":"175f334c99c447e9681cb9b03b4ab6a6"}