{"format_version":"1.9.0","credit":"Pologony Creation Co.,Ltd.","textures":{"1":"item/crates/pyrosoul/animated/fire_animated_3","2":"item/crates/pyrosoul/axe","3":"item/crates/pyrosoul/animated/fire_animated_4","particle":"item/crates/pyrosoul/axe"},"elements":[{"from":[7.5,-0.25,7.5],"to":[8.5,1.75,9.5],"rotation":{"angle":-45,"axis":"x","origin":[7.5,0.25,8]},"faces":{"north":{"uv":[10,9.5,10.5,10.5],"texture":"#2"},"east":{"uv":[1.5,6.5,2.5,7.5],"texture":"#2"},"south":{"uv":[0,10.5,0.5,11.5],"texture":"#2"},"west":{"uv":[3,7,4,8],"texture":"#2"},"up":{"uv":[11,1,10.5,0],"texture":"#2"},"down":{"uv":[11,1.5,10.5,2.5],"texture":"#2"}}},{"from":[7.25,0,7.75],"to":[8.75,1.5,9.25],"rotation":{"angle":-45,"axis":"x","origin":[7.5,0.25,8]},"faces":{"north":{"uv":[9,8,9.75,8.75],"texture":"#2"},"east":{"uv":[1.5,9.5,2.25,10.25],"texture":"#2"},"south":{"uv":[8.5,9.5,9.25,10.25],"texture":"#2"},"west":{"uv":[3,10,3.75,10.75],"texture":"#2"},"up":{"uv":[5.25,10.75,4.5,10],"texture":"#2"},"down":{"uv":[10.75,6,10,6.75],"texture":"#2"}}},{"from":[7.29289,3.12132,7.92678],"to":[8.54289,4.37132,9.17678],"rotation":{"angle":45,"axis":"y","origin":[7.29289,3.12132,8.17678]},"faces":{"north":{"uv":[2.5,11.5,3.125,12.125],"texture":"#2"},"east":{"uv":[4,11.5,4.625,12.125],"texture":"#2"},"south":{"uv":[5.5,11.5,6.125,12.125],"texture":"#2"},"west":{"uv":[11.5,6,12.125,6.625],"texture":"#2"},"up":{"uv":[0.625,12.625,0,12],"texture":"#2"}}},{"from":[7.29289,4.37132,8],"to":[8.29289,5.62132,9],"rotation":{"angle":45,"axis":"y","origin":[7.29289,4.37132,8]},"faces":{"north":{"uv":[12.5,9,13,9.625],"texture":"#2"},"east":{"uv":[12.5,12,13,12.625],"texture":"#2"},"south":{"uv":[13,0,13.5,0.625],"texture":"#2"},"west":{"uv":[2.5,13,3,13.625],"texture":"#2"}}},{"from":[7.29289,5.62132,7.92678],"to":[8.54289,6.87132,9.17678],"rotation":{"angle":45,"axis":"y","origin":[7.29289,5.62132,8.17678]},"faces":{"north":{"uv":[7,12,7.625,12.625],"texture":"#2"},"east":{"uv":[12,7.5,12.625,8.125],"texture":"#2"},"south":{"uv":[8.5,12,9.125,12.625],"texture":"#2"},"west":{"uv":[10,12,10.625,12.625],"texture":"#2"},"down":{"uv":[12.625,10.5,12,11.125],"texture":"#2"}}},{"from":[7.04289,6.87132,7.67678],"to":[8.79289,10.87132,9.42678],"rotation":{"angle":45,"axis":"y","origin":[7.29289,6.87132,8.17678]},"faces":{"north":{"uv":[6,0,6.875,2],"texture":"#2"},"east":{"uv":[6,2.5,6.875,4.5],"texture":"#2"},"south":{"uv":[6,5,6.875,7],"texture":"#2"},"west":{"uv":[0,6.5,0.875,8.5],"texture":"#2"},"down":{"uv":[6.875,9,6,9.875],"texture":"#2"}}},{"from":[6.79289,11.87132,7.5],"to":[8.79289,12.37132,9.5],"rotation":{"angle":45,"axis":"y","origin":[7.29289,11.87132,8]},"faces":{"north":{"uv":[0,13.5,1,13.75],"texture":"#2"},"east":{"uv":[13.5,1.5,14.5,1.75],"texture":"#2"},"south":{"uv":[13.5,2.5,14.5,2.75],"texture":"#2"},"west":{"uv":[13.5,3.5,14.5,3.75],"texture":"#2"},"up":{"uv":[5.5,8,4.5,7],"texture":"#2"},"down":{"uv":[8.5,0,7.5,1],"texture":"#2"}}},{"from":[7.04289,11.37132,7.75],"to":[8.54289,11.87132,9.25],"rotation":{"angle":45,"axis":"y","origin":[7.29289,11.37132,8]},"faces":{"north":{"uv":[2.5,14.5,3.25,14.75],"texture":"#2"},"east":{"uv":[4,14.5,4.75,14.75],"texture":"#2"},"south":{"uv":[5.5,14.5,6.25,14.75],"texture":"#2"},"west":{"uv":[7,14.5,7.75,14.75],"texture":"#2"}}},{"from":[6.79289,10.87132,7.5],"to":[8.79289,11.37132,9.5],"rotation":{"angle":45,"axis":"y","origin":[7.29289,10.87132,8]},"faces":{"north":{"uv":[13.5,4.5,14.5,4.75],"texture":"#2"},"east":{"uv":[6.5,13.5,7.5,13.75],"texture":"#2"},"south":{"uv":[13.5,7.5,14.5,7.75],"texture":"#2"},"west":{"uv":[8,13.5,9,13.75],"texture":"#2"},"up":{"uv":[8.5,2.5,7.5,1.5],"texture":"#2"},"down":{"uv":[8.5,3,7.5,4],"texture":"#2"}}},{"from":[7.0035,11.75707,5.53492],"to":[8.9965,12.68207,7.53492],"rotation":{"angle":-22.5,"axis":"x","origin":[7.0035,11.68207,5.53492]},"faces":{"north":{"uv":[6,10.5,7,11],"texture":"#2"},"east":{"uv":[10.5,7.5,11.5,8],"texture":"#2"},"west":{"uv":[10.5,8.5,11.5,9],"texture":"#2"},"up":{"uv":[8.5,5.5,7.5,4.5],"texture":"#2"},"down":{"uv":[7,7.5,6,8.5],"texture":"#2"}}},{"from":[7,12.37132,7],"to":[9,13.37132,9],"rotation":{"angle":0,"axis":"y","origin":[8,12.87132,8]},"faces":{"north":{"uv":[1,11,2,11.5],"texture":"#2"},"east":{"uv":[11,3,12,3.5],"texture":"#2"},"south":{"uv":[11,4,12,4.5],"texture":"#2"},"west":{"uv":[11,5,12,5.5],"texture":"#2"},"up":{"uv":[8.5,7,7.5,6],"texture":"#2"},"down":{"uv":[8.5,7.5,7.5,8.5],"texture":"#2"}}},{"from":[7.0035,12.68207,5.53492],"to":[8.9965,13.68207,6.03492],"rotation":{"angle":-22.5,"axis":"x","origin":[7.0035,11.68207,5.53492]},"faces":{"north":{"uv":[7.5,11,8.5,11.5],"texture":"#2"},"east":{"uv":[10,14.5,10.25,15],"texture":"#2"},"south":{"uv":[9,11,10,11.5],"texture":"#2"},"west":{"uv":[15,2,15.25,2.5],"texture":"#2"},"up":{"uv":[14.5,8.75,13.5,8.5],"texture":"#2"}}},{"from":[6.79289,12.87132,7.5],"to":[8.79289,13.87132,9.5],"rotation":{"angle":45,"axis":"y","origin":[7.29289,11.87132,8]},"faces":{"north":{"uv":[11,9.5,12,10],"texture":"#2"},"east":{"uv":[10.5,11,11.5,11.5],"texture":"#2"},"south":{"uv":[11.5,0,12.5,0.5],"texture":"#2"},"west":{"uv":[11.5,1,12.5,1.5],"texture":"#2"},"up":{"uv":[2.5,9,1.5,8],"texture":"#2"},"down":{"uv":[4,8.5,3,9.5],"texture":"#2"}}},{"from":[7.0035,13.18207,6.03492],"to":[8.9965,13.68207,6.53492],"rotation":{"angle":-22.5,"axis":"x","origin":[7.0035,11.68207,5.53492]},"faces":{"east":{"uv":[15,8.5,15.25,8.75],"texture":"#2"},"south":{"uv":[9.5,13.5,10.5,13.75],"texture":"#2"},"west":{"uv":[15,9.5,15.25,9.75],"texture":"#2"},"up":{"uv":[14.5,9.75,13.5,9.5],"texture":"#2"},"down":{"uv":[14.5,10.5,13.5,10.75],"texture":"#2"}}},{"from":[7.75,12.70711,8],"to":[8.25,15.45711,10.75],"rotation":{"angle":-45,"axis":"x","origin":[7.75,12.70711,8]},"faces":{"north":{"uv":[1.5,12,1.75,13.375],"texture":"#2"},"east":{"uv":[4,3,5.375,4.375],"texture":"#2"},"south":{"uv":[11.5,12,11.75,13.375],"texture":"#2"},"west":{"uv":[4,5,5.375,6.375],"texture":"#2"},"up":{"uv":[12.75,3.375,12.5,2],"texture":"#2"},"down":{"uv":[12.75,4,12.5,5.375],"texture":"#2"}}},{"from":[7.995,-3.11289,5.04523],"to":[8.005,1.63711,7.79523],"rotation":{"angle":0,"axis":"y","origin":[7.995,-1.48789,6.54523]},"faces":{"east":{"uv":[5.375,0,4,2.375],"texture":"#2"},"west":{"uv":[4,0,5.375,2.375],"texture":"#2"}}},{"from":[7.995,-3.11289,8.20477],"to":[8.005,1.63711,10.95477],"rotation":{"angle":0,"axis":"y","origin":[7.995,-1.48789,9.45477]},"faces":{"east":{"uv":[4,0,5.375,2.375],"texture":"#2"},"west":{"uv":[5.375,0,4,2.375],"texture":"#2"}}},{"from":[6.79289,2.62132,7.5],"to":[8.79289,3.12132,9.5],"rotation":{"angle":45,"axis":"y","origin":[7.29289,2.62132,8]},"faces":{"north":{"uv":[13.5,11.5,14.5,11.75],"texture":"#2"},"east":{"uv":[12.5,13.5,13.5,13.75],"texture":"#2"},"south":{"uv":[13.5,12.5,14.5,12.75],"texture":"#2"},"west":{"uv":[14,0,15,0.25],"texture":"#2"},"up":{"uv":[5.5,9.5,4.5,8.5],"texture":"#2"},"down":{"uv":[1,9,0,10],"texture":"#2"}}},{"from":[7.04289,2.12132,7.75],"to":[8.54289,2.62132,9.25],"rotation":{"angle":45,"axis":"y","origin":[7.29289,2.12132,8]},"faces":{"north":{"uv":[8.5,14.5,9.25,14.75],"texture":"#2"},"east":{"uv":[12.5,14.5,13.25,14.75],"texture":"#2"},"south":{"uv":[14,14.5,14.75,14.75],"texture":"#2"},"west":{"uv":[15,1,15.75,1.25],"texture":"#2"}}},{"from":[6.79289,1.62132,7.5],"to":[8.79289,2.12132,9.5],"rotation":{"angle":45,"axis":"y","origin":[7.29289,1.62132,8]},"faces":{"north":{"uv":[14,5.5,15,5.75],"texture":"#2"},"east":{"uv":[14,6.5,15,6.75],"texture":"#2"},"south":{"uv":[11,14,12,14.25],"texture":"#2"},"west":{"uv":[14,13.5,15,13.75],"texture":"#2"},"up":{"uv":[10,1,9,0],"texture":"#2"},"down":{"uv":[10,1.5,9,2.5],"texture":"#2"}}},{"from":[7.5035,14.68207,5.03492],"to":[8.4965,15.18207,5.53492],"rotation":{"angle":-22.5,"axis":"x","origin":[7.0035,11.68207,5.53492]},"faces":{"east":{"uv":[15,10.5,15.25,10.75],"texture":"#2"},"south":{"uv":[15,3,15.5,3.25],"texture":"#2"},"west":{"uv":[11,15,11.25,15.25],"texture":"#2"},"up":{"uv":[15.5,4.25,15,4],"texture":"#2"},"down":{"uv":[15.5,7.5,15,7.75],"texture":"#2"}}},{"from":[7.5035,13.93207,4.28492],"to":[8.4965,15.18207,5.03492],"rotation":{"angle":-22.5,"axis":"x","origin":[7.0035,11.68207,5.53492]},"faces":{"north":{"uv":[5.5,13,6,13.625],"texture":"#2"},"east":{"uv":[1.5,14,1.875,14.625],"texture":"#2"},"south":{"uv":[13,6,13.5,6.625],"texture":"#2"},"west":{"uv":[0,14.5,0.375,15.125],"texture":"#2"},"up":{"uv":[12,2.375,11.5,2],"texture":"#2"}}},{"from":[7.5035,12.68207,4.28492],"to":[8.4965,13.93207,6.78492],"rotation":{"angle":-22.5,"axis":"x","origin":[7.0035,11.68207,5.53492]},"faces":{"north":{"uv":[3.5,13,4,13.625],"texture":"#2"},"east":{"uv":[9,3,10.25,3.625],"texture":"#2"},"south":{"uv":[4.5,13,5,13.625],"texture":"#2"},"west":{"uv":[9,4.5,10.25,5.125],"texture":"#2"},"up":{"uv":[9.5,7.25,9,6],"texture":"#2"},"down":{"uv":[8,9,7.5,10.25],"texture":"#2"}}},{"from":[7.995,6.62132,-0.13743],"to":[8.005,18.37132,6.86257],"rotation":{"angle":0,"axis":"y","origin":[7.995,8.37132,-0.13743]},"faces":{"east":{"uv":[3.5,0,0,5.875],"texture":"#2"},"west":{"uv":[0,0,3.5,5.875],"texture":"#2"}}},{"from":[7.0035,11.75707,8.46508],"to":[8.9965,12.68207,10.46508],"rotation":{"angle":22.5,"axis":"x","origin":[7.0035,11.68207,10.46508]},"faces":{"east":{"uv":[11.5,7.5,10.5,8],"texture":"#2"},"south":{"uv":[7,10.5,6,11],"texture":"#2"},"west":{"uv":[11.5,8.5,10.5,9],"texture":"#2"},"up":{"uv":[8.5,4.5,7.5,5.5],"texture":"#2"},"down":{"uv":[7,8.5,6,7.5],"texture":"#2"}}},{"from":[7.0035,12.68207,9.96508],"to":[8.9965,13.68207,10.46508],"rotation":{"angle":22.5,"axis":"x","origin":[7.0035,11.68207,10.46508]},"faces":{"north":{"uv":[10,11,9,11.5],"texture":"#2"},"east":{"uv":[10.25,14.5,10,15],"texture":"#2"},"south":{"uv":[8.5,11,7.5,11.5],"texture":"#2"},"west":{"uv":[15.25,2,15,2.5],"texture":"#2"},"up":{"uv":[14.5,8.5,13.5,8.75],"texture":"#2"}}},{"from":[7.0035,13.18207,9.46508],"to":[8.9965,13.68207,9.96508],"rotation":{"angle":22.5,"axis":"x","origin":[7.0035,11.68207,10.46508]},"faces":{"north":{"uv":[10.5,13.5,9.5,13.75],"texture":"#2"},"east":{"uv":[15.25,8.5,15,8.75],"texture":"#2"},"west":{"uv":[15.25,9.5,15,9.75],"texture":"#2"},"up":{"uv":[14.5,9.5,13.5,9.75],"texture":"#2"},"down":{"uv":[14.5,10.75,13.5,10.5],"texture":"#2"}}},{"from":[7.5035,12.68207,9.21508],"to":[8.4965,13.93207,11.71508],"rotation":{"angle":22.5,"axis":"x","origin":[7.0035,11.68207,10.46508]},"faces":{"north":{"uv":[5,13,4.5,13.625],"texture":"#2"},"east":{"uv":[10.25,3,9,3.625],"texture":"#2"},"south":{"uv":[4,13,3.5,13.625],"texture":"#2"},"west":{"uv":[10.25,4.5,9,5.125],"texture":"#2"},"up":{"uv":[9.5,6,9,7.25],"texture":"#2"},"down":{"uv":[8,10.25,7.5,9],"texture":"#2"}}},{"from":[7.5035,13.93207,10.96508],"to":[8.4965,15.18207,11.71508],"rotation":{"angle":22.5,"axis":"x","origin":[7.0035,11.68207,10.46508]},"faces":{"north":{"uv":[13.5,6,13,6.625],"texture":"#2"},"east":{"uv":[1.875,14,1.5,14.625],"texture":"#2"},"south":{"uv":[6,13,5.5,13.625],"texture":"#2"},"west":{"uv":[0.375,14.5,0,15.125],"texture":"#2"},"up":{"uv":[12,2,11.5,2.375],"texture":"#2"}}},{"from":[7.5035,14.68207,10.46508],"to":[8.4965,15.18207,10.96508],"rotation":{"angle":22.5,"axis":"x","origin":[7.0035,11.68207,10.46508]},"faces":{"north":{"uv":[15.5,3,15,3.25],"texture":"#2"},"east":{"uv":[15.25,10.5,15,10.75],"texture":"#2"},"west":{"uv":[11.25,15,11,15.25],"texture":"#2"},"up":{"uv":[15.5,4,15,4.25],"texture":"#2"},"down":{"uv":[15.5,7.75,15,7.5],"texture":"#2"}}},{"from":[7.995,6.62132,9.13743],"to":[8.005,18.37132,16.13743],"rotation":{"angle":0,"axis":"y","origin":[7.995,8.37132,16.13743]},"faces":{"east":{"uv":[0,0,3.5,5.875],"texture":"#2"},"west":{"uv":[3.5,0,0,5.875],"texture":"#2"}}},{"from":[7.5,6.5,-1],"to":[7.51,18.5,3],"rotation":{"angle":-22.5,"axis":"y","origin":[7.5,6.5,-1]},"faces":{"east":{"uv":[3.33333,0,0.66667,8],"texture":"#3"},"west":{"uv":[0.66667,0,3.33333,8],"texture":"#3"}}},{"from":[7.5,6.5,-1],"to":[8.5,18.5,-0.99],"rotation":{"angle":0,"axis":"y","origin":[8,12.5,-1]},"faces":{"north":{"uv":[0,0,0.66667,8],"texture":"#3"},"south":{"uv":[0.66667,0,0,8],"texture":"#3"}}},{"from":[7.5,6.5,6.38104],"to":[8.5,18.5,6.39104],"rotation":{"angle":0,"axis":"y","origin":[8,12.5,6.38104]},"faces":{"north":{"uv":[6.66667,0,6,8],"texture":"#3"},"south":{"uv":[6,0,6.66667,8],"texture":"#3"}}},{"from":[5.96927,6.5,2.69552],"to":[5.97927,18.5,6.69552],"rotation":{"angle":22.5,"axis":"y","origin":[5.96927,6.5,2.69552]},"faces":{"east":{"uv":[6,0,3.33333,8],"texture":"#3"},"west":{"uv":[3.33333,0,6,8],"texture":"#3"}}},{"from":[9.96324,6.5,-1.00776],"to":[9.97324,18.5,2.99224],"rotation":{"angle":22.5,"axis":"y","origin":[9.25613,12.5,2.69935]},"faces":{"east":{"uv":[9.33333,0,12,8],"texture":"#3"},"west":{"uv":[12,0,9.33333,8],"texture":"#3"}}},{"from":[9.96323,6.5,2.3988],"to":[9.97323,18.5,6.3988],"rotation":{"angle":-22.5,"axis":"y","origin":[9.25612,12.5,2.6917]},"faces":{"east":{"uv":[6.66667,0,9.33333,8],"texture":"#3"},"west":{"uv":[9.33333,0,6.66667,8],"texture":"#3"}}},{"from":[8.49,6.5,13],"to":[8.5,18.5,17],"rotation":{"angle":-22.5,"axis":"y","origin":[8.5,6.5,17]},"faces":{"east":{"uv":[0.66667,0,3.33333,8],"texture":"#3"},"west":{"uv":[3.33333,0,0.66667,8],"texture":"#3"}}},{"from":[7.5,6.5,16.99],"to":[8.5,18.5,17],"rotation":{"angle":0,"axis":"y","origin":[8,12.5,17]},"faces":{"north":{"uv":[0.66667,0,0,8],"texture":"#3"},"south":{"uv":[0,0,0.66667,8],"texture":"#3"}}},{"from":[7.5,6.5,9.60896],"to":[8.5,18.5,9.61896],"rotation":{"angle":0,"axis":"y","origin":[8,12.5,9.61896]},"faces":{"north":{"uv":[6,0,6.66667,8],"texture":"#3"},"south":{"uv":[6.66667,0,6,8],"texture":"#3"}}},{"from":[10.02073,6.5,9.30448],"to":[10.03073,18.5,13.30448],"rotation":{"angle":22.5,"axis":"y","origin":[10.03073,6.5,13.30448]},"faces":{"east":{"uv":[3.33333,0,6,8],"texture":"#3"},"west":{"uv":[6,0,3.33333,8],"texture":"#3"}}},{"from":[6.02676,6.5,13.00776],"to":[6.03676,18.5,17.00776],"rotation":{"angle":22.5,"axis":"y","origin":[6.74387,12.5,13.30065]},"faces":{"east":{"uv":[12,0,9.33333,8],"texture":"#3"},"west":{"uv":[9.33333,0,12,8],"texture":"#3"}}},{"from":[6.02677,6.5,9.6012],"to":[6.03677,18.5,13.6012],"rotation":{"angle":-22.5,"axis":"y","origin":[6.74388,12.5,13.3083]},"faces":{"east":{"uv":[9.33333,0,6.66667,8],"texture":"#3"},"west":{"uv":[6.66667,0,9.33333,8],"texture":"#3"}}},{"from":[5.56079,-2,6.975],"to":[9.61079,1,11.025],"rotation":{"angle":45,"axis":"y","origin":[6.58579,0,8]},"faces":{"north":{"uv":[8,0,12,3],"texture":"#1"},"east":{"uv":[4,0,8,3],"texture":"#1"},"south":{"uv":[0,0,4,3],"texture":"#1"},"west":{"uv":[12,0,16,3],"texture":"#1"}}},{"from":[6.06079,-5,7.475],"to":[9.11079,-2,10.525],"rotation":{"angle":45,"axis":"y","origin":[6.58579,-3,8]},"faces":{"north":{"uv":[8,3,11,6],"texture":"#1"},"east":{"uv":[5,3,8,6],"texture":"#1"},"south":{"uv":[2,3,5,6],"texture":"#1"},"west":{"uv":[11,3,14,6],"texture":"#1"}}},{"name":"cube inverted","from":[9.08579,-2,10.5],"to":[6.08579,-5,7.5],"rotation":{"angle":45,"axis":"y","origin":[6.58579,-3,8]},"faces":{"north":{"uv":[2,6,5,3],"texture":"#1"},"east":{"uv":[11,6,14,3],"texture":"#1"},"south":{"uv":[8,6,11,3],"texture":"#1"},"west":{"uv":[5,6,8,3],"texture":"#1"}}},{"name":"cube inverted","from":[9.58579,1,11],"to":[5.58579,-2,7],"rotation":{"angle":45,"axis":"y","origin":[6.58579,0,8]},"faces":{"north":{"uv":[0,3,4,0],"texture":"#1"},"east":{"uv":[12,3,16,0],"texture":"#1"},"south":{"uv":[8,3,12,0],"texture":"#1"},"west":{"uv":[4,3,8,0],"texture":"#1"}}}],"gui_light":"front","display":{"thirdperson_righthand":{"translation":[0,1,0.75]},"thirdperson_lefthand":{"translation":[0,1,0.75]},"firstperson_righthand":{"rotation":[5,0,0],"translation":[1.75,1.5,0]},"firstperson_lefthand":{"rotation":[5,0,0],"translation":[1.75,1.5,0]},"ground":{"rotation":[45,0,0],"translation":[0,5,0],"scale":[0.7,0.7,0.7]},"gui":{"rotation":[-90,135,90],"translation":[-1.25,-1.25,0],"scale":[0.95,0.95,0.95]},"head":{"rotation":[0,90,0]},"fixed":{"rotation":[0,-90,0],"translation":[0,0,-1],"scale":[2,2,2]}},"groups":[{"name":"axe","origin":[7.5,0.25,8],"color":0,"children":[0,1,2,3,4,5,6,7,8,9,10,11,12,13,14,15,16,17,18,19,20,21,22,23,24,25,26,27,28,29,30,31,32,33,34,35,36,37,38,39,40,41,42,43,44,45,46]}],"USER":"1381","NONCE":"cb5cb31a0c878d1d93b80038368e17bb","TIMESTAMP":"1756246481","RESOURCE":"14461","MCMODELS":"1","mcmodels":"cb5cb31a0c878d1d93b80038368e17bb"}