{"format_version":"1.9.0","credit":"Pologony Creation Co.,Ltd.","textures":{"1":"item/crates/pyrosoul/fishing_rod","2":"item/crates/pyrosoul/animated/fire_animated_3","particle":"item/crates/pyrosoul/animated/fire_animated_3"},"elements":[{"from":[7.5,-0.25,7.5],"to":[8.5,1.75,9.5],"rotation":{"angle":-45,"axis":"x","origin":[7.5,0.25,8]},"faces":{"north":{"uv":[3.5,9,4,10],"texture":"#1"},"east":{"uv":[5,4,6,5],"texture":"#1"},"south":{"uv":[9.5,3,10,4],"texture":"#1"},"west":{"uv":[5.5,0,6.5,1],"texture":"#1"},"up":{"uv":[10,5.5,9.5,4.5],"texture":"#1"},"down":{"uv":[10,6,9.5,7],"texture":"#1"}}},{"from":[7.25,0,7.75],"to":[8.75,1.5,9.25],"rotation":{"angle":-45,"axis":"x","origin":[7.5,0.25,8]},"faces":{"north":{"uv":[0,8,0.75,8.75],"texture":"#1"},"east":{"uv":[8,1.5,8.75,2.25],"texture":"#1"},"south":{"uv":[8,3,8.75,3.75],"texture":"#1"},"west":{"uv":[8,4.5,8.75,5.25],"texture":"#1"},"up":{"uv":[8.75,6.75,8,6],"texture":"#1"},"down":{"uv":[9.25,0,8.5,0.75],"texture":"#1"}}},{"from":[7.29289,3.12132,7.92678],"to":[8.54289,4.37132,9.17678],"rotation":{"angle":45,"axis":"y","origin":[7.29289,3.12132,8.17678]},"faces":{"north":{"uv":[9.5,7.5,10.125,8.125],"texture":"#1"},"east":{"uv":[8.5,9.5,9.125,10.125],"texture":"#1"},"south":{"uv":[10,0,10.625,0.625],"texture":"#1"},"west":{"uv":[10,9,10.625,9.625],"texture":"#1"},"up":{"uv":[11.125,3.625,10.5,3],"texture":"#1"}}},{"from":[7.29289,4.37132,8],"to":[8.29289,5.62132,9],"rotation":{"angle":45,"axis":"y","origin":[7.29289,4.37132,8]},"faces":{"north":{"uv":[11,12,11.5,12.625],"texture":"#1"},"east":{"uv":[12,12,12.5,12.625],"texture":"#1"},"south":{"uv":[0,12.5,0.5,13.125],"texture":"#1"},"west":{"uv":[1,12.5,1.5,13.125],"texture":"#1"}}},{"from":[7.29289,5.62132,7.92678],"to":[8.54289,6.87132,9.17678],"rotation":{"angle":45,"axis":"y","origin":[7.29289,5.62132,8.17678]},"faces":{"north":{"uv":[3.5,10.5,4.125,11.125],"texture":"#1"},"east":{"uv":[10.5,4.5,11.125,5.125],"texture":"#1"},"south":{"uv":[5,10.5,5.625,11.125],"texture":"#1"},"west":{"uv":[10.5,6,11.125,6.625],"texture":"#1"},"down":{"uv":[10.625,10.5,10,11.125],"texture":"#1"}}},{"from":[7.29289,11.37132,7.92678],"to":[8.54289,12.62132,9.17678],"rotation":{"angle":45,"axis":"y","origin":[7.29289,11.37132,8.17678]},"faces":{"north":{"uv":[8,11,8.625,11.625],"texture":"#1"},"east":{"uv":[11.5,0,12.125,0.625],"texture":"#1"},"south":{"uv":[11.5,9,12.125,9.625],"texture":"#1"},"west":{"uv":[11.5,10.5,12.125,11.125],"texture":"#1"},"up":{"uv":[3.625,12.625,3,12],"texture":"#1"}}},{"from":[7.29289,12.62132,8],"to":[8.29289,13.87132,9],"rotation":{"angle":45,"axis":"y","origin":[7.29289,12.62132,8]},"faces":{"north":{"uv":[12.5,1.5,13,2.125],"texture":"#1"},"east":{"uv":[2,12.5,2.5,13.125],"texture":"#1"},"south":{"uv":[6,12.5,6.5,13.125],"texture":"#1"},"west":{"uv":[7,12.5,7.5,13.125],"texture":"#1"}}},{"from":[7.29289,16.87132,8],"to":[8.29289,19.12132,9],"rotation":{"angle":45,"axis":"y","origin":[7.29289,16.87132,8]},"faces":{"north":{"uv":[1.5,8.5,2,9.625],"texture":"#1"},"east":{"uv":[4.5,8.5,5,9.625],"texture":"#1"},"south":{"uv":[8.5,7.5,9,8.625],"texture":"#1"},"west":{"uv":[2.5,9,3,10.125],"texture":"#1"}}},{"from":[7.29289,15.62132,7.92678],"to":[8.54289,16.87132,9.17678],"rotation":{"angle":45,"axis":"y","origin":[7.29289,15.62132,8.17678]},"faces":{"north":{"uv":[12,3,12.625,3.625],"texture":"#1"},"east":{"uv":[4.5,12,5.125,12.625],"texture":"#1"},"south":{"uv":[12,4.5,12.625,5.125],"texture":"#1"},"west":{"uv":[12,6,12.625,6.625],"texture":"#1"},"up":{"uv":[10.125,12.625,9.5,12],"texture":"#1"}}},{"from":[7.29289,13.87132,7.92678],"to":[8.54289,15.12132,9.17678],"rotation":{"angle":45,"axis":"y","origin":[7.29289,13.87132,8.17678]},"faces":{"north":{"uv":[0,11,0.625,11.625],"texture":"#1"},"east":{"uv":[1.5,11,2.125,11.625],"texture":"#1"},"south":{"uv":[11,1.5,11.625,2.125],"texture":"#1"},"west":{"uv":[6.5,11,7.125,11.625],"texture":"#1"},"down":{"uv":[11.625,7.5,11,8.125],"texture":"#1"}}},{"from":[6.79289,7.87132,7.5],"to":[8.79289,8.37132,9.5],"rotation":{"angle":45,"axis":"y","origin":[7.29289,7.87132,8]},"faces":{"north":{"uv":[12.5,7.5,13.5,7.75],"texture":"#1"},"east":{"uv":[8,12.5,9,12.75],"texture":"#1"},"south":{"uv":[13,0,14,0.25],"texture":"#1"},"west":{"uv":[13,8.5,14,8.75],"texture":"#1"},"up":{"uv":[6,6.5,5,5.5],"texture":"#1"},"down":{"uv":[4,6,3,7],"texture":"#1"}}},{"from":[6.79289,10.87132,7.5],"to":[8.79289,11.37132,9.5],"rotation":{"angle":45,"axis":"y","origin":[7.29289,10.87132,8]},"faces":{"north":{"uv":[8,13.5,9,13.75],"texture":"#1"},"east":{"uv":[9.5,13.5,10.5,13.75],"texture":"#1"},"south":{"uv":[11,13.5,12,13.75],"texture":"#1"},"west":{"uv":[12.5,13.5,13.5,13.75],"texture":"#1"},"up":{"uv":[2.5,8,1.5,7],"texture":"#1"},"down":{"uv":[5.5,7,4.5,8],"texture":"#1"}}},{"from":[6.79289,15.12132,7.5],"to":[8.79289,15.62132,9.5],"rotation":{"angle":45,"axis":"y","origin":[7.29289,15.12132,8]},"faces":{"north":{"uv":[0,14,1,14.25],"texture":"#1"},"east":{"uv":[1.5,14,2.5,14.25],"texture":"#1"},"south":{"uv":[6,14,7,14.25],"texture":"#1"},"west":{"uv":[14,7,15,7.25],"texture":"#1"},"up":{"uv":[4,8.5,3,7.5],"texture":"#1"},"down":{"uv":[7,7.5,6,8.5],"texture":"#1"}}},{"from":[7.04289,19.12132,7.75],"to":[8.54289,19.62132,9.25],"rotation":{"angle":45,"axis":"y","origin":[7.29289,19.12132,8]},"faces":{"north":{"uv":[13,14.5,13.75,14.75],"texture":"#1"},"east":{"uv":[14.5,14.5,15.25,14.75],"texture":"#1"},"south":{"uv":[0,15,0.75,15.25],"texture":"#1"},"west":{"uv":[15,1,15.75,1.25],"texture":"#1"},"up":{"uv":[6.25,9.75,5.5,9],"texture":"#1"},"down":{"uv":[0.75,9.5,0,10.25],"texture":"#1"}}},{"from":[7.04289,7.37132,7.75],"to":[8.54289,7.87132,9.25],"rotation":{"angle":45,"axis":"y","origin":[7.29289,7.37132,8]},"faces":{"north":{"uv":[14.5,8,15.25,8.25],"texture":"#1"},"east":{"uv":[8.5,14.5,9.25,14.75],"texture":"#1"},"south":{"uv":[14.5,9,15.25,9.25],"texture":"#1"},"west":{"uv":[10,14.5,10.75,14.75],"texture":"#1"}}},{"from":[6.79289,6.87132,7.5],"to":[8.79289,7.37132,9.5],"rotation":{"angle":45,"axis":"y","origin":[7.29289,6.87132,8]},"faces":{"north":{"uv":[13,9.5,14,9.75],"texture":"#1"},"east":{"uv":[13,10.5,14,10.75],"texture":"#1"},"south":{"uv":[13,11.5,14,11.75],"texture":"#1"},"west":{"uv":[13,12.5,14,12.75],"texture":"#1"},"up":{"uv":[1,7.5,0,6.5],"texture":"#1"},"down":{"uv":[7.5,1.5,6.5,2.5],"texture":"#1"}}},{"from":[7,7.70711,8],"to":[9,10.45711,10.75],"rotation":{"angle":-45,"axis":"x","origin":[7.75,7.70711,8]},"faces":{"north":{"uv":[3.5,2,4.5,3.375],"texture":"#1"},"east":{"uv":[1.5,3,2.875,4.375],"texture":"#1"},"south":{"uv":[3.5,4,4.5,5.375],"texture":"#1"},"west":{"uv":[3.5,0,4.875,1.375],"texture":"#1"},"up":{"uv":[2.5,6.375,1.5,5],"texture":"#1"},"down":{"uv":[6,2,5,3.375],"texture":"#1"}}},{"from":[7.995,-3.11289,5.04523],"to":[8.005,1.63711,7.79523],"rotation":{"angle":0,"axis":"y","origin":[7.995,-1.48789,6.54523]},"faces":{"east":{"uv":[2.875,0,1.5,2.375],"texture":"#1"},"west":{"uv":[1.5,0,2.875,2.375],"texture":"#1"}}},{"from":[7.995,-3.11289,8.20477],"to":[8.005,1.63711,10.95477],"rotation":{"angle":0,"axis":"y","origin":[7.995,-1.48789,9.45477]},"faces":{"east":{"uv":[1.5,0,2.875,2.375],"texture":"#1"},"west":{"uv":[2.875,0,1.5,2.375],"texture":"#1"}}},{"from":[6.79289,2.62132,7.5],"to":[8.79289,3.12132,9.5],"rotation":{"angle":45,"axis":"y","origin":[7.29289,2.62132,8]},"faces":{"north":{"uv":[13.5,1,14.5,1.25],"texture":"#1"},"east":{"uv":[13.5,2,14.5,2.25],"texture":"#1"},"south":{"uv":[3,13.5,4,13.75],"texture":"#1"},"west":{"uv":[13.5,3,14.5,3.25],"texture":"#1"},"up":{"uv":[7.5,4,6.5,3],"texture":"#1"},"down":{"uv":[7.5,4.5,6.5,5.5],"texture":"#1"}}},{"from":[7.04289,2.12132,7.75],"to":[8.54289,2.62132,9.25],"rotation":{"angle":45,"axis":"y","origin":[7.29289,2.12132,8]},"faces":{"north":{"uv":[14.5,10,15.25,10.25],"texture":"#1"},"east":{"uv":[14.5,11,15.25,11.25],"texture":"#1"},"south":{"uv":[11.5,14.5,12.25,14.75],"texture":"#1"},"west":{"uv":[14.5,12,15.25,12.25],"texture":"#1"}}},{"from":[6.79289,1.62132,7.5],"to":[8.79289,2.12132,9.5],"rotation":{"angle":45,"axis":"y","origin":[7.29289,1.62132,8]},"faces":{"north":{"uv":[13.5,4,14.5,4.25],"texture":"#1"},"east":{"uv":[4.5,13.5,5.5,13.75],"texture":"#1"},"south":{"uv":[13.5,5,14.5,5.25],"texture":"#1"},"west":{"uv":[13.5,6,14.5,6.25],"texture":"#1"},"up":{"uv":[7.5,7,6.5,6],"texture":"#1"},"down":{"uv":[8,0,7,1],"texture":"#1"}}},{"from":[7.99,8.37132,4.93934],"to":[8.01,19.62132,6.93934],"rotation":{"angle":0,"axis":"y","origin":[7.99,6.62132,2.93934]},"faces":{"east":{"uv":[1,0,0,5.625],"texture":"#1"},"west":{"uv":[0,0,1,5.625],"texture":"#1"}}},{"from":[7.995,14.56694,4.11351],"to":[8.005,19.81694,4.61351],"rotation":{"angle":45,"axis":"x","origin":[7.995,17.69194,4.36351]},"faces":{"east":{"uv":[7.75,7.5,7.5,10.125],"texture":"#1"},"west":{"uv":[7.5,7.5,7.75,10.125],"texture":"#1"}}},{"from":[7.995,13.37868,1.34315],"to":[8.005,14.87868,2.84315],"rotation":{"angle":0,"axis":"x","origin":[7.995,12.50368,1.34315]},"faces":{"east":{"uv":[10.25,1.5,9.5,2.25],"texture":"#1"},"west":{"uv":[9.5,1.5,10.25,2.25],"texture":"#1"}}},{"from":[7.5,13.56694,3.86351],"to":[8.5,14.56694,4.86351],"rotation":{"angle":45,"axis":"x","origin":[8,17.69194,4.36351]},"faces":{"north":{"uv":[14,13.5,14.5,14],"texture":"#1"},"east":{"uv":[14.5,0,15,0.5],"texture":"#1"},"south":{"uv":[3,14.5,3.5,15],"texture":"#1"},"west":{"uv":[4,14.5,4.5,15],"texture":"#1"},"up":{"uv":[5.5,15,5,14.5],"texture":"#1"},"down":{"uv":[8,14.5,7.5,15],"texture":"#1"}}},{"from":[5.56079,-2,6.975],"to":[9.61079,1,11.025],"rotation":{"angle":45,"axis":"y","origin":[6.58579,0,8]},"faces":{"north":{"uv":[8,0,12,3],"texture":"#2"},"east":{"uv":[4,0,8,3],"texture":"#2"},"south":{"uv":[0,0,4,3],"texture":"#2"},"west":{"uv":[12,0,16,3],"texture":"#2"}}},{"from":[6.06079,-5,7.475],"to":[9.11079,-2,10.525],"rotation":{"angle":45,"axis":"y","origin":[6.58579,-3,8]},"faces":{"north":{"uv":[8,3,11,6],"texture":"#2"},"east":{"uv":[5,3,8,6],"texture":"#2"},"south":{"uv":[2,3,5,6],"texture":"#2"},"west":{"uv":[11,3,14,6],"texture":"#2"}}},{"name":"cube inverted","from":[9.08579,-2,10.5],"to":[6.08579,-5,7.5],"rotation":{"angle":45,"axis":"y","origin":[6.58579,-3,8]},"faces":{"north":{"uv":[2,6,5,3],"texture":"#2"},"east":{"uv":[11,6,14,3],"texture":"#2"},"south":{"uv":[8,6,11,3],"texture":"#2"},"west":{"uv":[5,6,8,3],"texture":"#2"}}},{"name":"cube inverted","from":[9.58579,1,11],"to":[5.58579,-2,7],"rotation":{"angle":45,"axis":"y","origin":[6.58579,0,8]},"faces":{"north":{"uv":[0,3,4,0],"texture":"#2"},"east":{"uv":[12,3,16,0],"texture":"#2"},"south":{"uv":[8,3,12,0],"texture":"#2"},"west":{"uv":[4,3,8,0],"texture":"#2"}}},{"from":[5.56079,9,6.975],"to":[9.61079,12,11.025],"rotation":{"angle":45,"axis":"y","origin":[6.58579,10,8]},"faces":{"north":{"uv":[8,3,12,0],"texture":"#2"},"east":{"uv":[4,3,8,0],"texture":"#2"},"south":{"uv":[0,3,4,0],"texture":"#2"},"west":{"uv":[12,3,16,0],"texture":"#2"}}},{"from":[6.06079,12,7.475],"to":[9.11079,15,10.525],"rotation":{"angle":45,"axis":"y","origin":[6.58579,13,8]},"faces":{"north":{"uv":[8,6,11,3],"texture":"#2"},"east":{"uv":[5,6,8,3],"texture":"#2"},"south":{"uv":[2,6,5,3],"texture":"#2"},"west":{"uv":[11,6,14,3],"texture":"#2"}}},{"name":"cube inverted","from":[9.08579,15,10.5],"to":[6.08579,12,7.5],"rotation":{"angle":45,"axis":"y","origin":[6.58579,13,8]},"faces":{"north":{"uv":[2,3,5,6],"texture":"#2"},"east":{"uv":[11,3,14,6],"texture":"#2"},"south":{"uv":[8,3,11,6],"texture":"#2"},"west":{"uv":[5,3,8,6],"texture":"#2"}}},{"name":"cube inverted","from":[9.58579,12,11],"to":[5.58579,9,7],"rotation":{"angle":45,"axis":"y","origin":[6.58579,10,8]},"faces":{"north":{"uv":[0,0,4,3],"texture":"#2"},"east":{"uv":[12,0,16,3],"texture":"#2"},"south":{"uv":[8,0,12,3],"texture":"#2"},"west":{"uv":[4,0,8,3],"texture":"#2"}}},{"from":[5.975,15,5.975],"to":[10.025,18,10.025],"rotation":{"angle":45,"axis":"y","origin":[8,18,8]},"faces":{"north":{"uv":[4,3,8,0],"texture":"#2"},"east":{"uv":[0,3,4,0],"texture":"#2"},"south":{"uv":[12,3,16,0],"texture":"#2"},"west":{"uv":[8,3,12,0],"texture":"#2"}}},{"from":[6.475,18,6.475],"to":[9.525,21,9.525],"rotation":{"angle":45,"axis":"y","origin":[8,18,8]},"faces":{"north":{"uv":[5,6,8,3],"texture":"#2"},"east":{"uv":[2,6,5,3],"texture":"#2"},"south":{"uv":[11,6,14,3],"texture":"#2"},"west":{"uv":[8,6,11,3],"texture":"#2"}}},{"name":"cube inverted","from":[9.5,21,9.5],"to":[6.5,18,6.5],"rotation":{"angle":45,"axis":"y","origin":[8,18,8]},"faces":{"north":{"uv":[11,3,14,6],"texture":"#2"},"east":{"uv":[8,3,11,6],"texture":"#2"},"south":{"uv":[5,3,8,6],"texture":"#2"},"west":{"uv":[2,3,5,6],"texture":"#2"}}},{"name":"cube inverted","from":[10,18,10],"to":[6,15,6],"rotation":{"angle":45,"axis":"y","origin":[8,18,8]},"faces":{"north":{"uv":[12,0,16,3],"texture":"#2"},"east":{"uv":[8,0,12,3],"texture":"#2"},"south":{"uv":[4,0,8,3],"texture":"#2"},"west":{"uv":[0,0,4,3],"texture":"#2"}}}],"gui_light":"front","display":{"thirdperson_righthand":{"translation":[0,1,0.75]},"thirdperson_lefthand":{"translation":[0,1,0.75]},"firstperson_righthand":{"rotation":[5,0,0],"translation":[2.25,1,0]},"firstperson_lefthand":{"rotation":[5,0,0],"translation":[2.25,1,0]},"ground":{"rotation":[45,0,0],"translation":[0,5,0],"scale":[0.7,0.7,0.7]},"gui":{"rotation":[-90,135,90],"translation":[-0.5,-0.5,0]},"head":{"rotation":[0,90,0]},"fixed":{"rotation":[0,-90,0],"translation":[0,0,-1],"scale":[2,2,2]}},"groups":[{"name":"fishing_rod","origin":[7.5,0.25,8],"color":0,"children":[0,1,2,3,4,5,6,7,8,9,10,11,12,13,14,15,16,17,18,19,20,21,22,23,24,25,26,27,28,29,30,31,32,33,34,35,36,37]}],"mcmodels":"cb5cb31a0c878d1d93b80038368e17bb"}