{
	"format_version": "1.9.0",
	"credit": "Pologony Creation Co.,Ltd.",
	"textures": {
		"1": "item/crates/pyrosoul/animated/fire_animated_3",
		"2": "item/crates/pyrosoul/mace",
		"3": "item/crates/pyrosoul/animated/fire_animated_4",
		"particle": "item/crates/pyrosoul/mace"
	},
	"elements": [
		{
			"from": [7.5, -0.25, 7.5],
			"to": [8.5, 1.75, 9.5],
			"rotation": {"angle": -45, "axis": "x", "origin": [7.5, 0.25, 8]},
			"faces": {
				"north": {"uv": [8, 11, 8.5, 12], "texture": "#2"},
				"east": {"uv": [7.5, 5, 8.5, 6], "texture": "#2"},
				"south": {"uv": [11, 8.5, 11.5, 9.5], "texture": "#2"},
				"west": {"uv": [7.5, 6.5, 8.5, 7.5], "texture": "#2"},
				"up": {"uv": [11.5, 11, 11, 10], "texture": "#2"},
				"down": {"uv": [2, 11.5, 1.5, 12.5], "texture": "#2"}
			}
		},
		{
			"from": [7.25, 0, 7.75],
			"to": [8.75, 1.5, 9.25],
			"rotation": {"angle": -45, "axis": "x", "origin": [7.5, 0.25, 8]},
			"faces": {
				"north": {"uv": [10.5, 5.5, 11.25, 6.25], "texture": "#2"},
				"east": {"uv": [9.5, 10.5, 10.25, 11.25], "texture": "#2"},
				"south": {"uv": [0, 11, 0.75, 11.75], "texture": "#2"},
				"west": {"uv": [5, 11, 5.75, 11.75], "texture": "#2"},
				"up": {"uv": [7.25, 11.75, 6.5, 11], "texture": "#2"},
				"down": {"uv": [11.75, 7, 11, 7.75], "texture": "#2"}
			}
		},
		{
			"from": [7.29289, 3.12132, 7.92678],
			"to": [8.54289, 4.37132, 9.17678],
			"rotation": {"angle": 45, "axis": "y", "origin": [7.29289, 3.12132, 8.17678]},
			"faces": {
				"north": {"uv": [12, 9.5, 12.625, 10.125], "texture": "#2"},
				"east": {"uv": [0, 12.5, 0.625, 13.125], "texture": "#2"},
				"south": {"uv": [12.5, 0, 13.125, 0.625], "texture": "#2"},
				"west": {"uv": [2.5, 12.5, 3.125, 13.125], "texture": "#2"},
				"up": {"uv": [4.625, 13.125, 4, 12.5], "texture": "#2"}
			}
		},
		{
			"from": [7.29289, 4.37132, 8],
			"to": [8.29289, 5.62132, 9],
			"rotation": {"angle": 45, "axis": "y", "origin": [7.29289, 4.37132, 8]},
			"faces": {
				"north": {"uv": [12, 12.5, 12.5, 13.125], "texture": "#2"},
				"east": {"uv": [1.5, 13, 2, 13.625], "texture": "#2"},
				"south": {"uv": [13, 1.5, 13.5, 2.125], "texture": "#2"},
				"west": {"uv": [13, 3, 13.5, 3.625], "texture": "#2"}
			}
		},
		{
			"from": [7.29289, 5.62132, 7.92678],
			"to": [8.54289, 6.87132, 9.17678],
			"rotation": {"angle": 45, "axis": "y", "origin": [7.29289, 5.62132, 8.17678]},
			"faces": {
				"north": {"uv": [5.5, 12.5, 6.125, 13.125], "texture": "#2"},
				"east": {"uv": [12.5, 6.5, 13.125, 7.125], "texture": "#2"},
				"south": {"uv": [7, 12.5, 7.625, 13.125], "texture": "#2"},
				"west": {"uv": [10.5, 12.5, 11.125, 13.125], "texture": "#2"},
				"down": {"uv": [13.125, 11, 12.5, 11.625], "texture": "#2"}
			}
		},
		{
			"from": [7.04289, 6.87132, 7.67678],
			"to": [8.79289, 10.87132, 9.42678],
			"rotation": {"angle": 45, "axis": "y", "origin": [7.29289, 11.87132, 8.17678]},
			"faces": {
				"north": {"uv": [7.5, 0, 8.375, 2], "texture": "#2"},
				"east": {"uv": [2, 7.5, 2.875, 9.5], "texture": "#2"},
				"south": {"uv": [7.5, 2.5, 8.375, 4.5], "texture": "#2"},
				"west": {"uv": [3.5, 7.5, 4.375, 9.5], "texture": "#2"},
				"down": {"uv": [4.375, 10, 3.5, 10.875], "texture": "#2"}
			}
		},
		{
			"from": [6.79289, 11.87132, 7.5],
			"to": [8.79289, 12.37132, 9.5],
			"rotation": {"angle": 45, "axis": "y", "origin": [7.29289, 16.87132, 8]},
			"faces": {
				"north": {"uv": [13.5, 8, 14.5, 8.25], "texture": "#2"},
				"east": {"uv": [13.5, 9, 14.5, 9.25], "texture": "#2"},
				"south": {"uv": [13.5, 10, 14.5, 10.25], "texture": "#2"},
				"west": {"uv": [0, 14, 1, 14.25], "texture": "#2"},
				"up": {"uv": [6, 9, 5, 8], "texture": "#2"},
				"down": {"uv": [7.5, 8, 6.5, 9], "texture": "#2"}
			}
		},
		{
			"from": [6.79289, 17.37132, 7.5],
			"to": [8.79289, 17.87132, 9.5],
			"rotation": {"angle": 45, "axis": "y", "origin": [7.29289, 16.87132, 8]},
			"faces": {
				"north": {"uv": [14.5, 4, 15.5, 4.25], "texture": "#2"},
				"east": {"uv": [14.5, 5, 15.5, 5.25], "texture": "#2"},
				"south": {"uv": [8.5, 14.5, 9.5, 14.75], "texture": "#2"},
				"west": {"uv": [0, 15, 1, 15.25], "texture": "#2"},
				"up": {"uv": [9, 10.5, 8, 9.5], "texture": "#2"},
				"down": {"uv": [10.5, 9, 9.5, 10], "texture": "#2"}
			}
		},
		{
			"from": [7.04289, 11.37132, 7.75],
			"to": [8.54289, 11.87132, 9.25],
			"rotation": {"angle": 45, "axis": "y", "origin": [7.29289, 16.37132, 8]},
			"faces": {
				"north": {"uv": [3.5, 15, 4.25, 15.25], "texture": "#2"},
				"east": {"uv": [5, 15, 5.75, 15.25], "texture": "#2"},
				"south": {"uv": [6.5, 15, 7.25, 15.25], "texture": "#2"},
				"west": {"uv": [15, 8, 15.75, 8.25], "texture": "#2"}
			}
		},
		{
			"from": [6.79289, 10.87132, 7.5],
			"to": [8.79289, 11.37132, 9.5],
			"rotation": {"angle": 45, "axis": "y", "origin": [7.29289, 15.87132, 8]},
			"faces": {
				"north": {"uv": [14, 0, 15, 0.25], "texture": "#2"},
				"east": {"uv": [14, 1, 15, 1.25], "texture": "#2"},
				"south": {"uv": [14, 2, 15, 2.25], "texture": "#2"},
				"west": {"uv": [2.5, 14, 3.5, 14.25], "texture": "#2"},
				"up": {"uv": [9, 9, 8, 8], "texture": "#2"},
				"down": {"uv": [10, 0, 9, 1], "texture": "#2"}
			}
		},
		{
			"from": [7.0035, 11.75707, 5.53492],
			"to": [8.9965, 12.68207, 7.53492],
			"rotation": {"angle": -22.5, "axis": "x", "origin": [7.0035, 11.68207, 5.53492]},
			"faces": {
				"north": {"uv": [11.5, 1.5, 12.5, 2], "texture": "#2"},
				"east": {"uv": [2.5, 11.5, 3.5, 12], "texture": "#2"},
				"west": {"uv": [11.5, 2.5, 12.5, 3], "texture": "#2"},
				"up": {"uv": [10, 2.5, 9, 1.5], "texture": "#2"},
				"down": {"uv": [10, 3, 9, 4], "texture": "#2"}
			}
		},
		{
			"from": [7, 12.37132, 7],
			"to": [9, 13.37132, 9],
			"rotation": {"angle": 0, "axis": "y", "origin": [8, 12.87132, 8]},
			"faces": {
				"north": {"uv": [11.5, 3.5, 12.5, 4], "texture": "#2"},
				"east": {"uv": [11.5, 4.5, 12.5, 5], "texture": "#2"},
				"south": {"uv": [11, 11.5, 12, 12], "texture": "#2"},
				"west": {"uv": [12, 5.5, 13, 6], "texture": "#2"},
				"up": {"uv": [10, 5.5, 9, 4.5], "texture": "#2"},
				"down": {"uv": [10, 6, 9, 7], "texture": "#2"}
			}
		},
		{
			"from": [7.0035, 12.68207, 5.53492],
			"to": [8.9965, 13.68207, 6.03492],
			"rotation": {"angle": -22.5, "axis": "x", "origin": [7.0035, 11.68207, 5.53492]},
			"faces": {
				"north": {"uv": [12, 8.5, 13, 9], "texture": "#2"},
				"east": {"uv": [13, 15, 13.25, 15.5], "texture": "#2"},
				"south": {"uv": [9, 12, 10, 12.5], "texture": "#2"},
				"west": {"uv": [14, 15, 14.25, 15.5], "texture": "#2"},
				"up": {"uv": [15, 3.25, 14, 3], "texture": "#2"}
			}
		},
		{
			"from": [7.0035, 13.18207, 6.03492],
			"to": [8.9965, 13.68207, 6.53492],
			"rotation": {"angle": -22.5, "axis": "x", "origin": [7.0035, 11.68207, 5.53492]},
			"faces": {
				"east": {"uv": [15.5, 1, 15.75, 1.25], "texture": "#2"},
				"south": {"uv": [4, 14, 5, 14.25], "texture": "#2"},
				"west": {"uv": [15.5, 2, 15.75, 2.25], "texture": "#2"},
				"up": {"uv": [6.5, 14.25, 5.5, 14], "texture": "#2"},
				"down": {"uv": [15, 6, 14, 6.25], "texture": "#2"}
			}
		},
		{
			"from": [7.995, -3.11289, 5.04523],
			"to": [8.005, 1.63711, 7.79523],
			"rotation": {"angle": 0, "axis": "y", "origin": [7.995, -1.48789, 6.54523]},
			"faces": {
				"east": {"uv": [1.375, 6.5, 0, 8.875], "texture": "#2"},
				"west": {"uv": [0, 6.5, 1.375, 8.875], "texture": "#2"}
			}
		},
		{
			"from": [7.995, -3.11289, 8.20477],
			"to": [8.005, 1.63711, 10.95477],
			"rotation": {"angle": 0, "axis": "y", "origin": [7.995, -1.48789, 9.45477]},
			"faces": {
				"east": {"uv": [0, 6.5, 1.375, 8.875], "texture": "#2"},
				"west": {"uv": [1.375, 6.5, 0, 8.875], "texture": "#2"}
			}
		},
		{
			"from": [6.79289, 2.62132, 7.5],
			"to": [8.79289, 3.12132, 9.5],
			"rotation": {"angle": 45, "axis": "y", "origin": [7.29289, 2.62132, 8]},
			"faces": {
				"north": {"uv": [7, 14, 8, 14.25], "texture": "#2"},
				"east": {"uv": [14, 7, 15, 7.25], "texture": "#2"},
				"south": {"uv": [10.5, 14, 11.5, 14.25], "texture": "#2"},
				"west": {"uv": [14, 11, 15, 11.25], "texture": "#2"},
				"up": {"uv": [1, 10.5, 0, 9.5], "texture": "#2"},
				"down": {"uv": [6, 9.5, 5, 10.5], "texture": "#2"}
			}
		},
		{
			"from": [7.04289, 2.12132, 7.75],
			"to": [8.54289, 2.62132, 9.25],
			"rotation": {"angle": 45, "axis": "y", "origin": [7.29289, 2.12132, 8]},
			"faces": {
				"north": {"uv": [15, 9, 15.75, 9.25], "texture": "#2"},
				"east": {"uv": [10, 15, 10.75, 15.25], "texture": "#2"},
				"south": {"uv": [15, 10, 15.75, 10.25], "texture": "#2"},
				"west": {"uv": [11.5, 15, 12.25, 15.25], "texture": "#2"}
			}
		},
		{
			"from": [6.79289, 1.62132, 7.5],
			"to": [8.79289, 2.12132, 9.5],
			"rotation": {"angle": 45, "axis": "y", "origin": [7.29289, 1.62132, 8]},
			"faces": {
				"north": {"uv": [12, 14, 13, 14.25], "texture": "#2"},
				"east": {"uv": [14, 12, 15, 12.25], "texture": "#2"},
				"south": {"uv": [14, 13, 15, 13.25], "texture": "#2"},
				"west": {"uv": [13.5, 14, 14.5, 14.25], "texture": "#2"},
				"up": {"uv": [7.5, 10.5, 6.5, 9.5], "texture": "#2"},
				"down": {"uv": [10.5, 7.5, 9.5, 8.5], "texture": "#2"}
			}
		},
		{
			"from": [7.5035, 14.68207, 5.03492],
			"to": [8.4965, 15.18207, 5.53492],
			"rotation": {"angle": -22.5, "axis": "x", "origin": [7.0035, 11.68207, 5.53492]},
			"faces": {
				"east": {"uv": [15.5, 3, 15.75, 3.25], "texture": "#2"},
				"south": {"uv": [15, 14, 15.5, 14.25], "texture": "#2"},
				"west": {"uv": [15.5, 6, 15.75, 6.25], "texture": "#2"},
				"up": {"uv": [15.5, 15.25, 15, 15], "texture": "#2"},
				"down": {"uv": [16, 0, 15.5, 0.25], "texture": "#2"}
			}
		},
		{
			"from": [7.5035, 13.93207, 4.28492],
			"to": [8.4965, 15.18207, 5.03492],
			"rotation": {"angle": -22.5, "axis": "x", "origin": [7.0035, 11.68207, 5.53492]},
			"faces": {
				"north": {"uv": [8.5, 13, 9, 13.625], "texture": "#2"},
				"east": {"uv": [1.5, 14.5, 1.875, 15.125], "texture": "#2"},
				"south": {"uv": [9.5, 13, 10, 13.625], "texture": "#2"},
				"west": {"uv": [2.5, 15, 2.875, 15.625], "texture": "#2"},
				"up": {"uv": [4.5, 11.875, 4, 11.5], "texture": "#2"}
			}
		},
		{
			"from": [7.5035, 12.68207, 4.28492],
			"to": [8.4965, 13.93207, 6.78492],
			"rotation": {"angle": -22.5, "axis": "x", "origin": [7.0035, 11.68207, 5.53492]},
			"faces": {
				"north": {"uv": [13, 12.5, 13.5, 13.125], "texture": "#2"},
				"east": {"uv": [1.5, 10, 2.75, 10.625], "texture": "#2"},
				"south": {"uv": [13.5, 4.5, 14, 5.125], "texture": "#2"},
				"west": {"uv": [10.5, 0, 11.75, 0.625], "texture": "#2"},
				"up": {"uv": [11, 2.75, 10.5, 1.5], "texture": "#2"},
				"down": {"uv": [11, 3.5, 10.5, 4.75], "texture": "#2"}
			}
		},
		{
			"from": [7.995, 10.68207, 4.28492],
			"to": [8.005, 16.93207, 7.78492],
			"rotation": {"angle": -22.5, "axis": "x", "origin": [6.9985, 11.68207, 5.53492]},
			"faces": {
				"east": {"uv": [1.75, 0, 0, 3.125], "texture": "#2"},
				"west": {"uv": [0, 0, 1.75, 3.125], "texture": "#2"}
			}
		},
		{
			"from": [7.0035, 11.75707, 8.46508],
			"to": [8.9965, 12.68207, 10.46508],
			"rotation": {"angle": 22.5, "axis": "x", "origin": [7.0035, 11.68207, 10.46508]},
			"faces": {
				"east": {"uv": [3.5, 11.5, 2.5, 12], "texture": "#2"},
				"south": {"uv": [12.5, 1.5, 11.5, 2], "texture": "#2"},
				"west": {"uv": [12.5, 2.5, 11.5, 3], "texture": "#2"},
				"up": {"uv": [10, 1.5, 9, 2.5], "texture": "#2"},
				"down": {"uv": [10, 4, 9, 3], "texture": "#2"}
			}
		},
		{
			"from": [7.0035, 12.68207, 9.96508],
			"to": [8.9965, 13.68207, 10.46508],
			"rotation": {"angle": 22.5, "axis": "x", "origin": [7.0035, 11.68207, 10.46508]},
			"faces": {
				"north": {"uv": [10, 12, 9, 12.5], "texture": "#2"},
				"east": {"uv": [13.25, 15, 13, 15.5], "texture": "#2"},
				"south": {"uv": [13, 8.5, 12, 9], "texture": "#2"},
				"west": {"uv": [14.25, 15, 14, 15.5], "texture": "#2"},
				"up": {"uv": [15, 3, 14, 3.25], "texture": "#2"}
			}
		},
		{
			"from": [7.0035, 13.18207, 9.46508],
			"to": [8.9965, 13.68207, 9.96508],
			"rotation": {"angle": 22.5, "axis": "x", "origin": [7.0035, 11.68207, 10.46508]},
			"faces": {
				"north": {"uv": [5, 14, 4, 14.25], "texture": "#2"},
				"east": {"uv": [15.75, 1, 15.5, 1.25], "texture": "#2"},
				"west": {"uv": [15.75, 2, 15.5, 2.25], "texture": "#2"},
				"up": {"uv": [6.5, 14, 5.5, 14.25], "texture": "#2"},
				"down": {"uv": [15, 6.25, 14, 6], "texture": "#2"}
			}
		},
		{
			"from": [7.5035, 14.68207, 10.46508],
			"to": [8.4965, 15.18207, 10.96508],
			"rotation": {"angle": 22.5, "axis": "x", "origin": [7.0035, 11.68207, 10.46508]},
			"faces": {
				"north": {"uv": [15.5, 14, 15, 14.25], "texture": "#2"},
				"east": {"uv": [15.75, 3, 15.5, 3.25], "texture": "#2"},
				"west": {"uv": [15.75, 6, 15.5, 6.25], "texture": "#2"},
				"up": {"uv": [15.5, 15, 15, 15.25], "texture": "#2"},
				"down": {"uv": [16, 0.25, 15.5, 0], "texture": "#2"}
			}
		},
		{
			"from": [7.5035, 13.93207, 10.96508],
			"to": [8.4965, 15.18207, 11.71508],
			"rotation": {"angle": 22.5, "axis": "x", "origin": [7.0035, 11.68207, 10.46508]},
			"faces": {
				"north": {"uv": [10, 13, 9.5, 13.625], "texture": "#2"},
				"east": {"uv": [1.875, 14.5, 1.5, 15.125], "texture": "#2"},
				"south": {"uv": [9, 13, 8.5, 13.625], "texture": "#2"},
				"west": {"uv": [2.875, 15, 2.5, 15.625], "texture": "#2"},
				"up": {"uv": [4.5, 11.5, 4, 11.875], "texture": "#2"}
			}
		},
		{
			"from": [7.5035, 12.68207, 9.21508],
			"to": [8.4965, 13.93207, 11.71508],
			"rotation": {"angle": 22.5, "axis": "x", "origin": [7.0035, 11.68207, 10.46508]},
			"faces": {
				"north": {"uv": [14, 4.5, 13.5, 5.125], "texture": "#2"},
				"east": {"uv": [2.75, 10, 1.5, 10.625], "texture": "#2"},
				"south": {"uv": [13.5, 12.5, 13, 13.125], "texture": "#2"},
				"west": {"uv": [11.75, 0, 10.5, 0.625], "texture": "#2"},
				"up": {"uv": [11, 1.5, 10.5, 2.75], "texture": "#2"},
				"down": {"uv": [11, 4.75, 10.5, 3.5], "texture": "#2"}
			}
		},
		{
			"from": [7.995, 10.68207, 8.21508],
			"to": [8.005, 16.93207, 11.71508],
			"rotation": {"angle": 22.5, "axis": "x", "origin": [6.9985, 11.68207, 10.46508]},
			"faces": {
				"east": {"uv": [0, 0, 1.75, 3.125], "texture": "#2"},
				"west": {"uv": [1.75, 0, 0, 3.125], "texture": "#2"}
			}
		},
		{
			"from": [9.0019, 12.84452, 7.0035],
			"to": [11.0019, 13.76952, 8.9965],
			"rotation": {"angle": -22.5, "axis": "z", "origin": [8, 13.57517, 8]},
			"faces": {
				"north": {"uv": [11.5, 2.5, 12.5, 3], "texture": "#2"},
				"east": {"uv": [11.5, 1.5, 12.5, 2], "texture": "#2"},
				"south": {"uv": [2.5, 11.5, 3.5, 12], "texture": "#2"},
				"up": {"uv": [10, 2.5, 9, 1.5], "rotation": 90, "texture": "#2"},
				"down": {"uv": [10, 3, 9, 4], "rotation": 270, "texture": "#2"}
			}
		},
		{
			"from": [10.5019, 13.76952, 7.0035],
			"to": [11.0019, 14.76952, 8.9965],
			"rotation": {"angle": -22.5, "axis": "z", "origin": [8, 13.57517, 8]},
			"faces": {
				"north": {"uv": [14, 15, 14.25, 15.5], "texture": "#2"},
				"east": {"uv": [12, 8.5, 13, 9], "texture": "#2"},
				"south": {"uv": [13, 15, 13.25, 15.5], "texture": "#2"},
				"west": {"uv": [9, 12, 10, 12.5], "texture": "#2"},
				"up": {"uv": [15, 3.25, 14, 3], "rotation": 90, "texture": "#2"}
			}
		},
		{
			"from": [10.0019, 14.26952, 7.0035],
			"to": [10.5019, 14.76952, 8.9965],
			"rotation": {"angle": -22.5, "axis": "z", "origin": [8, 13.57517, 8]},
			"faces": {
				"north": {"uv": [15.5, 2, 15.75, 2.25], "texture": "#2"},
				"south": {"uv": [15.5, 1, 15.75, 1.25], "texture": "#2"},
				"west": {"uv": [4, 14, 5, 14.25], "texture": "#2"},
				"up": {"uv": [6.5, 14.25, 5.5, 14], "rotation": 90, "texture": "#2"},
				"down": {"uv": [15, 6, 14, 6.25], "rotation": 270, "texture": "#2"}
			}
		},
		{
			"from": [11.0019, 15.76952, 7.5035],
			"to": [11.5019, 16.26952, 8.4965],
			"rotation": {"angle": -22.5, "axis": "z", "origin": [8, 13.57517, 8]},
			"faces": {
				"north": {"uv": [15.5, 6, 15.75, 6.25], "texture": "#2"},
				"south": {"uv": [15.5, 3, 15.75, 3.25], "texture": "#2"},
				"west": {"uv": [15, 14, 15.5, 14.25], "texture": "#2"},
				"up": {"uv": [15.5, 15.25, 15, 15], "rotation": 90, "texture": "#2"},
				"down": {"uv": [16, 0, 15.5, 0.25], "rotation": 270, "texture": "#2"}
			}
		},
		{
			"from": [11.5019, 15.01952, 7.5035],
			"to": [12.2519, 16.26952, 8.4965],
			"rotation": {"angle": -22.5, "axis": "z", "origin": [8, 13.57517, 8]},
			"faces": {
				"north": {"uv": [2.5, 15, 2.875, 15.625], "texture": "#2"},
				"east": {"uv": [8.5, 13, 9, 13.625], "texture": "#2"},
				"south": {"uv": [1.5, 14.5, 1.875, 15.125], "texture": "#2"},
				"west": {"uv": [9.5, 13, 10, 13.625], "texture": "#2"},
				"up": {"uv": [4.5, 11.875, 4, 11.5], "rotation": 90, "texture": "#2"}
			}
		},
		{
			"from": [9.7519, 13.76952, 7.5035],
			"to": [12.2519, 15.01952, 8.4965],
			"rotation": {"angle": -22.5, "axis": "z", "origin": [8, 13.57517, 8]},
			"faces": {
				"north": {"uv": [10.5, 0, 11.75, 0.625], "texture": "#2"},
				"east": {"uv": [13, 12.5, 13.5, 13.125], "texture": "#2"},
				"south": {"uv": [1.5, 10, 2.75, 10.625], "texture": "#2"},
				"west": {"uv": [13.5, 4.5, 14, 5.125], "texture": "#2"},
				"up": {"uv": [11, 2.75, 10.5, 1.5], "rotation": 90, "texture": "#2"},
				"down": {"uv": [11, 3.5, 10.5, 4.75], "rotation": 270, "texture": "#2"}
			}
		},
		{
			"from": [8.7519, 11.76952, 7.995],
			"to": [12.2519, 18.01952, 8.005],
			"rotation": {"angle": -22.5, "axis": "z", "origin": [8, 13.57517, 8]},
			"faces": {
				"north": {"uv": [0, 0, 1.75, 3.125], "texture": "#2"},
				"south": {"uv": [1.75, 0, 0, 3.125], "texture": "#2"}
			}
		},
		{
			"from": [3.7481, 11.76952, 7.995],
			"to": [7.2481, 18.01952, 8.005],
			"rotation": {"angle": 22.5, "axis": "z", "origin": [8, 13.57517, 8]},
			"faces": {
				"north": {"uv": [1.75, 0, 0, 3.125], "texture": "#2"},
				"south": {"uv": [0, 0, 1.75, 3.125], "texture": "#2"}
			}
		},
		{
			"from": [3.7481, 13.76952, 7.5035],
			"to": [6.2481, 15.01952, 8.4965],
			"rotation": {"angle": 22.5, "axis": "z", "origin": [8, 13.57517, 8]},
			"faces": {
				"north": {"uv": [11.75, 0, 10.5, 0.625], "texture": "#2"},
				"east": {"uv": [14, 4.5, 13.5, 5.125], "texture": "#2"},
				"south": {"uv": [2.75, 10, 1.5, 10.625], "texture": "#2"},
				"west": {"uv": [13.5, 12.5, 13, 13.125], "texture": "#2"},
				"up": {"uv": [11, 1.5, 10.5, 2.75], "rotation": 90, "texture": "#2"},
				"down": {"uv": [11, 4.75, 10.5, 3.5], "rotation": 270, "texture": "#2"}
			}
		},
		{
			"from": [3.7481, 15.01952, 7.5035],
			"to": [4.4981, 16.26952, 8.4965],
			"rotation": {"angle": 22.5, "axis": "z", "origin": [8, 13.57517, 8]},
			"faces": {
				"north": {"uv": [2.875, 15, 2.5, 15.625], "texture": "#2"},
				"east": {"uv": [10, 13, 9.5, 13.625], "texture": "#2"},
				"south": {"uv": [1.875, 14.5, 1.5, 15.125], "texture": "#2"},
				"west": {"uv": [9, 13, 8.5, 13.625], "texture": "#2"},
				"up": {"uv": [4.5, 11.5, 4, 11.875], "rotation": 90, "texture": "#2"}
			}
		},
		{
			"from": [4.4981, 15.76952, 7.5035],
			"to": [4.9981, 16.26952, 8.4965],
			"rotation": {"angle": 22.5, "axis": "z", "origin": [8, 13.57517, 8]},
			"faces": {
				"north": {"uv": [15.75, 6, 15.5, 6.25], "texture": "#2"},
				"east": {"uv": [15.5, 14, 15, 14.25], "texture": "#2"},
				"south": {"uv": [15.75, 3, 15.5, 3.25], "texture": "#2"},
				"up": {"uv": [15.5, 15, 15, 15.25], "rotation": 90, "texture": "#2"},
				"down": {"uv": [16, 0.25, 15.5, 0], "rotation": 270, "texture": "#2"}
			}
		},
		{
			"from": [5.4981, 14.26952, 7.0035],
			"to": [5.9981, 14.76952, 8.9965],
			"rotation": {"angle": 22.5, "axis": "z", "origin": [8, 13.57517, 8]},
			"faces": {
				"north": {"uv": [15.75, 2, 15.5, 2.25], "texture": "#2"},
				"east": {"uv": [5, 14, 4, 14.25], "texture": "#2"},
				"south": {"uv": [15.75, 1, 15.5, 1.25], "texture": "#2"},
				"up": {"uv": [6.5, 14, 5.5, 14.25], "rotation": 90, "texture": "#2"},
				"down": {"uv": [15, 6.25, 14, 6], "rotation": 270, "texture": "#2"}
			}
		},
		{
			"from": [4.9981, 13.76952, 7.0035],
			"to": [5.4981, 14.76952, 8.9965],
			"rotation": {"angle": 22.5, "axis": "z", "origin": [8, 13.57517, 8]},
			"faces": {
				"north": {"uv": [14.25, 15, 14, 15.5], "texture": "#2"},
				"east": {"uv": [10, 12, 9, 12.5], "texture": "#2"},
				"south": {"uv": [13.25, 15, 13, 15.5], "texture": "#2"},
				"west": {"uv": [13, 8.5, 12, 9], "texture": "#2"},
				"up": {"uv": [15, 3, 14, 3.25], "rotation": 90, "texture": "#2"}
			}
		},
		{
			"from": [4.9981, 12.84452, 7.0035],
			"to": [6.9981, 13.76952, 8.9965],
			"rotation": {"angle": 22.5, "axis": "z", "origin": [8, 13.57517, 8]},
			"faces": {
				"north": {"uv": [12.5, 2.5, 11.5, 3], "texture": "#2"},
				"south": {"uv": [3.5, 11.5, 2.5, 12], "texture": "#2"},
				"west": {"uv": [12.5, 1.5, 11.5, 2], "texture": "#2"},
				"up": {"uv": [10, 1.5, 9, 2.5], "rotation": 90, "texture": "#2"},
				"down": {"uv": [10, 4, 9, 3], "rotation": 270, "texture": "#2"}
			}
		},
		{
			"from": [7.995, 17.62132, 6.375],
			"to": [8.005, 21.87132, 9.625],
			"rotation": {"angle": 45, "axis": "y", "origin": [8, 19.74632, 8]},
			"faces": {
				"east": {"uv": [6.625, 5, 5, 7.125], "texture": "#2"},
				"west": {"uv": [5, 5, 6.625, 7.125], "texture": "#2"}
			}
		},
		{
			"from": [7.995, 17.62132, 6.375],
			"to": [8.005, 21.87132, 9.625],
			"rotation": {"angle": -45, "axis": "y", "origin": [8, 19.74632, 8]},
			"faces": {
				"east": {"uv": [6.625, 5, 5, 7.125], "texture": "#2"},
				"west": {"uv": [5, 5, 6.625, 7.125], "texture": "#2"}
			}
		},
		{
			"from": [6, 13.37132, 6],
			"to": [10, 17.37132, 10],
			"rotation": {"angle": 0, "axis": "y", "origin": [5.5, -0.62868, 5.5]},
			"faces": {
				"north": {"uv": [2.5, 0, 4.5, 2], "texture": "#2"},
				"east": {"uv": [2.5, 2.5, 4.5, 4.5], "texture": "#2"},
				"south": {"uv": [0, 4, 2, 6], "texture": "#2"},
				"west": {"uv": [5, 0, 7, 2], "texture": "#2"},
				"up": {"uv": [4.5, 7, 2.5, 5], "texture": "#2"},
				"down": {"uv": [7, 2.5, 5, 4.5], "texture": "#2"}
			}
		},
		{
			"from": [5.56079, -2, 6.975],
			"to": [9.61079, 1, 11.025],
			"rotation": {"angle": 45, "axis": "y", "origin": [6.58579, 0, 8]},
			"faces": {
				"north": {"uv": [8, 0, 12, 3], "texture": "#1"},
				"east": {"uv": [4, 0, 8, 3], "texture": "#1"},
				"south": {"uv": [0, 0, 4, 3], "texture": "#1"},
				"west": {"uv": [12, 0, 16, 3], "texture": "#1"}
			}
		},
		{
			"from": [6.06079, -5, 7.475],
			"to": [9.11079, -2, 10.525],
			"rotation": {"angle": 45, "axis": "y", "origin": [6.58579, -3, 8]},
			"faces": {
				"north": {"uv": [8, 3, 11, 6], "texture": "#1"},
				"east": {"uv": [5, 3, 8, 6], "texture": "#1"},
				"south": {"uv": [2, 3, 5, 6], "texture": "#1"},
				"west": {"uv": [11, 3, 14, 6], "texture": "#1"}
			}
		},
		{
			"name": "cube inverted",
			"from": [9.08579, -2, 10.5],
			"to": [6.08579, -5, 7.5],
			"rotation": {"angle": 45, "axis": "y", "origin": [6.58579, -3, 8]},
			"faces": {
				"north": {"uv": [2, 6, 5, 3], "texture": "#1"},
				"east": {"uv": [11, 6, 14, 3], "texture": "#1"},
				"south": {"uv": [8, 6, 11, 3], "texture": "#1"},
				"west": {"uv": [5, 6, 8, 3], "texture": "#1"}
			}
		},
		{
			"name": "cube inverted",
			"from": [9.58579, 1, 11],
			"to": [5.58579, -2, 7],
			"rotation": {"angle": 45, "axis": "y", "origin": [6.58579, 0, 8]},
			"faces": {
				"north": {"uv": [0, 3, 4, 0], "texture": "#1"},
				"east": {"uv": [12, 3, 16, 0], "texture": "#1"},
				"south": {"uv": [8, 3, 12, 0], "texture": "#1"},
				"west": {"uv": [4, 3, 8, 0], "texture": "#1"}
			}
		},
		{
			"from": [6.35355, 10.5, 10.34355],
			"to": [10.35355, 22.5, 10.35355],
			"rotation": {"angle": 0, "axis": "y", "origin": [8, 16.5, 8]},
			"faces": {
				"north": {"uv": [3.33333, 0, 0.66667, 8], "texture": "#3"},
				"south": {"uv": [0.66667, 0, 3.33333, 8], "texture": "#3"}
			}
		},
		{
			"from": [5.17157, 10.5, 7.5],
			"to": [5.18157, 22.5, 8.5],
			"rotation": {"angle": 45, "axis": "y", "origin": [8, 16.5, 8]},
			"faces": {
				"east": {"uv": [0.66667, 0, 0, 8], "texture": "#3"},
				"west": {"uv": [0, 0, 0.66667, 8], "texture": "#3"}
			}
		},
		{
			"from": [10.81843, 10.5, 7.5],
			"to": [10.82843, 22.5, 8.5],
			"rotation": {"angle": 45, "axis": "y", "origin": [8, 16.5, 8]},
			"faces": {
				"east": {"uv": [6, 0, 6.66667, 8], "texture": "#3"},
				"west": {"uv": [6.66667, 0, 6, 8], "texture": "#3"}
			}
		},
		{
			"from": [10.34355, 10.5, 6.35355],
			"to": [10.35355, 22.5, 10.35355],
			"rotation": {"angle": 0, "axis": "y", "origin": [8, 16.5, 8]},
			"faces": {
				"east": {"uv": [3.33333, 0, 6, 8], "texture": "#3"},
				"west": {"uv": [6, 0, 3.33333, 8], "texture": "#3"}
			}
		},
		{
			"from": [5.64645, 10.5, 5.64645],
			"to": [5.65645, 22.5, 9.64645],
			"rotation": {"angle": 0, "axis": "y", "origin": [8, 16.5, 8]},
			"faces": {
				"east": {"uv": [12, 0, 9.33333, 8], "texture": "#3"},
				"west": {"uv": [9.33333, 0, 12, 8], "texture": "#3"}
			}
		},
		{
			"from": [5.64645, 10.5, 5.64645],
			"to": [9.64645, 22.5, 5.65645],
			"rotation": {"angle": 0, "axis": "y", "origin": [8, 16.5, 8]},
			"faces": {
				"north": {"uv": [6.66667, 0, 9.33333, 8], "texture": "#3"},
				"south": {"uv": [9.33333, 0, 6.66667, 8], "texture": "#3"}
			}
		}
	],
	"gui_light": "front",
	"display": {
		"thirdperson_righthand": {
			"translation": [0, 1, 0.75],
			"scale": [2, 2, 2]
		},
		"thirdperson_lefthand": {
			"translation": [0, 1, 0.75],
			"scale": [2, 2, 2]
		},
		"firstperson_righthand": {
			"rotation": [5, 0, 0],
			"translation": [1.75, 1.5, 0],
			"scale": [2, 2, 2]
		},
		"firstperson_lefthand": {
			"rotation": [5, 0, 0],
			"translation": [1.75, 1.5, 0],
			"scale": [2, 2, 2]
		},
		"ground": {
			"rotation": [45, 0, 0],
			"translation": [0, 5, 0],
			"scale": [1.4, 1.4, 1.4]
		},
		"gui": {
			"rotation": [-90, 135, 90],
			"translation": [-1, -1, 0],
			"scale": [1.9, 1.9, 1.9]
		},
		"head": {
			"rotation": [0, 90, 0],
			"scale": [2, 2, 2]
		},
		"fixed": {
			"rotation": [0, -90, 0],
			"translation": [0, 0, -1],
			"scale": [4, 4, 4]
		}
	},
	"groups": [
		{
			"name": "mace",
			"origin": [7.5, 0.25, 8],
			"color": 0,
			"children": [
				0,
				1,
				2,
				3,
				4,
				5,
				6,
				7,
				8,
				9,
				10,
				11,
				12,
				13,
				14,
				15,
				16,
				17,
				18,
				19,
				20,
				21,
				22,
				23,
				24,
				25,
				26,
				27,
				28,
				29,
				30,
				31,
				32,
				33,
				34,
				35,
				36,
				37,
				38,
				39,
				40,
				41,
				42,
				43,
				44,
				45,
				46,
				47,
				48,
				49,
				50,
				51,
				52,
				53,
				54,
				55,
				56
			]
		}
	],
	"mcmodels": "cb5cb31a0c878d1d93b80038368e17bb"
}