{
	"format_version": "1.9.0",
	"credit": "Pologony Creation Co.,Ltd.",
	"textures": {
		"1": "item/crates/pyrosoul/animated/fire_animated_3",
		"2": "item/crates/pyrosoul/shovel",
		"3": "item/crates/pyrosoul/animated/fire_animated_4",
		"particle": "item/crates/pyrosoul/shovel"
	},
	"elements": [
		{
			"from": [7.5, -0.25, 7.5],
			"to": [8.5, 1.75, 9.5],
			"rotation": {"angle": -45, "axis": "x", "origin": [7.5, 0.25, 8]},
			"faces": {
				"north": {"uv": [5, 9, 5.5, 10], "texture": "#2"},
				"east": {"uv": [5.5, 2.5, 6.5, 3.5], "texture": "#2"},
				"south": {"uv": [9.5, 9, 10, 10], "texture": "#2"},
				"west": {"uv": [0, 6.5, 1, 7.5], "texture": "#2"},
				"up": {"uv": [10.5, 1, 10, 0], "texture": "#2"},
				"down": {"uv": [2, 10, 1.5, 11], "texture": "#2"}
			}
		},
		{
			"from": [7.25, 0, 7.75],
			"to": [8.75, 1.5, 9.25],
			"rotation": {"angle": -45, "axis": "x", "origin": [7.5, 0.25, 8]},
			"faces": {
				"north": {"uv": [8, 9, 8.75, 9.75], "texture": "#2"},
				"east": {"uv": [0, 9.5, 0.75, 10.25], "texture": "#2"},
				"south": {"uv": [9.5, 3, 10.25, 3.75], "texture": "#2"},
				"west": {"uv": [9.5, 4.5, 10.25, 5.25], "texture": "#2"},
				"up": {"uv": [10.25, 6.75, 9.5, 6], "texture": "#2"},
				"down": {"uv": [10.25, 7.5, 9.5, 8.25], "texture": "#2"}
			}
		},
		{
			"from": [7.29289, 3.12132, 7.92678],
			"to": [8.54289, 4.37132, 9.17678],
			"rotation": {"angle": 45, "axis": "y", "origin": [7.29289, 3.12132, 8.17678]},
			"faces": {
				"north": {"uv": [5.5, 11, 6.125, 11.625], "texture": "#2"},
				"east": {"uv": [11, 5.5, 11.625, 6.125], "texture": "#2"},
				"south": {"uv": [11, 7, 11.625, 7.625], "texture": "#2"},
				"west": {"uv": [10.5, 11, 11.125, 11.625], "texture": "#2"},
				"up": {"uv": [7.625, 12.125, 7, 11.5], "texture": "#2"}
			}
		},
		{
			"from": [7.29289, 4.37132, 8],
			"to": [8.29289, 5.62132, 9],
			"rotation": {"angle": 45, "axis": "y", "origin": [7.29289, 4.37132, 8]},
			"faces": {
				"north": {"uv": [12.5, 4.5, 13, 5.125], "texture": "#2"},
				"east": {"uv": [5.5, 12.5, 6, 13.125], "texture": "#2"},
				"south": {"uv": [12.5, 6, 13, 6.625], "texture": "#2"},
				"west": {"uv": [10, 12.5, 10.5, 13.125], "texture": "#2"}
			}
		},
		{
			"from": [7.29289, 5.62132, 7.92678],
			"to": [8.54289, 6.87132, 9.17678],
			"rotation": {"angle": 45, "axis": "y", "origin": [7.29289, 5.62132, 8.17678]},
			"faces": {
				"north": {"uv": [8.5, 11.5, 9.125, 12.125], "texture": "#2"},
				"east": {"uv": [0, 12, 0.625, 12.625], "texture": "#2"},
				"south": {"uv": [12, 1, 12.625, 1.625], "texture": "#2"},
				"west": {"uv": [1.5, 12, 2.125, 12.625], "texture": "#2"},
				"down": {"uv": [3.625, 12, 3, 12.625], "texture": "#2"}
			}
		},
		{
			"from": [7.04289, 6.87132, 7.67678],
			"to": [8.79289, 9.87132, 9.42678],
			"rotation": {"angle": 45, "axis": "y", "origin": [7.29289, 5.87132, 8.17678]},
			"faces": {
				"north": {"uv": [2, 5, 2.875, 6.5], "texture": "#2"},
				"east": {"uv": [3.5, 5.5, 4.375, 7], "texture": "#2"},
				"south": {"uv": [5, 5.5, 5.875, 7], "texture": "#2"},
				"west": {"uv": [5.5, 0.5, 6.375, 2], "texture": "#2"},
				"down": {"uv": [1.5, 8.5, 2.375, 9.375], "texture": "#2"}
			}
		},
		{
			"from": [6.79289, 10.87132, 7.5],
			"to": [8.79289, 11.37132, 9.5],
			"rotation": {"angle": 45, "axis": "y", "origin": [7.29289, 10.87132, 8]},
			"faces": {
				"north": {"uv": [12.5, 0, 13.5, 0.25], "texture": "#2"},
				"east": {"uv": [12.5, 7.5, 13.5, 7.75], "texture": "#2"},
				"south": {"uv": [8.5, 13, 9.5, 13.25], "texture": "#2"},
				"west": {"uv": [13, 8.5, 14, 8.75], "texture": "#2"},
				"up": {"uv": [7.5, 5, 6.5, 4], "texture": "#2"},
				"down": {"uv": [7.5, 5.5, 6.5, 6.5], "texture": "#2"}
			}
		},
		{
			"from": [7.04289, 10.37132, 7.75],
			"to": [8.54289, 10.87132, 9.25],
			"rotation": {"angle": 45, "axis": "y", "origin": [7.29289, 10.37132, 8]},
			"faces": {
				"north": {"uv": [9.5, 14, 10.25, 14.25], "texture": "#2"},
				"east": {"uv": [11, 14, 11.75, 14.25], "texture": "#2"},
				"south": {"uv": [0, 14.5, 0.75, 14.75], "texture": "#2"},
				"west": {"uv": [1.5, 14.5, 2.25, 14.75], "texture": "#2"}
			}
		},
		{
			"from": [6.79289, 9.87132, 7.5],
			"to": [8.79289, 10.37132, 9.5],
			"rotation": {"angle": 45, "axis": "y", "origin": [7.29289, 9.87132, 8]},
			"faces": {
				"north": {"uv": [13, 9.5, 14, 9.75], "texture": "#2"},
				"east": {"uv": [13, 10.5, 14, 10.75], "texture": "#2"},
				"south": {"uv": [13, 11.5, 14, 11.75], "texture": "#2"},
				"west": {"uv": [13, 12.5, 14, 12.75], "texture": "#2"},
				"up": {"uv": [8, 1, 7, 0], "texture": "#2"},
				"down": {"uv": [2.5, 7, 1.5, 8], "texture": "#2"}
			}
		},
		{
			"from": [7.0035, 10.75707, 5.53492],
			"to": [8.9965, 11.68207, 7.53492],
			"rotation": {"angle": -22.5, "axis": "x", "origin": [7.0035, 10.68207, 5.53492]},
			"faces": {
				"north": {"uv": [6, 10, 7, 10.5], "texture": "#2"},
				"east": {"uv": [10.5, 1.5, 11.5, 2], "texture": "#2"},
				"west": {"uv": [7.5, 10.5, 8.5, 11], "texture": "#2"},
				"up": {"uv": [8, 2.5, 7, 1.5], "texture": "#2"},
				"down": {"uv": [7.5, 7, 6.5, 8], "texture": "#2"}
			}
		},
		{
			"from": [7, 11.37132, 7],
			"to": [9, 12.37132, 9],
			"rotation": {"angle": 0, "axis": "y", "origin": [8, 11.87132, 8]},
			"faces": {
				"north": {"uv": [9, 10.5, 10, 11], "texture": "#2"},
				"east": {"uv": [10.5, 9, 11.5, 9.5], "texture": "#2"},
				"south": {"uv": [10.5, 10, 11.5, 10.5], "texture": "#2"},
				"west": {"uv": [0, 11, 1, 11.5], "texture": "#2"},
				"up": {"uv": [4, 8.5, 3, 7.5], "texture": "#2"},
				"down": {"uv": [5.5, 7.5, 4.5, 8.5], "texture": "#2"}
			}
		},
		{
			"from": [7.0035, 11.68207, 5.53492],
			"to": [8.9965, 12.68207, 6.03492],
			"rotation": {"angle": -22.5, "axis": "x", "origin": [7.0035, 10.68207, 5.53492]},
			"faces": {
				"north": {"uv": [11, 0, 12, 0.5], "texture": "#2"},
				"east": {"uv": [7, 3, 7.25, 3.5], "texture": "#2"},
				"south": {"uv": [2.5, 11, 3.5, 11.5], "texture": "#2"},
				"west": {"uv": [7.5, 14.5, 7.75, 15], "texture": "#2"},
				"up": {"uv": [1, 13.75, 0, 13.5], "texture": "#2"}
			}
		},
		{
			"from": [6.79289, 11.87132, 7.5],
			"to": [8.79289, 12.87132, 9.5],
			"rotation": {"angle": 45, "axis": "y", "origin": [7.29289, 10.87132, 8]},
			"faces": {
				"north": {"uv": [11, 2.5, 12, 3], "texture": "#2"},
				"east": {"uv": [11, 3.5, 12, 4], "texture": "#2"},
				"south": {"uv": [4, 11, 5, 11.5], "texture": "#2"},
				"west": {"uv": [11, 4.5, 12, 5], "texture": "#2"},
				"up": {"uv": [1, 9, 0, 8], "texture": "#2"},
				"down": {"uv": [9, 3, 8, 4], "texture": "#2"}
			}
		},
		{
			"from": [7.0035, 12.18207, 6.03492],
			"to": [8.9965, 12.68207, 6.53492],
			"rotation": {"angle": -22.5, "axis": "x", "origin": [7.0035, 10.68207, 5.53492]},
			"faces": {
				"east": {"uv": [14.5, 12.5, 14.75, 12.75], "texture": "#2"},
				"south": {"uv": [13.5, 1, 14.5, 1.25], "texture": "#2"},
				"west": {"uv": [13.5, 14.5, 13.75, 14.75], "texture": "#2"},
				"up": {"uv": [2.5, 13.75, 1.5, 13.5], "texture": "#2"},
				"down": {"uv": [14.5, 2, 13.5, 2.25], "texture": "#2"}
			}
		},
		{
			"from": [7.75, 11.70711, 8],
			"to": [8.25, 14.45711, 10.75],
			"rotation": {"angle": -45, "axis": "x", "origin": [7.75, 11.70711, 8]},
			"faces": {
				"north": {"uv": [4.5, 12, 4.75, 13.375], "texture": "#2"},
				"east": {"uv": [3.5, 3, 4.875, 4.375], "texture": "#2"},
				"south": {"uv": [12, 8.5, 12.25, 9.875], "texture": "#2"},
				"west": {"uv": [0, 4.5, 1.375, 5.875], "texture": "#2"},
				"up": {"uv": [12.25, 11.875, 12, 10.5], "texture": "#2"},
				"down": {"uv": [12.75, 2.5, 12.5, 3.875], "texture": "#2"}
			}
		},
		{
			"from": [7.995, -3.11289, 5.04523],
			"to": [8.005, 1.63711, 7.79523],
			"rotation": {"angle": 0, "axis": "y", "origin": [7.995, -1.48789, 6.54523]},
			"faces": {
				"east": {"uv": [4.875, 0, 3.5, 2.375], "texture": "#2"},
				"west": {"uv": [3.5, 0, 4.875, 2.375], "texture": "#2"}
			}
		},
		{
			"from": [7.995, -3.11289, 8.20477],
			"to": [8.005, 1.63711, 10.95477],
			"rotation": {"angle": 0, "axis": "y", "origin": [7.995, -1.48789, 9.45477]},
			"faces": {
				"east": {"uv": [3.5, 0, 4.875, 2.375], "texture": "#2"},
				"west": {"uv": [4.875, 0, 3.5, 2.375], "texture": "#2"}
			}
		},
		{
			"from": [6.79289, 2.62132, 7.5],
			"to": [8.79289, 3.12132, 9.5],
			"rotation": {"angle": 45, "axis": "y", "origin": [7.29289, 2.62132, 8]},
			"faces": {
				"north": {"uv": [3, 13.5, 4, 13.75], "texture": "#2"},
				"east": {"uv": [13.5, 3, 14.5, 3.25], "texture": "#2"},
				"south": {"uv": [13.5, 4, 14.5, 4.25], "texture": "#2"},
				"west": {"uv": [13.5, 5, 14.5, 5.25], "texture": "#2"},
				"up": {"uv": [9, 5.5, 8, 4.5], "texture": "#2"},
				"down": {"uv": [9, 6, 8, 7], "texture": "#2"}
			}
		},
		{
			"from": [7.04289, 2.12132, 7.75],
			"to": [8.54289, 2.62132, 9.25],
			"rotation": {"angle": 45, "axis": "y", "origin": [7.29289, 2.12132, 8]},
			"faces": {
				"north": {"uv": [3, 14.5, 3.75, 14.75], "texture": "#2"},
				"east": {"uv": [6, 14.5, 6.75, 14.75], "texture": "#2"},
				"south": {"uv": [14.5, 8.5, 15.25, 8.75], "texture": "#2"},
				"west": {"uv": [14.5, 9.5, 15.25, 9.75], "texture": "#2"}
			}
		},
		{
			"from": [6.79289, 1.62132, 7.5],
			"to": [8.79289, 2.12132, 9.5],
			"rotation": {"angle": 45, "axis": "y", "origin": [7.29289, 1.62132, 8]},
			"faces": {
				"north": {"uv": [13.5, 6, 14.5, 6.25], "texture": "#2"},
				"east": {"uv": [13, 13.5, 14, 13.75], "texture": "#2"},
				"south": {"uv": [14, 0, 15, 0.25], "texture": "#2"},
				"west": {"uv": [4.5, 14, 5.5, 14.25], "texture": "#2"},
				"up": {"uv": [9, 8.5, 8, 7.5], "texture": "#2"},
				"down": {"uv": [9.5, 0, 8.5, 1], "texture": "#2"}
			}
		},
		{
			"from": [7.5035, 13.68207, 5.03492],
			"to": [8.4965, 14.18207, 5.53492],
			"rotation": {"angle": -22.5, "axis": "x", "origin": [7.0035, 10.68207, 5.53492]},
			"faces": {
				"east": {"uv": [14.5, 13.5, 14.75, 13.75], "texture": "#2"},
				"south": {"uv": [14.5, 10.5, 15, 10.75], "texture": "#2"},
				"west": {"uv": [14.5, 14.5, 14.75, 14.75], "texture": "#2"},
				"up": {"uv": [15, 11.75, 14.5, 11.5], "texture": "#2"},
				"down": {"uv": [13, 14.5, 12.5, 14.75], "texture": "#2"}
			}
		},
		{
			"from": [7.5035, 12.93207, 4.28492],
			"to": [8.4965, 14.18207, 5.03492],
			"rotation": {"angle": -22.5, "axis": "x", "origin": [7.0035, 10.68207, 5.53492]},
			"faces": {
				"north": {"uv": [11, 12.5, 11.5, 13.125], "texture": "#2"},
				"east": {"uv": [14, 7, 14.375, 7.625], "texture": "#2"},
				"south": {"uv": [12, 12.5, 12.5, 13.125], "texture": "#2"},
				"west": {"uv": [8.5, 14, 8.875, 14.625], "texture": "#2"},
				"up": {"uv": [6, 4.375, 5.5, 4], "texture": "#2"}
			}
		},
		{
			"from": [7.5035, 11.68207, 4.28492],
			"to": [8.4965, 12.93207, 6.78492],
			"rotation": {"angle": -22.5, "axis": "x", "origin": [7.0035, 10.68207, 5.53492]},
			"faces": {
				"north": {"uv": [6.5, 13, 7, 13.625], "texture": "#2"},
				"east": {"uv": [8.5, 1.5, 9.75, 2.125], "texture": "#2"},
				"south": {"uv": [7.5, 13, 8, 13.625], "texture": "#2"},
				"west": {"uv": [6, 8.5, 7.25, 9.125], "texture": "#2"},
				"up": {"uv": [3.5, 10.25, 3, 9], "texture": "#2"},
				"down": {"uv": [4.5, 9, 4, 10.25], "texture": "#2"}
			}
		},
		{
			"from": [7.0035, 10.75707, 8.46508],
			"to": [8.9965, 11.68207, 10.46508],
			"rotation": {"angle": 22.5, "axis": "x", "origin": [7.0035, 10.68207, 10.46508]},
			"faces": {
				"east": {"uv": [11.5, 1.5, 10.5, 2], "texture": "#2"},
				"south": {"uv": [7, 10, 6, 10.5], "texture": "#2"},
				"west": {"uv": [8.5, 10.5, 7.5, 11], "texture": "#2"},
				"up": {"uv": [8, 1.5, 7, 2.5], "texture": "#2"},
				"down": {"uv": [7.5, 8, 6.5, 7], "texture": "#2"}
			}
		},
		{
			"from": [7.0035, 11.68207, 9.96508],
			"to": [8.9965, 12.68207, 10.46508],
			"rotation": {"angle": 22.5, "axis": "x", "origin": [7.0035, 10.68207, 10.46508]},
			"faces": {
				"north": {"uv": [3.5, 11, 2.5, 11.5], "texture": "#2"},
				"east": {"uv": [7.25, 3, 7, 3.5], "texture": "#2"},
				"south": {"uv": [12, 0, 11, 0.5], "texture": "#2"},
				"west": {"uv": [7.75, 14.5, 7.5, 15], "texture": "#2"},
				"up": {"uv": [1, 13.5, 0, 13.75], "texture": "#2"}
			}
		},
		{
			"from": [7.0035, 12.18207, 9.46508],
			"to": [8.9965, 12.68207, 9.96508],
			"rotation": {"angle": 22.5, "axis": "x", "origin": [7.0035, 10.68207, 10.46508]},
			"faces": {
				"north": {"uv": [14.5, 1, 13.5, 1.25], "texture": "#2"},
				"east": {"uv": [14.75, 12.5, 14.5, 12.75], "texture": "#2"},
				"west": {"uv": [13.75, 14.5, 13.5, 14.75], "texture": "#2"},
				"up": {"uv": [2.5, 13.5, 1.5, 13.75], "texture": "#2"},
				"down": {"uv": [14.5, 2.25, 13.5, 2], "texture": "#2"}
			}
		},
		{
			"from": [7.5035, 13.68207, 10.46508],
			"to": [8.4965, 14.18207, 10.96508],
			"rotation": {"angle": 22.5, "axis": "x", "origin": [7.0035, 10.68207, 10.46508]},
			"faces": {
				"north": {"uv": [15, 10.5, 14.5, 10.75], "texture": "#2"},
				"east": {"uv": [14.75, 13.5, 14.5, 13.75], "texture": "#2"},
				"west": {"uv": [14.75, 14.5, 14.5, 14.75], "texture": "#2"},
				"up": {"uv": [15, 11.5, 14.5, 11.75], "texture": "#2"},
				"down": {"uv": [13, 14.75, 12.5, 14.5], "texture": "#2"}
			}
		},
		{
			"from": [7.5035, 12.93207, 10.96508],
			"to": [8.4965, 14.18207, 11.71508],
			"rotation": {"angle": 22.5, "axis": "x", "origin": [7.0035, 10.68207, 10.46508]},
			"faces": {
				"north": {"uv": [12.5, 12.5, 12, 13.125], "texture": "#2"},
				"east": {"uv": [14.375, 7, 14, 7.625], "texture": "#2"},
				"south": {"uv": [11.5, 12.5, 11, 13.125], "texture": "#2"},
				"west": {"uv": [8.875, 14, 8.5, 14.625], "texture": "#2"},
				"up": {"uv": [6, 4, 5.5, 4.375], "texture": "#2"}
			}
		},
		{
			"from": [7.5035, 11.68207, 9.21508],
			"to": [8.4965, 12.93207, 11.71508],
			"rotation": {"angle": 22.5, "axis": "x", "origin": [7.0035, 10.68207, 10.46508]},
			"faces": {
				"north": {"uv": [8, 13, 7.5, 13.625], "texture": "#2"},
				"east": {"uv": [9.75, 1.5, 8.5, 2.125], "texture": "#2"},
				"south": {"uv": [7, 13, 6.5, 13.625], "texture": "#2"},
				"west": {"uv": [7.25, 8.5, 6, 9.125], "texture": "#2"},
				"up": {"uv": [3.5, 9, 3, 10.25], "texture": "#2"},
				"down": {"uv": [4.5, 10.25, 4, 9], "texture": "#2"}
			}
		},
		{
			"from": [7.995, 12.03741, 5.125],
			"to": [8.005, 20.03741, 10.875],
			"rotation": {"angle": 0, "axis": "x", "origin": [7.995, 16.03741, -5.5]},
			"faces": {
				"east": {"uv": [2.875, 0, 0, 4], "texture": "#2"},
				"west": {"uv": [0, 0, 2.875, 4], "texture": "#2"}
			}
		},
		{
			"from": [5.56079, -2, 6.975],
			"to": [9.61079, 1, 11.025],
			"rotation": {"angle": 45, "axis": "y", "origin": [6.58579, 0, 8]},
			"faces": {
				"north": {"uv": [8, 0, 12, 3], "texture": "#1"},
				"east": {"uv": [4, 0, 8, 3], "texture": "#1"},
				"south": {"uv": [0, 0, 4, 3], "texture": "#1"},
				"west": {"uv": [12, 0, 16, 3], "texture": "#1"}
			}
		},
		{
			"from": [10.02073, 9.5, 4],
			"to": [10.03073, 21.5, 8],
			"rotation": {"angle": 22.5, "axis": "y", "origin": [10.03073, 9.5, 8]},
			"faces": {
				"east": {"uv": [3.33333, 0, 6, 8], "texture": "#3"},
				"west": {"uv": [6, 0, 3.33333, 8], "texture": "#3"}
			}
		},
		{
			"from": [8.49, 9.5, 7.69552],
			"to": [8.5, 21.5, 11.69552],
			"rotation": {"angle": -22.5, "axis": "y", "origin": [8.5, 9.5, 11.69552]},
			"faces": {
				"east": {"uv": [0.66667, 0, 3.33333, 8], "texture": "#3"},
				"west": {"uv": [3.33333, 0, 0.66667, 8], "texture": "#3"}
			}
		},
		{
			"from": [7.5, 9.5, 11.68552],
			"to": [8.5, 21.5, 11.69552],
			"rotation": {"angle": 0, "axis": "y", "origin": [8, 15.5, 11.69552]},
			"faces": {
				"north": {"uv": [0.66667, 0, 0, 8], "texture": "#3"},
				"south": {"uv": [0, 0, 0.66667, 8], "texture": "#3"}
			}
		},
		{
			"from": [7.5, 9.5, 4.30448],
			"to": [8.5, 21.5, 4.31448],
			"rotation": {"angle": 0, "axis": "y", "origin": [8, 15.5, 4.31448]},
			"faces": {
				"north": {"uv": [6, 0, 6.66667, 8], "texture": "#3"},
				"south": {"uv": [6.66667, 0, 6, 8], "texture": "#3"}
			}
		},
		{
			"from": [6.02677, 9.5, 4.29672],
			"to": [6.03677, 21.5, 8.29672],
			"rotation": {"angle": -22.5, "axis": "y", "origin": [6.74388, 15.5, 8.00382]},
			"faces": {
				"east": {"uv": [9.33333, 0, 6.66667, 8], "texture": "#3"},
				"west": {"uv": [6.66667, 0, 9.33333, 8], "texture": "#3"}
			}
		},
		{
			"from": [6.02676, 9.5, 7.70328],
			"to": [6.03676, 21.5, 11.70328],
			"rotation": {"angle": 22.5, "axis": "y", "origin": [6.74387, 15.5, 7.99617]},
			"faces": {
				"east": {"uv": [12, 0, 9.33333, 8], "texture": "#3"},
				"west": {"uv": [9.33333, 0, 12, 8], "texture": "#3"}
			}
		},
		{
			"from": [6.06079, -5, 7.475],
			"to": [9.11079, -2, 10.525],
			"rotation": {"angle": 45, "axis": "y", "origin": [6.58579, -3, 8]},
			"faces": {
				"north": {"uv": [8, 3, 11, 6], "texture": "#1"},
				"east": {"uv": [5, 3, 8, 6], "texture": "#1"},
				"south": {"uv": [2, 3, 5, 6], "texture": "#1"},
				"west": {"uv": [11, 3, 14, 6], "texture": "#1"}
			}
		},
		{
			"name": "cube inverted",
			"from": [9.08579, -2, 10.5],
			"to": [6.08579, -5, 7.5],
			"rotation": {"angle": 45, "axis": "y", "origin": [6.58579, -3, 8]},
			"faces": {
				"north": {"uv": [2, 6, 5, 3], "texture": "#1"},
				"east": {"uv": [11, 6, 14, 3], "texture": "#1"},
				"south": {"uv": [8, 6, 11, 3], "texture": "#1"},
				"west": {"uv": [5, 6, 8, 3], "texture": "#1"}
			}
		},
		{
			"name": "cube inverted",
			"from": [9.58579, 1, 11],
			"to": [5.58579, -2, 7],
			"rotation": {"angle": 45, "axis": "y", "origin": [6.58579, 0, 8]},
			"faces": {
				"north": {"uv": [0, 3, 4, 0], "texture": "#1"},
				"east": {"uv": [12, 3, 16, 0], "texture": "#1"},
				"south": {"uv": [8, 3, 12, 0], "texture": "#1"},
				"west": {"uv": [4, 3, 8, 0], "texture": "#1"}
			}
		}
	],
	"gui_light": "front",
	"display": {
		"thirdperson_righthand": {
			"translation": [0, 1, 0.75],
			"scale": [2, 2, 2]
		},
		"thirdperson_lefthand": {
			"translation": [0, 1, 0.75],
			"scale": [2, 2, 2]
		},
		"firstperson_righthand": {
			"rotation": [5, 0, 0],
			"translation": [1.75, 1.5, 0],
			"scale": [2, 2, 2]
		},
		"firstperson_lefthand": {
			"rotation": [5, 0, 0],
			"translation": [1.75, 1.5, 0],
			"scale": [2, 2, 2]
		},
		"ground": {
			"rotation": [45, 0, 0],
			"translation": [0, 5, 0],
			"scale": [1.4, 1.4, 1.4]
		},
		"gui": {
			"rotation": [-90, 135, 90],
			"translation": [-0.75, -0.75, 0],
			"scale": [1.9, 1.9, 1.9]
		},
		"head": {
			"rotation": [0, 90, 0],
			"scale": [2, 2, 2]
		},
		"fixed": {
			"rotation": [0, -90, 0],
			"translation": [0, 0, -1],
			"scale": [4, 4, 4]
		}
	},
	"groups": [
		{
			"name": "shovel",
			"origin": [7.5, 0.25, 8],
			"color": 0,
			"children": [0, 1, 2, 3, 4, 5, 6, 7, 8, 9, 10, 11, 12, 13, 14, 15, 16, 17, 18, 19, 20, 21, 22, 23, 24, 25, 26, 27, 28, 29, 30, 31, 32, 33, 34, 35, 36, 37, 38, 39]
		}
	],
	"mcmodels": "cb5cb31a0c878d1d93b80038368e17bb"
}