{
    "parent": "item/generated",
    "textures": {
        "layer0": "item/bow"
    },
    "display": {
        "thirdperson_righthand": {
            "rotation": [ -80, 260, -40 ],
            "translation": [ -1, -2, 2.5 ],
            "scale": [ 0.9, 0.9, 0.9 ]
        },
        "thirdperson_lefthand": {
            "rotation": [ -80, -280, 40 ],
            "translation": [ -1, -2, 2.5 ],
            "scale": [ 0.9, 0.9, 0.9 ]
        },
        "firstperson_righthand": {
            "rotation": [ 0, -90, 25 ],
            "translation": [ 1.13, 3.2, 1.13],
            "scale": [ 0.68, 0.68, 0.68 ]
        },
        "firstperson_lefthand": {
            "rotation": [ 0, 90, -25 ],
            "translation": [ 1.13, 3.2, 1.13],
            "scale": [ 0.68, 0.68, 0.68 ]
        }
    },
    "overrides": [
        { "predicate": { "pulling": 1 }, "model": "item/bow_pulling_0" },
        { "predicate": { "pulling": 1, "pull": 0.65 }, "model": "item/bow_pulling_1" },
        { "predicate": { "pulling": 1, "pull": 0.9 }, "model": "item/bow_pulling_2" },

        { "predicate": { "custom_model_data": 100 }, "model": "oneblocky/pvp/retro/space_gun_idle" },
		{ "predicate": { "custom_model_data": 100 , "pulling": 1 }, "model": "oneblocky/pvp/retro/space_gun_pull_0" },
		{ "predicate": { "custom_model_data": 100 , "pulling": 1, "pull": 0.65 }, "model": "oneblocky/pvp/retro/space_gun_pull_1" },
		{ "predicate": { "custom_model_data": 100 , "pulling": 1, "pull": 0.9 }, "model": "oneblocky/pvp/retro/space_gun_pull_2" },

		{ "predicate": { "custom_model_data": 1000 }, "model": "oneblocky/crates/ocean/bow" },
		{ "predicate": { "custom_model_data": 1000 , "pulling": 1 }, "model": "oneblocky/crates/ocean/bow_0" },
		{ "predicate": { "custom_model_data": 1000 , "pulling": 1, "pull": 0.65 }, "model": "oneblocky/crates/ocean/bow_1" },
		{ "predicate": { "custom_model_data": 1000 , "pulling": 1, "pull": 0.9 }, "model": "oneblocky/crates/ocean/bow_2" },
		
		{ "predicate": { "custom_model_data": 2000 }, "model": "oneblocky/crates/frog/bow" },
		{ "predicate": { "custom_model_data": 2000 , "pulling": 1 }, "model": "oneblocky/crates/frog/bow_0" },
		{ "predicate": { "custom_model_data": 2000 , "pulling": 1, "pull": 0.65 }, "model": "oneblocky/crates/frog/bow_1" },
		{ "predicate": { "custom_model_data": 2000 , "pulling": 1, "pull": 0.9 }, "model": "oneblocky/crates/frog/bow_2" },
		{ "predicate": { "custom_model_data": 2100 }, "model": "oneblocky/crates/frog/bow_mega" },
		{ "predicate": { "custom_model_data": 2100 , "pulling": 1 }, "model": "oneblocky/crates/frog/bow_0_mega" },
		{ "predicate": { "custom_model_data": 2100 , "pulling": 1, "pull": 0.65 }, "model": "oneblocky/crates/frog/bow_1_mega" },
		{ "predicate": { "custom_model_data": 2100 , "pulling": 1, "pull": 0.9 }, "model": "oneblocky/crates/frog/bow_2_mega" },

		{ "predicate": { "custom_model_data": 3000 }, "model": "oneblocky/crates/summer/bow" },
		{ "predicate": { "custom_model_data": 3000 , "pulling": 1 }, "model": "oneblocky/crates/summer/bow_0" },
		{ "predicate": { "custom_model_data": 3000 , "pulling": 1, "pull": 0.65 }, "model": "oneblocky/crates/summer/bow_1" },
		{ "predicate": { "custom_model_data": 3000 , "pulling": 1, "pull": 0.9 }, "model": "oneblocky/crates/summer/bow_2" },
		{ "predicate": { "custom_model_data": 3100 }, "model": "oneblocky/crates/summer/bow_mega" },
		{ "predicate": { "custom_model_data": 3100 , "pulling": 1 }, "model": "oneblocky/crates/summer/bow_0_mega" },
		{ "predicate": { "custom_model_data": 3100 , "pulling": 1, "pull": 0.65 }, "model": "oneblocky/crates/summer/bow_1_mega" },
		{ "predicate": { "custom_model_data": 3100 , "pulling": 1, "pull": 0.9 }, "model": "oneblocky/crates/summer/bow_2_mega" },

		{ "predicate": { "custom_model_data": 5000 }, "model": "oneblocky/crates/pale-garden/bow" },
		{ "predicate": { "custom_model_data": 5000 , "pulling": 1 }, "model": "oneblocky/crates/pale-garde/bow_0" },
		{ "predicate": { "custom_model_data": 5000 , "pulling": 1, "pull": 0.65 }, "model": "oneblocky/crates/pale-garde/bow_1" },
		{ "predicate": { "custom_model_data": 5000 , "pulling": 1, "pull": 0.9 }, "model": "oneblocky/crates/pale-garde/bow_2" },
		{ "predicate": { "custom_model_data": 5100 }, "model": "oneblocky/crates/pale-garde/bow_mega" },
		{ "predicate": { "custom_model_data": 5100 , "pulling": 1 }, "model": "oneblocky/crates/pale-garde/bow_0_mega" },
		{ "predicate": { "custom_model_data": 5100 , "pulling": 1, "pull": 0.65 }, "model": "oneblocky/crates/pale-garde/bow_1_mega" },
		{ "predicate": { "custom_model_data": 5100 , "pulling": 1, "pull": 0.9 }, "model": "oneblocky/crates/pale-garde/bow_2_mega" },

		{ "predicate": { "custom_model_data": 6000 }, "model": "oneblocky/crates/pyrosoul/bow" },
		{ "predicate": { "custom_model_data": 6000 , "pulling": 1 }, "model": "oneblocky/crates/pyrosoul/bow_0" },
		{ "predicate": { "custom_model_data": 6000 , "pulling": 1, "pull": 0.65 }, "model": "oneblocky/crates/pyrosoul/bow_1" },
		{ "predicate": { "custom_model_data": 6000 , "pulling": 1, "pull": 0.9 }, "model": "oneblocky/crates/pyrosoul/bow_2" },
		{ "predicate": { "custom_model_data": 6100 }, "model": "oneblocky/crates/pyrosoul/bow-mega" },
		{ "predicate": { "custom_model_data": 6100 , "pulling": 1 }, "model": "oneblocky/crates/pyrosoul/bow_0-mega" },
		{ "predicate": { "custom_model_data": 6100 , "pulling": 1, "pull": 0.65 }, "model": "oneblocky/crates/pyrosoul/bow_1-mega" },
		{ "predicate": { "custom_model_data": 6100 , "pulling": 1, "pull": 0.9 }, "model": "oneblocky/crates/pyrosoul/bow_2-mega" },


		{ "predicate": { "custom_model_data": 7000 }, "model": "oneblocky/crates/autumn/bow" },
		{ "predicate": { "custom_model_data": 7000 , "pulling": 1 }, "model": "oneblocky/crates/autumn/bow_0" },
		{ "predicate": { "custom_model_data": 7000 , "pulling": 1, "pull": 0.65 }, "model": "oneblocky/crates/autumn/bow_1" },
		{ "predicate": { "custom_model_data": 7000 , "pulling": 1, "pull": 0.9 }, "model": "oneblocky/crates/autumn/bow_2" },
		{ "predicate": { "custom_model_data": 7100 }, "model": "oneblocky/crates/autumn/bow-mega" },
		{ "predicate": { "custom_model_data": 7100 , "pulling": 1 }, "model": "oneblocky/crates/autumn/bow_0-mega" },
		{ "predicate": { "custom_model_data": 7100 , "pulling": 1, "pull": 0.65 }, "model": "oneblocky/crates/autumn/bow_1-mega" },
		{ "predicate": { "custom_model_data": 7100 , "pulling": 1, "pull": 0.9 }, "model": "oneblocky/crates/autumn/bow_2-mega" },


		{ "predicate": { "custom_model_data": 8000 }, "model": "oneblocky/crates/necromancer/bow" },
		{ "predicate": { "custom_model_data": 8000 , "pulling": 1 }, "model": "oneblocky/crates/necromancer/bow_0" },
		{ "predicate": { "custom_model_data": 8000 , "pulling": 1, "pull": 0.65 }, "model": "oneblocky/crates/necromancer/bow_1" },
		{ "predicate": { "custom_model_data": 8000 , "pulling": 1, "pull": 0.9 }, "model": "oneblocky/crates/necromancer/bow_2" },
		{ "predicate": { "custom_model_data": 8100 }, "model": "oneblocky/crates/necromancer/bow-mega" },
		{ "predicate": { "custom_model_data": 8100 , "pulling": 1 }, "model": "oneblocky/crates/necromancer/bow_0-mega" },
		{ "predicate": { "custom_model_data": 8100 , "pulling": 1, "pull": 0.65 }, "model": "oneblocky/crates/necromancer/bow_1-mega" },
		{ "predicate": { "custom_model_data": 8100 , "pulling": 1, "pull": 0.9 }, "model": "oneblocky/crates/necromancer/bow_2-mega" }

    ]
}