{
  "parent": "minecraft:item/handheld",
  "textures": {
    "layer0": "minecraft:item/brick"
  },
  "overrides": [
    { "predicate": { "custom_model_data": 7000 }, "model": "oneblocky/furniture/autumn/field_basket" },
    { "predicate": { "custom_model_data": 7001 }, "model": "oneblocky/furniture/autumn/field_birdhouse" },
    { "predicate": { "custom_model_data": 7002 }, "model": "oneblocky/furniture/autumn/field_chair" },
    { "predicate": { "custom_model_data": 7003 }, "model": "oneblocky/furniture/autumn/field_haystack" },
    { "predicate": { "custom_model_data": 7004 }, "model": "oneblocky/furniture/autumn/field_lantern_ceiling" },
    { "predicate": { "custom_model_data": 7005 }, "model": "oneblocky/furniture/autumn/field_lantern_floor" },
    { "predicate": { "custom_model_data": 7006 }, "model": "oneblocky/furniture/autumn/field_scarecrow" },
    { "predicate": { "custom_model_data": 7007 }, "model": "oneblocky/furniture/autumn/field_signpost" },
    { "predicate": { "custom_model_data": 7008 }, "model": "oneblocky/furniture/autumn/field_table" },
    { "predicate": { "custom_model_data": 7009 }, "model": "oneblocky/furniture/autumn/field_windmill" },
    { "predicate": { "custom_model_data": 7010 }, "model": "oneblocky/furniture/autumn/field_windmill_still" },
    { "predicate": { "custom_model_data": 7011 }, "model": "oneblocky/furniture/autumn/large_crop_streamer" },
    { "predicate": { "custom_model_data": 7012 }, "model": "oneblocky/furniture/autumn/small_crop_streamer" },


    { "predicate": { "custom_model_data": 100000 }, "model": "oneblocky/furniture/basic/acacia/1" },
    { "predicate": { "custom_model_data": 100001 }, "model": "oneblocky/furniture/basic/acacia/2" },
    { "predicate": { "custom_model_data": 100002 }, "model": "oneblocky/furniture/basic/acacia/3" },
    { "predicate": { "custom_model_data": 100003 }, "model": "oneblocky/furniture/basic/acacia/4" },
    { "predicate": { "custom_model_data": 100004 }, "model": "oneblocky/furniture/basic/acacia/5" },
    { "predicate": { "custom_model_data": 100005 }, "model": "oneblocky/furniture/basic/acacia/6" },
    { "predicate": { "custom_model_data": 100006 }, "model": "oneblocky/furniture/basic/acacia/7" },
    { "predicate": { "custom_model_data": 100007 }, "model": "oneblocky/furniture/basic/acacia/8" },
    { "predicate": { "custom_model_data": 100008 }, "model": "oneblocky/furniture/basic/acacia/9" },
    { "predicate": { "custom_model_data": 100009 }, "model": "oneblocky/furniture/basic/acacia/10" },
    { "predicate": { "custom_model_data": 100010 }, "model": "oneblocky/furniture/basic/acacia/11" },

    { "predicate": { "custom_model_data": 100011 }, "model": "oneblocky/furniture/basic/bamboo/1" },
    { "predicate": { "custom_model_data": 100012 }, "model": "oneblocky/furniture/basic/bamboo/2" },
    { "predicate": { "custom_model_data": 100013 }, "model": "oneblocky/furniture/basic/bamboo/3" },
    { "predicate": { "custom_model_data": 100014 }, "model": "oneblocky/furniture/basic/bamboo/4" },
    { "predicate": { "custom_model_data": 100015 }, "model": "oneblocky/furniture/basic/bamboo/5" },
    { "predicate": { "custom_model_data": 100016 }, "model": "oneblocky/furniture/basic/bamboo/6" },
    { "predicate": { "custom_model_data": 100017 }, "model": "oneblocky/furniture/basic/bamboo/7" },
    { "predicate": { "custom_model_data": 100018 }, "model": "oneblocky/furniture/basic/bamboo/8" },
    { "predicate": { "custom_model_data": 100019 }, "model": "oneblocky/furniture/basic/bamboo/9" },
    { "predicate": { "custom_model_data": 100020 }, "model": "oneblocky/furniture/basic/bamboo/10" },
    { "predicate": { "custom_model_data": 100021 }, "model": "oneblocky/furniture/basic/bamboo/11" },

    { "predicate": { "custom_model_data": 100022 }, "model": "oneblocky/furniture/basic/birch/1" },
    { "predicate": { "custom_model_data": 100023 }, "model": "oneblocky/furniture/basic/birch/2" },
    { "predicate": { "custom_model_data": 100024 }, "model": "oneblocky/furniture/basic/birch/3" },
    { "predicate": { "custom_model_data": 100025 }, "model": "oneblocky/furniture/basic/birch/4" },
    { "predicate": { "custom_model_data": 100026 }, "model": "oneblocky/furniture/basic/birch/5" },
    { "predicate": { "custom_model_data": 100027 }, "model": "oneblocky/furniture/basic/birch/6" },
    { "predicate": { "custom_model_data": 100028 }, "model": "oneblocky/furniture/basic/birch/7" },
    { "predicate": { "custom_model_data": 100029 }, "model": "oneblocky/furniture/basic/birch/8" },
    { "predicate": { "custom_model_data": 100030 }, "model": "oneblocky/furniture/basic/birch/9" },
    { "predicate": { "custom_model_data": 100031 }, "model": "oneblocky/furniture/basic/birch/10" },
    { "predicate": { "custom_model_data": 100032 }, "model": "oneblocky/furniture/basic/birch/11" },

    { "predicate": { "custom_model_data": 100033 }, "model": "oneblocky/furniture/basic/cherry/1" },
    { "predicate": { "custom_model_data": 100034 }, "model": "oneblocky/furniture/basic/cherry/2" },
    { "predicate": { "custom_model_data": 100035 }, "model": "oneblocky/furniture/basic/cherry/3" },
    { "predicate": { "custom_model_data": 100036 }, "model": "oneblocky/furniture/basic/cherry/4" },
    { "predicate": { "custom_model_data": 100037 }, "model": "oneblocky/furniture/basic/cherry/5" },
    { "predicate": { "custom_model_data": 100038 }, "model": "oneblocky/furniture/basic/cherry/6" },
    { "predicate": { "custom_model_data": 100039 }, "model": "oneblocky/furniture/basic/cherry/7" },
    { "predicate": { "custom_model_data": 100040 }, "model": "oneblocky/furniture/basic/cherry/8" },
    { "predicate": { "custom_model_data": 100041 }, "model": "oneblocky/furniture/basic/cherry/9" },
    { "predicate": { "custom_model_data": 100042 }, "model": "oneblocky/furniture/basic/cherry/10" },
    { "predicate": { "custom_model_data": 100043 }, "model": "oneblocky/furniture/basic/cherry/11" },

    { "predicate": { "custom_model_data": 100044 }, "model": "oneblocky/furniture/basic/crimson/1" },
    { "predicate": { "custom_model_data": 100045 }, "model": "oneblocky/furniture/basic/crimson/2" },
    { "predicate": { "custom_model_data": 100046 }, "model": "oneblocky/furniture/basic/crimson/3" },
    { "predicate": { "custom_model_data": 100047 }, "model": "oneblocky/furniture/basic/crimson/4" },
    { "predicate": { "custom_model_data": 100048 }, "model": "oneblocky/furniture/basic/crimson/5" },
    { "predicate": { "custom_model_data": 100049 }, "model": "oneblocky/furniture/basic/crimson/6" },
    { "predicate": { "custom_model_data": 100050 }, "model": "oneblocky/furniture/basic/crimson/7" },
    { "predicate": { "custom_model_data": 100051 }, "model": "oneblocky/furniture/basic/crimson/8" },
    { "predicate": { "custom_model_data": 100052 }, "model": "oneblocky/furniture/basic/crimson/9" },
    { "predicate": { "custom_model_data": 100053 }, "model": "oneblocky/furniture/basic/crimson/10" },
    { "predicate": { "custom_model_data": 100054 }, "model": "oneblocky/furniture/basic/crimson/11" },

    { "predicate": { "custom_model_data": 100055 }, "model": "oneblocky/furniture/basic/dark/1" },
    { "predicate": { "custom_model_data": 100056 }, "model": "oneblocky/furniture/basic/dark/2" },
    { "predicate": { "custom_model_data": 100057 }, "model": "oneblocky/furniture/basic/dark/3" },
    { "predicate": { "custom_model_data": 100058 }, "model": "oneblocky/furniture/basic/dark/4" },
    { "predicate": { "custom_model_data": 100059 }, "model": "oneblocky/furniture/basic/dark/5" },
    { "predicate": { "custom_model_data": 100060 }, "model": "oneblocky/furniture/basic/dark/6" },
    { "predicate": { "custom_model_data": 100061 }, "model": "oneblocky/furniture/basic/dark/7" },
    { "predicate": { "custom_model_data": 100062 }, "model": "oneblocky/furniture/basic/dark/8" },
    { "predicate": { "custom_model_data": 100063 }, "model": "oneblocky/furniture/basic/dark/9" },
    { "predicate": { "custom_model_data": 100064 }, "model": "oneblocky/furniture/basic/dark/10" },
    { "predicate": { "custom_model_data": 100065 }, "model": "oneblocky/furniture/basic/dark/11" },

    { "predicate": { "custom_model_data": 100066 }, "model": "oneblocky/furniture/basic/jungle/1" },
    { "predicate": { "custom_model_data": 100067 }, "model": "oneblocky/furniture/basic/jungle/2" },
    { "predicate": { "custom_model_data": 100068 }, "model": "oneblocky/furniture/basic/jungle/3" },
    { "predicate": { "custom_model_data": 100069 }, "model": "oneblocky/furniture/basic/jungle/4" },
    { "predicate": { "custom_model_data": 100070 }, "model": "oneblocky/furniture/basic/jungle/5" },
    { "predicate": { "custom_model_data": 100071 }, "model": "oneblocky/furniture/basic/jungle/6" },
    { "predicate": { "custom_model_data": 100072 }, "model": "oneblocky/furniture/basic/jungle/7" },
    { "predicate": { "custom_model_data": 100073 }, "model": "oneblocky/furniture/basic/jungle/8" },
    { "predicate": { "custom_model_data": 100074 }, "model": "oneblocky/furniture/basic/jungle/9" },
    { "predicate": { "custom_model_data": 100075 }, "model": "oneblocky/furniture/basic/jungle/10" },
    { "predicate": { "custom_model_data": 100076 }, "model": "oneblocky/furniture/basic/jungle/11" },

    { "predicate": { "custom_model_data": 100077 }, "model": "oneblocky/furniture/basic/mangrove/1" },
    { "predicate": { "custom_model_data": 100078 }, "model": "oneblocky/furniture/basic/mangrove/2" },
    { "predicate": { "custom_model_data": 100079 }, "model": "oneblocky/furniture/basic/mangrove/3" },
    { "predicate": { "custom_model_data": 100080 }, "model": "oneblocky/furniture/basic/mangrove/4" },
    { "predicate": { "custom_model_data": 100081 }, "model": "oneblocky/furniture/basic/mangrove/5" },
    { "predicate": { "custom_model_data": 100082 }, "model": "oneblocky/furniture/basic/mangrove/6" },
    { "predicate": { "custom_model_data": 100083 }, "model": "oneblocky/furniture/basic/mangrove/7" },
    { "predicate": { "custom_model_data": 100084 }, "model": "oneblocky/furniture/basic/mangrove/8" },
    { "predicate": { "custom_model_data": 100085 }, "model": "oneblocky/furniture/basic/mangrove/9" },
    { "predicate": { "custom_model_data": 100086 }, "model": "oneblocky/furniture/basic/mangrove/10" },
    { "predicate": { "custom_model_data": 100087 }, "model": "oneblocky/furniture/basic/mangrove/11" },

    { "predicate": { "custom_model_data": 100088 }, "model": "oneblocky/furniture/basic/oak/1" },
    { "predicate": { "custom_model_data": 100089 }, "model": "oneblocky/furniture/basic/oak/2" },
    { "predicate": { "custom_model_data": 100090 }, "model": "oneblocky/furniture/basic/oak/3" },
    { "predicate": { "custom_model_data": 100091 }, "model": "oneblocky/furniture/basic/oak/4" },
    { "predicate": { "custom_model_data": 100092 }, "model": "oneblocky/furniture/basic/oak/5" },
    { "predicate": { "custom_model_data": 100093 }, "model": "oneblocky/furniture/basic/oak/6" },
    { "predicate": { "custom_model_data": 100094 }, "model": "oneblocky/furniture/basic/oak/7" },
    { "predicate": { "custom_model_data": 100095 }, "model": "oneblocky/furniture/basic/oak/8" },
    { "predicate": { "custom_model_data": 100096 }, "model": "oneblocky/furniture/basic/oak/9" },
    { "predicate": { "custom_model_data": 100097 }, "model": "oneblocky/furniture/basic/oak/10" },
    { "predicate": { "custom_model_data": 100098 }, "model": "oneblocky/furniture/basic/oak/11" },

    { "predicate": { "custom_model_data": 100099 }, "model": "oneblocky/furniture/basic/pale/1" },
    { "predicate": { "custom_model_data": 100100 }, "model": "oneblocky/furniture/basic/pale/2" },
    { "predicate": { "custom_model_data": 100101 }, "model": "oneblocky/furniture/basic/pale/3" },
    { "predicate": { "custom_model_data": 100102 }, "model": "oneblocky/furniture/basic/pale/4" },
    { "predicate": { "custom_model_data": 100103 }, "model": "oneblocky/furniture/basic/pale/5" },
    { "predicate": { "custom_model_data": 100104 }, "model": "oneblocky/furniture/basic/pale/6" },
    { "predicate": { "custom_model_data": 100105 }, "model": "oneblocky/furniture/basic/pale/7" },
    { "predicate": { "custom_model_data": 100106 }, "model": "oneblocky/furniture/basic/pale/8" },
    { "predicate": { "custom_model_data": 100107 }, "model": "oneblocky/furniture/basic/pale/9" },
    { "predicate": { "custom_model_data": 100108 }, "model": "oneblocky/furniture/basic/pale/10" },
    { "predicate": { "custom_model_data": 100109 }, "model": "oneblocky/furniture/basic/pale/11" },

    { "predicate": { "custom_model_data": 100110 }, "model": "oneblocky/furniture/basic/spruce/1" },
    { "predicate": { "custom_model_data": 100111 }, "model": "oneblocky/furniture/basic/spruce/2" },
    { "predicate": { "custom_model_data": 100112 }, "model": "oneblocky/furniture/basic/spruce/3" },
    { "predicate": { "custom_model_data": 100113 }, "model": "oneblocky/furniture/basic/spruce/4" },
    { "predicate": { "custom_model_data": 100114 }, "model": "oneblocky/furniture/basic/spruce/5" },
    { "predicate": { "custom_model_data": 100115 }, "model": "oneblocky/furniture/basic/spruce/6" },
    { "predicate": { "custom_model_data": 100116 }, "model": "oneblocky/furniture/basic/spruce/7" },
    { "predicate": { "custom_model_data": 100117 }, "model": "oneblocky/furniture/basic/spruce/8" },
    { "predicate": { "custom_model_data": 100118 }, "model": "oneblocky/furniture/basic/spruce/9" },
    { "predicate": { "custom_model_data": 100119 }, "model": "oneblocky/furniture/basic/spruce/10" },
    { "predicate": { "custom_model_data": 100120 }, "model": "oneblocky/furniture/basic/spruce/11" },

    { "predicate": { "custom_model_data": 100121 }, "model": "oneblocky/furniture/basic/warped/1" },
    { "predicate": { "custom_model_data": 100122 }, "model": "oneblocky/furniture/basic/warped/2" },
    { "predicate": { "custom_model_data": 100123 }, "model": "oneblocky/furniture/basic/warped/3" },
    { "predicate": { "custom_model_data": 100124 }, "model": "oneblocky/furniture/basic/warped/4" },
    { "predicate": { "custom_model_data": 100125 }, "model": "oneblocky/furniture/basic/warped/5" },
    { "predicate": { "custom_model_data": 100126 }, "model": "oneblocky/furniture/basic/warped/6" },
    { "predicate": { "custom_model_data": 100127 }, "model": "oneblocky/furniture/basic/warped/7" },
    { "predicate": { "custom_model_data": 100128 }, "model": "oneblocky/furniture/basic/warped/8" },
    { "predicate": { "custom_model_data": 100129 }, "model": "oneblocky/furniture/basic/warped/9" },
    { "predicate": { "custom_model_data": 100130 }, "model": "oneblocky/furniture/basic/warped/10" },
    { "predicate": { "custom_model_data": 100131 }, "model": "oneblocky/furniture/basic/warped/11" }
  ]
}