{
  "parent": "minecraft:item/generated",
  "textures": {
    "layer0": "minecraft:item/clay_ball"
  },
  "overrides": [
	{ "predicate": { "custom_model_data": 1000 }, "model": "oneblocky/crates/ocean/key" },
	{ "predicate": { "custom_model_data": 2000 }, "model": "oneblocky/crates/frog/key" },
	{ "predicate": { "custom_model_data": 3000 }, "model": "oneblocky/crates/summer/key" },
	{ "predicate": { "custom_model_data": 4000 }, "model": "oneblocky/crates/buzz/blaster_gun" },
	{ "predicate": { "custom_model_data": 5000 }, "model": "oneblocky/crates/pale-garden/key" },
	{ "predicate": { "custom_model_data": 6000 }, "model": "oneblocky/crates/pyrosoul/key" },
	{ "predicate": { "custom_model_data": 7000 }, "model": "oneblocky/crates/autumn/key" },
	{ "predicate": { "custom_model_data": 8000 }, "model": "oneblocky/crates/necromancer/key" }
  ]
}