{
  "parent": "item/handheld_rod",
  "textures": {
    "layer0": "item/fishing_rod"
  },
  "overrides": [
    { "predicate": { "cast": 1 }, "model": "item/fishing_rod_cast" },

    { "predicate": { "custom_model_data": 1 }, "model": "oneblocky/fishing/rods/amethyst_fishing_rod" },
    { "predicate": { "custom_model_data": 1, "cast": 1 }, "model": "oneblocky/fishing/rods/amethyst_fishing_rod_cast" },

    { "predicate": { "custom_model_data": 2 }, "model": "oneblocky/fishing/rods/copper_fishing_rod" },
    { "predicate": { "custom_model_data": 2, "cast": 1 }, "model": "oneblocky/fishing/rods/copper_fishing_rod_cast" },

    { "predicate": { "custom_model_data": 3 }, "model": "oneblocky/fishing/rods/coral_fishing_rod" },
    { "predicate": { "custom_model_data": 3, "cast": 1 }, "model": "oneblocky/fishing/rods/coral_fishing_rod_cast" },

    { "predicate": { "custom_model_data": 4 }, "model": "oneblocky/fishing/rods/diamond_fishing_rod" },
    { "predicate": { "custom_model_data": 4, "cast": 1 }, "model": "oneblocky/fishing/rods/diamond_fishing_rod_cast" },

    { "predicate": { "custom_model_data": 5 }, "model": "oneblocky/fishing/rods/end_fishing_rod" },
    { "predicate": { "custom_model_data": 5, "cast": 1 }, "model": "oneblocky/fishing/rods/end_fishing_rod_cast" },

    { "predicate": { "custom_model_data": 6 }, "model": "oneblocky/fishing/rods/gemstone_fishing_rod" },
    { "predicate": { "custom_model_data": 6, "cast": 1 }, "model": "oneblocky/fishing/rods/gemstone_fishing_rod_cast" },

    { "predicate": { "custom_model_data": 7 }, "model": "oneblocky/fishing/rods/golden_fishing_rod" },
    { "predicate": { "custom_model_data": 7, "cast": 1 }, "model": "oneblocky/fishing/rods/golden_fishing_rod_cast" },

    { "predicate": { "custom_model_data": 8 }, "model": "oneblocky/fishing/rods/ice_fishing_rod" },
    { "predicate": { "custom_model_data": 8, "cast": 1 }, "model": "oneblocky/fishing/rods/ice_fishing_rod_cast" },

    { "predicate": { "custom_model_data": 9 }, "model": "oneblocky/fishing/rods/iron_fishing_rod" },
    { "predicate": { "custom_model_data": 9, "cast": 1 }, "model": "oneblocky/fishing/rods/iron_fishing_rod_cast" },

    { "predicate": { "custom_model_data": 10 }, "model": "oneblocky/fishing/rods/magma_fishing_rod" },
    { "predicate": { "custom_model_data": 10, "cast": 1 }, "model": "oneblocky/fishing/rods/magma_fishing_rod_cast" },

    { "predicate": { "custom_model_data": 11 }, "model": "oneblocky/fishing/rods/molten_fishing_rod" },
    { "predicate": { "custom_model_data": 11, "cast": 1 }, "model": "oneblocky/fishing/rods/molten_fishing_rod_cast" },

    { "predicate": { "custom_model_data": 12 }, "model": "oneblocky/fishing/rods/nether_fishing_rod" },
    { "predicate": { "custom_model_data": 12, "cast": 1 }, "model": "oneblocky/fishing/rods/nether_fishing_rod_cast" },

    { "predicate": { "custom_model_data": 13 }, "model": "oneblocky/fishing/rods/netherite_fishing_rod" },
    { "predicate": { "custom_model_data": 13, "cast": 1 }, "model": "oneblocky/fishing/rods/netherite_fishing_rod_cast" },

    { "predicate": { "custom_model_data": 14 }, "model": "oneblocky/fishing/rods/prismarine_fishing_rod" },
    { "predicate": { "custom_model_data": 14, "cast": 1 }, "model": "oneblocky/fishing/rods/prismarine_fishing_rod_cast" },

    { "predicate": { "custom_model_data": 15 }, "model": "oneblocky/fishing/rods/sculk_fishing_rod" },
    { "predicate": { "custom_model_data": 15, "cast": 1 }, "model": "oneblocky/fishing/rods/sculk_fishing_rod_cast" },

    { "predicate": { "custom_model_data": 16 }, "model": "oneblocky/fishing/rods/slime_fishing_rod" },
    { "predicate": { "custom_model_data": 16, "cast": 1 }, "model": "oneblocky/fishing/rods/slime_fishing_rod_cast" },

    { "predicate": { "custom_model_data": 1000 }, "model": "oneblocky/crates/ocean/fishing_rod" },
    { "predicate": { "custom_model_data": 1000, "cast": 1 }, "model": "oneblocky/crates/ocean/fishing_rod_cast" },

    { "predicate": { "custom_model_data": 2000 }, "model": "oneblocky/crates/frog/fishing_rod" },
    { "predicate": { "custom_model_data": 2000, "cast": 1 }, "model": "oneblocky/crates/frog/fishing_rod_cast" },
    { "predicate": { "custom_model_data": 2100 }, "model": "oneblocky/crates/frog/fishing_rod_mega" },
    { "predicate": { "custom_model_data": 2100, "cast": 1 }, "model": "oneblocky/crates/frog/fishing_rod_cast_mega" },

    { "predicate": { "custom_model_data": 3000 }, "model": "oneblocky/crates/summer/fishing_rod" },
    { "predicate": { "custom_model_data": 3000, "cast": 1 }, "model": "oneblocky/crates/summer/fishing_rod_cast" },
    { "predicate": { "custom_model_data": 3100 }, "model": "oneblocky/crates/summer/fishing_rod_mega" },
    { "predicate": { "custom_model_data": 3100, "cast": 1 }, "model": "oneblocky/crates/summer/fishing_rod_cast_mega" },

    { "predicate": { "custom_model_data": 5000 }, "model": "oneblocky/crates/pale-garden/fishing_rod" },
    { "predicate": { "custom_model_data": 5000, "cast": 1 }, "model": "oneblocky/crates/pale-garden/fishing_rod_cast" },
    { "predicate": { "custom_model_data": 5100 }, "model": "oneblocky/crates/pale-garden/fishing_rod_mega" },
    { "predicate": { "custom_model_data": 5100, "cast": 1 }, "model": "oneblocky/crates/pale-garden/fishing_rod_cast_mega" },

    { "predicate": { "custom_model_data": 6000 }, "model": "oneblocky/crates/pyrosoul/fishing_rod" },
    { "predicate": { "custom_model_data": 6000, "cast": 1 }, "model": "oneblocky/crates/pyrosoul/fishing_rod_cast" },
    { "predicate": { "custom_model_data": 6100 }, "model": "oneblocky/crates/pyrosoul/fishing_rod-mega" },
    { "predicate": { "custom_model_data": 6100, "cast": 1 }, "model": "oneblocky/crates/pyrosoul/fishing_rod_cast-mega" },

    { "predicate": { "custom_model_data": 7000 }, "model": "oneblocky/crates/autumn/fishing_rod" },
    { "predicate": { "custom_model_data": 7000, "cast": 1 }, "model": "oneblocky/crates/autumn/fishing_rod_cast" },
    { "predicate": { "custom_model_data": 7100 }, "model": "oneblocky/crates/autumn/fishing_rod-mega" },
    { "predicate": { "custom_model_data": 7100, "cast": 1 }, "model": "oneblocky/crates/autumn/fishing_rod_cast-mega" },

    { "predicate": { "custom_model_data": 8000 }, "model": "oneblocky/crates/necromancer/fishing_rod" },
    { "predicate": { "custom_model_data": 8000, "cast": 1 }, "model": "oneblocky/crates/necromancer/fishing_rod_cast" },
    { "predicate": { "custom_model_data": 8100 }, "model": "oneblocky/crates/necromancer/fishing_rod-mega" },
    { "predicate": { "custom_model_data": 8100, "cast": 1 }, "model": "oneblocky/crates/necromancer/fishing_rod_cast-mega" }
  ]
}
