{
  "parent": "minecraft:item/handheld",
  "textures": {
    "layer0": "minecraft:item/netherite_shovel"
  },
  "overrides": [
    { "predicate": { "custom_model_data": 100 }, "model": "oneblocky/pvp/retro/pacman_shovel" },
    { "predicate": { "custom_model_data": 1000 }, "model": "oneblocky/crates/ocean/shovel" },
    { "predicate": { "custom_model_data": 2000 }, "model": "oneblocky/crates/frog/shovel" },
    { "predicate": { "custom_model_data": 2100 }, "model": "oneblocky/crates/frog/shovel_mega" },
    { "predicate": { "custom_model_data": 3000 }, "model": "oneblocky/crates/summer/shovel" },
    { "predicate": { "custom_model_data": 3100 }, "model": "oneblocky/crates/summer/shovel_mega" },
    { "predicate": { "custom_model_data": 4000 }, "model": "oneblocky/crates/buzz/shovel_lightyear" },
    { "predicate": { "custom_model_data": 5000 }, "model": "oneblocky/crates/pale-garden/shovel" },
    { "predicate": { "custom_model_data": 5100 }, "model": "oneblocky/crates/pale-garden/shovel_mega" },
    { "predicate": { "custom_model_data": 6000 }, "model": "oneblocky/crates/pyrosoul/shovel" },
    { "predicate": { "custom_model_data": 6100 }, "model": "oneblocky/crates/pyrosoul/shovel_mega" },
    { "predicate": { "custom_model_data": 7000 }, "model": "oneblocky/crates/autumn/shovel" },
    { "predicate": { "custom_model_data": 7100 }, "model": "oneblocky/crates/autumn/shovel-mega" },
    { "predicate": { "custom_model_data": 8000 }, "model": "oneblocky/crates/necromancer/shovel" },
    { "predicate": { "custom_model_data": 8100 }, "model": "oneblocky/crates/necromancer/shovel-mega" }
  ]
}