{
  "parent": "minecraft:item/generated",
  "textures": {
    "layer0": "minecraft:item/netherite_chestplate"
  },
  "overrides": [
	{ "predicate": { "custom_model_data": 1000 }, "model": "oneblocky/crates/ocean/chestplate" },
	{ "predicate": { "custom_model_data": 2000 }, "model": "oneblocky/crates/frog/chestplate" },
	{ "predicate": { "custom_model_data": 3000 }, "model": "oneblocky/crates/summer/chestplate" },
	{ "predicate": { "custom_model_data": 4000 }, "model": "oneblocky/crates/buzz/buzz_chestplate" },
	{ "predicate": { "custom_model_data": 5000 }, "model": "oneblocky/crates/pale-garden/chestplate" },
	{ "predicate": { "custom_model_data": 6000 }, "model": "oneblocky/crates/pyrosoul/chestplate" },
	{ "predicate": { "custom_model_data": 7000 }, "model": "oneblocky/crates/autumn/chestplate" },
	{ "predicate": { "custom_model_data": 8000 }, "model": "oneblocky/crates/necromancer/chestplate" }
  ]
}