{
    "credit": "Made with Blockbench",
    "texture_size": [
        64,
        64
    ],
    "textures": {
        "0": "item/crates/necromancer/cosmetics/big_eye",
        "particle": "item/crates/necromancer/cosmetics/big_eye"
    },
    "elements": [
        {
            "from": [
                3,
                0,
                3
            ],
            "to": [
                13,
                10,
                13
            ],
            "faces": {
                "north": {
                    "uv": [
                        0,
                        0,
                        2.5,
                        2.5
                    ],
                    "texture": "#0"
                },
                "east": {
                    "uv": [
                        0,
                        2.5,
                        2.5,
                        5
                    ],
                    "texture": "#0"
                },
                "south": {
                    "uv": [
                        2.5,
                        0,
                        5,
                        2.5
                    ],
                    "texture": "#0"
                },
                "west": {
                    "uv": [
                        2.5,
                        2.5,
                        5,
                        5
                    ],
                    "texture": "#0"
                },
                "up": {
                    "uv": [
                        2.5,
                        7.5,
                        0,
                        5
                    ],
                    "texture": "#0"
                },
                "down": {
                    "uv": [
                        7.5,
                        0,
                        5,
                        2.5
                    ],
                    "texture": "#0"
                }
            }
        },
        {
            "from": [
                3,
                0,
                13
            ],
            "to": [
                13,
                10,
                18
            ],
            "faces": {
                "north": {
                    "uv": [
                        2.5,
                        5,
                        5,
                        7.5
                    ],
                    "texture": "#0"
                },
                "east": {
                    "uv": [
                        5,
                        5,
                        6.25,
                        7.5
                    ],
                    "texture": "#0"
                },
                "south": {
                    "uv": [
                        5,
                        2.5,
                        7.5,
                        5
                    ],
                    "texture": "#0"
                },
                "west": {
                    "uv": [
                        6.25,
                        5,
                        7.5,
                        7.5
                    ],
                    "texture": "#0"
                },
                "up": {
                    "uv": [
                        2.5,
                        8.75,
                        0,
                        7.5
                    ],
                    "texture": "#0"
                },
                "down": {
                    "uv": [
                        10,
                        0,
                        7.5,
                        1.25
                    ],
                    "texture": "#0"
                }
            }
        }
    ],
    "display": {
        "thirdperson_righthand": {
            "scale": [
                0.5,
                0.5,
                0.5
            ]
        },
        "thirdperson_lefthand": {
            "scale": [
                0.5,
                0.5,
                0.5
            ]
        },
        "firstperson_righthand": {
            "translation": [
                6,
                0,
                0
            ]
        },
        "firstperson_lefthand": {
            "translation": [
                6,
                0,
                0
            ]
        },
        "ground": {
            "scale": [
                0.5,
                0.5,
                0.5
            ]
        },
        "gui": {
            "rotation": [
                11,
                -154,
                0
            ],
            "translation": [
                0.75,
                2.5,
                0
            ]
        },
        "head": {
            "translation": [
                0,
                4.25,
                0
            ],
            "scale": [
                1.6,
                1.6,
                1.6
            ]
        },
        "fixed": {
            "translation": [
                0,
                3,
                0
            ]
        }
    },
    "groups": [
        {
            "name": "group",
            "origin": [
                8,
                8,
                8
            ],
            "color": 0,
            "children": [
                0,
                1
            ]
        }
    ]
}