{
    "credit": "Made with Blockbench",
    "parent": "knife_hat",
    "texture_size": [
        32,
        32
    ],
    "textures": {
        "0": "item/crates/necromancer/cosmetics/knife_hat",
        "particle": "item/crates/necromancer/cosmetics/knife_hat"
    },
    "elements": [
        {
            "from": [
                3.75,
                -3.75,
                3.75
            ],
            "to": [
                9.75,
                3.25,
                10.75
            ],
            "rotation": {
                "angle": 0,
                "axis": "y",
                "origin": [
                    -4.25,
                    2.25,
                    6.75
                ]
            },
            "faces": {
                "north": {
                    "uv": [
                        3.5,
                        3.5,
                        6.5,
                        7
                    ],
                    "texture": "#0"
                },
                "east": {
                    "uv": [
                        0,
                        3.5,
                        3.5,
                        7
                    ],
                    "texture": "#0"
                },
                "south": {
                    "uv": [
                        10,
                        3.5,
                        13,
                        7
                    ],
                    "texture": "#0"
                },
                "west": {
                    "uv": [
                        6.5,
                        3.5,
                        10,
                        7
                    ],
                    "texture": "#0"
                },
                "up": {
                    "uv": [
                        6.5,
                        3.5,
                        3.5,
                        0
                    ],
                    "texture": "#0"
                },
                "down": {
                    "uv": [
                        9.5,
                        0,
                        6.5,
                        3.5
                    ],
                    "texture": "#0"
                }
            }
        },
        {
            "from": [
                0.25,
                3.25,
                5
            ],
            "to": [
                8.25,
                6.25,
                5
            ],
            "rotation": {
                "angle": -22.5,
                "axis": "z",
                "origin": [
                    -2,
                    3,
                    5
                ]
            },
            "faces": {
                "north": {
                    "uv": [
                        0,
                        7,
                        4,
                        8.5
                    ],
                    "texture": "#0"
                },
                "east": {
                    "uv": [
                        0,
                        7,
                        0,
                        8.5
                    ],
                    "texture": "#0"
                },
                "south": {
                    "uv": [
                        4,
                        7,
                        8,
                        8.5
                    ],
                    "texture": "#0"
                },
                "west": {
                    "uv": [
                        4,
                        7,
                        4,
                        8.5
                    ],
                    "texture": "#0"
                },
                "up": {
                    "uv": [
                        4,
                        7,
                        0,
                        7
                    ],
                    "texture": "#0"
                },
                "down": {
                    "uv": [
                        8,
                        7,
                        4,
                        7
                    ],
                    "texture": "#0"
                }
            }
        },
        {
            "from": [
                -0.75,
                2.25,
                3.5
            ],
            "to": [
                0.25,
                7.25,
                6.5
            ],
            "rotation": {
                "angle": -22.5,
                "axis": "z",
                "origin": [
                    -2,
                    3,
                    5.5
                ]
            },
            "faces": {
                "north": {
                    "uv": [
                        8,
                        8.5,
                        8.5,
                        11
                    ],
                    "texture": "#0"
                },
                "east": {
                    "uv": [
                        6.5,
                        8.5,
                        8,
                        11
                    ],
                    "texture": "#0"
                },
                "south": {
                    "uv": [
                        10,
                        8.5,
                        10.5,
                        11
                    ],
                    "texture": "#0"
                },
                "west": {
                    "uv": [
                        8.5,
                        8.5,
                        10,
                        11
                    ],
                    "texture": "#0"
                },
                "up": {
                    "uv": [
                        8.5,
                        8.5,
                        8,
                        7
                    ],
                    "texture": "#0"
                },
                "down": {
                    "uv": [
                        9,
                        7,
                        8.5,
                        8.5
                    ],
                    "texture": "#0"
                }
            }
        },
        {
            "from": [
                -4.75,
                4.25,
                4.5
            ],
            "to": [
                -0.75,
                5.25,
                5.5
            ],
            "rotation": {
                "angle": -22.5,
                "axis": "z",
                "origin": [
                    -2,
                    3,
                    4.5
                ]
            },
            "faces": {
                "north": {
                    "uv": [
                        9.5,
                        7.5,
                        11.5,
                        8
                    ],
                    "texture": "#0"
                },
                "east": {
                    "uv": [
                        9,
                        7.5,
                        9.5,
                        8
                    ],
                    "texture": "#0"
                },
                "south": {
                    "uv": [
                        12,
                        7.5,
                        14,
                        8
                    ],
                    "texture": "#0"
                },
                "west": {
                    "uv": [
                        11.5,
                        7.5,
                        12,
                        8
                    ],
                    "texture": "#0"
                },
                "up": {
                    "uv": [
                        11.5,
                        7.5,
                        9.5,
                        7
                    ],
                    "texture": "#0"
                },
                "down": {
                    "uv": [
                        13.5,
                        7,
                        11.5,
                        7.5
                    ],
                    "texture": "#0"
                }
            }
        },
        {
            "from": [
                -4.25,
                3.75,
                4
            ],
            "to": [
                -1.25,
                5.75,
                6
            ],
            "rotation": {
                "angle": -22.5,
                "axis": "z",
                "origin": [
                    -2,
                    2.5,
                    5
                ]
            },
            "faces": {
                "north": {
                    "uv": [
                        1,
                        9.5,
                        2.5,
                        10.5
                    ],
                    "texture": "#0"
                },
                "east": {
                    "uv": [
                        0,
                        9.5,
                        1,
                        10.5
                    ],
                    "texture": "#0"
                },
                "south": {
                    "uv": [
                        3.5,
                        9.5,
                        5,
                        10.5
                    ],
                    "texture": "#0"
                },
                "west": {
                    "uv": [
                        2.5,
                        9.5,
                        3.5,
                        10.5
                    ],
                    "texture": "#0"
                },
                "up": {
                    "uv": [
                        2.5,
                        9.5,
                        1,
                        8.5
                    ],
                    "texture": "#0"
                },
                "down": {
                    "uv": [
                        4,
                        8.5,
                        2.5,
                        9.5
                    ],
                    "texture": "#0"
                }
            }
        }
    ],
    "display": {
        "head": {
            "translation": [
                0,
                14.25,
                0
            ],
            "scale": [
                1.6,
                1.6,
                1.6
            ]
        }
    },
    "groups": [
        {
            "name": "group",
            "origin": [
                8,
                8,
                8
            ],
            "color": 0,
            "children": [
                0,
                1,
                2,
                3,
                4
            ]
        }
    ]
}