{
    "credit": "Made with Blockbench",
    "texture_size": [
        64,
        64
    ],
    "textures": {
        "0": "item/crates/necromancer/cosmetics/mummy",
        "particle": "item/crates/necromancer/cosmetics/mummy"
    },
    "elements": [
        {
            "from": [
                3,
                -4,
                3
            ],
            "to": [
                13,
                9,
                13
            ],
            "rotation": {
                "angle": 0,
                "axis": "y",
                "origin": [
                    8,
                    2,
                    0
                ]
            },
            "faces": {
                "north": {
                    "uv": [
                        2.5,
                        2.5,
                        5,
                        5.75
                    ],
                    "texture": "#0"
                },
                "east": {
                    "uv": [
                        0,
                        2.5,
                        2.5,
                        5.75
                    ],
                    "texture": "#0"
                },
                "south": {
                    "uv": [
                        7.5,
                        2.5,
                        10,
                        5.75
                    ],
                    "texture": "#0"
                },
                "west": {
                    "uv": [
                        5,
                        2.5,
                        7.5,
                        5.75
                    ],
                    "texture": "#0"
                },
                "up": {
                    "uv": [
                        5,
                        2.5,
                        2.5,
                        0
                    ],
                    "texture": "#0"
                },
                "down": {
                    "uv": [
                        7.5,
                        0,
                        5,
                        2.5
                    ],
                    "texture": "#0"
                }
            }
        },
        {
            "from": [
                1.5,
                3.5,
                2
            ],
            "to": [
                13.5,
                5.5,
                14
            ],
            "rotation": {
                "angle": -22.5,
                "axis": "z",
                "origin": [
                    7.5,
                    3.5,
                    0
                ]
            },
            "faces": {
                "north": {
                    "uv": [
                        3,
                        11,
                        6,
                        11.5
                    ],
                    "texture": "#0"
                },
                "east": {
                    "uv": [
                        0,
                        11,
                        3,
                        11.5
                    ],
                    "texture": "#0"
                },
                "south": {
                    "uv": [
                        9,
                        11,
                        12,
                        11.5
                    ],
                    "texture": "#0"
                },
                "west": {
                    "uv": [
                        6,
                        11,
                        9,
                        11.5
                    ],
                    "texture": "#0"
                },
                "up": {
                    "uv": [
                        6,
                        11,
                        3,
                        8
                    ],
                    "texture": "#0"
                },
                "down": {
                    "uv": [
                        9,
                        8,
                        6,
                        11
                    ],
                    "texture": "#0"
                }
            }
        },
        {
            "from": [
                2.25,
                4.75,
                2.25
            ],
            "to": [
                14.25,
                6.75,
                14.25
            ],
            "rotation": {
                "angle": 22.5,
                "axis": "z",
                "origin": [
                    8.25,
                    4.75,
                    0.25
                ]
            },
            "faces": {
                "north": {
                    "uv": [
                        3,
                        11,
                        6,
                        11.5
                    ],
                    "texture": "#0"
                },
                "east": {
                    "uv": [
                        0,
                        11,
                        3,
                        11.5
                    ],
                    "texture": "#0"
                },
                "south": {
                    "uv": [
                        9,
                        11,
                        12,
                        11.5
                    ],
                    "texture": "#0"
                },
                "west": {
                    "uv": [
                        6,
                        11,
                        9,
                        11.5
                    ],
                    "texture": "#0"
                },
                "up": {
                    "uv": [
                        6,
                        11,
                        3,
                        8
                    ],
                    "texture": "#0"
                },
                "down": {
                    "uv": [
                        9,
                        8,
                        6,
                        11
                    ],
                    "texture": "#0"
                }
            }
        },
        {
            "from": [
                4,
                9,
                4
            ],
            "to": [
                12,
                11,
                12
            ],
            "rotation": {
                "angle": 0,
                "axis": "y",
                "origin": [
                    8,
                    2,
                    0
                ]
            },
            "faces": {
                "north": {
                    "uv": [
                        5.75,
                        15.5,
                        7.75,
                        16
                    ],
                    "texture": "#0"
                },
                "east": {
                    "uv": [
                        3.75,
                        15.5,
                        5.75,
                        16
                    ],
                    "texture": "#0"
                },
                "south": {
                    "uv": [
                        9.75,
                        15.5,
                        11.75,
                        16
                    ],
                    "texture": "#0"
                },
                "west": {
                    "uv": [
                        7.75,
                        15.5,
                        9.75,
                        16
                    ],
                    "texture": "#0"
                },
                "up": {
                    "uv": [
                        7.75,
                        15.5,
                        5.75,
                        13.5
                    ],
                    "texture": "#0"
                },
                "down": {
                    "uv": [
                        9.75,
                        13.5,
                        7.75,
                        15.5
                    ],
                    "texture": "#0"
                }
            }
        }
    ],
    "display": {
        "thirdperson_righthand": {
            "scale": [
                0.5,
                0.5,
                0.5
            ]
        },
        "thirdperson_lefthand": {
            "scale": [
                0.5,
                0.5,
                0.5
            ]
        },
        "firstperson_righthand": {
            "translation": [
                2.5,
                0,
                0
            ]
        },
        "firstperson_lefthand": {
            "translation": [
                4,
                0,
                0
            ]
        },
        "ground": {
            "scale": [
                0.5,
                0.5,
                0.5
            ]
        },
        "gui": {
            "rotation": [
                12,
                -148,
                0
            ],
            "translation": [
                0,
                4,
                0
            ]
        },
        "head": {
            "translation": [
                0,
                4.75,
                0
            ],
            "scale": [
                1.6,
                1.6,
                1.6
            ]
        },
        "fixed": {
            "translation": [
                0,
                3.5,
                0
            ]
        }
    },
    "groups": [
        {
            "name": "group",
            "origin": [
                8,
                8,
                8
            ],
            "color": 0,
            "children": [
                0,
                1,
                2,
                3
            ]
        }
    ]
}