{
	"credit": "Modelled By: Herbert Richard",
	"texture_size": [64, 64],
	"textures": {
		"0": "item/crates/buzz/blaster_gun",
		"particle": "item/crates/buzz/blaster_gun"
	},
	"elements": [
		{
			"from": [6.5, -2, 9],
			"to": [9.5, 4, 14],
			"rotation": {"angle": -22.5, "axis": "x", "origin": [8.5, 4, 2.5]},
			"faces": {
				"north": {"uv": [5.75, 0.75, 6.5, 2.25], "texture": "#0"},
				"east": {"uv": [1.25, 4.25, 2.5, 5.75], "texture": "#0"},
				"south": {"uv": [1.25, 5.75, 2, 7.25], "texture": "#0"},
				"west": {"uv": [2.5, 4.25, 3.75, 5.75], "texture": "#0"},
				"up": {"uv": [4.75, 7, 4, 5.75], "texture": "#0"},
				"down": {"uv": [7, 4.25, 6.25, 5.5], "texture": "#0"}
			}
		},
		{
			"from": [5.49, -4.01, 7.99],
			"to": [10.51, -1.99, 14.01],
			"rotation": {"angle": -22.5, "axis": "x", "origin": [8.5, 4, 2.5]},
			"faces": {
				"north": {"uv": [6.5, 1.5, 7.75, 2], "texture": "#0"},
				"east": {"uv": [5.75, 2.25, 7.25, 2.75], "texture": "#0"},
				"south": {"uv": [4.75, 6.75, 6, 7.25], "texture": "#0"},
				"west": {"uv": [4.75, 6.25, 6.25, 6.75], "texture": "#0"},
				"up": {"uv": [5, 5.75, 3.75, 4.25], "texture": "#0"},
				"down": {"uv": [5.75, 0, 4.5, 1.5], "texture": "#0"}
			}
		},
		{
			"from": [7.5, 6, 7],
			"to": [8.5, 9, 10],
			"rotation": {"angle": 22.5, "axis": "x", "origin": [8.5, 4, 2.5]},
			"faces": {
				"north": {"uv": [7.5, 6.5, 7.75, 7.25], "texture": "#0"},
				"east": {"uv": [0, 7, 0.75, 7.75], "texture": "#0"},
				"south": {"uv": [7.5, 7.25, 7.75, 8], "texture": "#0"},
				"west": {"uv": [3.5, 7, 4.25, 7.75], "texture": "#0"},
				"up": {"uv": [0.25, 8.5, 0, 7.75], "texture": "#0"},
				"down": {"uv": [8, 0, 7.75, 0.75], "texture": "#0"}
			}
		},
		{
			"from": [5.5, 6, 2],
			"to": [10.5, 11, 13],
			"rotation": {"angle": 0, "axis": "y", "origin": [8.5, 4, 2.5]},
			"faces": {
				"north": {"uv": [4.5, 1.5, 5.75, 2.75], "texture": "#0"},
				"east": {"uv": [0, 3, 2.75, 4.25], "texture": "#0"},
				"south": {"uv": [5, 4.25, 6.25, 5.5], "texture": "#0"},
				"west": {"uv": [2.75, 3, 5.5, 4.25], "texture": "#0"},
				"up": {"uv": [4.5, 2.75, 3.25, 0], "texture": "#0"},
				"down": {"uv": [1.25, 4.25, 0, 7], "texture": "#0"}
			}
		},
		{
			"from": [4, 7, 3],
			"to": [12, 10, 6],
			"rotation": {"angle": -45, "axis": "x", "origin": [8.5, 9.5, 4.5]},
			"faces": {
				"north": {"uv": [5.5, 2.75, 7.5, 3.5], "texture": "#0"},
				"east": {"uv": [7, 4.25, 7.75, 5], "texture": "#0"},
				"south": {"uv": [5.5, 3.5, 7.5, 4.25], "texture": "#0"},
				"west": {"uv": [7, 5, 7.75, 5.75], "texture": "#0"},
				"up": {"uv": [7, 6.25, 5, 5.5], "texture": "#0"},
				"down": {"uv": [7.75, 0, 5.75, 0.75], "texture": "#0"}
			}
		},
		{
			"from": [6.53033, 7.75, -2],
			"to": [9.53033, 10.75, 2],
			"rotation": {"angle": 45, "axis": "z", "origin": [8.53033, 9, 0.5]},
			"faces": {
				"north": {"uv": [6, 7, 6.75, 7.75], "texture": "#0"},
				"east": {"uv": [6.25, 6.25, 7.25, 7], "texture": "#0"},
				"south": {"uv": [6.75, 7, 7.5, 7.75], "texture": "#0"},
				"west": {"uv": [6.5, 0.75, 7.5, 1.5], "texture": "#0"},
				"up": {"uv": [2.75, 7.75, 2, 6.75], "texture": "#0"},
				"down": {"uv": [3.5, 6.75, 2.75, 7.75], "texture": "#0"}
			}
		},
		{
			"from": [7.5, 7.5, 1],
			"to": [8.5, 11.5, 5],
			"rotation": {"angle": -45, "axis": "x", "origin": [7.5, 12, 3]},
			"faces": {
				"north": {"uv": [1.5, 7.25, 1.75, 8.25], "texture": "#0"},
				"east": {"uv": [2, 5.75, 3, 6.75], "texture": "#0"},
				"south": {"uv": [1.75, 7.25, 2, 8.25], "texture": "#0"},
				"west": {"uv": [3, 5.75, 4, 6.75], "texture": "#0"},
				"up": {"uv": [6, 8.25, 5.75, 7.25], "texture": "#0"},
				"down": {"uv": [7.75, 2.75, 7.5, 3.75], "texture": "#0"}
			}
		},
		{
			"from": [8, 10, 4],
			"to": [8, 16, 17],
			"rotation": {"angle": 0, "axis": "y", "origin": [9, 4, 2.5]},
			"faces": {
				"north": {"uv": [0, 0, 0, 1.5], "texture": "#0"},
				"east": {"uv": [0, 0, 3.25, 1.5], "texture": "#0"},
				"south": {"uv": [0, 0, 0, 1.5], "texture": "#0"},
				"west": {"uv": [0, 1.5, 3.25, 3], "texture": "#0"},
				"up": {"uv": [0, 3.25, 0, 0], "texture": "#0"},
				"down": {"uv": [0, 0, 0, 3.25], "texture": "#0"}
			}
		},
		{
			"from": [6.49, 7.99, 12.99],
			"to": [9.51, 11.01, 16.01],
			"rotation": {"angle": 0, "axis": "y", "origin": [8, 9.5, 14]},
			"faces": {
				"north": {"uv": [0.75, 7.25, 1.5, 8], "texture": "#0"},
				"east": {"uv": [7.25, 2, 8, 2.75], "texture": "#0"},
				"south": {"uv": [4.25, 7.25, 5, 8], "texture": "#0"},
				"west": {"uv": [5, 7.25, 5.75, 8], "texture": "#0"},
				"up": {"uv": [8, 6.5, 7.25, 5.75], "texture": "#0"},
				"down": {"uv": [8.25, 0.75, 7.5, 1.5], "texture": "#0"}
			}
		}
	],
	"gui_light": "front",
	"display": {
		"thirdperson_righthand": {
			"translation": [0, 3.25, -1.5],
			"scale": [0.6, 0.6, 0.6]
		},
		"thirdperson_lefthand": {
			"translation": [0, 3.25, -1.5],
			"scale": [0.6, 0.6, 0.6]
		},
		"firstperson_righthand": {
			"rotation": [0, 15, 0],
			"translation": [0.5, 3.25, 0.75],
			"scale": [0.4, 0.4, 0.4]
		},
		"firstperson_lefthand": {
			"rotation": [0, 15, 0],
			"translation": [0.5, 3.25, 0.75],
			"scale": [0.4, 0.4, 0.4]
		},
		"ground": {
			"scale": [0.4, 0.4, 0.4]
		},
		"gui": {
			"rotation": [0, 124, 0],
			"scale": [0.8, 0.8, 0.8]
		},
		"fixed": {
			"rotation": [0, 90, 0],
			"translation": [0, 0, -0.75]
		}
	},
	"groups": [
		{
			"name": "root",
			"origin": [8, 8, 8],
			"color": 0,
			"children": [0, 1, 2, 3, 4, 5, 6, 7, 8]
		}
	]
}