{"format_version":"1.9.0","credit":"Made with Blockbench","texture_size":[64,64],"textures":{"3":"item/furniture/autumn/field_lantern"},"elements":[{"from":[2,11,2],"to":[14,13,14],"rotation":{"angle":0,"axis":"y","origin":[7,4,7]},"faces":{"north":{"uv":[8,6.5,11,7],"texture":"#3"},"east":{"uv":[8,6.5,11,7],"texture":"#3"},"south":{"uv":[8,6.5,11,7],"texture":"#3"},"west":{"uv":[8,6.5,11,7],"texture":"#3"},"up":{"uv":[3,3,0,0],"texture":"#3"},"down":{"uv":[3,3.25,0,6.25],"texture":"#3"}}},{"from":[6,13,6],"to":[10,17,10],"rotation":{"angle":0,"axis":"y","origin":[7,6,7]},"faces":{"north":{"uv":[0,9,1,10],"texture":"#3"},"east":{"uv":[0,9,1,10],"texture":"#3"},"south":{"uv":[0,9,1,10],"texture":"#3"},"west":{"uv":[0,9,1,10],"texture":"#3"},"up":{"uv":[10,1,9,0],"texture":"#3"}}},{"from":[7.5,17,7.5],"to":[8.5,22,8.5],"rotation":{"angle":0,"axis":"y","origin":[5.5,10,8.5]},"faces":{"north":{"uv":[10.25,0,10.5,1.25],"texture":"#3"},"east":{"uv":[10.25,0,10.5,1.25],"texture":"#3"},"south":{"uv":[10.25,0,10.5,1.25],"texture":"#3"},"west":{"uv":[10.25,0,10.5,1.25],"texture":"#3"},"up":{"uv":[10.5,0,10.25,0],"texture":"#3"}}},{"from":[5.75,12.55,5.75],"to":[10.25,15.05,10.25],"rotation":{"angle":0,"axis":"y","origin":[7,5.8,7]},"faces":{"north":{"uv":[3,9.5,4,10],"texture":"#3","tintindex":0},"east":{"uv":[9.5,4.75,10.5,5.25],"texture":"#3","tintindex":0},"south":{"uv":[9.5,5.5,10.5,6],"texture":"#3","tintindex":0},"west":{"uv":[4.25,9.75,5.25,10.25],"texture":"#3","tintindex":0}}},{"from":[3.75,1.75,3.75],"to":[12.25,11.25,12.25],"rotation":{"angle":0,"axis":"y","origin":[7,2,7]},"faces":{"north":{"uv":[0,6.5,2,8.75],"texture":"#3"},"east":{"uv":[0,6.5,2,8.75],"texture":"#3"},"south":{"uv":[0,6.5,2,8.75],"texture":"#3"},"west":{"uv":[0,6.5,2,8.75],"texture":"#3"}}},{"from":[12.25,11.25,12.25],"to":[3.75,1.75,3.75],"rotation":{"angle":0,"axis":"y","origin":[15,11,15]},"faces":{"north":{"uv":[2.25,7,4.25,9.25],"texture":"#3"},"east":{"uv":[2.25,7,4.25,9.25],"texture":"#3"},"south":{"uv":[2.25,7,4.25,9.25],"texture":"#3"},"west":{"uv":[2.25,7,4.25,9.25],"texture":"#3"}}},{"from":[3,0,3],"to":[13,2,13],"rotation":{"angle":0,"axis":"y","origin":[7,0,7]},"faces":{"north":{"uv":[8,7.25,10.5,7.75],"texture":"#3"},"east":{"uv":[8,7.25,10.5,7.75],"texture":"#3"},"south":{"uv":[8,7.25,10.5,7.75],"texture":"#3"},"west":{"uv":[8,7.25,10.5,7.75],"texture":"#3"},"up":{"uv":[7.75,7.5,5.25,5],"texture":"#3"},"down":{"uv":[8.75,0,6.25,2.5],"texture":"#3"}}},{"from":[5,12,10],"to":[7,19,12],"rotation":{"angle":22.5,"axis":"z","origin":[5,12,9]},"faces":{"north":{"uv":[6.5,9.25,7,11],"texture":"#3"},"east":{"uv":[7.25,9.25,7.75,11],"texture":"#3"},"south":{"uv":[9.25,9,9.75,10.75],"texture":"#3"},"west":{"uv":[2.25,9.5,2.75,11.25],"texture":"#3"},"up":{"uv":[5,7.5,4.5,7],"texture":"#3"},"down":{"uv":[6,9.75,5.5,10.25],"texture":"#3"}}},{"from":[3,12,11],"to":[6,17,11],"rotation":{"angle":45,"axis":"z","origin":[5,12,9]},"faces":{"north":{"uv":[1.25,9,2,10.25],"texture":"#3"},"south":{"uv":[2,9,1.25,10.25],"texture":"#3"}}},{"from":[10.5,17,4.79289],"to":[16.5,20,4.79289],"rotation":{"angle":-22.5,"axis":"y","origin":[11.5,18.5,4.79289]},"faces":{"north":{"uv":[8,8,9.5,8.75],"texture":"#3"},"south":{"uv":[9.5,8,8,8.75],"texture":"#3"}}},{"from":[9,13,3],"to":[13,17,7],"rotation":{"angle":-45,"axis":"y","origin":[11.5,15,5.5]},"faces":{"north":{"uv":[9,1.25,10,2.25],"texture":"#3"},"east":{"uv":[9,1.25,10,2.25],"texture":"#3"},"south":{"uv":[9,1.25,10,2.25],"texture":"#3"},"west":{"uv":[9,1.25,10,2.25],"texture":"#3"},"up":{"uv":[9,10,8,9],"texture":"#3"},"down":{"uv":[10.25,2.5,9.25,3.5],"texture":"#3"}}},{"from":[2.5,1,4],"to":[13.5,12,4],"rotation":{"angle":-45,"axis":"z","origin":[8,6.5,4]},"faces":{"north":{"uv":[3.25,0,6,2.75],"texture":"#3"}}},{"from":[2.5,1,12],"to":[13.5,12,12],"rotation":{"angle":-45,"axis":"z","origin":[8,6.5,12]},"faces":{"south":{"uv":[6,0,3.25,2.75],"texture":"#3"}}},{"from":[4,1,2.5],"to":[4,12,13.5],"rotation":{"angle":45,"axis":"x","origin":[8,6.5,8]},"faces":{"west":{"uv":[6,0,3.25,2.75],"texture":"#3"}}},{"from":[12,1,2.5],"to":[12,12,13.5],"rotation":{"angle":45,"axis":"x","origin":[8,6.5,8]},"faces":{"east":{"uv":[3.25,0,6,2.75],"texture":"#3"}}},{"from":[6.5,7,8],"to":[9.5,10,8],"rotation":{"angle":0,"axis":"y","origin":[6.5,7,7]},"faces":{"north":{"uv":[9.25,3.75,10,4.5],"texture":"#3"}}},{"from":[5.5,2,5.5],"to":[10.5,7,10.5],"rotation":{"angle":0,"axis":"y","origin":[6.5,2,7.5]},"faces":{"north":{"uv":[6.5,7.75,7.75,9],"texture":"#3"},"east":{"uv":[6.5,7.75,7.75,9],"texture":"#3"},"south":{"uv":[6.5,7.75,7.75,9],"texture":"#3"},"west":{"uv":[6.5,7.75,7.75,9],"texture":"#3"},"up":{"uv":[9.25,6.25,8,5],"texture":"#3"}}},{"from":[11.97417,8.52442,1],"to":[18.97417,8.52442,16],"rotation":{"angle":-45,"axis":"z","origin":[15.47417,8.52442,8.5]},"faces":{"up":{"uv":[5,6.75,3.25,3],"texture":"#3"},"down":{"uv":[5,6.75,3.25,3],"texture":"#3"}}},{"from":[13.63939,2.26642,0.5],"to":[13.63939,9.26642,15.5],"rotation":{"angle":22.5,"axis":"z","origin":[13.63939,5.76642,8]},"faces":{"east":{"uv":[5.25,3,9,4.75],"texture":"#3"},"west":{"uv":[9,3,5.25,4.75],"texture":"#3"}}},{"from":[-2.97417,8.52442,0],"to":[4.02583,8.52442,15],"rotation":{"angle":45,"axis":"z","origin":[0.52583,8.52442,7.5]},"faces":{"up":{"uv":[3.25,3,5,6.75],"texture":"#3"},"down":{"uv":[3.25,3,5,6.75],"texture":"#3"}}},{"from":[2.36061,2.26642,0.5],"to":[2.36061,9.26642,15.5],"rotation":{"angle":-22.5,"axis":"z","origin":[2.36061,5.76642,8]},"faces":{"east":{"uv":[9,3,5.25,4.75],"texture":"#3"},"west":{"uv":[5.25,3,9,4.75],"texture":"#3"}}},{"from":[3,-6,8],"to":[13,0,8],"rotation":{"angle":45,"axis":"y","origin":[8,-3,8]},"faces":{"north":{"uv":[3,10.5,5.5,12],"texture":"#3"},"south":{"uv":[3,10.5,5.5,12],"texture":"#3"}}},{"from":[8,-6,3],"to":[8,0,13],"rotation":{"angle":45,"axis":"y","origin":[8,-3,8]},"faces":{"east":{"uv":[3,10.5,5.5,12],"texture":"#3"},"west":{"uv":[3,10.5,5.5,12],"texture":"#3"}}}],"gui_light":"front","display":{"thirdperson_righthand":{"rotation":[75,45,0],"translation":[0,2.5,0],"scale":[0.375,0.375,0.375]},"thirdperson_lefthand":{"rotation":[75,45,0],"translation":[0,2.5,0],"scale":[0.375,0.375,0.375]},"firstperson_righthand":{"rotation":[0,120,0],"scale":[0.4,0.4,0.4]},"firstperson_lefthand":{"rotation":[0,120,0],"scale":[0.4,0.4,0.4]},"ground":{"translation":[0,6,0],"scale":[0.5,0.5,0.5]},"gui":{"rotation":[30,150,0],"scale":[0.6,0.6,0.6]},"fixed":{"rotation":[90,0,0],"translation":[0,0,-28],"scale":[2,2,2]}},"groups":[{"name":"group","origin":[8,7.5,4.1],"color":0,"children":[{"name":"group","origin":[8,14.5,8],"color":0,"children":[{"name":"group","origin":[8,14.5,8],"color":0,"children":[0,1,2,3]},4,5,6,{"name":"group","origin":[8,8,8],"color":0,"children":[7,8,9,10]},{"name":"group","origin":[8,6.5,8],"color":0,"children":[11,12,13,14]},{"name":"group","origin":[6.5,2,7.5],"color":0,"children":[15,16]},{"name":"group","origin":[8,0.65968,8],"color":0,"children":[{"name":"group","origin":[-0.83939,2.96642,8],"color":0,"children":[17,18]},{"name":"group","origin":[-0.83939,2.96642,8],"color":0,"children":[19,20]},{"name":"group","origin":[8,8,8],"color":0,"children":[21,22]}]}]}]}],"mcmodels":"d02e3da439cfe6527e715facf545a997"}