{"credit":"MadewithBlockbench","texture_size":[128,128],"textures":{"0":"item/crates/ocean/seaturtle_texture_01","1":"item/crates/ocean/seaturtle_animation_01","2":"item/crates/ocean/seaturtle_animation_02","3":"item/crates/ocean/seaturtle_animation_03","particle":"item/crates/ocean/seaturtle_texture_01"},"elements":[{"from":[7,0,6.5],"to":[9,2,9.5],"rotation":{"angle":0,"axis":"y","origin":[0,-1,0]},"faces":{"north":{"uv":[0.75,2.875,1,3.125],"texture":"#0"},"east":{"uv":[1.375,2.75,1,3],"texture":"#0"},"south":{"uv":[0.75,2.875,1,3.125],"texture":"#0"},"west":{"uv":[1,2.75,1.375,3],"texture":"#0"},"up":{"uv":[2.5,1.625,2.75,2],"texture":"#0"},"down":{"uv":[2.5,1.625,2.75,2],"texture":"#0"}}},{"from":[7,-9,6.5],"to":[9,-7,9.5],"rotation":{"angle":0,"axis":"y","origin":[0,-1,0]},"faces":{"north":{"uv":[0.75,2.875,1,3.125],"texture":"#0"},"east":{"uv":[1.375,2.75,1,3],"texture":"#0"},"south":{"uv":[0.75,2.875,1,3.125],"texture":"#0"},"west":{"uv":[1,2.75,1.375,3],"texture":"#0"},"up":{"uv":[2.5,1.625,2.75,2],"texture":"#0"},"down":{"uv":[2.5,1.625,2.75,2],"texture":"#0"}}},{"from":[7,-2.1,6.5],"to":[9,-0.6,8.5],"rotation":{"angle":0,"axis":"y","origin":[0,-1,0]},"faces":{"north":{"uv":[2.75,1.25,3,1.4375],"texture":"#0"},"east":{"uv":[3,1.4375,2.75,1.625],"texture":"#0"},"south":{"uv":[2.75,1.25,3,1.4375],"texture":"#0"},"west":{"uv":[2.75,1.4375,3,1.625],"texture":"#0"},"up":{"uv":[2.75,1.625,3,1.875],"texture":"#0"},"down":{"uv":[2.75,1.875,3,1.625],"texture":"#0"}}},{"from":[7,-4.2,6.5],"to":[9,-2.7,8.5],"rotation":{"angle":0,"axis":"y","origin":[0,-1,0]},"faces":{"north":{"uv":[2.75,1.25,3,1.4375],"texture":"#0"},"east":{"uv":[3,1.4375,2.75,1.625],"texture":"#0"},"south":{"uv":[2.75,1.25,3,1.4375],"texture":"#0"},"west":{"uv":[2.75,1.4375,3,1.625],"texture":"#0"},"up":{"uv":[2.75,1.625,3,1.875],"texture":"#0"},"down":{"uv":[2.75,1.875,3,1.625],"texture":"#0"}}},{"from":[7.9,8,15.5],"to":[7.9,13,20.5],"rotation":{"angle":-45,"axis":"x","origin":[0,-1,0]},"faces":{"north":{"uv":[0,0,0,6],"texture":"#missing"},"east":{"uv":[1,15.375,1.625,16],"texture":"#0"},"south":{"uv":[0,0,0,6],"texture":"#missing"},"west":{"uv":[1.625,15.375,1,16],"texture":"#0"},"up":{"uv":[0,0,0,5],"texture":"#missing"},"down":{"uv":[0,0,0,5],"texture":"#missing"}}},{"from":[7,18,13],"to":[7,22,18],"faces":{"east":{"uv":[9,2,4,6],"texture":"#3"},"west":{"uv":[4,2,9,6],"texture":"#3"}}},{"from":[9,15,10],"to":[9,19,15],"rotation":{"angle":0,"axis":"y","origin":[16,0,0]},"faces":{"east":{"uv":[9,2,4,6],"texture":"#3"},"west":{"uv":[4,2,9,6],"texture":"#3"}}},{"from":[5.8,12,4.2],"to":[5.8,17.5,9.2],"rotation":{"angle":-22.5,"axis":"y","origin":[6.3,14.75,7.9]},"faces":{"east":{"uv":[10,0,0,11],"texture":"#2"},"west":{"uv":[10,0,0,11],"texture":"#2"}}},{"from":[7,10,-2],"to":[7,16,7],"rotation":{"angle":0,"axis":"y","origin":[0,0,16]},"faces":{"east":{"uv":[0,0,9,6],"texture":"#3"},"west":{"uv":[9,0,0,6],"texture":"#3"}}},{"from":[7,-6.3,6.5],"to":[9,-4.8,8.5],"rotation":{"angle":0,"axis":"y","origin":[0,-1,0]},"faces":{"north":{"uv":[2.75,1.25,3,1.4375],"texture":"#0"},"east":{"uv":[3,1.4375,2.75,1.625],"texture":"#0"},"south":{"uv":[2.75,1.25,3,1.4375],"texture":"#0"},"west":{"uv":[2.75,1.4375,3,1.625],"texture":"#0"},"up":{"uv":[2.75,1.625,3,1.875],"texture":"#0"},"down":{"uv":[2.75,1.875,3,1.625],"texture":"#0"}}},{"from":[7.25,-10,7],"to":[8.75,-9,9],"rotation":{"angle":0,"axis":"y","origin":[0,-1,0]},"faces":{"north":{"uv":[2.75,1.875,2.9375,2],"texture":"#0"},"east":{"uv":[2.25,2.125,2.5,2.25],"texture":"#0"},"south":{"uv":[2.75,1.875,2.9375,2],"texture":"#0"},"west":{"uv":[2.25,2.125,2.5,2.25],"texture":"#0"},"up":{"uv":[2.5,2,2.6875,2.25],"texture":"#0"},"down":{"uv":[2.5,2,2.6875,2.25],"texture":"#0"}}},{"from":[6.5,17.5,7],"to":[9.5,20,9.5],"rotation":{"angle":45,"axis":"x","origin":[8,19,8]},"faces":{"north":{"uv":[1.3125,3,1.6875,3.3125],"texture":"#0"},"east":{"uv":[1.3125,3,1,3.3125],"texture":"#0"},"south":{"uv":[1.3125,3,1.6875,3.3125],"texture":"#0"},"west":{"uv":[1,3,1.3125,3.3125],"texture":"#0"},"up":{"uv":[1.6875,3,2.0625,3.3125],"texture":"#0"},"down":{"uv":[1.6875,3,2.0625,3.3125],"texture":"#0"}}},{"from":[7.25,16.64645,6],"to":[8.75,20.64645,10],"rotation":{"angle":45,"axis":"x","origin":[8,18.64645,8]},"faces":{"north":{"uv":[2.75,2.25,2.9375,2.75],"texture":"#0"},"east":{"uv":[2.25,2.25,2.75,2.75],"texture":"#0"},"south":{"uv":[2.75,2.25,2.9375,2.75],"texture":"#0"},"west":{"uv":[2.25,2.25,2.75,2.75],"texture":"#0"},"up":{"uv":[2.9375,2.25,3.125,2.75],"texture":"#0"},"down":{"uv":[2.9375,2.25,3.125,2.75],"texture":"#0"}}},{"from":[7.5,2,7],"to":[8.5,12,9],"rotation":{"angle":0,"axis":"y","origin":[0,-1,0]},"faces":{"north":{"uv":[3,0,3.125,1.25],"texture":"#0"},"east":{"uv":[2.75,0,3,1.25],"texture":"#0"},"south":{"uv":[3,0,3.125,1.25],"texture":"#0"},"west":{"uv":[2.75,0,3,1.25],"texture":"#0"},"up":{"uv":[3,0,3.125,0.25],"texture":"#0"},"down":{"uv":[3,0,3.125,0.25],"texture":"#0"}}},{"from":[7.2,-7,7],"to":[8.8,0,9],"rotation":{"angle":0,"axis":"y","origin":[0,-1,0]},"faces":{"north":{"uv":[2.75,0,2.95,0.875],"texture":"#0"},"east":{"uv":[2.75,0,3,0.875],"texture":"#0"},"south":{"uv":[2.75,0,2.95,0.875],"texture":"#0"},"west":{"uv":[2.75,0,3,0.875],"texture":"#0"},"up":{"uv":[2.75,0,2.95,0.25],"texture":"#0"},"down":{"uv":[2.75,0,2.95,0.25],"texture":"#0"}}},{"from":[6,11,6],"to":[10,12,10],"rotation":{"angle":0,"axis":"y","origin":[8,8.75,9.75]},"faces":{"north":{"uv":[2.75,0,2.625,0.5],"rotation":270,"texture":"#0"},"east":{"uv":[1.5,1.625,2,1.5],"rotation":180,"texture":"#0"},"south":{"uv":[2.625,0,2.75,0.5],"rotation":90,"texture":"#0"},"west":{"uv":[1.5,1.625,2,1.5],"texture":"#0"},"up":{"uv":[2,0,1.5,0.5],"rotation":90,"texture":"#0"},"down":{"uv":[2,0,1.5,0.5],"rotation":90,"texture":"#0"}}},{"from":[6.5,12,6.5],"to":[9.5,15,9.6],"rotation":{"angle":0,"axis":"y","origin":[8,8.75,9.75]},"faces":{"north":{"uv":[1.5,0.5625,1.125,0.9375],"rotation":270,"texture":"#0"},"east":{"uv":[0.1875,1.875,0.575,1.5],"rotation":180,"texture":"#0"},"south":{"uv":[1.125,0.5625,1.5,0.9375],"rotation":90,"texture":"#0"},"west":{"uv":[0.1875,1.5,0.575,1.875],"texture":"#0"},"up":{"uv":[0.575,0.0625,0.1875,0.4375],"rotation":90,"texture":"#0"},"down":{"uv":[0.3875,0,0,0.375],"rotation":90,"texture":"#0"}}},{"from":[7.3,2,4.5],"to":[7.3,10,12.5],"rotation":{"angle":0,"axis":"y","origin":[0,-1,0]},"faces":{"north":{"uv":[0,0,0,6],"texture":"#missing"},"east":{"uv":[0,15,1,16],"texture":"#0"},"south":{"uv":[0,0,0,6],"texture":"#missing"},"west":{"uv":[1,15,0,16],"texture":"#0"},"up":{"uv":[0,0,0,5],"texture":"#missing"},"down":{"uv":[0,0,0,5],"texture":"#missing"}}},{"from":[7.2,1,4.5],"to":[7.2,6,9.5],"rotation":{"angle":0,"axis":"y","origin":[0,-1,0]},"faces":{"north":{"uv":[0,0,0,6],"texture":"#missing"},"east":{"uv":[1,15.375,1.625,16],"texture":"#0"},"south":{"uv":[0,0,0,6],"texture":"#missing"},"west":{"uv":[1.625,15.375,1,16],"texture":"#0"},"up":{"uv":[0,0,0,5],"texture":"#missing"},"down":{"uv":[0,0,0,5],"texture":"#missing"}}},{"from":[8,-16,5],"to":[8,-10,11],"rotation":{"angle":0,"axis":"y","origin":[8,-13,8]},"faces":{"north":{"uv":[0,0,0,6],"texture":"#missing"},"east":{"uv":[1,14.625,1.75,15.375],"texture":"#0"},"south":{"uv":[0,0,0,6],"texture":"#missing"},"west":{"uv":[1.75,14.625,1,15.375],"texture":"#0"},"up":{"uv":[0,0,0,5],"texture":"#missing"},"down":{"uv":[0,0,0,5],"texture":"#missing"}}},{"from":[8.8,1,2.5],"to":[8.8,10,10.5],"rotation":{"angle":0,"axis":"y","origin":[0,-1,0]},"faces":{"north":{"uv":[0,0,0,6],"texture":"#missing"},"east":{"uv":[2.8125,14.875,1.8125,16],"texture":"#0"},"south":{"uv":[0,0,0,6],"texture":"#missing"},"west":{"uv":[1.8125,14.875,2.8125,16],"texture":"#0"},"up":{"uv":[0,0,0,5],"texture":"#missing"},"down":{"uv":[0,0,0,5],"texture":"#missing"}}},{"from":[8,-14,1],"to":[8,-3,7],"faces":{"north":{"uv":[0,0,0,11],"texture":"#1"},"east":{"uv":[6,0,0,11],"texture":"#1"},"south":{"uv":[0,0,0,11],"texture":"#1"},"west":{"uv":[0,0,6,11],"texture":"#1"},"up":{"uv":[0,6,0,0],"texture":"#1"},"down":{"uv":[0,0,0,6],"texture":"#1"}}},{"from":[8,4,-14],"to":[8,26,2],"rotation":{"angle":22.5,"axis":"x","origin":[0,0,0]},"faces":{"north":{"uv":[0,0,0,2],"texture":"#missing"},"east":{"uv":[13.5,0,11.5,2.75],"texture":"#0"},"south":{"uv":[0,0,0,2],"texture":"#missing"},"west":{"uv":[11.5,0,13.5,2.75],"texture":"#0"},"up":{"uv":[0,0,0,2],"texture":"#missing"},"down":{"uv":[0,0,0,2],"texture":"#missing"}}},{"from":[8,4,14],"to":[8,26,30],"rotation":{"angle":-22.5,"axis":"x","origin":[0,0,16]},"faces":{"north":{"uv":[0,0,0,2],"texture":"#missing"},"east":{"uv":[11.5,0,13.5,2.75],"texture":"#0"},"south":{"uv":[0,0,0,2],"texture":"#missing"},"west":{"uv":[13.5,0,11.5,2.75],"texture":"#0"},"up":{"uv":[0,2,0,0],"texture":"#missing"},"down":{"uv":[0,2,0,0],"texture":"#missing"}}},{"from":[4,13.2,20],"to":[8,13.2,24],"rotation":{"angle":22.5,"axis":"z","origin":[4,17.1,19]},"faces":{"north":{"uv":[0,0,4,0],"texture":"#missing"},"east":{"uv":[0,0,4,0],"texture":"#missing"},"south":{"uv":[0,0,4,0],"texture":"#missing"},"west":{"uv":[0.6875,13.5,1.1875,13.5],"texture":"#0"},"up":{"uv":[0,14.3125,0.5,14.8125],"texture":"#0"},"down":{"uv":[0,14.3125,0.5,14.8125],"texture":"#0"}}},{"from":[7.6,12,-1.5],"to":[7.6,21,6.5],"rotation":{"angle":-22.5,"axis":"x","origin":[7.6,22.5,4.5]},"faces":{"north":{"uv":[0,0,0,6],"texture":"#missing"},"east":{"uv":[2.8125,14.875,1.8125,16],"texture":"#0"},"south":{"uv":[0,0,0,6],"texture":"#missing"},"west":{"uv":[1.8125,14.875,2.8125,16],"texture":"#0"},"up":{"uv":[0,0,0,5],"texture":"#missing"},"down":{"uv":[0,0,0,5],"texture":"#missing"}}},{"from":[5,14.2,21],"to":[9,14.2,25],"rotation":{"angle":22.5,"axis":"z","origin":[4,17.1,19]},"faces":{"north":{"uv":[0,0,4,0],"texture":"#missing"},"east":{"uv":[0,0,4,0],"texture":"#missing"},"south":{"uv":[0,0,4,0],"texture":"#missing"},"west":{"uv":[0.6875,13.5,1.1875,13.5],"texture":"#0"},"up":{"uv":[0,14.3125,0.5,14.8125],"texture":"#0"},"down":{"uv":[0,14.3125,0.5,14.8125],"texture":"#0"}}},{"from":[8.4,20,4],"to":[8.4,27,11],"faces":{"north":{"uv":[0,0,0,7],"texture":"#missing"},"east":{"uv":[5.0625,15.125,4.1875,16],"texture":"#0"},"south":{"uv":[0,0,0,7],"texture":"#missing"},"west":{"uv":[4.1875,15.125,5.0625,16],"texture":"#0"},"up":{"uv":[0,0,0,7],"texture":"#missing"},"down":{"uv":[0,0,0,7],"texture":"#missing"}}},{"from":[7.3,21,-3.5],"to":[7.3,29,4.5],"rotation":{"angle":22.5,"axis":"x","origin":[0,-1,0]},"faces":{"north":{"uv":[0,0,0,6],"texture":"#missing"},"east":{"uv":[0,15,1,16],"texture":"#0"},"south":{"uv":[0,0,0,6],"texture":"#missing"},"west":{"uv":[1,15,0,16],"texture":"#0"},"up":{"uv":[0,0,0,5],"texture":"#missing"},"down":{"uv":[0,0,0,5],"texture":"#missing"}}},{"from":[10,19,5],"to":[10,30,11],"rotation":{"angle":0,"axis":"y","origin":[16,0,0]},"faces":{"north":{"uv":[0,0,0,11],"texture":"#1"},"east":{"uv":[6,0,0,11],"texture":"#1"},"south":{"uv":[0,0,0,11],"texture":"#1"},"west":{"uv":[0,0,6,11],"texture":"#1"},"up":{"uv":[0,6,0,0],"texture":"#1"},"down":{"uv":[0,0,0,6],"texture":"#1"}}},{"from":[6,19,5],"to":[6,30,11],"faces":{"north":{"uv":[0,0,0,11],"texture":"#1"},"east":{"uv":[6,0,0,11],"texture":"#1"},"south":{"uv":[0,0,0,11],"texture":"#1"},"west":{"uv":[0,0,6,11],"texture":"#1"},"up":{"uv":[0,6,0,0],"texture":"#1"},"down":{"uv":[0,0,0,6],"texture":"#1"}}},{"from":[7,16.2,8],"to":[7,20.2,12],"rotation":{"angle":0,"axis":"y","origin":[5,16.2,10]},"faces":{"north":{"uv":[0,0,4,0],"rotation":90,"texture":"#missing"},"east":{"uv":[0.5,14.3125,0,14.8125],"rotation":270,"texture":"#0"},"south":{"uv":[0,0,4,0],"rotation":270,"texture":"#missing"},"west":{"uv":[0.5,14.8125,0,14.3125],"rotation":270,"texture":"#0"},"up":{"uv":[0,0,4,0],"rotation":270,"texture":"#missing"},"down":{"uv":[0.6875,13.5,1.1875,13.5],"rotation":270,"texture":"#0"}}},{"from":[7.5,14.7,5],"to":[7.5,19.7,10],"rotation":{"angle":0,"axis":"y","origin":[1.5,17.2,6.5]},"faces":{"north":{"uv":[0.6875,13.5,1.1875,13.5],"rotation":90,"texture":"#0"},"east":{"uv":[0.625,14.25,0,13.625],"rotation":180,"texture":"#0"},"south":{"uv":[0,0,4,0],"rotation":270,"texture":"#missing"},"west":{"uv":[0.625,13.625,0,14.25],"texture":"#0"},"up":{"uv":[0,0,4,0],"rotation":270,"texture":"#missing"},"down":{"uv":[0,0,4,0],"rotation":270,"texture":"#missing"}}},{"from":[9,17.2,4],"to":[9,21.2,8],"rotation":{"angle":0,"axis":"y","origin":[5,16.2,6]},"faces":{"north":{"uv":[0,0,4,0],"rotation":270,"texture":"#missing"},"east":{"uv":[0.5,14.8125,0,14.3125],"rotation":270,"texture":"#0"},"south":{"uv":[0,0,4,0],"rotation":90,"texture":"#missing"},"west":{"uv":[0.5,14.3125,0,14.8125],"rotation":270,"texture":"#0"},"up":{"uv":[4,0,0,0],"rotation":270,"texture":"#missing"},"down":{"uv":[1.1875,13.5,0.6875,13.5],"rotation":270,"texture":"#0"}}},{"from":[13,16.8,-9],"to":[18,16.8,-4],"rotation":{"angle":22.5,"axis":"z","origin":[11.5,-2,-3]},"faces":{"north":{"uv":[0,0,4,0],"texture":"#missing"},"east":{"uv":[0,0,4,0],"texture":"#missing"},"south":{"uv":[0,0,4,0],"texture":"#missing"},"west":{"uv":[0.6875,13.5,1.1875,13.5],"texture":"#0"},"up":{"uv":[0.625,13.625,0,14.25],"texture":"#0"},"down":{"uv":[0.625,14.25,0,13.625],"texture":"#0"}}},{"from":[15,17.8,-8],"to":[20,17.8,-3],"rotation":{"angle":22.5,"axis":"z","origin":[11.5,-2,-3]},"faces":{"north":{"uv":[0.6875,13.5,1.1875,13.5],"texture":"#0"},"east":{"uv":[0,0,4,0],"texture":"#missing"},"south":{"uv":[0,0,4,0],"texture":"#missing"},"west":{"uv":[0,0,4,0],"texture":"#missing"},"up":{"uv":[0.625,14.25,0,13.625],"rotation":270,"texture":"#0"},"down":{"uv":[0.625,13.625,0,14.25],"rotation":90,"texture":"#0"}}},{"from":[14,18.8,-9],"to":[19,18.8,-4],"rotation":{"angle":22.5,"axis":"z","origin":[11.5,-2,-3]},"faces":{"north":{"uv":[0,0,4,0],"texture":"#missing"},"east":{"uv":[0,0,4,0],"texture":"#missing"},"south":{"uv":[0,0,4,0],"texture":"#missing"},"west":{"uv":[0.6875,13.5,1.1875,13.5],"texture":"#0"},"up":{"uv":[0.625,13.625,0,14.25],"texture":"#0"},"down":{"uv":[0.625,14.25,0,13.625],"texture":"#0"}}}],"gui_light":"front","display":{"thirdperson_righthand":{"translation":[0,4.9,1.5],"scale":[0.6,0.6,0.6]},"thirdperson_lefthand":{"translation":[0,4.9,1.5],"scale":[0.6,0.6,0.6]},"firstperson_righthand":{"rotation":[6,0,0],"translation":[1.75,5.5,2.25],"scale":[0.3125,0.3125,0.3125]},"firstperson_lefthand":{"rotation":[6,0,0],"translation":[1.75,5.5,2.25],"scale":[0.3125,0.3125,0.3125]},"ground":{"rotation":[-45,0,0],"translation":[0,9,0],"scale":[0.4,0.4,0.4]},"gui":{"rotation":[-90,-45,-90],"translation":[-0.5,-0.55,-1.5],"scale":[0.39063,0.39063,0.39063]},"head":{"scale":[0,0,0]},"fixed":{"rotation":[-90,-90,-90],"translation":[0,5.25,-2],"scale":[1.3,1.3,1.3]}},"mcmodels":"a829502a9c27af5a1fa25c86dd639713"}