{"credit":"Made with Blockbench","texture_size":[128,128],"textures":{"1":"item/furniture/basic/mangrove","particle":"item/furniture/basic/mangrove"},"elements":[{"from":[20,7.5,11],"to":[22,15.5,13],"rotation":{"angle":0,"axis":"y","origin":[21,11.5,12]},"faces":{"north":{"uv":[8.375,13.875,8.5,14.375],"texture":"#1"},"east":{"uv":[8.5625,13.875,8.6875,14.375],"texture":"#1"},"south":{"uv":[8.75,13.875,8.875,14.375],"texture":"#1"},"west":{"uv":[8.9375,13.875,9.0625,14.375],"texture":"#1"},"up":{"uv":[14.6875,9.1875,14.5625,9.0625],"texture":"#1"},"down":{"uv":[14.6875,11.5,14.5625,11.625],"texture":"#1"}}},{"from":[-6.5,0,3],"to":[-4.5,6,5],"rotation":{"angle":0,"axis":"y","origin":[-5.5,3,4]},"faces":{"north":{"uv":[5.9375,14,6.0625,14.375],"texture":"#1"},"east":{"uv":[9.5625,14,9.6875,14.375],"texture":"#1"},"south":{"uv":[9.75,14,9.875,14.375],"texture":"#1"},"west":{"uv":[9.9375,14,10.0625,14.375],"texture":"#1"},"up":{"uv":[1.75,14.75,1.625,14.625],"texture":"#1"},"down":{"uv":[1.9375,14.625,1.8125,14.75],"texture":"#1"}}},{"from":[-6.5,0,11],"to":[-4.5,6,13],"rotation":{"angle":0,"axis":"y","origin":[-5.5,3,12]},"faces":{"north":{"uv":[12.625,14,12.75,14.375],"texture":"#1"},"east":{"uv":[14,13.375,14.125,13.75],"texture":"#1"},"south":{"uv":[0.1875,14.0625,0.3125,14.4375],"texture":"#1"},"west":{"uv":[0.375,14.0625,0.5,14.4375],"texture":"#1"},"up":{"uv":[14.75,2.125,14.625,2],"texture":"#1"},"down":{"uv":[14.75,2.8125,14.625,2.9375],"texture":"#1"}}},{"from":[20.5,0,11],"to":[22.5,6,13],"rotation":{"angle":0,"axis":"y","origin":[21.5,3,12]},"faces":{"north":{"uv":[14.0625,1.3125,14.1875,1.6875],"texture":"#1"},"east":{"uv":[1.4375,14.0625,1.5625,14.4375],"texture":"#1"},"south":{"uv":[2.25,14.0625,2.375,14.4375],"texture":"#1"},"west":{"uv":[3.1875,14.0625,3.3125,14.4375],"texture":"#1"},"up":{"uv":[3,14.75,2.875,14.625],"texture":"#1"},"down":{"uv":[14.75,3,14.625,3.125],"texture":"#1"}}},{"from":[-6,7.5,11],"to":[-4,15.5,13],"rotation":{"angle":0,"axis":"y","origin":[-5,11.5,12]},"faces":{"north":{"uv":[9.125,13.875,9.25,14.375],"texture":"#1"},"east":{"uv":[13.875,10,14,10.5],"texture":"#1"},"south":{"uv":[10.3125,13.875,10.4375,14.375],"texture":"#1"},"west":{"uv":[13.875,10.5625,14,11.0625],"texture":"#1"},"up":{"uv":[3.625,14.75,3.5,14.625],"texture":"#1"},"down":{"uv":[3.8125,14.625,3.6875,14.75],"texture":"#1"}}},{"from":[1,7,12],"to":[15,16,12.05],"rotation":{"angle":0,"axis":"y","origin":[8,11.5,13]},"faces":{"north":{"uv":[0,9.5,0.875,10.0625],"texture":"#1"},"east":{"uv":[7.8125,1.375,7.875,1.9375],"texture":"#1"},"south":{"uv":[9.6875,0.8125,10.5625,1.375],"texture":"#1"},"west":{"uv":[7.3125,10.1875,7.375,10.75],"texture":"#1"},"up":{"uv":[10.1875,6.875,9.3125,6.8125],"texture":"#1"},"down":{"uv":[14.625,4.25,13.75,4.3125],"texture":"#1"}}},{"from":[-6.55,14.95,10.95],"to":[22.55,17.05,13.05],"rotation":{"angle":0,"axis":"y","origin":[8,16,12]},"faces":{"north":{"uv":[11.5,2.0625,13.3125,2.1875],"texture":"#1"},"east":{"uv":[3.875,14.625,4,14.75],"texture":"#1"},"south":{"uv":[11.5,2.25,13.3125,2.375],"texture":"#1"},"west":{"uv":[5.0625,14.625,5.1875,14.75],"texture":"#1"},"up":{"uv":[13.3125,5.3125,11.5,5.1875],"texture":"#1"},"down":{"uv":[13.3125,5.375,11.5,5.5],"texture":"#1"}}},{"from":[-7,6,2.5],"to":[23,8,13.05],"rotation":{"angle":0,"axis":"y","origin":[8,7,7.75]},"faces":{"north":{"uv":[11.375,3,13.25,3.125],"texture":"#1"},"east":{"uv":[13.25,11.25,13.9375,11.375],"texture":"#1"},"south":{"uv":[11.375,3.1875,13.25,3.3125],"texture":"#1"},"west":{"uv":[13.3125,1.375,14,1.5],"texture":"#1"},"up":{"uv":[6.5625,7.125,4.6875,6.4375],"texture":"#1"},"down":{"uv":[2.9375,6.5,1.0625,7.1875],"texture":"#1"}}},{"from":[20.5,0,3],"to":[22.5,6,5],"rotation":{"angle":0,"axis":"y","origin":[21.5,3,4]},"faces":{"north":{"uv":[3.375,14.0625,3.5,14.4375],"texture":"#1"},"east":{"uv":[14.0625,3.8125,14.1875,4.1875],"texture":"#1"},"south":{"uv":[4.375,14.0625,4.5,14.4375],"texture":"#1"},"west":{"uv":[4.5625,14.0625,4.6875,14.4375],"texture":"#1"},"up":{"uv":[6.5625,14.75,6.4375,14.625],"texture":"#1"},"down":{"uv":[7.25,14.625,7.125,14.75],"texture":"#1"}}}],"gui_light":"front","display":{"thirdperson_righthand":{"rotation":[75,45,0],"translation":[0,2.5,0],"scale":[0.375,0.375,0.375]},"thirdperson_lefthand":{"rotation":[75,45,0],"translation":[0,2.5,0],"scale":[0.375,0.375,0.375]},"firstperson_righthand":{"rotation":[0,120,0],"scale":[0.4,0.4,0.4]},"firstperson_lefthand":{"rotation":[0,120,0],"scale":[0.4,0.4,0.4]},"ground":{"translation":[0,2,0],"scale":[0.5,0.5,0.5]},"gui":{"rotation":[15,150,0],"translation":[0,-1,0],"scale":[0.45,0.45,0.45]},"fixed":{"rotation":[-90,0,0],"translation":[-16,0,-16],"scale":[2,2,2]}},"groups":[{"name":"group","origin":[15.5,3,-11],"color":0,"children":[0,1,2,3,4,5,6,7,8]}],"mcmodels":"175f334c99c447e9681cb9b03b4ab6a6"}