{"format_version":"1.21.6","credit":"Made with Blockbench","texture_size":[64,64],"textures":{"2":"item/furniture/autumn/field_chair"},"elements":[{"from":[1.5,6,1.5],"to":[14.5,9,14.5],"rotation":{"angle":0,"axis":"y","origin":[8,7.5,8]},"faces":{"north":{"uv":[0,7,3.25,7.75],"texture":"#2"},"east":{"uv":[7,0,10.25,0.75],"texture":"#2"},"south":{"uv":[7,1,10.25,1.75],"texture":"#2"},"west":{"uv":[7,2,10.25,2.75],"texture":"#2"},"up":{"uv":[3.25,3.25,0,0],"texture":"#2"},"down":{"uv":[3.25,3.5,0,6.75],"texture":"#2"}}},{"from":[14.5,6,11.5],"to":[15.5,9,14.5],"rotation":{"angle":0,"axis":"y","origin":[10.5,6,7.5]},"faces":{"north":{"uv":[3,8,3.25,8.75],"texture":"#2"},"east":{"uv":[8.5,3,9.25,3.75],"texture":"#2"},"south":{"uv":[8.5,5,8.75,5.75],"texture":"#2"},"up":{"uv":[8.75,6.75,8.5,6],"texture":"#2"},"down":{"uv":[8.75,7,8.5,7.75],"texture":"#2"}}},{"from":[0.5,6,4.5],"to":[1.5,9,7.5],"rotation":{"angle":0,"axis":"y","origin":[5.5,6,0.5]},"faces":{"north":{"uv":[8.5,8,8.75,8.75],"texture":"#2"},"south":{"uv":[2,9,2.25,9.75],"texture":"#2"},"west":{"uv":[8.5,4,9.25,4.75],"texture":"#2"},"up":{"uv":[2.75,9.75,2.5,9],"texture":"#2"},"down":{"uv":[3.25,9,3,9.75],"texture":"#2"}}},{"from":[0.5,17.52442,4.52583],"to":[15.5,17.52442,11.52583],"rotation":{"angle":-45,"axis":"x","origin":[8,17.52442,8.02583]},"faces":{"up":{"uv":[7.25,3.5,3.5,5.25],"texture":"#2"},"down":{"uv":[7.25,5.25,3.5,3.5],"texture":"#2"}}},{"from":[0.5,10.26642,9.16061],"to":[15.5,17.26642,9.16061],"rotation":{"angle":22.5,"axis":"x","origin":[8,13.76642,9.16061]},"faces":{"north":{"uv":[3.5,5.5,7.25,7.25],"texture":"#2"},"south":{"uv":[3.5,5.5,7.25,7.25],"texture":"#2"}}},{"from":[0.5,-0.73358,14.83939],"to":[15.5,6.26642,14.83939],"rotation":{"angle":-22.5,"axis":"x","origin":[8,2.76642,14.83939]},"faces":{"north":{"uv":[7.25,5.5,3.5,7.25],"texture":"#2"},"south":{"uv":[3.5,5.5,7.25,7.25],"texture":"#2"}}},{"from":[10.5,0,10.5],"to":[13.5,6,13.5],"rotation":{"angle":0,"axis":"y","origin":[13.5,0,10.5]},"faces":{"north":{"uv":[7.5,6.25,8.25,7.75],"texture":"#2"},"east":{"uv":[6.5,7.5,7.25,9],"texture":"#2"},"south":{"uv":[0,8,0.75,9.5],"texture":"#2"},"west":{"uv":[1,8,1.75,9.5],"texture":"#2"},"down":{"uv":[8.25,8,7.5,8.75],"texture":"#2"}}},{"from":[2.5,0,10.5],"to":[5.5,6,13.5],"rotation":{"angle":0,"axis":"y","origin":[2.5,0,10.5]},"faces":{"north":{"uv":[8.25,6.25,7.5,7.75],"texture":"#2"},"east":{"uv":[1.75,8,1,9.5],"texture":"#2"},"south":{"uv":[0.75,8,0,9.5],"texture":"#2"},"west":{"uv":[7.25,7.5,6.5,9],"texture":"#2"},"down":{"uv":[7.5,8,8.25,8.75],"texture":"#2"}}},{"from":[2.5,0,2.5],"to":[5.5,6,5.5],"rotation":{"angle":0,"axis":"y","origin":[2.5,0,2.5]},"faces":{"north":{"uv":[8.25,6.25,7.5,7.75],"texture":"#2"},"east":{"uv":[1.75,8,1,9.5],"texture":"#2"},"south":{"uv":[0.75,8,0,9.5],"texture":"#2"},"west":{"uv":[7.25,7.5,6.5,9],"texture":"#2"},"down":{"uv":[7.5,8,8.25,8.75],"texture":"#2"}}},{"from":[10.5,0,2.5],"to":[13.5,6,5.5],"rotation":{"angle":0,"axis":"y","origin":[13.5,0,2.5]},"faces":{"north":{"uv":[7.5,6.25,8.25,7.75],"texture":"#2"},"east":{"uv":[6.5,7.5,7.25,9],"texture":"#2"},"south":{"uv":[0,8,0.75,9.5],"texture":"#2"},"west":{"uv":[1,8,1.75,9.5],"texture":"#2"},"down":{"uv":[8.25,8,7.5,8.75],"texture":"#2"}}},{"from":[11.5,9,10.5],"to":[14.5,21,13.5],"rotation":{"angle":0,"axis":"y","origin":[7.5,9,5.5]},"faces":{"north":{"uv":[7.5,3,8.25,6],"texture":"#2"},"east":{"uv":[3.5,7.5,4.25,10.5],"texture":"#2"},"south":{"uv":[4.5,7.5,5.25,10.5],"texture":"#2"},"west":{"uv":[5.5,7.5,6.25,10.5],"texture":"#2"},"up":{"uv":[2.75,8.75,2,8],"texture":"#2"}}},{"from":[1.5,9,10.5],"to":[4.5,21,13.5],"rotation":{"angle":0,"axis":"y","origin":[8.5,9,5.5]},"faces":{"north":{"uv":[8.25,3,7.5,6],"texture":"#2"},"east":{"uv":[6.25,7.5,5.5,10.5],"texture":"#2"},"south":{"uv":[5.25,7.5,4.5,10.5],"texture":"#2"},"west":{"uv":[4.25,7.5,3.5,10.5],"texture":"#2"},"up":{"uv":[2,8.75,2.75,8],"texture":"#2"}}},{"from":[1.5,8,11.5],"to":[14.5,21,11.5],"rotation":{"angle":45,"axis":"z","origin":[8,14.5,11.5]},"faces":{"north":{"uv":[3.5,0,6.75,3.25],"texture":"#2"},"south":{"uv":[6.75,0,3.5,3.25],"texture":"#2"}}}],"gui_light":"front","display":{"thirdperson_righthand":{"rotation":[75,45,0],"translation":[0,2.5,0],"scale":[0.375,0.375,0.375]},"thirdperson_lefthand":{"rotation":[75,45,0],"translation":[0,2.5,0],"scale":[0.375,0.375,0.375]},"firstperson_righthand":{"rotation":[0,120,0],"scale":[0.4,0.4,0.4]},"firstperson_lefthand":{"rotation":[0,120,0],"scale":[0.4,0.4,0.4]},"ground":{"translation":[0,6,0],"scale":[0.5,0.5,0.5]},"gui":{"rotation":[25,135,0],"translation":[0,-1.5,0],"scale":[0.55,0.55,0.55]},"fixed":{"rotation":[-90,0,0],"translation":[0,0,-16],"scale":[2,2,2]}},"groups":[{"name":"group","origin":[8,14.5,12.5],"color":0,"children":[0,1,2,{"name":"group","origin":[8,2.76642,14.83939],"color":0,"children":[3,4,5]},{"name":"group","origin":[13.5,0,2.5],"color":0,"children":[6,7,8,9]},{"name":"group","origin":[8.5,9,5.5],"color":0,"children":[10,11,12]}]}],"mcmodels":"d02e3da439cfe6527e715facf545a997"}