{"credit":"Made with Blockbench","texture_size":[24,24],"textures":{"1":"item/crates/lucky/animations/animation_1","2":"item/crates/lucky/fishing_rod","particle":"item/crates/lucky/fishing_rod"},"elements":[{"from":[6.25,8.67132,7.5],"to":[7.25,9.67132,8.5],"rotation":{"angle":-45,"axis":"x","origin":[6.75,9.17132,8]},"faces":{"north":{"uv":[8,2.66667,8.66667,3.33333],"texture":"#2"},"south":{"uv":[5.33333,11.33333,6,12],"texture":"#2"},"west":{"uv":[10,12,10.66667,12.66667],"texture":"#2"},"up":{"uv":[11.33333,12.66667,10.66667,12],"texture":"#2"},"down":{"uv":[12.66667,10.66667,12,11.33333],"texture":"#2"}}},{"from":[6.5,9.2493,8.07798],"to":[7,10.2493,9.07798],"rotation":{"angle":-45,"axis":"x","origin":[6.75,9.17132,8]},"faces":{"north":{"uv":[13.33333,6,13.66667,6.66667],"texture":"#2"},"east":{"uv":[11.33333,12,12,12.66667],"texture":"#2"},"west":{"uv":[12,11.33333,12.66667,12],"texture":"#2"},"down":{"uv":[7,13.33333,6.66667,14],"texture":"#2"}}},{"from":[6.5,8.89575,9.22443],"to":[7,9.89575,10.22443],"rotation":{"angle":-45,"axis":"x","origin":[6.75,8.81777,7.64645]},"faces":{"east":{"uv":[12,12,12.66667,12.66667],"texture":"#2"},"south":{"uv":[13.33333,6.66667,13.66667,7.33333],"texture":"#2"},"west":{"uv":[12.66667,2.66667,13.33333,3.33333],"texture":"#2"},"up":{"uv":[7.66667,14,7.33333,13.33333],"texture":"#2"},"down":{"uv":[13.66667,7.33333,13.33333,8],"texture":"#2"}}},{"from":[6.5,10.39575,8.43153],"to":[7,11.39575,9.43153],"rotation":{"angle":-45,"axis":"x","origin":[6.75,8.81777,8.35355]},"faces":{"north":{"uv":[8,13.33333,8.33333,14],"texture":"#2"},"east":{"uv":[12.66667,4,13.33333,4.66667],"texture":"#2"},"south":{"uv":[13.33333,8,13.66667,8.66667],"texture":"#2"},"west":{"uv":[12.66667,4.66667,13.33333,5.33333],"texture":"#2"},"up":{"uv":[9,14,8.66667,13.33333],"texture":"#2"}}},{"from":[6.5,7.32554,6.73996],"to":[7,8.32554,7.73996],"rotation":{"angle":22.5,"axis":"x","origin":[6.75,8.57554,6.98996]},"faces":{"north":{"uv":[13.33333,8.66667,13.66667,9.33333],"texture":"#2"},"east":{"uv":[12.66667,5.33333,13.33333,6],"texture":"#2"},"south":{"uv":[9.33333,13.33333,9.66667,14],"texture":"#2"},"west":{"uv":[12.66667,6,13.33333,6.66667],"texture":"#2"},"down":{"uv":[13.66667,9.33333,13.33333,10],"texture":"#2"}}},{"from":[6.5,8.32554,6.73996],"to":[7,9.32554,7.73996],"rotation":{"angle":22.5,"axis":"x","origin":[6.75,8.57554,6.98996]},"faces":{"east":{"uv":[12.66667,6.66667,13.33333,7.33333],"texture":"#2"},"south":{"uv":[10,13.33333,10.33333,14],"texture":"#2"},"west":{"uv":[12.66667,7.33333,13.33333,8],"texture":"#2"},"up":{"uv":[13.66667,10.66667,13.33333,10],"texture":"#2"}}},{"from":[6.5,8.32554,5.73995],"to":[7,9.32554,6.73995],"rotation":{"angle":22.5,"axis":"x","origin":[6.75,8.57554,6.98996]},"faces":{"north":{"uv":[10.66667,13.33333,11,14],"texture":"#2"},"east":{"uv":[8,12.66667,8.66667,13.33333],"texture":"#2"},"west":{"uv":[12.66667,8,13.33333,8.66667],"texture":"#2"},"up":{"uv":[13.66667,11.33333,13.33333,10.66667],"texture":"#2"},"down":{"uv":[11.66667,13.33333,11.33333,14],"texture":"#2"}}},{"from":[6.5,8.32554,9.26005],"to":[7,9.32554,10.26005],"rotation":{"angle":-22.5,"axis":"x","origin":[6.75,8.57554,9.01004]},"faces":{"east":{"uv":[8.66667,12.66667,9.33333,13.33333],"texture":"#2"},"south":{"uv":[13.33333,11.33333,13.66667,12],"texture":"#2"},"west":{"uv":[12.66667,8.66667,13.33333,9.33333],"texture":"#2"},"up":{"uv":[12.33333,14,12,13.33333],"texture":"#2"},"down":{"uv":[13.66667,12,13.33333,12.66667],"texture":"#2"}}},{"from":[6.5,8.32554,8.26004],"to":[7,9.32554,9.26004],"rotation":{"angle":-22.5,"axis":"x","origin":[6.75,8.57554,9.01004]},"faces":{"north":{"uv":[12.66667,13.33333,13,14],"texture":"#2"},"east":{"uv":[12.66667,9.33333,13.33333,10],"texture":"#2"},"west":{"uv":[10,12.66667,10.66667,13.33333],"texture":"#2"},"up":{"uv":[13.66667,13.33333,13.33333,12.66667],"texture":"#2"}}},{"from":[6.5,7.32554,8.26004],"to":[7,8.32554,9.26004],"rotation":{"angle":-22.5,"axis":"x","origin":[6.75,8.57554,9.01004]},"faces":{"north":{"uv":[13.33333,13.33333,13.66667,14],"texture":"#2"},"east":{"uv":[12.66667,10,13.33333,10.66667],"texture":"#2"},"south":{"uv":[0,14,0.33333,14.66667],"texture":"#2"},"west":{"uv":[10.66667,12.66667,11.33333,13.33333],"texture":"#2"},"down":{"uv":[14.33333,0,14,0.66667],"texture":"#2"}}},{"from":[8.75,8.67132,7.5],"to":[9.75,9.67132,8.5],"rotation":{"angle":-45,"axis":"x","origin":[9.25,9.17132,8]},"faces":{"north":{"uv":[8.66667,2.66667,8,3.33333],"texture":"#2"},"east":{"uv":[10.66667,12,10,12.66667],"texture":"#2"},"south":{"uv":[6,11.33333,5.33333,12],"texture":"#2"},"up":{"uv":[10.66667,12.66667,11.33333,12],"texture":"#2"},"down":{"uv":[12,10.66667,12.66667,11.33333],"texture":"#2"}}},{"from":[9,9.2493,8.07798],"to":[9.5,10.2493,9.07798],"rotation":{"angle":-45,"axis":"x","origin":[9.25,9.17132,8]},"faces":{"north":{"uv":[13.66667,6,13.33333,6.66667],"texture":"#2"},"east":{"uv":[12.66667,11.33333,12,12],"texture":"#2"},"west":{"uv":[12,12,11.33333,12.66667],"texture":"#2"},"down":{"uv":[6.66667,13.33333,7,14],"texture":"#2"}}},{"from":[9,8.89575,9.22443],"to":[9.5,9.89575,10.22443],"rotation":{"angle":-45,"axis":"x","origin":[9.25,8.81777,7.64645]},"faces":{"east":{"uv":[13.33333,2.66667,12.66667,3.33333],"texture":"#2"},"south":{"uv":[13.66667,6.66667,13.33333,7.33333],"texture":"#2"},"west":{"uv":[12.66667,12,12,12.66667],"texture":"#2"},"up":{"uv":[7.33333,14,7.66667,13.33333],"texture":"#2"},"down":{"uv":[13.33333,7.33333,13.66667,8],"texture":"#2"}}},{"from":[9,10.39575,8.43153],"to":[9.5,11.39575,9.43153],"rotation":{"angle":-45,"axis":"x","origin":[9.25,8.81777,8.35355]},"faces":{"north":{"uv":[8.33333,13.33333,8,14],"texture":"#2"},"east":{"uv":[13.33333,4.66667,12.66667,5.33333],"texture":"#2"},"south":{"uv":[13.66667,8,13.33333,8.66667],"texture":"#2"},"west":{"uv":[13.33333,4,12.66667,4.66667],"texture":"#2"},"up":{"uv":[8.66667,14,9,13.33333],"texture":"#2"}}},{"from":[9,7.32554,6.73996],"to":[9.5,8.32554,7.73996],"rotation":{"angle":22.5,"axis":"x","origin":[9.25,8.57554,6.98996]},"faces":{"north":{"uv":[13.66667,8.66667,13.33333,9.33333],"texture":"#2"},"east":{"uv":[13.33333,6,12.66667,6.66667],"texture":"#2"},"south":{"uv":[9.66667,13.33333,9.33333,14],"texture":"#2"},"west":{"uv":[13.33333,5.33333,12.66667,6],"texture":"#2"},"down":{"uv":[13.33333,9.33333,13.66667,10],"texture":"#2"}}},{"from":[9,8.32554,6.73996],"to":[9.5,9.32554,7.73996],"rotation":{"angle":22.5,"axis":"x","origin":[9.25,8.57554,6.98996]},"faces":{"east":{"uv":[13.33333,7.33333,12.66667,8],"texture":"#2"},"south":{"uv":[10.33333,13.33333,10,14],"texture":"#2"},"west":{"uv":[13.33333,6.66667,12.66667,7.33333],"texture":"#2"},"up":{"uv":[13.33333,10.66667,13.66667,10],"texture":"#2"}}},{"from":[9,8.32554,5.73995],"to":[9.5,9.32554,6.73995],"rotation":{"angle":22.5,"axis":"x","origin":[9.25,8.57554,6.98996]},"faces":{"north":{"uv":[11,13.33333,10.66667,14],"texture":"#2"},"east":{"uv":[13.33333,8,12.66667,8.66667],"texture":"#2"},"west":{"uv":[8.66667,12.66667,8,13.33333],"texture":"#2"},"up":{"uv":[13.33333,11.33333,13.66667,10.66667],"texture":"#2"},"down":{"uv":[11.33333,13.33333,11.66667,14],"texture":"#2"}}},{"from":[9,8.32554,9.26005],"to":[9.5,9.32554,10.26005],"rotation":{"angle":-22.5,"axis":"x","origin":[9.25,8.57554,9.01004]},"faces":{"east":{"uv":[13.33333,8.66667,12.66667,9.33333],"texture":"#2"},"south":{"uv":[13.66667,11.33333,13.33333,12],"texture":"#2"},"west":{"uv":[9.33333,12.66667,8.66667,13.33333],"texture":"#2"},"up":{"uv":[12,14,12.33333,13.33333],"texture":"#2"},"down":{"uv":[13.33333,12,13.66667,12.66667],"texture":"#2"}}},{"from":[9,8.32554,8.26004],"to":[9.5,9.32554,9.26004],"rotation":{"angle":-22.5,"axis":"x","origin":[9.25,8.57554,9.01004]},"faces":{"north":{"uv":[13,13.33333,12.66667,14],"texture":"#2"},"east":{"uv":[10.66667,12.66667,10,13.33333],"texture":"#2"},"west":{"uv":[13.33333,9.33333,12.66667,10],"texture":"#2"},"up":{"uv":[13.33333,13.33333,13.66667,12.66667],"texture":"#2"}}},{"from":[9,7.32554,8.26004],"to":[9.5,8.32554,9.26004],"rotation":{"angle":-22.5,"axis":"x","origin":[9.25,8.57554,9.01004]},"faces":{"north":{"uv":[13.66667,13.33333,13.33333,14],"texture":"#2"},"east":{"uv":[11.33333,12.66667,10.66667,13.33333],"texture":"#2"},"south":{"uv":[0.33333,14,0,14.66667],"texture":"#2"},"west":{"uv":[13.33333,10,12.66667,10.66667],"texture":"#2"},"down":{"uv":[14,0,14.33333,0.66667],"texture":"#2"}}},{"from":[7.35,-0.15,7.85],"to":[8.65,1.15,9.15],"rotation":{"angle":-45,"axis":"x","origin":[7.5,0,8]},"faces":{"north":{"uv":[10,5.33333,11,6.33333],"texture":"#2"},"east":{"uv":[10,6.66667,11,7.66667],"texture":"#2"},"south":{"uv":[10,8,11,9],"texture":"#2"},"west":{"uv":[10,9.33333,11,10.33333],"texture":"#2"},"up":{"uv":[11.66667,1,10.66667,0],"texture":"#2"},"down":{"uv":[3.66667,10.66667,2.66667,11.66667],"texture":"#2"}}},{"from":[7.4,0.9,7.4],"to":[8.6,2.1,8.6],"rotation":{"angle":0,"axis":"y","origin":[7.5,1,7.5]},"faces":{"north":{"uv":[12.66667,10.66667,13.33333,11.33333],"texture":"#2"},"east":{"uv":[11.33333,12.66667,12,13.33333],"texture":"#2"},"south":{"uv":[12.66667,11.33333,13.33333,12],"texture":"#2"},"west":{"uv":[12,12.66667,12.66667,13.33333],"texture":"#2"},"up":{"uv":[13.33333,12.66667,12.66667,12],"texture":"#2"}}},{"from":[7.4,7.1,7.4],"to":[8.6,8.3,8.6],"rotation":{"angle":0,"axis":"y","origin":[7.5,7.2,7.5]},"faces":{"north":{"uv":[12.66667,12.66667,13.33333,13.33333],"texture":"#2"},"east":{"uv":[0,13.33333,0.66667,14],"texture":"#2"},"south":{"uv":[13.33333,0,14,0.66667],"texture":"#2"},"west":{"uv":[0.66667,13.33333,1.33333,14],"texture":"#2"},"up":{"uv":[14,1.33333,13.33333,0.66667],"texture":"#2"},"down":{"uv":[2,13.33333,1.33333,14],"texture":"#2"}}},{"from":[7.5,2.1,7.5],"to":[8.5,7.1,8.5],"rotation":{"angle":0,"axis":"y","origin":[7.5,2.1,7.5]},"faces":{"north":{"uv":[0,8.66667,0.66667,12],"texture":"#2"},"east":{"uv":[0.66667,8.66667,1.33333,12],"texture":"#2"},"south":{"uv":[1.33333,8.66667,2,12],"texture":"#2"},"west":{"uv":[2,8.66667,2.66667,12],"texture":"#2"}}},{"from":[7.25,7.50711,7.75],"to":[8.75,10.00711,10.25],"rotation":{"angle":-45,"axis":"x","origin":[7.5,7.75711,8]},"faces":{"north":{"uv":[8.66667,6.66667,9.66667,8.33333],"texture":"#2"},"east":{"uv":[2,6.66667,3.66667,8.33333],"texture":"#2"},"south":{"uv":[7.33333,8.66667,8.33333,10.33333],"texture":"#2"},"west":{"uv":[4,6.66667,5.66667,8.33333],"texture":"#2"},"up":{"uv":[9.66667,10.33333,8.66667,8.66667],"texture":"#2"},"down":{"uv":[10.33333,0,9.33333,1.66667],"texture":"#2"}}},{"from":[7.985,-1.5,5.75],"to":[8.015,3,10.25],"rotation":{"angle":0,"axis":"y","origin":[7.985,-1,6.25]},"faces":{"east":{"uv":[5,0,2,3],"texture":"#2"},"west":{"uv":[2,0,5,3],"texture":"#2"}}},{"from":[6.1,5,4.25],"to":[6.1,13,12.25],"rotation":{"angle":0,"axis":"y","origin":[6.1,5,4.25]},"faces":{"west":{"uv":[0,0,16,16],"texture":"#1"}}},{"from":[9.9,5,4.25],"to":[9.9,13,12.25],"rotation":{"angle":0,"axis":"y","origin":[9.9,5,4.25]},"faces":{"east":{"uv":[16,0,0,16],"texture":"#1"}}},{"from":[7.3,10.1,7.3],"to":[8.7,15.1,8.7],"rotation":{"angle":0,"axis":"y","origin":[7.5,10.1,7.5]},"faces":{"north":{"uv":[4.66667,3.33333,5.66667,6.66667],"texture":"#2"},"east":{"uv":[5.33333,0,6.33333,3.33333],"texture":"#2"},"south":{"uv":[6,3.33333,7,6.66667],"texture":"#2"},"west":{"uv":[6.66667,0,7.66667,3.33333],"texture":"#2"},"up":{"uv":[5,11.66667,4,10.66667],"texture":"#2"},"down":{"uv":[7.66667,10.66667,6.66667,11.66667],"texture":"#2"}}},{"from":[7.3,15.6,7.3],"to":[8.7,19.6,8.7],"rotation":{"angle":0,"axis":"y","origin":[7.5,15.6,7.5]},"faces":{"north":{"uv":[6,6.66667,7,9.33333],"texture":"#2"},"east":{"uv":[7.33333,3.33333,8.33333,6],"texture":"#2"},"south":{"uv":[7.33333,6,8.33333,8.66667],"texture":"#2"},"west":{"uv":[8,0,9,2.66667],"texture":"#2"},"up":{"uv":[12.33333,9,11.33333,8],"texture":"#2"},"down":{"uv":[12.33333,9.33333,11.33333,10.33333],"texture":"#2"}}},{"from":[8,9,8.5],"to":[9,10,9.85],"rotation":{"angle":45,"axis":"z","origin":[8,9,8.5]},"faces":{"north":{"uv":[13.33333,1.33333,14,2],"texture":"#2"},"east":{"uv":[10.66667,1.33333,11.66667,2],"texture":"#2"},"south":{"uv":[2,13.33333,2.66667,14],"texture":"#2"},"west":{"uv":[8,12,9,12.66667],"texture":"#2"},"up":{"uv":[7.33333,10.33333,6.66667,9.33333],"texture":"#2"},"down":{"uv":[10,12,9.33333,13],"texture":"#2"}}},{"from":[8.1,9.1,9.85],"to":[8.9,9.9,13.25],"rotation":{"angle":45,"axis":"z","origin":[8,9,10.25]},"faces":{"east":{"uv":[9.33333,2,11.66667,2.66667],"texture":"#2"},"south":{"uv":[13.33333,2,14,2.66667],"texture":"#2"},"west":{"uv":[10,2.66667,12.33333,3.33333],"texture":"#2"},"up":{"uv":[6,11,5.33333,8.66667],"texture":"#2"},"down":{"uv":[6.66667,9.33333,6,11.66667],"texture":"#2"}}},{"from":[7.375,8.82322,13.45711],"to":[8.625,10.07322,14.70711],"rotation":{"angle":-45,"axis":"x","origin":[7.375,8.82322,13.45711]},"faces":{"north":{"uv":[8,10.66667,9,11.66667],"texture":"#2"},"east":{"uv":[9.33333,10.66667,10.33333,11.66667],"texture":"#2"},"south":{"uv":[10.66667,10.66667,11.66667,11.66667],"texture":"#2"},"west":{"uv":[11.33333,4,12.33333,5],"texture":"#2"},"up":{"uv":[12.33333,6.33333,11.33333,5.33333],"texture":"#2"},"down":{"uv":[12.33333,6.66667,11.33333,7.66667],"texture":"#2"}}},{"from":[7.985,4.24142,10],"to":[8.015,9.24142,13.25],"rotation":{"angle":0,"axis":"y","origin":[7.985,2.14142,9.25]},"faces":{"east":{"uv":[4.33333,3.33333,2,6.66667],"texture":"#2"},"west":{"uv":[2,3.33333,4.33333,6.66667],"texture":"#2"}}},{"from":[7.5,15.1,7.5],"to":[8.5,15.6,8.5],"rotation":{"angle":0,"axis":"y","origin":[7.5,15.1,7.5]},"faces":{"north":{"uv":[0.66667,14,1.33333,14.33333],"texture":"#2"},"east":{"uv":[14,0.66667,14.66667,1],"texture":"#2"},"south":{"uv":[1.33333,14,2,14.33333],"texture":"#2"},"west":{"uv":[14,1.33333,14.66667,1.66667],"texture":"#2"},"up":{"uv":[3.33333,14,2.66667,13.33333],"texture":"#2"},"down":{"uv":[14,2.66667,13.33333,3.33333],"texture":"#2"}}},{"from":[7.5,19.6,7.5],"to":[8.5,20.1,8.5],"rotation":{"angle":0,"axis":"y","origin":[7.5,19.6,7.5]},"faces":{"north":{"uv":[2,14,2.66667,14.33333],"texture":"#2"},"east":{"uv":[14,2,14.66667,2.33333],"texture":"#2"},"south":{"uv":[2.66667,14,3.33333,14.33333],"texture":"#2"},"west":{"uv":[14,2.66667,14.66667,3],"texture":"#2"},"up":{"uv":[4,14,3.33333,13.33333],"texture":"#2"},"down":{"uv":[4.66667,13.33333,4,14],"texture":"#2"}}},{"from":[7.285,19.44594,8],"to":[8.715,20.87594,9.43],"rotation":{"angle":-45,"axis":"x","origin":[7.285,19.44594,8]},"faces":{"north":{"uv":[0,12,1,13],"texture":"#2"},"east":{"uv":[12,0,13,1],"texture":"#2"},"south":{"uv":[1.33333,12,2.33333,13],"texture":"#2"},"west":{"uv":[12,1.33333,13,2.33333],"texture":"#2"},"up":{"uv":[3.66667,13,2.66667,12],"texture":"#2"},"down":{"uv":[5,12,4,13],"texture":"#2"}}},{"from":[7.985,9.5,4.5],"to":[8.015,19.5,7.5],"rotation":{"angle":0,"axis":"y","origin":[7.985,11,3.5]},"faces":{"east":{"uv":[2,2,0,8.66667],"texture":"#2"},"west":{"uv":[0,2,2,8.66667],"texture":"#2"}}},{"from":[7.995,15.86091,3.09975],"to":[8.005,16.36091,9.09975],"rotation":{"angle":-45,"axis":"x","origin":[7.995,15.86091,3.09975]},"faces":{"east":{"uv":[14,3.33333,10,3.66667],"texture":"#2"},"west":{"uv":[10,3.33333,14,3.66667],"texture":"#2"}}},{"from":[7.5,15.1967,3.09975],"to":[8.5,16.1967,4.09975],"rotation":{"angle":-45,"axis":"x","origin":[7.5,14.4467,3.09975]},"faces":{"north":{"uv":[4.66667,14,4,13.33333],"texture":"#2"},"east":{"uv":[4.66667,14,5.33333,13.33333],"texture":"#2"},"south":{"uv":[4,13.33333,3.33333,14],"texture":"#2"},"west":{"uv":[5.33333,13.33333,6,14],"texture":"#2"},"up":{"uv":[4,14,4.66667,13.33333],"texture":"#2"},"down":{"uv":[6.66667,14,6,13.33333],"texture":"#2"}}},{"from":[7.995,14.26992,-0.3019],"to":[8.005,16.26992,1.1981],"rotation":{"angle":45,"axis":"x","origin":[7.995,14.26992,0.4481]},"faces":{"east":{"uv":[11,4,10,5.33333],"texture":"#2"},"west":{"uv":[10,4,11,5.33333],"texture":"#2"}}}],"gui_light":"front","display":{"thirdperson_righthand":{"translation":[0,1.25,1]},"thirdperson_lefthand":{"translation":[0,1.25,1]},"firstperson_righthand":{"rotation":[-10,0,0],"translation":[1,-0.25,-1.5]},"firstperson_lefthand":{"rotation":[-10,0,0],"translation":[1,-0.25,-1.5]},"ground":{"rotation":[-45,0,0],"translation":[0,5,0],"scale":[0.7,0.7,0.7]},"gui":{"rotation":[-90,45,90],"translation":[0.5,-0.75,0],"scale":[0.7,0.7,0.7]},"head":{"rotation":[0,-90,0]},"fixed":{"rotation":[0,-90,0],"translation":[0,0,-1.5],"scale":[2,2,2]}},"mcmodels":"7b9a55f0c88b46edc7cd9ba6f7ade999"}