{"credit":"Made by PolygonMC","texture_size":[24,24],"textures":{"1":"item/crates/summer/animations/spin_animations","3":"item/crates/summer/animations/bubble_1","5":"item/crates/summer/bow_2","particle":"item/crates/summer/animations/bubble_1"},"elements":[{"from":[7.635,15.735,10.085],"to":[8.365,16.965,11.315],"rotation":{"angle":45,"axis":"x","origin":[8,16.35,10.7]},"faces":{"north":{"uv":[12,10,12.5,10.83333],"texture":"#5"},"east":{"uv":[8.66667,8,9.5,8.83333],"texture":"#5"},"south":{"uv":[10.66667,12,11.16667,12.83333],"texture":"#5"},"west":{"uv":[9.33333,0,10.16667,0.83333],"texture":"#5"},"up":{"uv":[11.83333,12.83333,11.33333,12],"texture":"#5"},"down":{"uv":[12.5,11.33333,12,12.16667],"texture":"#5"}}},{"from":[7.385,15.985,10.335],"to":[8.615,16.715,11.065],"rotation":{"angle":45,"axis":"x","origin":[8,16.35,10.7]},"faces":{"north":{"uv":[0,12.66667,0.83333,13.16667],"texture":"#5"},"east":{"uv":[12.66667,8,13.16667,8.5],"texture":"#5"},"south":{"uv":[12.66667,0,13.5,0.5],"texture":"#5"},"west":{"uv":[8.66667,12.66667,9.16667,13.16667],"texture":"#5"},"up":{"uv":[13.5,1.16667,12.66667,0.66667],"texture":"#5"},"down":{"uv":[2.16667,12.66667,1.33333,13.16667],"texture":"#5"}}},{"from":[7.5,5.525,7.45538],"to":[8.5,7.525,8.45538],"rotation":{"angle":22.5,"axis":"x","origin":[7.5,5.525,7.45538]},"faces":{"north":{"uv":[8,5.33333,8.66667,6.66667],"texture":"#5"},"east":{"uv":[6,8,6.66667,9.33333],"texture":"#5"},"south":{"uv":[8,6.66667,8.66667,8],"texture":"#5"},"west":{"uv":[7.33333,8,8,9.33333],"texture":"#5"}}},{"from":[7.35,6.275,7.30538],"to":[8.65,6.775,8.60538],"rotation":{"angle":22.5,"axis":"x","origin":[7.5,5.525,7.45538]},"faces":{"north":{"uv":[12.66667,6,13.5,6.33333],"texture":"#5"},"east":{"uv":[12.66667,6.66667,13.5,7],"texture":"#5"},"south":{"uv":[7.33333,12.66667,8.16667,13],"texture":"#5"},"west":{"uv":[12.66667,7.33333,13.5,7.66667],"texture":"#5"},"up":{"uv":[6.16667,11.5,5.33333,10.66667],"texture":"#5"},"down":{"uv":[11.5,5.33333,10.66667,6.16667],"texture":"#5"}}},{"from":[7.5,8.60739,8.22074],"to":[8.5,10.60739,9.22074],"rotation":{"angle":-22.5,"axis":"x","origin":[7.5,8.60739,8.22074]},"faces":{"north":{"uv":[7.33333,5.33333,8,6.66667],"texture":"#5"},"east":{"uv":[6.66667,7.33333,7.33333,8.66667],"texture":"#5"},"south":{"uv":[7.33333,6.66667,8,8],"texture":"#5"},"west":{"uv":[8,0,8.66667,1.33333],"texture":"#5"}}},{"from":[7.35,9.35739,8.07074],"to":[8.65,9.85739,9.37074],"rotation":{"angle":-22.5,"axis":"x","origin":[7.5,8.60739,8.22074]},"faces":{"north":{"uv":[4.66667,12.66667,5.5,13],"texture":"#5"},"east":{"uv":[12.66667,4.66667,13.5,5],"texture":"#5"},"south":{"uv":[12.66667,5.33333,13.5,5.66667],"texture":"#5"},"west":{"uv":[6,12.66667,6.83333,13],"texture":"#5"},"up":{"uv":[10.16667,2.16667,9.33333,1.33333],"texture":"#5"},"down":{"uv":[10.16667,2.66667,9.33333,3.5],"texture":"#5"}}},{"from":[7.4975,6.99008,8.14462],"to":[8.5025,8.99008,9.14462],"rotation":{"angle":0,"axis":"y","origin":[7.4975,6.99008,8.14462]},"faces":{"north":{"uv":[8,1.33333,8.66667,2.66667],"texture":"#5"},"east":{"uv":[8,2.66667,8.66667,4],"texture":"#5"},"south":{"uv":[14.66667,12.16667,15.33333,13.5],"texture":"#5"},"west":{"uv":[15.33333,12.16667,16,13.5],"texture":"#5"},"down":{"uv":[8,2,7.33333,2.66667],"texture":"#5"}}},{"from":[7.985,-2,10],"to":[8.015,0,12],"rotation":{"angle":22.5,"axis":"x","origin":[7.985,-1,11]},"faces":{"east":{"uv":[16,10.5,14.66667,11.83333],"rotation":90,"texture":"#5"},"west":{"uv":[14.66667,10.5,16,11.83333],"rotation":270,"texture":"#5"}}},{"from":[7.985,16,10],"to":[8.015,18,12],"rotation":{"angle":-22.5,"axis":"x","origin":[7.985,17,11]},"faces":{"east":{"uv":[14.66667,10.5,16,11.83333],"rotation":90,"texture":"#5"},"west":{"uv":[16,10.5,14.66667,11.83333],"rotation":270,"texture":"#5"}}},{"from":[7.445,11.46017,5.9117],"to":[8.555,12.57017,8.6317],"rotation":{"angle":-45,"axis":"x","origin":[8,12.01517,8.7717]},"faces":{"north":{"uv":[6.66667,8.66667,7.33333,9.33333],"texture":"#5"},"east":{"uv":[6,2.66667,7.83333,3.33333],"texture":"#5"},"south":{"uv":[8.66667,11.33333,9.33333,12],"texture":"#5"},"west":{"uv":[6,3.33333,7.83333,4],"texture":"#5"},"up":{"uv":[6.66667,5.83333,6,4],"texture":"#5"},"down":{"uv":[6.66667,6,6,7.83333],"texture":"#5"}}},{"from":[7.556,11.61859,8.34412],"to":[8.444,12.74459,9.23212],"rotation":{"angle":22.5,"axis":"x","origin":[8,12.15659,8.91312]},"faces":{"north":{"uv":[7.33333,9.33333,8,10.16667],"texture":"#5"},"east":{"uv":[9.33333,10.66667,10,11.5],"texture":"#5"},"south":{"uv":[10,10.66667,10.66667,11.5],"texture":"#5"},"west":{"uv":[10.66667,10.66667,11.33333,11.5],"texture":"#5"},"up":{"uv":[12,10,11.33333,9.33333],"texture":"#5"}}},{"from":[7.64924,12.56031,8.6783],"to":[8.35076,13.39735,9.37982],"rotation":{"angle":0,"axis":"y","origin":[8,13.72883,9.42906]},"faces":{"north":{"uv":[12.66667,8.66667,13.16667,9.16667],"texture":"#5"},"east":{"uv":[9.33333,12.66667,9.83333,13.16667],"texture":"#5"},"south":{"uv":[12.66667,9.33333,13.16667,9.83333],"texture":"#5"},"west":{"uv":[10,12.66667,10.5,13.16667],"texture":"#5"},"up":{"uv":[13.16667,10.5,12.66667,10],"texture":"#5"}}},{"from":[7.556,9.20574,5.96101],"to":[8.444,10.33174,6.84901],"rotation":{"angle":22.5,"axis":"x","origin":[8,9.13592,6.46705]},"faces":{"north":{"uv":[6.66667,11.33333,7.33333,12.16667],"texture":"#5"},"east":{"uv":[7.33333,11.33333,8,12.16667],"texture":"#5"},"south":{"uv":[8,11.33333,8.66667,12.16667],"texture":"#5"},"west":{"uv":[11.33333,8,12,8.83333],"texture":"#5"},"down":{"uv":[12,10,11.33333,10.66667],"texture":"#5"}}},{"from":[7.64924,8.57449,6.10428],"to":[8.35076,9.41153,6.8058],"rotation":{"angle":0,"axis":"y","origin":[8,9.13592,6.46705]},"faces":{"north":{"uv":[12.66667,10.66667,13.16667,11.16667],"texture":"#5"},"east":{"uv":[12.66667,11.33333,13.16667,11.83333],"texture":"#5"},"south":{"uv":[12,12.66667,12.5,13.16667],"texture":"#5"},"west":{"uv":[12.66667,12,13.16667,12.5],"texture":"#5"},"down":{"uv":[13.16667,12.66667,12.66667,13.16667],"texture":"#5"}}},{"from":[7.445,3.68549,7.15604],"to":[8.555,6.40549,8.26604],"rotation":{"angle":-45,"axis":"x","origin":[8,5.04549,7.71104]},"faces":{"north":{"uv":[7.33333,7.16667,6.66667,5.33333],"rotation":180,"texture":"#5"},"east":{"uv":[6.66667,4,8.5,4.66667],"rotation":90,"texture":"#5"},"south":{"uv":[8,0,7.33333,1.83333],"texture":"#5"},"west":{"uv":[6.66667,4.66667,8.5,5.33333],"rotation":270,"texture":"#5"},"up":{"uv":[10,12,10.66667,12.66667],"texture":"#5"},"down":{"uv":[12,9.33333,12.66667,10],"rotation":180,"texture":"#5"}}},{"from":[7.75,13.30599,5.91021],"to":[8.25,14.30599,6.91021],"rotation":{"angle":0,"axis":"y","origin":[7.75,12.80599,6.41021]},"faces":{"north":{"uv":[0,13.33333,0.33333,14],"texture":"#5"},"east":{"uv":[11.33333,10.66667,12,11.33333],"texture":"#5"},"south":{"uv":[0.66667,13.33333,1,14],"texture":"#5"},"west":{"uv":[11.33333,11.33333,12,12],"texture":"#5"},"up":{"uv":[1.66667,14,1.33333,13.33333],"texture":"#5"},"down":{"uv":[13.66667,1.33333,13.33333,2],"texture":"#5"}}},{"from":[7.7535,14.07658,6.06349],"to":[8.2465,15.07658,7.06349],"rotation":{"angle":22.5,"axis":"x","origin":[7.7535,14.57658,6.56349]},"faces":{"north":{"uv":[2,13.33333,2.33333,14],"texture":"#5"},"east":{"uv":[0,12,0.66667,12.66667],"texture":"#5"},"south":{"uv":[13.33333,2,13.66667,2.66667],"texture":"#5"},"west":{"uv":[12,0,12.66667,0.66667],"texture":"#5"},"up":{"uv":[13.66667,3.33333,13.33333,2.66667],"texture":"#5"}}},{"from":[7.7585,14.72987,6.5],"to":[8.2415,15.72987,7.5],"rotation":{"angle":45,"axis":"x","origin":[7.7585,15.22987,7]},"faces":{"north":{"uv":[13.33333,3.33333,13.66667,4],"texture":"#5"},"east":{"uv":[0.66667,12,1.33333,12.66667],"texture":"#5"},"south":{"uv":[4,13.33333,4.33333,14],"texture":"#5"},"west":{"uv":[12,0.66667,12.66667,1.33333],"texture":"#5"},"up":{"uv":[13.66667,4.66667,13.33333,4],"texture":"#5"}}},{"from":[7.76,15.16637,7.15328],"to":[8.24,16.16637,8.15328],"rotation":{"angle":-22.5,"axis":"x","origin":[7.76,15.66637,7.65328]},"faces":{"east":{"uv":[1.33333,12,2,12.66667],"texture":"#5"},"south":{"uv":[4.66667,13.33333,5,14],"texture":"#5"},"west":{"uv":[12,1.33333,12.66667,2],"texture":"#5"},"up":{"uv":[5.66667,14,5.33333,13.33333],"texture":"#5"},"down":{"uv":[6.33333,13.33333,6,14],"texture":"#5"}}},{"from":[7.764,15.31965,7.92388],"to":[8.24,16.31965,9.42388],"rotation":{"angle":0,"axis":"x","origin":[7.752,15.81965,8.42388]},"faces":{"east":{"uv":[6.66667,10.66667,7.66667,11.33333],"texture":"#5"},"south":{"uv":[6.66667,13.33333,7,14],"texture":"#5"},"west":{"uv":[10.66667,6.66667,11.66667,7.33333],"texture":"#5"},"up":{"uv":[13,2.33333,12.66667,1.33333],"texture":"#5"},"down":{"uv":[3,12.66667,2.66667,13.66667],"texture":"#5"}}},{"from":[7.764,15.5686,9.17545],"to":[8.24,16.5686,10.67545],"rotation":{"angle":-22.5,"axis":"x","origin":[8.002,16.0686,9.92545]},"faces":{"north":{"uv":[7.33333,13.33333,7.66667,14],"texture":"#5"},"east":{"uv":[10.66667,7.33333,11.66667,8],"texture":"#5"},"south":{"uv":[8,13.33333,8.33333,14],"texture":"#5"},"west":{"uv":[8,10.66667,9,11.33333],"texture":"#5"},"up":{"uv":[13,3.66667,12.66667,2.66667],"texture":"#5"},"down":{"uv":[3.66667,12.66667,3.33333,13.66667],"texture":"#5"}}},{"from":[7.7535,12.53539,6.06349],"to":[8.2465,13.53539,7.06349],"rotation":{"angle":-22.5,"axis":"x","origin":[7.7535,13.03539,6.56349]},"faces":{"north":{"uv":[13.33333,8,13.66667,8.66667],"texture":"#5"},"east":{"uv":[2,12,2.66667,12.66667],"texture":"#5"},"south":{"uv":[8.66667,13.33333,9,14],"texture":"#5"},"west":{"uv":[12,2,12.66667,2.66667],"texture":"#5"},"down":{"uv":[13.66667,8.66667,13.33333,9.33333],"texture":"#5"}}},{"from":[7.7585,11.88211,6.5],"to":[8.2415,12.88211,7.5],"rotation":{"angle":-45,"axis":"x","origin":[7.7585,12.38211,7]},"faces":{"north":{"uv":[9.33333,13.33333,9.66667,14],"texture":"#5"},"east":{"uv":[2.66667,12,3.33333,12.66667],"texture":"#5"},"south":{"uv":[13.33333,9.33333,13.66667,10],"texture":"#5"},"west":{"uv":[12,2.66667,12.66667,3.33333],"texture":"#5"},"down":{"uv":[10.33333,13.33333,10,14],"texture":"#5"}}},{"from":[7.76,11.4456,7.15328],"to":[8.24,12.4456,8.15328],"rotation":{"angle":22.5,"axis":"x","origin":[7.76,11.9456,7.65328]},"faces":{"east":{"uv":[3.33333,12,4,12.66667],"texture":"#5"},"west":{"uv":[12,3.33333,12.66667,4],"texture":"#5"},"up":{"uv":[13.66667,10.66667,13.33333,10],"texture":"#5"},"down":{"uv":[11,13.33333,10.66667,14],"texture":"#5"}}},{"from":[7.556,5.66826,5.96101],"to":[8.444,6.79426,6.84901],"rotation":{"angle":-22.5,"axis":"x","origin":[8,6.86408,6.46705]},"faces":{"north":{"uv":[6.66667,12.16667,7.33333,11.33333],"texture":"#5"},"east":{"uv":[7.33333,12.16667,8,11.33333],"texture":"#5"},"south":{"uv":[8,12.16667,8.66667,11.33333],"texture":"#5"},"west":{"uv":[11.33333,8.83333,12,8],"texture":"#5"},"up":{"uv":[12,10.66667,11.33333,10],"texture":"#5"}}},{"from":[7.64924,6.58847,6.10428],"to":[8.35076,7.42551,6.8058],"rotation":{"angle":0,"axis":"y","origin":[8,6.86408,6.46705]},"faces":{"north":{"uv":[12.66667,11.16667,13.16667,10.66667],"texture":"#5"},"east":{"uv":[12.66667,11.83333,13.16667,11.33333],"texture":"#5"},"south":{"uv":[12,13.16667,12.5,12.66667],"texture":"#5"},"west":{"uv":[12.66667,12.5,13.16667,12],"texture":"#5"},"up":{"uv":[13.16667,13.16667,12.66667,12.66667],"texture":"#5"}}},{"from":[7.556,3.25541,8.34412],"to":[8.444,4.38141,9.23212],"rotation":{"angle":-22.5,"axis":"x","origin":[8,3.84341,8.91312]},"faces":{"north":{"uv":[7.33333,10.16667,8,9.33333],"texture":"#5"},"east":{"uv":[9.33333,11.5,10,10.66667],"texture":"#5"},"south":{"uv":[10,11.5,10.66667,10.66667],"texture":"#5"},"west":{"uv":[10.66667,11.5,11.33333,10.66667],"texture":"#5"},"down":{"uv":[12,9.33333,11.33333,10],"texture":"#5"}}},{"from":[7.64924,2.60265,8.6783],"to":[8.35076,3.43969,9.37982],"rotation":{"angle":0,"axis":"y","origin":[8,2.27117,9.42906]},"faces":{"north":{"uv":[12.66667,9.16667,13.16667,8.66667],"texture":"#5"},"east":{"uv":[9.33333,13.16667,9.83333,12.66667],"texture":"#5"},"south":{"uv":[12.66667,9.83333,13.16667,9.33333],"texture":"#5"},"west":{"uv":[10,13.16667,10.5,12.66667],"texture":"#5"},"down":{"uv":[13.16667,10,12.66667,10.5],"texture":"#5"}}},{"from":[7.76,3.5544,7.15328],"to":[8.24,4.5544,8.15328],"rotation":{"angle":-22.5,"axis":"x","origin":[7.76,4.0544,7.65328]},"faces":{"east":{"uv":[3.33333,12.66667,4,12],"texture":"#5"},"west":{"uv":[12,4,12.66667,3.33333],"texture":"#5"},"up":{"uv":[11,14,10.66667,13.33333],"texture":"#5"},"down":{"uv":[13.66667,10,13.33333,10.66667],"texture":"#5"}}},{"from":[7.7585,3.11789,6.5],"to":[8.2415,4.11789,7.5],"rotation":{"angle":45,"axis":"x","origin":[7.7585,3.61789,7]},"faces":{"north":{"uv":[9.33333,14,9.66667,13.33333],"texture":"#5"},"east":{"uv":[2.66667,12.66667,3.33333,12],"texture":"#5"},"south":{"uv":[13.33333,10,13.66667,9.33333],"texture":"#5"},"west":{"uv":[12,3.33333,12.66667,2.66667],"texture":"#5"},"up":{"uv":[10.33333,14,10,13.33333],"texture":"#5"}}},{"from":[7.7535,2.46461,6.06349],"to":[8.2465,3.46461,7.06349],"rotation":{"angle":22.5,"axis":"x","origin":[7.7535,2.96461,6.56349]},"faces":{"north":{"uv":[13.33333,8.66667,13.66667,8],"texture":"#5"},"east":{"uv":[2,12.66667,2.66667,12],"texture":"#5"},"south":{"uv":[8.66667,14,9,13.33333],"texture":"#5"},"west":{"uv":[12,2.66667,12.66667,2],"texture":"#5"},"up":{"uv":[13.66667,9.33333,13.33333,8.66667],"texture":"#5"}}},{"from":[7.75,1.69401,5.91021],"to":[8.25,2.69401,6.91021],"rotation":{"angle":0,"axis":"y","origin":[7.75,3.19401,6.41021]},"faces":{"north":{"uv":[0,14,0.33333,13.33333],"texture":"#5"},"east":{"uv":[11.33333,11.33333,12,10.66667],"texture":"#5"},"south":{"uv":[0.66667,14,1,13.33333],"texture":"#5"},"west":{"uv":[11.33333,12,12,11.33333],"texture":"#5"},"up":{"uv":[13.66667,2,13.33333,1.33333],"texture":"#5"},"down":{"uv":[1.66667,13.33333,1.33333,14],"texture":"#5"}}},{"from":[7.7535,0.92342,6.06349],"to":[8.2465,1.92342,7.06349],"rotation":{"angle":-22.5,"axis":"x","origin":[7.7535,1.42342,6.56349]},"faces":{"north":{"uv":[2,14,2.33333,13.33333],"texture":"#5"},"east":{"uv":[0,12.66667,0.66667,12],"texture":"#5"},"south":{"uv":[13.33333,2.66667,13.66667,2],"texture":"#5"},"west":{"uv":[12,0.66667,12.66667,0],"texture":"#5"},"down":{"uv":[13.66667,2.66667,13.33333,3.33333],"texture":"#5"}}},{"from":[7.7585,0.27013,6.5],"to":[8.2415,1.27013,7.5],"rotation":{"angle":-45,"axis":"x","origin":[7.7585,0.77013,7]},"faces":{"north":{"uv":[13.33333,4,13.66667,3.33333],"texture":"#5"},"east":{"uv":[0.66667,12.66667,1.33333,12],"texture":"#5"},"south":{"uv":[4,14,4.33333,13.33333],"texture":"#5"},"west":{"uv":[12,1.33333,12.66667,0.66667],"texture":"#5"},"down":{"uv":[13.66667,4,13.33333,4.66667],"texture":"#5"}}},{"from":[7.76,-0.16637,7.15328],"to":[8.24,0.83363,8.15328],"rotation":{"angle":22.5,"axis":"x","origin":[7.76,0.33363,7.65328]},"faces":{"east":{"uv":[1.33333,12.66667,2,12],"texture":"#5"},"south":{"uv":[4.66667,14,5,13.33333],"texture":"#5"},"west":{"uv":[12,2,12.66667,1.33333],"texture":"#5"},"up":{"uv":[6.33333,14,6,13.33333],"texture":"#5"},"down":{"uv":[5.66667,13.33333,5.33333,14],"texture":"#5"}}},{"from":[7.764,-0.31965,7.92388],"to":[8.24,0.68035,9.42388],"rotation":{"angle":0,"axis":"x","origin":[7.752,0.18035,8.42388]},"faces":{"east":{"uv":[6.66667,11.33333,7.66667,10.66667],"texture":"#5"},"south":{"uv":[6.66667,14,7,13.33333],"texture":"#5"},"west":{"uv":[10.66667,7.33333,11.66667,6.66667],"texture":"#5"},"up":{"uv":[3,13.66667,2.66667,12.66667],"texture":"#5"},"down":{"uv":[13,1.33333,12.66667,2.33333],"texture":"#5"}}},{"from":[7.764,-0.5686,9.17545],"to":[8.24,0.4314,10.67545],"rotation":{"angle":22.5,"axis":"x","origin":[8.002,-0.0686,9.92545]},"faces":{"north":{"uv":[7.33333,14,7.66667,13.33333],"texture":"#5"},"east":{"uv":[10.66667,8,11.66667,7.33333],"texture":"#5"},"south":{"uv":[8,14,8.33333,13.33333],"texture":"#5"},"west":{"uv":[8,11.33333,9,10.66667],"texture":"#5"},"up":{"uv":[3.66667,13.66667,3.33333,12.66667],"texture":"#5"},"down":{"uv":[13,2.66667,12.66667,3.66667],"texture":"#5"}}},{"from":[7.635,-0.965,10.085],"to":[8.365,0.265,11.315],"rotation":{"angle":-45,"axis":"x","origin":[8,-0.35,10.7]},"faces":{"north":{"uv":[12,10.83333,12.5,10],"texture":"#5"},"east":{"uv":[8.66667,8.83333,9.5,8],"texture":"#5"},"south":{"uv":[10.66667,12.83333,11.16667,12],"texture":"#5"},"west":{"uv":[9.33333,0.83333,10.16667,0],"texture":"#5"},"up":{"uv":[12.5,12.16667,12,11.33333],"texture":"#5"},"down":{"uv":[11.83333,12,11.33333,12.83333],"texture":"#5"}}},{"from":[7.385,-0.715,10.335],"to":[8.615,0.015,11.065],"rotation":{"angle":-45,"axis":"x","origin":[8,-0.35,10.7]},"faces":{"north":{"uv":[0,13.16667,0.83333,12.66667],"texture":"#5"},"east":{"uv":[12.66667,8.5,13.16667,8],"texture":"#5"},"south":{"uv":[12.66667,0.5,13.5,0],"texture":"#5"},"west":{"uv":[8.66667,13.16667,9.16667,12.66667],"texture":"#5"},"up":{"uv":[2.16667,13.16667,1.33333,12.66667],"texture":"#5"},"down":{"uv":[13.5,0.66667,12.66667,1.16667],"texture":"#5"}}},{"from":[7.86,10.55,8.05],"to":[7.89,12.55,10.05],"rotation":{"angle":45,"axis":"x","origin":[7.76,10.55,8.05]},"faces":{"east":{"uv":[16,8.66667,14.66667,10],"texture":"#5"},"west":{"uv":[14.66667,8.66667,16,10],"texture":"#5"}}},{"from":[8.11,10.55,8.05],"to":[8.14,12.55,10.05],"rotation":{"angle":22.5,"axis":"x","origin":[8.01,10.55,8.05]},"faces":{"east":{"uv":[16,8.66667,14.66667,10],"texture":"#5"},"west":{"uv":[14.66667,8.66667,16,10],"texture":"#5"}}},{"from":[7,9.49385,7.18083],"to":[7.5,12.99385,7.68083],"rotation":{"angle":22.5,"axis":"x","origin":[7.625,11.14205,7.62179]},"faces":{"north":{"uv":[8,8,8.33333,10.33333],"texture":"#5"},"east":{"uv":[8.66667,0,9,2.33333],"texture":"#5"},"south":{"uv":[8.66667,2.66667,9,5],"texture":"#5"},"west":{"uv":[8.66667,5.33333,9,7.66667],"texture":"#5"},"up":{"uv":[0.33333,14.33333,0,14],"texture":"#5"},"down":{"uv":[14.33333,0,14,0.33333],"texture":"#5"}}},{"from":[6.6475,12.62347,7.85152],"to":[7.5025,13.22847,8.45652],"rotation":{"angle":-22.5,"axis":"x","origin":[7.25,12.92597,8.15402]},"faces":{"north":{"uv":[13.33333,10.66667,13.83333,11],"texture":"#5"},"east":{"uv":[0.66667,14,1,14.33333],"texture":"#5"},"south":{"uv":[11.33333,13.33333,11.83333,13.66667],"texture":"#5"},"west":{"uv":[14,0.66667,14.33333,1],"texture":"#5"},"up":{"uv":[13.83333,11.66667,13.33333,11.33333],"texture":"#5"},"down":{"uv":[12.5,13.33333,12,13.66667],"texture":"#5"}}},{"from":[7.5,3.59484,5.37665],"to":[8.5,4.59484,6.37665],"rotation":{"angle":0,"axis":"y","origin":[8,4.87262,4.5681]},"faces":{"north":{"uv":[5.33333,12,4.66667,12.66667],"texture":"#5"},"east":{"uv":[12.66667,4,12,4.66667],"texture":"#5"},"south":{"uv":[4.66667,12,4,12.66667],"texture":"#5"},"west":{"uv":[12.66667,4.66667,12,5.33333],"texture":"#5"},"down":{"uv":[6,12.66667,5.33333,12],"texture":"#5"}}},{"from":[6.57123,3.12766,5.7294],"to":[7.57123,4.12766,6.0294],"rotation":{"angle":22.5,"axis":"z","origin":[8.20201,5.12262,5.0681]},"faces":{"north":{"uv":[6.66667,12,6,12.66667],"texture":"#5"},"south":{"uv":[12.66667,5.33333,12,6],"texture":"#5"},"west":{"uv":[1.5,14,1.33333,14.66667],"texture":"#5"},"up":{"uv":[14.66667,1.33333,14,1.5],"texture":"#5"},"down":{"uv":[2.66667,14.16667,2,14],"texture":"#5"}}},{"from":[7.85,5.93373,5.2544],"to":[8.15,6.68373,6.2544],"rotation":{"angle":-22.5,"axis":"x","origin":[8,6.43373,5.7544]},"faces":{"east":{"uv":[4.66667,12.66667,4,13.16667],"texture":"#5"},"south":{"uv":[14.16667,5.33333,14,5.83333],"texture":"#5"},"west":{"uv":[13.33333,4,12.66667,4.5],"texture":"#5"},"up":{"uv":[14.16667,2,14,2.66667],"texture":"#5"},"down":{"uv":[2.83333,14.66667,2.66667,14],"texture":"#5"}}},{"from":[6.8451,5.36629,4.76842],"to":[7.3451,6.11629,5.06842],"rotation":{"angle":-45,"axis":"x","origin":[6.8451,5.61629,4.91842]},"faces":{"north":{"uv":[13,13.33333,12.66667,13.83333],"texture":"#5"},"east":{"uv":[6.16667,14,6,14.5],"texture":"#5"},"south":{"uv":[13.66667,12,13.33333,12.5],"texture":"#5"},"west":{"uv":[14.16667,6,14,6.5],"texture":"#5"},"up":{"uv":[7.66667,14,7.33333,14.16667],"texture":"#5"},"down":{"uv":[14.33333,7.5,14,7.33333],"texture":"#5"}}},{"from":[8.6549,5.36629,4.76842],"to":[9.1549,6.11629,5.06842],"rotation":{"angle":-45,"axis":"x","origin":[9.1549,5.61629,4.91842]},"faces":{"north":{"uv":[13.66667,13.33333,13.33333,13.83333],"texture":"#5"},"east":{"uv":[6.83333,14,6.66667,14.5],"texture":"#5"},"south":{"uv":[13.66667,12.66667,13.33333,13.16667],"texture":"#5"},"west":{"uv":[14.16667,6.66667,14,7.16667],"texture":"#5"},"up":{"uv":[8.33333,14,8,14.16667],"texture":"#5"},"down":{"uv":[14.33333,8.16667,14,8],"texture":"#5"}}},{"from":[8.42877,3.12766,5.7294],"to":[9.42877,4.12766,6.0294],"rotation":{"angle":-22.5,"axis":"z","origin":[7.79799,5.12262,5.0681]},"faces":{"north":{"uv":[12.66667,6.66667,12,7.33333],"texture":"#5"},"east":{"uv":[14.16667,2.66667,14,3.33333],"texture":"#5"},"south":{"uv":[12.66667,6,12,6.66667],"texture":"#5"},"up":{"uv":[4,14,3.33333,14.16667],"texture":"#5"},"down":{"uv":[14.66667,3.5,14,3.33333],"texture":"#5"}}},{"from":[7.41,3.83716,5.02209],"to":[8.59,5.01716,6.20209],"rotation":{"angle":-22.5,"axis":"x","origin":[8,4.87262,4.5681]},"faces":{"north":{"uv":[10.16667,5.33333,9.33333,6.16667],"texture":"#5"},"east":{"uv":[16,13.83333,15.16667,14.66667],"texture":"#5"},"south":{"uv":[10.16667,4,9.33333,4.83333],"texture":"#5"},"west":{"uv":[6.83333,9.33333,6,10.16667],"texture":"#5"},"down":{"uv":[10.16667,7.5,9.33333,6.66667],"texture":"#5"}}},{"from":[7.41,5.42006,3.26708],"to":[8.59,6.60006,4.44708],"rotation":{"angle":22.5,"axis":"x","origin":[8,4.87262,4.5681]},"faces":{"north":{"uv":[10.83333,8,10,8.83333],"texture":"#5"},"east":{"uv":[9.5,9.33333,8.66667,10.16667],"texture":"#5"},"west":{"uv":[10.83333,9.33333,10,10.16667],"texture":"#5"},"up":{"uv":[0.83333,10.66667,0,11.5],"texture":"#5"},"down":{"uv":[11.5,0.83333,10.66667,0],"texture":"#5"}}},{"from":[7.5339,5.93282,3.12553],"to":[8.4661,6.86502,4.05773],"rotation":{"angle":0,"axis":"y","origin":[8,4.87262,4.5681]},"faces":{"north":{"uv":[12.66667,8,12,8.66667],"texture":"#5"},"east":{"uv":[12.66667,7.33333,12,8],"texture":"#5"},"west":{"uv":[9.33333,12,8.66667,12.66667],"texture":"#5"},"up":{"uv":[12.66667,8.66667,12,9.33333],"texture":"#5"},"down":{"uv":[10,12.66667,9.33333,12],"texture":"#5"}}},{"from":[7.765,5.93282,2.69333],"to":[8.235,6.39002,3.12553],"rotation":{"angle":0,"axis":"y","origin":[8,6.16142,2.90943]},"faces":{"north":{"uv":[14.33333,4,14,4.33333],"texture":"#5"},"east":{"uv":[4.33333,14,4,14.33333],"texture":"#5"},"west":{"uv":[5,14,4.66667,14.33333],"texture":"#5"},"up":{"uv":[14.33333,4.66667,14,5],"texture":"#5"},"down":{"uv":[5.66667,14.33333,5.33333,14],"texture":"#5"}}},{"from":[7.3451,4.34096,4.83812],"to":[8.6549,5.65076,6.14792],"rotation":{"angle":-45,"axis":"x","origin":[8,4.87262,4.5681]},"faces":{"north":{"uv":[3.5,10.66667,2.66667,11.5],"texture":"#5"},"east":{"uv":[11.5,1.33333,10.66667,2.16667],"texture":"#5"},"south":{"uv":[2.16667,10.66667,1.33333,11.5],"texture":"#5"},"west":{"uv":[11.5,2.66667,10.66667,3.5],"texture":"#5"},"up":{"uv":[4.83333,10.66667,4,11.5],"texture":"#5"},"down":{"uv":[11.5,4.83333,10.66667,4],"texture":"#5"}}},{"from":[6.85,13.725,2.8],"to":[6.88,16.975,6.05],"rotation":{"angle":22.5,"axis":"x","origin":[0,4.75,0]},"faces":{"east":{"uv":[13,0,0,13],"texture":"#1"},"west":{"uv":[0,0,13,13],"texture":"#1"}}},{"from":[7.985,7.75,6.5],"to":[8.015,10.75,8.5],"rotation":{"angle":45,"axis":"y","origin":[8,9.25,7.5]},"faces":{"east":{"uv":[8,0,0,12],"texture":"#3"},"west":{"uv":[0,0,8,12],"texture":"#3"},"down":{"uv":[0,0,0,8],"texture":"#3"}}},{"from":[7,7.75,7.485],"to":[9,10.75,7.515],"rotation":{"angle":45,"axis":"y","origin":[8,9.25,7.5]},"faces":{"north":{"uv":[8,0,0,12],"texture":"#3"},"south":{"uv":[0,0,8,12],"texture":"#3"},"down":{"uv":[0,0,0,8],"rotation":90,"texture":"#3"}}},{"from":[9,5.75,3.5],"to":[9.03,8.75,5.5],"rotation":{"angle":0,"axis":"y","origin":[9,5.75,3.5]},"faces":{"east":{"uv":[8,0,0,12],"texture":"#3"},"west":{"uv":[0,0,8,12],"texture":"#3"},"down":{"uv":[0,0,0,8],"texture":"#3"}}},{"from":[7,3.75,5.5],"to":[7.03,6.75,7.5],"rotation":{"angle":0,"axis":"y","origin":[7,3.75,7.5]},"faces":{"east":{"uv":[0,0,8,12],"texture":"#3"},"west":{"uv":[8,0,0,12],"texture":"#3"},"down":{"uv":[0,8,0,0],"texture":"#3"}}},{"from":[8,0.25,10.5],"to":[8,15.75,17.5],"rotation":{"angle":0,"axis":"y","origin":[8,2,10.5]},"faces":{"east":{"uv":[4.66667,0,0,10.33333],"texture":"#5"},"west":{"uv":[0,0,4.66667,10.33333],"texture":"#5"}}},{"from":[7.25,7.985,5.75],"to":[8.75,8.015,17.25],"rotation":{"angle":45,"axis":"z","origin":[8,8,11.5]},"faces":{"up":{"uv":[16,7.66667,15,0],"texture":"#5"},"down":{"uv":[16,0,15,7.66667],"texture":"#5"}}},{"from":[7.985,7.25,5.75],"to":[8.015,8.75,17.25],"rotation":{"angle":45,"axis":"z","origin":[8,8,11.5]},"faces":{"east":{"uv":[16,0,15,7.66667],"rotation":270,"texture":"#5"},"west":{"uv":[16,7.66667,15,0],"rotation":270,"texture":"#5"}}}],"gui_light":"front","display":{"thirdperson_righthand":{"translation":[0,-2,0.25]},"thirdperson_lefthand":{"translation":[0,-2,0.25]},"firstperson_righthand":{"rotation":[20.05,16.25,0.06],"translation":[2,2.75,-1]},"firstperson_lefthand":{"rotation":[21.57,-22.01,0.6],"translation":[1.25,2.5,1.25]},"ground":{"rotation":[45,0,0],"translation":[0,9.75,0]},"gui":{"rotation":[-90,135,90],"translation":[-1.5,1.5,0],"scale":[0.92187,0.92187,0.92187]},"head":{"rotation":[90,-45,90],"scale":[1.5,1.5,1.5]},"fixed":{"rotation":[0,-90,0],"translation":[0,0,-1.75],"scale":[2.5,2.5,2.5]}},"USER":"1381","NONCE":"ed9229d4c177ce9d10a1f545f53508cb","TIMESTAMP":"1748202561","RESOURCE":"9312","MCMODELS":"1","mcmodels":"ed9229d4c177ce9d10a1f545f53508cb"}