{"credit":"Made with Blockbench","texture_size":[64,64],"textures":{"1":"item/furniture/basic/dark","particle":"item/furniture/basic/dark"},"elements":[{"from":[12.93224,20,16.74594],"to":[15.53224,21,19.34594],"rotation":{"angle":-45,"axis":"y","origin":[16,13.75,8.5]},"faces":{"north":{"uv":[3.3125,8.75,3.5,8.8125],"texture":"#1"},"east":{"uv":[0.3125,11,0.5,11.0625],"texture":"#1"},"south":{"uv":[11.3125,1.3125,11.5,1.375],"texture":"#1"},"west":{"uv":[12.5625,10.8125,12.75,10.875],"texture":"#1"},"up":{"uv":[14.5,7.8125,14.3125,7.625],"texture":"#1"},"down":{"uv":[14.5,7.875,14.3125,8.0625],"texture":"#1"}}},{"from":[7,19,11],"to":[9,20,13],"rotation":{"angle":0,"axis":"y","origin":[16,13.75,8.5]},"faces":{"north":{"uv":[4.5,7.8125,4.625,7.875],"texture":"#1"},"east":{"uv":[3.9375,10.5,4.0625,10.5625],"texture":"#1"},"south":{"uv":[14.625,13.5,14.75,13.5625],"texture":"#1"},"west":{"uv":[14.625,14.0625,14.75,14.125],"texture":"#1"},"up":{"uv":[14.6875,2.75,14.5625,2.625],"texture":"#1"},"down":{"uv":[14.6875,5,14.5625,5.125],"texture":"#1"}}},{"from":[7,18,10],"to":[9,20,11],"rotation":{"angle":0,"axis":"y","origin":[16,13.75,8.5]},"faces":{"north":{"uv":[14.5625,5.1875,14.6875,5.3125],"texture":"#1"},"east":{"uv":[5.4375,2.0625,5.5,2.1875],"texture":"#1"},"south":{"uv":[14.5625,7.5,14.6875,7.625],"texture":"#1"},"west":{"uv":[0.9375,7.625,1,7.75],"texture":"#1"},"up":{"uv":[14.5625,14.6875,14.4375,14.625],"texture":"#1"},"down":{"uv":[14.75,14.625,14.625,14.6875],"texture":"#1"}}},{"from":[7,17,13],"to":[9,20,15],"rotation":{"angle":0,"axis":"y","origin":[16,13.75,8.5]},"faces":{"north":{"uv":[14.4375,10.5625,14.5625,10.75],"texture":"#1"},"east":{"uv":[14.4375,10.8125,14.5625,11],"texture":"#1"},"south":{"uv":[11.125,14.4375,11.25,14.625],"texture":"#1"},"west":{"uv":[14.4375,11.25,14.5625,11.4375],"texture":"#1"},"up":{"uv":[14.6875,7.8125,14.5625,7.6875],"texture":"#1"},"down":{"uv":[14.6875,7.875,14.5625,8],"texture":"#1"}}},{"from":[0,0,2],"to":[16,14,14],"rotation":{"angle":0,"axis":"y","origin":[16,13.75,8.5]},"faces":{"north":{"uv":[1.4375,7.8125,2.4375,8.6875],"texture":"#1"},"east":{"uv":[8.875,0.8125,9.625,1.6875],"texture":"#1"},"south":{"uv":[2.5,7.8125,3.5,8.6875],"texture":"#1"},"west":{"uv":[3.3125,8.875,4.0625,9.75],"texture":"#1"},"up":{"uv":[9.6875,4.9375,8.6875,4.1875],"texture":"#1"},"down":{"uv":[9.8125,0,8.8125,0.75],"texture":"#1"}}},{"from":[-1,14,0],"to":[17,17,2],"rotation":{"angle":0,"axis":"y","origin":[16,13.75,8.5]},"faces":{"north":{"uv":[7.75,5.375,8.875,5.5625],"texture":"#1"},"east":{"uv":[11.3125,14.4375,11.4375,14.625],"texture":"#1"},"south":{"uv":[7.9375,2.5,9.0625,2.6875],"texture":"#1"},"west":{"uv":[11.5,14.4375,11.625,14.625],"texture":"#1"},"up":{"uv":[13.5625,8.75,12.4375,8.625],"texture":"#1"},"down":{"uv":[13.5625,11.6875,12.4375,11.8125],"texture":"#1"}}},{"from":[-1,14,12],"to":[17,17,16],"rotation":{"angle":0,"axis":"y","origin":[16,13.75,8.5]},"faces":{"north":{"uv":[11.5625,1.625,12.6875,1.8125],"texture":"#1"},"east":{"uv":[14,5.1875,14.25,5.375],"texture":"#1"},"south":{"uv":[11.5625,4.625,12.6875,4.8125],"texture":"#1"},"west":{"uv":[5.4375,14,5.6875,14.1875],"texture":"#1"},"up":{"uv":[11.9375,10.875,10.8125,10.625],"texture":"#1"},"down":{"uv":[2.4375,10.875,1.3125,11.125],"texture":"#1"}}},{"from":[15,14,2],"to":[17,17,12],"rotation":{"angle":0,"axis":"y","origin":[16,13.75,8.5]},"faces":{"north":{"uv":[14.4375,12.25,14.5625,12.4375],"texture":"#1"},"east":{"uv":[12.75,4.625,13.375,4.8125],"texture":"#1"},"south":{"uv":[12.4375,14.4375,12.5625,14.625],"texture":"#1"},"west":{"uv":[12.8125,0,13.4375,0.1875],"texture":"#1"},"up":{"uv":[10.375,11.5625,10.25,10.9375],"texture":"#1"},"down":{"uv":[12.5625,13.25,12.4375,13.875],"texture":"#1"}}},{"from":[-1,14,2],"to":[1,17,12],"rotation":{"angle":0,"axis":"y","origin":[16,13.75,8.5]},"faces":{"north":{"uv":[12.625,14.4375,12.75,14.625],"texture":"#1"},"east":{"uv":[12.8125,10.8125,13.4375,11],"texture":"#1"},"south":{"uv":[14.4375,13.375,14.5625,13.5625],"texture":"#1"},"west":{"uv":[12.875,2.75,13.5,2.9375],"texture":"#1"},"up":{"uv":[0.125,14.125,0,13.5],"texture":"#1"},"down":{"uv":[5.875,13.5,5.75,14.125],"texture":"#1"}}}],"gui_light":"front","display":{"thirdperson_righthand":{"rotation":[75,45,0],"translation":[0,2.5,0],"scale":[0.375,0.375,0.375]},"thirdperson_lefthand":{"rotation":[75,45,0],"translation":[0,2.5,0],"scale":[0.375,0.375,0.375]},"firstperson_righthand":{"rotation":[0,120,0],"scale":[0.4,0.4,0.4]},"firstperson_lefthand":{"rotation":[0,120,0],"scale":[0.4,0.4,0.4]},"ground":{"translation":[0,2,0],"scale":[0.5,0.5,0.5]},"gui":{"rotation":[15,150,0],"translation":[0,-1,0],"scale":[0.6,0.6,0.6]},"fixed":{"rotation":[-90,0,0],"translation":[0,0,-16],"scale":[2,2,2]}},"groups":[{"name":"table","origin":[8,16,1.5],"rotation":[0,-180,0],"color":0,"children":[0,1,2,3,4,5,6,7,8]}],"mcmodels":"175f334c99c447e9681cb9b03b4ab6a6"}