{
	"credit": "Made by DisneyArchitect - Bricks and Bits",
	"texture_size": [256, 256],
	"textures": {
		"0": "item/assets/moon",
		"particle": "item/assets/moon"
	},
	"elements": [
		{
			"from": [-12, -12, -12],
			"to": [28, 28, 28],
			"rotation": {"angle": 0, "axis": "y", "origin": [-4, -12, -4]},
			"faces": {
				"north": {"uv": [0, 0, 5, 5], "texture": "#0"},
				"east": {"uv": [0, 0, 5, 5], "texture": "#0"},
				"south": {"uv": [0, 0, 5, 5], "texture": "#0"},
				"west": {"uv": [0, 0, 5, 5], "texture": "#0"},
				"up": {"uv": [10, 5, 5, 0], "texture": "#0"},
				"down": {"uv": [5, 5, 0, 10], "rotation": 180, "texture": "#0"}
			}
		}
	],
	"display": {
		"thirdperson_righthand": {
			"rotation": [75, 45, 0],
			"translation": [0, 2.5, 0],
			"scale": [0.17, 0.17, 0.17]
		},
		"thirdperson_lefthand": {
			"rotation": [75, 45, 0],
			"translation": [0, 2.5, 0],
			"scale": [0.17, 0.17, 0.17]
		},
		"firstperson_righthand": {
			"rotation": [0, 225, 0],
			"translation": [0, 2, 0],
			"scale": [0.17, 0.17, 0.17]
		},
		"firstperson_lefthand": {
			"rotation": [0, 225, 0],
			"translation": [0, 2, 0],
			"scale": [0.17, 0.17, 0.17]
		},
		"ground": {
			"translation": [0, 3, 0],
			"scale": [0.25, 0.25, 0.25]
		},
		"gui": {
			"rotation": [30, 225, 0],
			"scale": [0.23, 0.23, 0.23]
		},
		"head": {
			"translation": [0, 28.5, 0],
			"scale": [3.6, 3.6, 3.6]
		},
		"fixed": {
			"scale": [0.5, 0.5, 0.5]
		}
	}
}