{"credit":"Made with Blockbench","texture_size":[32,32],"textures":{"2":"item/furniture/basic/crimson","particle":"item/furniture/basic/crimson"},"elements":[{"from":[7,26,7],"to":[9,30,9],"rotation":{"angle":0,"axis":"y","origin":[49,16,-33]},"faces":{"north":{"uv":[0,14.1875,0.125,14.4375],"texture":"#2"},"east":{"uv":[13.5625,14.375,13.6875,14.625],"texture":"#2"},"south":{"uv":[14.4375,2,14.5625,2.25],"texture":"#2"},"west":{"uv":[14.4375,2.9375,14.5625,3.1875],"texture":"#2"},"up":{"uv":[14.375,14.625,14.25,14.5],"texture":"#2"},"down":{"uv":[14.6875,0,14.5625,0.125],"texture":"#2"}}},{"from":[7.5,29.9,7.5],"to":[8.5,30.9,8.5],"rotation":{"angle":0,"axis":"y","origin":[7.5,30.9,7.5]},"faces":{"north":{"uv":[0.1875,12.1875,0.25,12.25],"texture":"#2"},"east":{"uv":[10.6875,12.8125,10.75,12.875],"texture":"#2"},"south":{"uv":[13.125,10,13.1875,10.0625],"texture":"#2"},"west":{"uv":[4.3125,14.6875,4.375,14.75],"texture":"#2"},"up":{"uv":[4.5,14.75,4.4375,14.6875],"texture":"#2"},"down":{"uv":[4.625,14.6875,4.5625,14.75],"texture":"#2"}}},{"from":[6,23,6],"to":[10,26,10],"rotation":{"angle":0,"axis":"y","origin":[49,15,-33]},"faces":{"north":{"uv":[1.8125,5.375,2.0625,5.5625],"texture":"#2"},"east":{"uv":[5.9375,9.0625,6.1875,9.25],"texture":"#2"},"south":{"uv":[9.125,2.5,9.375,2.6875],"texture":"#2"},"west":{"uv":[14,0.625,14.25,0.8125],"texture":"#2"},"up":{"uv":[8.375,12.0625,8.125,11.8125],"texture":"#2"},"down":{"uv":[14,3.9375,13.75,4.1875],"texture":"#2"}}},{"from":[6.5,21.5,6.5],"to":[9.5,23.5,9.5],"rotation":{"angle":0,"axis":"y","origin":[49,15,-33]},"faces":{"north":{"uv":[10.4375,5.1875,10.625,5.3125],"texture":"#2"},"east":{"uv":[12.5,1.4375,12.6875,1.5625],"texture":"#2"},"south":{"uv":[14.4375,8.875,14.625,9],"texture":"#2"},"west":{"uv":[14.4375,9.5625,14.625,9.6875],"texture":"#2"},"up":{"uv":[10.875,7.875,10.6875,7.6875],"texture":"#2"},"down":{"uv":[13.5,2.5,13.3125,2.6875],"texture":"#2"}}},{"from":[7,2,7],"to":[9,22,9],"rotation":{"angle":0,"axis":"y","origin":[49,17,-33]},"faces":{"north":{"uv":[2.5,12.0625,2.625,13.3125],"texture":"#2"},"east":{"uv":[0,12.1875,0.125,13.4375],"texture":"#2"},"south":{"uv":[4.3125,12.1875,4.4375,13.4375],"texture":"#2"},"west":{"uv":[10.1875,12.1875,10.3125,13.4375],"texture":"#2"},"up":{"uv":[14.6875,0.75,14.5625,0.625],"texture":"#2"},"down":{"uv":[14.6875,2.4375,14.5625,2.5625],"texture":"#2"}}},{"from":[6,0,6],"to":[10,2,10],"rotation":{"angle":0,"axis":"y","origin":[49,16,-33]},"faces":{"north":{"uv":[14.3125,14.0625,14.5625,14.1875],"texture":"#2"},"east":{"uv":[14.375,9.375,14.625,9.5],"texture":"#2"},"south":{"uv":[14.4375,3.25,14.6875,3.375],"texture":"#2"},"west":{"uv":[14.4375,3.4375,14.6875,3.5625],"texture":"#2"},"up":{"uv":[14,7.875,13.75,7.625],"texture":"#2"},"down":{"uv":[14.0625,13.0625,13.8125,13.3125],"texture":"#2"}}}],"gui_light":"front","display":{"firstperson_righthand":{"rotation":[0,120,0],"scale":[0.4,0.4,0.4]},"firstperson_lefthand":{"rotation":[0,120,0],"scale":[0.4,0.4,0.4]},"ground":{"translation":[0,2,0],"scale":[0.5,0.5,0.5]},"gui":{"rotation":[15,150,0],"translation":[0,-3.5,0],"scale":[0.5,0.5,0.5]},"fixed":{"rotation":[-90,0,0],"translation":[0,0,-16],"scale":[2,2,2]}},"groups":[{"name":"torch1","origin":[0,17.7,0],"color":0,"children":[0,1,2,3,4,5]}],"mcmodels":"175f334c99c447e9681cb9b03b4ab6a6"}