{
	"format_version": "1.21.6",
	"credit": "Made with Blockbench",
	"texture_size": [128, 128],
	"textures": {
		"1": "item/crates/pale-garden/pale_garden_animation1",
		"2": "item/crates/pale-garden/pale_garden_texture",
		"particle": "item/crates/pale-garden/pale_garden_texture"
	},
	"elements": [
		{
			"from": [6.5, 3.5, 7.5],
			"to": [9, 12.5, 10],
			"rotation": {"angle": -45, "axis": "y", "origin": [8, 7.5, 9]},
			"faces": {
				"north": {"uv": [7.6875, 10.25, 7.375, 11.375], "texture": "#2"},
				"east": {"uv": [8, 10.25, 7.6875, 11.375], "texture": "#2"},
				"south": {"uv": [7.6875, 10.25, 8, 11.375], "texture": "#2"},
				"west": {"uv": [7.375, 10.25, 7.6875, 11.375], "texture": "#2"},
				"up": {"uv": [5.9375, 9.1875, 6.25, 9.5], "texture": "#2"},
				"down": {"uv": [5.9375, 9.1875, 6.25, 9.5], "texture": "#2"}
			}
		},
		{
			"from": [6.5, -6.79649, 8.38757],
			"to": [9.5, -2.79649, 11.88757],
			"rotation": {"angle": -22.5, "axis": "x", "origin": [7.975, -6.51963, 11.72215]},
			"faces": {
				"north": {"uv": [4, 6.3125, 4.375, 6.8125], "texture": "#2"},
				"east": {"uv": [4.375, 5.5625, 3.9375, 6.0625], "texture": "#2"},
				"south": {"uv": [3.625, 6.3125, 4, 6.8125], "texture": "#2"},
				"west": {"uv": [3.9375, 5.5625, 4.375, 6.0625], "texture": "#2"},
				"up": {"uv": [4.375, 6.75, 4, 6.3125], "texture": "#2"},
				"down": {"uv": [4.375, 6.75, 4, 6.3125], "texture": "#2"}
			}
		},
		{
			"from": [6.51, -10.49933, 8.53545],
			"to": [9.49, -5.49933, 12.03545],
			"rotation": {"angle": -45, "axis": "x", "origin": [7.975, -6.51963, 11.72215]},
			"faces": {
				"north": {"uv": [3.5625, 5.5625, 3.9375, 6.1875], "texture": "#2"},
				"east": {"uv": [3.625, 6.1875, 3.1875, 6.8125], "texture": "#2"},
				"south": {"uv": [3.1875, 5.5625, 3.5625, 6.1875], "texture": "#2"},
				"west": {"uv": [3.1875, 6.1875, 3.625, 6.8125], "texture": "#2"},
				"up": {"uv": [3.9375, 5.3125, 3.5625, 4.875], "texture": "#2"},
				"down": {"uv": [3.9375, 5.3125, 3.5625, 4.875], "texture": "#2"}
			}
		},
		{
			"from": [6.75, -13.78757, 8.79898],
			"to": [9.25, -5.28757, 11.79898],
			"rotation": {"angle": -45, "axis": "x", "origin": [7.975, -6.51963, 11.72215]},
			"faces": {
				"north": {"uv": [3.1875, 5.75, 2.875, 6.8125], "texture": "#2"},
				"east": {"uv": [2.875, 5.75, 2.5, 6.8125], "texture": "#2"},
				"south": {"uv": [3.1875, 5.75, 2.875, 6.8125], "texture": "#2"},
				"west": {"uv": [2.875, 5.75, 2.5, 6.8125], "texture": "#2"},
				"up": {"uv": [2.875, 6.125, 3.1875, 5.75], "texture": "#2"},
				"down": {"uv": [2.875, 6.125, 3.1875, 5.75], "texture": "#2"}
			}
		},
		{
			"from": [6.71, -3.39022, 8.52075],
			"to": [9.19, -1.39022, 11.52075],
			"rotation": {"angle": -22.5, "axis": "x", "origin": [7.975, -6.51963, 11.72215]},
			"faces": {
				"north": {"uv": [3.4375, 4.625, 3.75, 4.875], "texture": "#2"},
				"east": {"uv": [3.4375, 4.625, 3.0625, 4.875], "texture": "#2"},
				"south": {"uv": [3.4375, 4.625, 3.75, 4.875], "texture": "#2"},
				"west": {"uv": [3.0625, 4.625, 3.4375, 4.875], "texture": "#2"},
				"up": {"uv": [3.5625, 5.25, 3.25, 4.875], "texture": "#2"},
				"down": {"uv": [3.5625, 5.25, 3.25, 4.875], "texture": "#2"}
			}
		},
		{
			"from": [6.7, -3.00579, 6.8015],
			"to": [9.2, 3.99421, 9.8015],
			"rotation": {"angle": 0, "axis": "y", "origin": [7.975, -6.51963, 11.72215]},
			"faces": {
				"north": {"uv": [2.9375, 5.75, 2.625, 4.875], "texture": "#2"},
				"east": {"uv": [1.9375, 5.75, 2.3125, 4.875], "texture": "#2"},
				"south": {"uv": [2.625, 5.75, 2.3125, 4.875], "texture": "#2"},
				"west": {"uv": [2.3125, 5.75, 1.9375, 4.875], "texture": "#2"},
				"up": {"uv": [2.9375, 4.875, 3.25, 5.25], "texture": "#2"},
				"down": {"uv": [2.9375, 4.875, 3.25, 5.25], "texture": "#2"}
			}
		},
		{
			"from": [10, -11.31459, 18.02474],
			"to": [6, -14.81459, 14.52474],
			"rotation": {"angle": 0, "axis": "y", "origin": [7.975, -6.51963, 11.72215]},
			"faces": {
				"north": {"uv": [15.5, 0, 16, 0.4375], "texture": "#2"},
				"east": {"uv": [15.5625, 0, 16, 0.4375], "texture": "#2"},
				"south": {"uv": [15.5, 0, 16, 0.4375], "texture": "#2"},
				"west": {"uv": [15.5625, 0, 16, 0.4375], "texture": "#2"},
				"up": {"uv": [16, 0.4375, 15.5, 0], "texture": "#2"},
				"down": {"uv": [16, 0.4375, 15.5, 0], "texture": "#2"}
			}
		},
		{
			"from": [6.5, -14.2385, 13.44864],
			"to": [9.5, -10.2385, 17.44864],
			"rotation": {"angle": 0, "axis": "y", "origin": [7.975, -6.51963, 11.72215]},
			"faces": {
				"north": {"uv": [4.25, 1, 3.875, 1.5], "texture": "#2"},
				"east": {"uv": [3.25, 3, 3.75, 3.5], "texture": "#2"},
				"south": {"uv": [1.125, 3.875, 0.75, 4.375], "texture": "#2"},
				"west": {"uv": [3.75, 3, 3.25, 3.5], "texture": "#2"},
				"up": {"uv": [1.5, 3.875, 1.125, 4.375], "texture": "#2"},
				"down": {"uv": [4.25, 2, 3.875, 1.5], "texture": "#2"}
			}
		},
		{
			"from": [6.5, 26.2385, 13.44864],
			"to": [9.5, 30.2385, 17.44864],
			"rotation": {"angle": 0, "axis": "y", "origin": [7.975, 22.51963, 11.72215]},
			"faces": {
				"north": {"uv": [4.25, 1.5, 3.875, 1], "texture": "#2"},
				"east": {"uv": [3.25, 3.5, 3.75, 3], "texture": "#2"},
				"south": {"uv": [1.125, 4.375, 0.75, 3.875], "texture": "#2"},
				"west": {"uv": [3.75, 3.5, 3.25, 3], "texture": "#2"},
				"up": {"uv": [4.25, 1.5, 3.875, 2], "texture": "#2"},
				"down": {"uv": [1.5, 4.375, 1.125, 3.875], "texture": "#2"}
			}
		},
		{
			"from": [6.7, 12.00579, 6.8015],
			"to": [9.2, 19.00579, 9.8015],
			"rotation": {"angle": 0, "axis": "y", "origin": [7.975, 22.51963, 11.72215]},
			"faces": {
				"north": {"uv": [2.9375, 4.875, 2.625, 5.75], "texture": "#2"},
				"east": {"uv": [1.9375, 4.875, 2.3125, 5.75], "texture": "#2"},
				"south": {"uv": [2.625, 4.875, 2.3125, 5.75], "texture": "#2"},
				"west": {"uv": [2.3125, 4.875, 1.9375, 5.75], "texture": "#2"},
				"up": {"uv": [2.9375, 5.25, 3.25, 4.875], "texture": "#2"},
				"down": {"uv": [2.9375, 5.25, 3.25, 4.875], "texture": "#2"}
			}
		},
		{
			"from": [6.71, 17.39022, 8.52075],
			"to": [9.19, 19.39022, 11.52075],
			"rotation": {"angle": 22.5, "axis": "x", "origin": [7.975, 22.51963, 11.72215]},
			"faces": {
				"north": {"uv": [3.4375, 4.875, 3.75, 4.625], "texture": "#2"},
				"east": {"uv": [3.4375, 4.875, 3.0625, 4.625], "texture": "#2"},
				"south": {"uv": [3.4375, 4.875, 3.75, 4.625], "texture": "#2"},
				"west": {"uv": [3.0625, 4.875, 3.4375, 4.625], "texture": "#2"},
				"up": {"uv": [3.5625, 4.875, 3.25, 5.25], "texture": "#2"},
				"down": {"uv": [3.5625, 4.875, 3.25, 5.25], "texture": "#2"}
			}
		},
		{
			"from": [6.75, 21.28757, 8.79898],
			"to": [9.25, 29.78757, 11.79898],
			"rotation": {"angle": 45, "axis": "x", "origin": [7.975, 22.51963, 11.72215]},
			"faces": {
				"north": {"uv": [3.1875, 6.8125, 2.875, 5.75], "texture": "#2"},
				"east": {"uv": [2.875, 6.8125, 2.5, 5.75], "texture": "#2"},
				"south": {"uv": [3.1875, 6.8125, 2.875, 5.75], "texture": "#2"},
				"west": {"uv": [2.875, 6.8125, 2.5, 5.75], "texture": "#2"},
				"up": {"uv": [2.875, 5.75, 3.1875, 6.125], "texture": "#2"},
				"down": {"uv": [2.875, 5.75, 3.1875, 6.125], "texture": "#2"}
			}
		},
		{
			"from": [6.51, 21.49933, 8.53545],
			"to": [9.49, 26.49933, 12.03545],
			"rotation": {"angle": 45, "axis": "x", "origin": [7.975, 22.51963, 11.72215]},
			"faces": {
				"north": {"uv": [3.5625, 6.1875, 3.9375, 5.5625], "texture": "#2"},
				"east": {"uv": [3.625, 6.8125, 3.1875, 6.1875], "texture": "#2"},
				"south": {"uv": [3.1875, 6.1875, 3.5625, 5.5625], "texture": "#2"},
				"west": {"uv": [3.1875, 6.8125, 3.625, 6.1875], "texture": "#2"},
				"up": {"uv": [3.9375, 4.875, 3.5625, 5.3125], "texture": "#2"},
				"down": {"uv": [3.9375, 4.875, 3.5625, 5.3125], "texture": "#2"}
			}
		},
		{
			"from": [6.5, 18.79649, 8.38757],
			"to": [9.5, 22.79649, 11.88757],
			"rotation": {"angle": 22.5, "axis": "x", "origin": [7.975, 22.51963, 11.72215]},
			"faces": {
				"north": {"uv": [4, 6.8125, 4.375, 6.3125], "texture": "#2"},
				"east": {"uv": [4.375, 6.0625, 3.9375, 5.5625], "texture": "#2"},
				"south": {"uv": [3.625, 6.8125, 4, 6.3125], "texture": "#2"},
				"west": {"uv": [3.9375, 6.0625, 4.375, 5.5625], "texture": "#2"},
				"up": {"uv": [4.375, 6.3125, 4, 6.75], "texture": "#2"},
				"down": {"uv": [4.375, 6.3125, 4, 6.75], "texture": "#2"}
			}
		},
		{
			"from": [6.25, 18.76554, 8.47379],
			"to": [9.75, 20.76554, 14.47379],
			"rotation": {"angle": 45, "axis": "x", "origin": [7.975, 23.51963, 11.22215]},
			"faces": {
				"north": {"uv": [3.9375, 5.3125, 4.375, 5.0625], "texture": "#2"},
				"east": {"uv": [3.9375, 5.5625, 3.1875, 5.3125], "texture": "#2"},
				"south": {"uv": [3.9375, 5.5625, 4.375, 5.3125], "texture": "#2"},
				"west": {"uv": [3.1875, 5.5625, 3.9375, 5.3125], "texture": "#2"},
				"up": {"uv": [4.8125, 5.8125, 4.375, 6.5625], "texture": "#2"},
				"down": {"uv": [4.8125, 5.0625, 4.375, 5.8125], "texture": "#2"}
			}
		},
		{
			"from": [6.25, -4.76554, 8.47379],
			"to": [9.75, -2.76554, 14.47379],
			"rotation": {"angle": -45, "axis": "x", "origin": [7.975, -7.51963, 11.22215]},
			"faces": {
				"north": {"uv": [3.9375, 5.0625, 4.375, 5.3125], "texture": "#2"},
				"east": {"uv": [3.9375, 5.3125, 3.1875, 5.5625], "texture": "#2"},
				"south": {"uv": [3.9375, 5.3125, 4.375, 5.5625], "texture": "#2"},
				"west": {"uv": [3.1875, 5.3125, 3.9375, 5.5625], "texture": "#2"},
				"up": {"uv": [4.8125, 5.8125, 4.375, 5.0625], "texture": "#2"},
				"down": {"uv": [4.8125, 6.5625, 4.375, 5.8125], "texture": "#2"}
			}
		},
		{
			"from": [10, 30.81459, 18.02474],
			"to": [6, 27.31459, 14.52474],
			"rotation": {"angle": 0, "axis": "y", "origin": [7.975, 22.51963, 11.72215]},
			"faces": {
				"north": {"uv": [15.5, 0.4375, 16, 0], "texture": "#2"},
				"east": {"uv": [15.5625, 0.4375, 16, 0], "texture": "#2"},
				"south": {"uv": [15.5, 0.4375, 16, 0], "texture": "#2"},
				"west": {"uv": [15.5625, 0.4375, 16, 0], "texture": "#2"},
				"up": {"uv": [16, 0, 15.5, 0.4375], "texture": "#2"},
				"down": {"uv": [16, 0, 15.5, 0.4375], "texture": "#2"}
			}
		},
		{
			"from": [5, 12, 6],
			"to": [9.5, 14.5, 10.5],
			"rotation": {"angle": -45, "axis": "y", "origin": [8, 12.75, 9]},
			"faces": {
				"north": {"uv": [7.125, 9.4375, 6.8125, 8.875], "rotation": 270, "texture": "#2"},
				"east": {"uv": [4.25, 11.5625, 3.9375, 11], "rotation": 270, "texture": "#2"},
				"south": {"uv": [4.25, 11, 3.9375, 11.5625], "rotation": 270, "texture": "#2"},
				"west": {"uv": [7.125, 8.875, 6.8125, 9.4375], "rotation": 270, "texture": "#2"},
				"up": {"uv": [6.875, 9.8125, 6.3125, 10.375], "rotation": 270, "texture": "#2"},
				"down": {"uv": [7.9375, 9.6875, 7.375, 10.25], "rotation": 270, "texture": "#2"}
			}
		},
		{
			"from": [5, 1.5, 6],
			"to": [9.5, 4, 10.5],
			"rotation": {"angle": -45, "axis": "y", "origin": [8, 3.25, 9]},
			"faces": {
				"north": {"uv": [6.8125, 9.4375, 7.125, 8.875], "rotation": 270, "texture": "#2"},
				"east": {"uv": [3.9375, 11.5625, 4.25, 11], "rotation": 270, "texture": "#2"},
				"south": {"uv": [3.9375, 11, 4.25, 11.5625], "rotation": 270, "texture": "#2"},
				"west": {"uv": [6.8125, 8.875, 7.125, 9.4375], "rotation": 270, "texture": "#2"},
				"up": {"uv": [7.375, 9.6875, 7.9375, 10.25], "rotation": 270, "texture": "#2"},
				"down": {"uv": [6.3125, 9.8125, 6.875, 10.375], "rotation": 270, "texture": "#2"}
			}
		},
		{
			"from": [7.75, -10.5, 14.5],
			"to": [8.25, 8, 15],
			"rotation": {"angle": 0, "axis": "y", "origin": [8, -9.25, 14.75]},
			"faces": {
				"north": {"uv": [8.9375, 4.1875, 9, 1.875], "texture": "#2"},
				"east": {"uv": [8.9375, 4.1875, 9, 1.875], "texture": "#2"},
				"south": {"uv": [8.9375, 4.1875, 9, 1.875], "texture": "#2"},
				"west": {"uv": [8.9375, 4.1875, 9, 1.875], "texture": "#2"},
				"up": {"uv": [8.9375, 4.1875, 9, 1.875], "texture": "#2"},
				"down": {"uv": [8.9375, 4.1875, 9, 1.875], "texture": "#2"}
			}
		},
		{
			"from": [7.75, 8, 14.5],
			"to": [8.25, 26.5, 15],
			"rotation": {"angle": 0, "axis": "y", "origin": [8, 25.25, 14.75]},
			"faces": {
				"north": {"uv": [8.9375, 1.875, 9, 4.1875], "texture": "#2"},
				"east": {"uv": [8.9375, 1.875, 9, 4.1875], "texture": "#2"},
				"south": {"uv": [8.9375, 1.875, 9, 4.1875], "texture": "#2"},
				"west": {"uv": [8.9375, 1.875, 9, 4.1875], "texture": "#2"},
				"up": {"uv": [8.9375, 1.875, 9, 4.1875], "texture": "#2"},
				"down": {"uv": [8.9375, 1.875, 9, 4.1875], "texture": "#2"}
			}
		},
		{
			"from": [11.15, 12, 4.34],
			"to": [11.15, 31, 19.84],
			"rotation": {"angle": 22.5, "axis": "y", "origin": [11.25, 16, 7.09]},
			"faces": {
				"north": {"uv": [0, 0, 0, 1.625], "texture": "#2"},
				"east": {"uv": [11.0625, 0, 9.125, 2.375], "texture": "#2"},
				"south": {"uv": [0, 0, 0, 1.625], "texture": "#2"},
				"west": {"uv": [9.125, 0, 11.0625, 2.375], "texture": "#2"},
				"up": {"uv": [0, 1.125, 0, 0], "rotation": 180, "texture": "#2"},
				"down": {"uv": [0, 1.125, 0, 0], "rotation": 180, "texture": "#2"}
			}
		},
		{
			"from": [4.85, 12, 4.34],
			"to": [4.85, 31, 19.84],
			"rotation": {"angle": -22.5, "axis": "y", "origin": [4.75, 16, 7.09]},
			"faces": {
				"north": {"uv": [0, 0, 0, 1.625], "texture": "#2"},
				"east": {"uv": [11.0625, 0, 9.125, 2.375], "texture": "#2"},
				"south": {"uv": [0, 0, 0, 1.625], "texture": "#2"},
				"west": {"uv": [9.125, 0, 11.0625, 2.375], "texture": "#2"},
				"up": {"uv": [0, 0, 0, 1.125], "texture": "#2"},
				"down": {"uv": [0, 0, 0, 1.125], "texture": "#2"}
			}
		},
		{
			"from": [4.85, -15, 4.34],
			"to": [4.85, 4, 19.84],
			"rotation": {"angle": -22.5, "axis": "y", "origin": [4.75, 0, 7.09]},
			"faces": {
				"north": {"uv": [0, 1.625, 0, 0], "texture": "#2"},
				"east": {"uv": [11.0625, 2.375, 9.125, 0], "texture": "#2"},
				"south": {"uv": [0, 1.625, 0, 0], "texture": "#2"},
				"west": {"uv": [9.125, 2.375, 11.0625, 0], "texture": "#2"},
				"up": {"uv": [0, 1.125, 0, 0], "texture": "#2"},
				"down": {"uv": [0, 1.125, 0, 0], "texture": "#2"}
			}
		},
		{
			"from": [11.15, -15, 4.34],
			"to": [11.15, 4, 19.84],
			"rotation": {"angle": 22.5, "axis": "y", "origin": [11.25, 0, 7.09]},
			"faces": {
				"north": {"uv": [0, 1.625, 0, 0], "texture": "#2"},
				"east": {"uv": [11.0625, 2.375, 9.125, 0], "texture": "#2"},
				"south": {"uv": [0, 1.625, 0, 0], "texture": "#2"},
				"west": {"uv": [9.125, 2.375, 11.0625, 0], "texture": "#2"},
				"up": {"uv": [0, 0, 0, 1.125], "rotation": 180, "texture": "#2"},
				"down": {"uv": [0, 0, 0, 1.125], "rotation": 180, "texture": "#2"}
			}
		},
		{
			"from": [11.65051, 15.5, 0.10051],
			"to": [14.15051, 18, 2.10051],
			"rotation": {"angle": 45, "axis": "z", "origin": [12.90051, 16.75, 1.10051]},
			"faces": {
				"north": {"uv": [4.375, 4.75, 4.6875, 5.0625], "texture": "#2"},
				"east": {"uv": [4.6875, 4.75, 4.9375, 5.0625], "texture": "#2"},
				"south": {"uv": [4.6875, 4.75, 4.375, 5.0625], "texture": "#2"},
				"west": {"uv": [4.9375, 4.75, 5.1875, 5.0625], "texture": "#2"},
				"up": {"uv": [5.1875, 4.75, 5.4375, 5.0625], "rotation": 90, "texture": "#2"},
				"down": {"uv": [4.9375, 5.0625, 5.1875, 4.75], "rotation": 270, "texture": "#2"}
			}
		},
		{
			"from": [6, 14.5, 6],
			"to": [6, 19.5, 12],
			"rotation": {"angle": 0, "axis": "y", "origin": [6, 17, 9]},
			"faces": {
				"north": {"uv": [0, 0, 0, 4], "texture": "#missing"},
				"east": {"uv": [5.5625, 0, 6.3125, 0.625], "texture": "#2"},
				"south": {"uv": [0, 0, 0, 4], "texture": "#missing"},
				"west": {"uv": [6.3125, 0, 5.5625, 0.625], "texture": "#2"},
				"up": {"uv": [0, 4, 0, 0], "texture": "#missing"},
				"down": {"uv": [0, 4, 0, 0], "texture": "#missing"}
			}
		},
		{
			"from": [6, 14.5, 6],
			"to": [6, 19.5, 12],
			"rotation": {"angle": 45, "axis": "y", "origin": [6, 17, 9]},
			"faces": {
				"north": {"uv": [0, 0, 0, 4], "texture": "#missing"},
				"east": {"uv": [5.5625, 0, 6.3125, 0.625], "texture": "#2"},
				"south": {"uv": [0, 0, 0, 4], "texture": "#missing"},
				"west": {"uv": [6.3125, 0, 5.5625, 0.625], "texture": "#2"},
				"up": {"uv": [0, 4, 0, 0], "texture": "#missing"},
				"down": {"uv": [0, 4, 0, 0], "texture": "#missing"}
			}
		},
		{
			"from": [10.5, 19, 4],
			"to": [10.5, 32, 10],
			"rotation": {"angle": 22.5, "axis": "y", "origin": [10.5, 25.5, 7]},
			"faces": {
				"north": {"uv": [0, 0, 0, 13], "texture": "#1"},
				"east": {"uv": [10, 0, 16, 13], "texture": "#1"},
				"south": {"uv": [0, 0, 0, 13], "texture": "#1"},
				"west": {"uv": [16, 0, 10, 13], "texture": "#1"},
				"up": {"uv": [0, 0, 0, 6], "texture": "#1"},
				"down": {"uv": [0, 6, 0, 0], "texture": "#1"}
			}
		},
		{
			"from": [10.5, 19, 4],
			"to": [10.5, 32, 10],
			"rotation": {"angle": 0, "axis": "y", "origin": [10.5, 25.5, 7]},
			"faces": {
				"north": {"uv": [0, 0, 0, 13], "texture": "#1"},
				"east": {"uv": [10, 0, 16, 13], "texture": "#1"},
				"south": {"uv": [0, 0, 0, 13], "texture": "#1"},
				"west": {"uv": [16, 0, 10, 13], "texture": "#1"},
				"up": {"uv": [0, 0, 0, 6], "texture": "#1"},
				"down": {"uv": [0, 6, 0, 0], "texture": "#1"}
			}
		},
		{
			"from": [10, 13.5, 4.6],
			"to": [10, 22.5, 10.6],
			"rotation": {"angle": 22.5, "axis": "y", "origin": [8, 13.5, 7.6]},
			"faces": {
				"north": {"uv": [0, 0, 0, 4], "texture": "#missing"},
				"east": {"uv": [4.8125, 0, 5.5625, 1.125], "texture": "#2"},
				"south": {"uv": [0, 0, 0, 4], "texture": "#missing"},
				"west": {"uv": [5.5625, 0, 4.8125, 1.125], "texture": "#2"},
				"up": {"uv": [0, 4, 0, 0], "texture": "#missing"},
				"down": {"uv": [0, 4, 0, 0], "texture": "#missing"}
			}
		},
		{
			"from": [6.5, 0, 1],
			"to": [6.5, 13, 7],
			"rotation": {"angle": 22.5, "axis": "y", "origin": [6.5, 6.5, 4]},
			"faces": {
				"north": {"uv": [0, 0, 0, 13], "texture": "#1"},
				"east": {"uv": [16, 0, 10, 13], "texture": "#1"},
				"south": {"uv": [0, 0, 0, 13], "texture": "#1"},
				"west": {"uv": [10, 0, 16, 13], "texture": "#1"},
				"up": {"uv": [0, 6, 0, 0], "texture": "#1"},
				"down": {"uv": [0, 0, 0, 6], "texture": "#1"}
			}
		},
		{
			"from": [6.5, 0, 1],
			"to": [6.5, 13, 7],
			"rotation": {"angle": 0, "axis": "y", "origin": [6.5, 6.5, 4]},
			"faces": {
				"north": {"uv": [0, 0, 0, 13], "texture": "#1"},
				"east": {"uv": [16, 0, 10, 13], "texture": "#1"},
				"south": {"uv": [0, 0, 0, 13], "texture": "#1"},
				"west": {"uv": [10, 0, 16, 13], "texture": "#1"},
				"up": {"uv": [0, 6, 0, 0], "texture": "#1"},
				"down": {"uv": [0, 0, 0, 6], "texture": "#1"}
			}
		},
		{
			"from": [7, -5.5, 4.6],
			"to": [7, 3.5, 10.6],
			"rotation": {"angle": -22.5, "axis": "x", "origin": [9, -5.5, 7.6]},
			"faces": {
				"north": {"uv": [0, 0, 0, 4], "texture": "#missing"},
				"east": {"uv": [4.8125, 0, 5.5625, 1.125], "texture": "#2"},
				"south": {"uv": [0, 0, 0, 4], "texture": "#missing"},
				"west": {"uv": [5.5625, 0, 4.8125, 1.125], "texture": "#2"},
				"up": {"uv": [0, 4, 0, 0], "texture": "#missing"},
				"down": {"uv": [0, 4, 0, 0], "texture": "#missing"}
			}
		},
		{
			"from": [14.69315, 18.5, 2.60051],
			"to": [11.19315, 15, -0.39949],
			"rotation": {"angle": 45, "axis": "z", "origin": [12.94315, 16.75, 1.10051]},
			"faces": {
				"north": {"uv": [14.9375, 0, 15.375, 0.4375], "texture": "#2"},
				"east": {"uv": [15.25, 0, 15.625, 0.4375], "texture": "#2"},
				"south": {"uv": [14.9375, 0, 15.375, 0.4375], "texture": "#2"},
				"west": {"uv": [15.5, 0, 15.875, 0.4375], "texture": "#2"},
				"up": {"uv": [15.625, 0, 16, 0.4375], "rotation": 90, "texture": "#2"},
				"down": {"uv": [15.5, 0.4375, 15.875, 0], "rotation": 270, "texture": "#2"}
			}
		},
		{
			"from": [15.25, 19, 3.10051],
			"to": [10.75, 14.5, -0.89949],
			"rotation": {"angle": 45, "axis": "z", "origin": [13, 16.75, 1.10051]},
			"faces": {
				"north": {"uv": [14.1875, 0, 14.75, 0.5625], "texture": "#2"},
				"east": {"uv": [14.25, 0, 14.75, 0.5625], "texture": "#2"},
				"south": {"uv": [14.1875, 0, 14.75, 0.5625], "texture": "#2"},
				"west": {"uv": [14.25, 0, 14.75, 0.5625], "texture": "#2"},
				"up": {"uv": [14.25, 0, 14.75, 0.5625], "rotation": 90, "texture": "#2"},
				"down": {"uv": [14.25, 0, 14.75, 0.5625], "rotation": 270, "texture": "#2"}
			}
		},
		{
			"from": [4.25, 1, 5.10051],
			"to": [-0.25, -3.5, 1.10051],
			"rotation": {"angle": -45, "axis": "z", "origin": [2, -1.25, 3.10051]},
			"faces": {
				"north": {"uv": [14.75, 0, 14.1875, 0.5625], "texture": "#2"},
				"east": {"uv": [14.75, 0, 14.25, 0.5625], "texture": "#2"},
				"south": {"uv": [14.75, 0, 14.1875, 0.5625], "texture": "#2"},
				"west": {"uv": [14.75, 0, 14.25, 0.5625], "texture": "#2"},
				"up": {"uv": [14.25, 0.5625, 14.75, 0], "rotation": 90, "texture": "#2"},
				"down": {"uv": [14.25, 0.5625, 14.75, 0], "rotation": 270, "texture": "#2"}
			}
		},
		{
			"from": [3.80685, 0.5, 4.60051],
			"to": [0.30685, -3, 1.60051],
			"rotation": {"angle": -45, "axis": "z", "origin": [2.05685, -1.25, 3.10051]},
			"faces": {
				"north": {"uv": [15.375, 0, 14.9375, 0.4375], "texture": "#2"},
				"east": {"uv": [15.875, 0, 15.5, 0.4375], "texture": "#2"},
				"south": {"uv": [15.375, 0, 14.9375, 0.4375], "texture": "#2"},
				"west": {"uv": [15.625, 0, 15.25, 0.4375], "texture": "#2"},
				"up": {"uv": [15.625, 0.4375, 16, 0], "rotation": 90, "texture": "#2"},
				"down": {"uv": [15.5, 0, 15.875, 0.4375], "rotation": 270, "texture": "#2"}
			}
		},
		{
			"from": [0.84949, -2.5, 2.10051],
			"to": [3.34949, 0, 4.10051],
			"rotation": {"angle": -45, "axis": "z", "origin": [2.09949, -1.25, 3.10051]},
			"faces": {
				"north": {"uv": [4.6875, 4.75, 4.375, 5.0625], "texture": "#2"},
				"east": {"uv": [5.1875, 4.75, 4.9375, 5.0625], "texture": "#2"},
				"south": {"uv": [4.375, 4.75, 4.6875, 5.0625], "texture": "#2"},
				"west": {"uv": [4.9375, 4.75, 4.6875, 5.0625], "texture": "#2"},
				"up": {"uv": [5.1875, 5.0625, 5.4375, 4.75], "rotation": 90, "texture": "#2"},
				"down": {"uv": [4.9375, 4.75, 5.1875, 5.0625], "rotation": 270, "texture": "#2"}
			}
		},
		{
			"from": [5, 18.5, 6],
			"to": [5, 31.5, 12],
			"rotation": {"angle": 0, "axis": "y", "origin": [3, 18.5, 6]},
			"faces": {
				"north": {"uv": [0, 0, 0, 13], "texture": "#1"},
				"east": {"uv": [6, 0, 0, 13], "texture": "#1"},
				"south": {"uv": [0, 0, 0, 13], "texture": "#1"},
				"west": {"uv": [0, 0, 6, 13], "texture": "#1"},
				"up": {"uv": [0, 6, 0, 0], "texture": "#1"},
				"down": {"uv": [0, 0, 0, 6], "texture": "#1"}
			}
		},
		{
			"from": [5, 18.5, 6],
			"to": [5, 31.5, 12],
			"rotation": {"angle": -22.5, "axis": "y", "origin": [5, 25, 9]},
			"faces": {
				"north": {"uv": [0, 0, 0, 13], "texture": "#1"},
				"east": {"uv": [6, 0, 0, 13], "texture": "#1"},
				"south": {"uv": [0, 0, 0, 13], "texture": "#1"},
				"west": {"uv": [0, 0, 6, 13], "texture": "#1"},
				"up": {"uv": [0, 6, 0, 0], "texture": "#1"},
				"down": {"uv": [0, 0, 0, 6], "texture": "#1"}
			}
		}
	],
	"gui_light": "front",
	"display": {
		"thirdperson_righthand": {
			"rotation": [0, -3, 0],
			"translation": [0, -2, 1],
			"scale": [1.1, 1.1, 1.1]
		},
		"thirdperson_lefthand": {
			"rotation": [0, -3, 0],
			"translation": [0, -2, 1],
			"scale": [1.1, 1.1, 1.1]
		},
		"firstperson_righthand": {
			"rotation": [16, -9.23, -9],
			"translation": [10.5, 5, -5.75],
			"scale": [1.1, 1.1, 1.1]
		},
		"firstperson_lefthand": {
			"rotation": [16, -9.23, -9],
			"translation": [10.5, 5, -5.75],
			"scale": [1.1, 1.1, 1.1]
		},
		"ground": {
			"rotation": [0, 0, 90],
			"translation": [-0.25, 9, -3.25],
			"scale": [1.1, 1.1, 1.1]
		},
		"gui": {
			"rotation": [-57, 135, 71],
			"translation": [-2, 2, -1.5]
		},
		"head": {
			"scale": [0, 0, 0]
		},
		"fixed": {
			"rotation": [-90, -90, -90],
			"translation": [4.25, 0, -4.25],
			"scale": [2.6, 2.6, 2.6]
		}
	},
	"mcmodels": "18eed7511527b5877c3dcf9394c60948"
}