{
	"format_version": "1.21.6",
	"credit": "Made with Blockbench",
	"texture_size": [128, 128],
	"textures": {
		"1": "item/crates/pale-garden/pale_garden_animation1",
		"2": "item/crates/pale-garden/pale_garden_texture",
		"particle": "item/crates/pale-garden/pale_garden_texture"
	},
	"elements": [
		{
			"from": [6.5, -14.85587, 5.21305],
			"to": [9.5, -10.85587, 9.21305],
			"rotation": {"angle": -22.5, "axis": "x", "origin": [8, -13.26891, 6.8]},
			"faces": {
				"north": {"uv": [0.75, 3.875, 1.125, 4.375], "texture": "#2"},
				"east": {"uv": [3.75, 3, 3.25, 3.5], "texture": "#2"},
				"south": {"uv": [3.875, 1, 4.25, 1.5], "texture": "#2"},
				"west": {"uv": [3.25, 3, 3.75, 3.5], "texture": "#2"},
				"up": {"uv": [1.5, 4.375, 1.125, 3.875], "texture": "#2"},
				"down": {"uv": [4.25, 1.5, 3.875, 2], "texture": "#2"}
			}
		},
		{
			"from": [6, 5, 3],
			"to": [10, 9.5, 13],
			"rotation": {"angle": 0, "axis": "y", "origin": [7.5, -0.11142, 8.5625]},
			"faces": {
				"north": {"uv": [1, 3.25, 1.5, 3.8125], "texture": "#2"},
				"east": {"uv": [1, 0.625, 2.25, 1.1875], "texture": "#2"},
				"south": {"uv": [1, 3.25, 1.5, 3.8125], "texture": "#2"},
				"west": {"uv": [1, 0.625, 2.25, 1.1875], "texture": "#2"},
				"up": {"uv": [1.5, 2.5, 1, 1.25], "texture": "#2"},
				"down": {"uv": [2, 1.25, 1.5, 2.5], "texture": "#2"}
			}
		},
		{
			"from": [5, 4, 1.5],
			"to": [11, 11.5, 4.5],
			"rotation": {"angle": 0, "axis": "y", "origin": [8, 7.25, 1.5]},
			"faces": {
				"north": {"uv": [4.3125, 8.125, 5.0625, 9.0625], "texture": "#2"},
				"east": {"uv": [5.0625, 8.125, 5.4375, 9.0625], "texture": "#2"},
				"south": {"uv": [4.3125, 8.125, 5.0625, 9.0625], "texture": "#2"},
				"west": {"uv": [5.0625, 8.125, 5.4375, 9.0625], "texture": "#2"},
				"up": {"uv": [4.3125, 9.0625, 5.0625, 9.4375], "texture": "#2"},
				"down": {"uv": [4.125, 9.5625, 4.875, 9.9375], "texture": "#2"}
			}
		},
		{
			"from": [3, 4, -3],
			"to": [13, 12.5, 2],
			"rotation": {"angle": 0, "axis": "y", "origin": [7.5, -1.11142, 8.5625]},
			"faces": {
				"north": {"uv": [0, 9, 1.25, 10.0625], "texture": "#2"},
				"east": {"uv": [1.875, 9, 1.25, 10.0625], "texture": "#2"},
				"south": {"uv": [0, 10.0625, 1.25, 11.125], "texture": "#2"},
				"west": {"uv": [1.25, 9, 1.875, 10.0625], "texture": "#2"},
				"up": {"uv": [0.5, 8.375, 1.75, 9], "texture": "#2"},
				"down": {"uv": [0.5, 8.375, 1.75, 9], "texture": "#2"}
			}
		},
		{
			"from": [4.5, 0.5, -2.99],
			"to": [11.5, 7.5, 1.99],
			"rotation": {"angle": 45, "axis": "z", "origin": [8, 4, -0.5]},
			"faces": {
				"north": {"uv": [2.125, 10.0625, 3, 10.9375], "texture": "#2"},
				"east": {"uv": [3, 10.0625, 3.625, 10.9375], "texture": "#2"},
				"south": {"uv": [1.25, 10.0625, 2.125, 10.9375], "texture": "#2"},
				"west": {"uv": [3, 10.0625, 3.625, 10.9375], "texture": "#2"},
				"up": {"uv": [3, 10.0625, 3.625, 10.9375], "texture": "#2"},
				"down": {"uv": [3.6225, 10.0625, 3, 10.9375], "rotation": 90, "texture": "#2"}
			}
		},
		{
			"from": [3.01, 9, -4],
			"to": [12.99, 14.5, 0.5],
			"rotation": {"angle": -45, "axis": "x", "origin": [8, 12.5, -3]},
			"faces": {
				"north": {"uv": [3, 8.3125, 4.25, 9], "texture": "#2"},
				"east": {"uv": [2.4375, 9, 1.875, 9.6875], "texture": "#2"},
				"south": {"uv": [1.75, 8.3125, 3, 9], "texture": "#2"},
				"west": {"uv": [1.875, 9, 2.4375, 9.6875], "texture": "#2"},
				"up": {"uv": [2.4375, 9, 3.6875, 9.5625], "texture": "#2"},
				"down": {"uv": [2.4375, 9, 3.6875, 9.5625], "texture": "#2"}
			}
		},
		{
			"from": [3, 14.5, -4],
			"to": [6.5, 16, 0.5],
			"rotation": {"angle": -45, "axis": "x", "origin": [8, 12.5, -3]},
			"faces": {
				"north": {"uv": [2.625, 8.125, 3.0625, 8.3125], "texture": "#2"},
				"east": {"uv": [4.0625, 7.9375, 3.5, 8.125], "texture": "#2"},
				"south": {"uv": [3.0625, 8.125, 3.5, 8.3125], "texture": "#2"},
				"west": {"uv": [3.5, 8.125, 4.0625, 8.3125], "texture": "#2"},
				"up": {"uv": [3.6875, 9.5625, 4.125, 10.125], "texture": "#2"},
				"down": {"uv": [3.6875, 9.5625, 4.125, 10.125], "texture": "#2"}
			}
		},
		{
			"from": [8, 14.5, -4],
			"to": [13, 17, 0.5],
			"rotation": {"angle": -45, "axis": "x", "origin": [8, 12.5, -3]},
			"faces": {
				"north": {"uv": [1.875, 9.75, 2.5, 10.0625], "texture": "#2"},
				"east": {"uv": [3.125, 9.75, 3.6875, 10.0625], "texture": "#2"},
				"south": {"uv": [2.5, 9.75, 3.125, 10.0625], "texture": "#2"},
				"west": {"uv": [4.875, 7.8125, 4.3125, 8.125], "texture": "#2"},
				"up": {"uv": [3.6875, 9, 4.3125, 9.5625], "texture": "#2"},
				"down": {"uv": [3.6875, 9, 4.3125, 9.5625], "texture": "#2"}
			}
		},
		{
			"from": [7.5, 9.5, 8.6],
			"to": [7.5, 18.5, 14.6],
			"rotation": {"angle": 22.5, "axis": "y", "origin": [5.5, 9.5, 11.6]},
			"faces": {
				"north": {"uv": [0, 0, 0, 4], "texture": "#missing"},
				"east": {"uv": [4.8125, 0, 5.5625, 1.125], "texture": "#2"},
				"south": {"uv": [0, 0, 0, 4], "texture": "#missing"},
				"west": {"uv": [5.5625, 0, 4.8125, 1.125], "texture": "#2"},
				"up": {"uv": [0, 4, 0, 0], "texture": "#missing"},
				"down": {"uv": [0, 4, 0, 0], "texture": "#missing"}
			}
		},
		{
			"from": [7.5, 18, 8],
			"to": [7.5, 31, 14],
			"rotation": {"angle": 0, "axis": "y", "origin": [7.5, 24.5, 11]},
			"faces": {
				"north": {"uv": [0, 0, 0, 13], "texture": "#1"},
				"east": {"uv": [10, 0, 16, 13], "texture": "#1"},
				"south": {"uv": [0, 0, 0, 13], "texture": "#1"},
				"west": {"uv": [16, 0, 10, 13], "texture": "#1"},
				"up": {"uv": [0, 0, 0, 6], "texture": "#1"},
				"down": {"uv": [0, 6, 0, 0], "texture": "#1"}
			}
		},
		{
			"from": [7.5, 18, 8],
			"to": [7.5, 31, 14],
			"rotation": {"angle": 22.5, "axis": "y", "origin": [7.5, 24.5, 11]},
			"faces": {
				"north": {"uv": [0, 0, 0, 13], "texture": "#1"},
				"east": {"uv": [10, 0, 16, 13], "texture": "#1"},
				"south": {"uv": [0, 0, 0, 13], "texture": "#1"},
				"west": {"uv": [16, 0, 10, 13], "texture": "#1"},
				"up": {"uv": [0, 0, 0, 6], "texture": "#1"},
				"down": {"uv": [0, 6, 0, 0], "texture": "#1"}
			}
		},
		{
			"from": [7, 13.5, 2],
			"to": [7, 26.5, 8],
			"rotation": {"angle": 0, "axis": "y", "origin": [5, 13.5, 2]},
			"faces": {
				"north": {"uv": [0, 0, 0, 13], "texture": "#1"},
				"east": {"uv": [6, 0, 0, 13], "texture": "#1"},
				"south": {"uv": [0, 0, 0, 13], "texture": "#1"},
				"west": {"uv": [0, 0, 6, 13], "texture": "#1"},
				"up": {"uv": [0, 6, 0, 0], "texture": "#1"},
				"down": {"uv": [0, 0, 0, 6], "texture": "#1"}
			}
		},
		{
			"from": [7, 13.5, 2],
			"to": [7, 26.5, 8],
			"rotation": {"angle": -22.5, "axis": "y", "origin": [7, 20, 5]},
			"faces": {
				"north": {"uv": [0, 0, 0, 13], "texture": "#1"},
				"east": {"uv": [6, 0, 0, 13], "texture": "#1"},
				"south": {"uv": [0, 0, 0, 13], "texture": "#1"},
				"west": {"uv": [0, 0, 6, 13], "texture": "#1"},
				"up": {"uv": [0, 6, 0, 0], "texture": "#1"},
				"down": {"uv": [0, 0, 0, 6], "texture": "#1"}
			}
		},
		{
			"from": [7, 9.5, 2],
			"to": [7, 14.5, 8],
			"rotation": {"angle": 0, "axis": "y", "origin": [7, 12, 5]},
			"faces": {
				"north": {"uv": [0, 0, 0, 4], "texture": "#missing"},
				"east": {"uv": [5.5625, 0, 6.3125, 0.625], "texture": "#2"},
				"south": {"uv": [0, 0, 0, 4], "texture": "#missing"},
				"west": {"uv": [6.3125, 0, 5.5625, 0.625], "texture": "#2"},
				"up": {"uv": [0, 4, 0, 0], "texture": "#missing"},
				"down": {"uv": [0, 4, 0, 0], "texture": "#missing"}
			}
		},
		{
			"from": [7, 9.5, 2],
			"to": [7, 14.5, 8],
			"rotation": {"angle": -45, "axis": "y", "origin": [7, 12, 5]},
			"faces": {
				"north": {"uv": [0, 0, 0, 4], "texture": "#missing"},
				"east": {"uv": [5.5625, 0, 6.3125, 0.625], "texture": "#2"},
				"south": {"uv": [0, 0, 0, 4], "texture": "#missing"},
				"west": {"uv": [6.3125, 0, 5.5625, 0.625], "texture": "#2"},
				"up": {"uv": [0, 4, 0, 0], "texture": "#missing"},
				"down": {"uv": [0, 4, 0, 0], "texture": "#missing"}
			}
		},
		{
			"from": [6, 9.6, 12.7],
			"to": [10, 9.6, 16.2],
			"rotation": {"angle": -22.5, "axis": "x", "origin": [8, 9.6, 13.2]},
			"faces": {
				"north": {"uv": [0, 0, 0.5, 0], "texture": "#2"},
				"east": {"uv": [0, 0, 0.4375, 0], "texture": "#2"},
				"south": {"uv": [0, 0, 0.5, 0], "texture": "#2"},
				"west": {"uv": [0, 0, 0.4375, 0], "texture": "#2"},
				"up": {"uv": [4.25, 3.4375, 3.75, 3], "texture": "#2"},
				"down": {"uv": [4.25, 3, 3.75, 3.4375], "texture": "#2"}
			}
		},
		{
			"from": [10.01, 5.5, 11.2],
			"to": [10.01, 9.6, 16.2],
			"rotation": {"angle": -22.5, "axis": "x", "origin": [10.1, 9.6, 13.2]},
			"faces": {
				"north": {"uv": [0, 0, 0, 0.5], "texture": "#2"},
				"east": {"uv": [3.875, 0.5, 3.25, 1.0125], "texture": "#2"},
				"south": {"uv": [0, 0, 0, 0.5], "texture": "#2"},
				"west": {"uv": [3.25, 0.5, 3.875, 1.0125], "texture": "#2"},
				"up": {"uv": [0, 0.625, 0, 0], "texture": "#2"},
				"down": {"uv": [0, 0, 0, 0.625], "texture": "#2"}
			}
		},
		{
			"from": [5.99, 5.5, 11.2],
			"to": [5.99, 9.6, 16.2],
			"rotation": {"angle": -22.5, "axis": "x", "origin": [5.9, 9.6, 13.2]},
			"faces": {
				"north": {"uv": [0, 0, 0, 0.5], "texture": "#2"},
				"east": {"uv": [3.875, 0.5, 3.25, 1.0125], "texture": "#2"},
				"south": {"uv": [0, 0, 0, 0.5], "texture": "#2"},
				"west": {"uv": [3.25, 0.5, 3.875, 1.0125], "texture": "#2"},
				"up": {"uv": [0, 0.625, 0, 0], "texture": "#2"},
				"down": {"uv": [0, 0, 0, 0.625], "texture": "#2"}
			}
		},
		{
			"from": [5.51, 3.6, 4.5],
			"to": [10.49, 7.1, 8],
			"rotation": {"angle": -45, "axis": "x", "origin": [8, 7.1, 8]},
			"faces": {
				"north": {"uv": [3.25, 1, 3.875, 1.4375], "texture": "#2"},
				"east": {"uv": [0.25, 3.875, 0.6875, 4.3125], "texture": "#2"},
				"south": {"uv": [3.25, 1.5, 3.875, 1.9375], "texture": "#2"},
				"west": {"uv": [3.875, 0.5, 4.3125, 0.9375], "texture": "#2"},
				"up": {"uv": [3.875, 2.4375, 3.25, 2], "texture": "#2"},
				"down": {"uv": [3.875, 2.5, 3.25, 2.9375], "texture": "#2"}
			}
		},
		{
			"from": [5.5, 4.5, 5.5],
			"to": [10.5, 10, 10.5],
			"rotation": {"angle": 0, "axis": "y", "origin": [8.5, 7.5, 8.6]},
			"faces": {
				"north": {"uv": [1, 2.5, 1.625, 3.1875], "texture": "#2"},
				"east": {"uv": [2.625, 0, 3.25, 0.6875], "texture": "#2"},
				"south": {"uv": [2.625, 0.75, 3.25, 1.4375], "texture": "#2"},
				"west": {"uv": [2.625, 1.5, 3.25, 2.1875], "texture": "#2"},
				"up": {"uv": [3.25, 2.875, 2.625, 2.25], "texture": "#2"},
				"down": {"uv": [3.25, 2.875, 2.625, 3.5], "texture": "#2"}
			}
		},
		{
			"from": [5.5, 8, 5.51],
			"to": [7, 11, 10.49],
			"rotation": {"angle": 45, "axis": "z", "origin": [5.5, 10, 7.5]},
			"faces": {
				"north": {"uv": [0.875, 4.375, 1.0625, 4.75], "texture": "#2"},
				"east": {"uv": [3, 3.5, 3.625, 3.875], "texture": "#2"},
				"south": {"uv": [1.125, 4.375, 1.3125, 4.75], "texture": "#2"},
				"west": {"uv": [3.625, 3.5, 4.2475, 3.875], "texture": "#2"},
				"up": {"uv": [2.1875, 4.875, 2, 4.25], "texture": "#2"},
				"down": {"uv": [0.1875, 4.375, 0, 5], "texture": "#2"}
			}
		},
		{
			"from": [5.5, 11, 5.5],
			"to": [7, 12.5, 8.5],
			"rotation": {"angle": 45, "axis": "z", "origin": [5.5, 10, 7.5]},
			"faces": {
				"north": {"uv": [4.625, 1.375, 4.8125, 1.5625], "texture": "#2"},
				"east": {"uv": [4.25, 2.25, 4.625, 2.4375], "texture": "#2"},
				"south": {"uv": [4.625, 1.625, 4.8125, 1.8125], "texture": "#2"},
				"west": {"uv": [2.25, 4.375, 2.625, 4.5625], "texture": "#2"},
				"up": {"uv": [1.5625, 4.75, 1.375, 4.375], "texture": "#2"},
				"down": {"uv": [2.8125, 4.375, 2.625, 4.75], "texture": "#2"}
			}
		},
		{
			"from": [9, 8, 5.51],
			"to": [10.5, 11, 10.49],
			"rotation": {"angle": -45, "axis": "z", "origin": [10.5, 10, 7.5]},
			"faces": {
				"north": {"uv": [1.0625, 4.375, 0.875, 4.75], "texture": "#2"},
				"east": {"uv": [4.2475, 3.5, 3.625, 3.875], "texture": "#2"},
				"south": {"uv": [1.3125, 4.375, 1.125, 4.75], "texture": "#2"},
				"west": {"uv": [3.625, 3.5, 3, 3.875], "texture": "#2"},
				"up": {"uv": [2, 4.875, 2.1875, 4.25], "texture": "#2"},
				"down": {"uv": [0, 4.375, 0.1875, 5], "texture": "#2"}
			}
		},
		{
			"from": [9, 11, 5.5],
			"to": [10.5, 12.5, 8.5],
			"rotation": {"angle": -45, "axis": "z", "origin": [10.5, 10, 7.5]},
			"faces": {
				"north": {"uv": [4.8125, 1.375, 4.625, 1.5625], "texture": "#2"},
				"east": {"uv": [2.625, 4.375, 2.25, 4.5625], "texture": "#2"},
				"south": {"uv": [4.8125, 1.625, 4.625, 1.8125], "texture": "#2"},
				"west": {"uv": [4.625, 2.25, 4.25, 2.4375], "texture": "#2"},
				"up": {"uv": [1.375, 4.75, 1.5625, 4.375], "texture": "#2"},
				"down": {"uv": [2.625, 4.375, 2.8125, 4.75], "texture": "#2"}
			}
		},
		{
			"from": [4.99, 7.12886, 8.38744],
			"to": [11.01, 8.82886, 10.08744],
			"rotation": {"angle": -45, "axis": "x", "origin": [8.5, 6.74142, 8]},
			"faces": {
				"north": {"uv": [3.875, 2.5, 4.625, 2.6875], "texture": "#2"},
				"east": {"uv": [4.625, 0.875, 4.8125, 1.0625], "texture": "#2"},
				"south": {"uv": [2.625, 3.875, 3.375, 4.0625], "texture": "#2"},
				"west": {"uv": [4.8125, 0.875, 4.625, 1.0625], "texture": "#2"},
				"up": {"uv": [4.625, 2.9375, 3.875, 2.75], "texture": "#2"},
				"down": {"uv": [4.125, 3.875, 3.375, 4.0625], "texture": "#2"}
			}
		},
		{
			"from": [4.99, 4.67114, 8.38744],
			"to": [11.01, 6.37114, 10.08744],
			"rotation": {"angle": 45, "axis": "x", "origin": [8.5, 6.75858, 8]},
			"faces": {
				"north": {"uv": [4, 0, 4.75, 0.1875], "texture": "#2"},
				"east": {"uv": [4.625, 1.875, 4.8125, 2.0625], "texture": "#2"},
				"south": {"uv": [4, 0.25, 4.75, 0.4375], "texture": "#2"},
				"west": {"uv": [4.8125, 1.875, 4.625, 2.0625], "texture": "#2"},
				"up": {"uv": [3.375, 4.3125, 2.625, 4.125], "texture": "#2"},
				"down": {"uv": [4.125, 4.125, 3.375, 4.3125], "texture": "#2"}
			}
		},
		{
			"from": [5, 5, 6.75],
			"to": [11, 8.5, 9.25],
			"rotation": {"angle": 0, "axis": "y", "origin": [8.5, 6.74142, 8]},
			"faces": {
				"north": {"uv": [0.25, 3, 1, 3.4375], "texture": "#2"},
				"east": {"uv": [4.125, 3.875, 4.4375, 4.3125], "texture": "#2"},
				"south": {"uv": [3.25, 0, 4, 0.4375], "texture": "#2"},
				"west": {"uv": [4.25, 1, 4.5625, 1.4375], "texture": "#2"},
				"up": {"uv": [1, 3.8125, 0.25, 3.5], "texture": "#2"},
				"down": {"uv": [3, 3.5, 2.25, 3.8125], "texture": "#2"}
			}
		},
		{
			"from": [10, -11.93196, 8.13695],
			"to": [6, -15.43196, 4.63695],
			"rotation": {"angle": -22.5, "axis": "x", "origin": [8, -13.26891, 6.8]},
			"faces": {
				"north": {"uv": [16, 0, 15.5, 0.4375], "texture": "#2"},
				"east": {"uv": [16, 0, 15.5625, 0.4375], "texture": "#2"},
				"south": {"uv": [16, 0, 15.5, 0.4375], "texture": "#2"},
				"west": {"uv": [16, 0, 15.5625, 0.4375], "texture": "#2"},
				"up": {"uv": [16, 0, 15.5, 0.4375], "texture": "#2"},
				"down": {"uv": [16, 0, 15.5, 0.4375], "texture": "#2"}
			}
		},
		{
			"from": [11.5, 9.3, 10.5],
			"to": [4.5, 6.8, 8],
			"rotation": {"angle": -45, "axis": "x", "origin": [14.7, 5.05, 12.25]},
			"faces": {
				"east": {"uv": [15.5, 0.3125, 15.1875, 0], "texture": "#2"},
				"south": {"uv": [16, 0.3125, 15.1875, 0], "texture": "#2"},
				"west": {"uv": [15.5, 0.3125, 15.1875, 0], "texture": "#2"},
				"up": {"uv": [16, 0.3125, 15.1875, 0], "texture": "#2"}
			}
		},
		{
			"from": [11.45, 8.5, 9.75],
			"to": [4.45, 5, 6.25],
			"rotation": {"angle": 0, "axis": "y", "origin": [22.4, 10.24142, 11]},
			"faces": {
				"north": {"uv": [16, 0, 15.1875, 0.4375], "texture": "#2"},
				"east": {"uv": [15.625, 0, 15.1875, 0.4375], "texture": "#2"},
				"south": {"uv": [16, 0, 15.1875, 0.4375], "texture": "#2"},
				"west": {"uv": [15.625, 0, 15.1875, 0.4375], "texture": "#2"}
			}
		},
		{
			"from": [11.5, 6.7, 10.5],
			"to": [4.5, 4.2, 8],
			"rotation": {"angle": 45, "axis": "x", "origin": [14.7, 8.45, 12.25]},
			"faces": {
				"east": {"uv": [15.5, 0, 15.1875, 0.3125], "texture": "#2"},
				"south": {"uv": [16, 0, 15.1875, 0.3125], "texture": "#2"},
				"west": {"uv": [15.5, 0, 15.1875, 0.3125], "texture": "#2"},
				"down": {"uv": [16, 0, 15.1875, 0.3125], "texture": "#2"}
			}
		},
		{
			"from": [7, 15.5, 6.95],
			"to": [9, 18, 9.45],
			"rotation": {"angle": 45, "axis": "x", "origin": [8, 16.75, 8.2]},
			"faces": {
				"north": {"uv": [4.6875, 4.75, 4.9375, 5.0625], "texture": "#2"},
				"east": {"uv": [4.6875, 4.75, 4.375, 5.0625], "texture": "#2"},
				"south": {"uv": [4.9375, 4.75, 5.1875, 5.0625], "texture": "#2"},
				"west": {"uv": [4.375, 4.75, 4.6875, 5.0625], "texture": "#2"},
				"up": {"uv": [5.1875, 4.75, 5.4375, 5.0625], "texture": "#2"},
				"down": {"uv": [4.9375, 5.0625, 5.1875, 4.75], "texture": "#2"}
			}
		},
		{
			"from": [9.5, 18.5, 9.90736],
			"to": [6.5, 15, 6.40736],
			"rotation": {"angle": 45, "axis": "x", "origin": [8, 16.75, 8.15736]},
			"faces": {
				"north": {"uv": [15.25, 0, 15.625, 0.4375], "texture": "#2"},
				"east": {"uv": [14.9375, 0, 15.375, 0.4375], "texture": "#2"},
				"south": {"uv": [15.5, 0, 15.875, 0.4375], "texture": "#2"},
				"west": {"uv": [14.9375, 0, 15.375, 0.4375], "texture": "#2"},
				"up": {"uv": [15.625, 0, 16, 0.4375], "texture": "#2"},
				"down": {"uv": [15.5, 0.4375, 15.875, 0], "texture": "#2"}
			}
		},
		{
			"from": [10, 19, 10.35051],
			"to": [6, 14.5, 5.85051],
			"rotation": {"angle": 45, "axis": "x", "origin": [8, 16.75, 8.10051]},
			"faces": {
				"north": {"uv": [14.25, 0, 14.75, 0.5625], "texture": "#2"},
				"east": {"uv": [14.1875, 0, 14.75, 0.5625], "texture": "#2"},
				"south": {"uv": [14.25, 0, 14.75, 0.5625], "texture": "#2"},
				"west": {"uv": [14.1875, 0, 14.75, 0.5625], "texture": "#2"},
				"up": {"uv": [14.25, 0, 14.75, 0.5625], "texture": "#2"},
				"down": {"uv": [14.25, 0, 14.75, 0.5625], "texture": "#2"}
			}
		},
		{
			"from": [6.7, -2, 8.7],
			"to": [9.2, 5, 11.7],
			"rotation": {"angle": -22.5, "axis": "x", "origin": [8, -2, 8.8]},
			"faces": {
				"north": {"uv": [2.3125, 5.75, 2.625, 4.875], "texture": "#2"},
				"east": {"uv": [2.3125, 5.75, 1.9375, 4.875], "texture": "#2"},
				"south": {"uv": [2.625, 5.75, 2.9375, 4.875], "texture": "#2"},
				"west": {"uv": [1.9375, 5.75, 2.3125, 4.875], "texture": "#2"},
				"up": {"uv": [2.9375, 5.25, 3.25, 4.875], "texture": "#2"},
				"down": {"uv": [2.9375, 5.25, 3.25, 4.875], "texture": "#2"}
			}
		},
		{
			"from": [6.71, -2.89022, 8.47925],
			"to": [9.19, -0.89022, 11.47925],
			"rotation": {"angle": 0, "axis": "y", "origin": [-0.05, -6.39022, 25.02925]},
			"faces": {
				"north": {"uv": [3.75, 4.625, 3.4375, 4.875], "texture": "#2"},
				"east": {"uv": [3.0625, 4.625, 3.4375, 4.875], "texture": "#2"},
				"south": {"uv": [3.75, 4.625, 3.4375, 4.875], "texture": "#2"},
				"west": {"uv": [3.4375, 4.625, 3.0625, 4.875], "texture": "#2"},
				"up": {"uv": [3.5625, 4.875, 3.25, 5.25], "texture": "#2"},
				"down": {"uv": [3.5625, 4.875, 3.25, 5.25], "texture": "#2"}
			}
		},
		{
			"from": [6.75, -13.35237, 8.28045],
			"to": [9.25, -4.85237, 11.28045],
			"rotation": {"angle": 22.5, "axis": "x", "origin": [8.05, -5.85237, 8.48045]},
			"faces": {
				"north": {"uv": [2.875, 5.75, 3.1875, 6.8125], "texture": "#2"},
				"east": {"uv": [2.5, 5.75, 2.875, 6.8125], "texture": "#2"},
				"south": {"uv": [2.875, 5.75, 3.1875, 6.8125], "texture": "#2"},
				"west": {"uv": [2.5, 5.75, 2.875, 6.8125], "texture": "#2"},
				"up": {"uv": [2.875, 5.75, 3.1875, 6.125], "texture": "#2"},
				"down": {"uv": [2.875, 5.75, 3.1875, 6.125], "texture": "#2"}
			}
		},
		{
			"from": [6.51, -10.2, 6.6],
			"to": [9.49, -5.2, 10.1],
			"rotation": {"angle": 22.5, "axis": "x", "origin": [8, -9.55, 8.1]},
			"faces": {
				"north": {"uv": [3.5625, 5.5625, 3.1875, 6.1875], "texture": "#2"},
				"east": {"uv": [3.1875, 6.1875, 3.625, 6.8125], "texture": "#2"},
				"south": {"uv": [3.9375, 5.5625, 3.5625, 6.1875], "texture": "#2"},
				"west": {"uv": [3.625, 6.1875, 3.1875, 6.8125], "texture": "#2"},
				"up": {"uv": [3.9375, 4.875, 3.5625, 5.3125], "texture": "#2"},
				"down": {"uv": [3.9375, 4.875, 3.5625, 5.3125], "texture": "#2"}
			}
		},
		{
			"from": [6.5, -6.29649, 8.11243],
			"to": [9.5, -2.29649, 11.61243],
			"rotation": {"angle": 0, "axis": "y", "origin": [8, -6.29649, 11.61243]},
			"faces": {
				"north": {"uv": [4, 6.3125, 3.625, 6.8125], "texture": "#2"},
				"east": {"uv": [3.9375, 5.5625, 4.375, 6.0625], "texture": "#2"},
				"south": {"uv": [4.375, 6.3125, 4, 6.8125], "texture": "#2"},
				"west": {"uv": [4.375, 5.5625, 3.9375, 6.0625], "texture": "#2"},
				"up": {"uv": [4.375, 6.3125, 4, 6.75], "texture": "#2"},
				"down": {"uv": [4.375, 6.3125, 4, 6.75], "texture": "#2"}
			}
		},
		{
			"from": [6.25, -4.29649, 6.71243],
			"to": [9.75, -2.29649, 12.71243],
			"rotation": {"angle": 22.5, "axis": "x", "origin": [7.8, -2.29649, 11.71243]},
			"faces": {
				"north": {"uv": [4.375, 5.3125, 3.9375, 5.5625], "texture": "#2"},
				"east": {"uv": [3.1875, 5.3125, 3.9375, 5.5625], "texture": "#2"},
				"south": {"uv": [4.375, 5.0625, 3.9375, 5.3125], "texture": "#2"},
				"west": {"uv": [3.9375, 5.3125, 3.1875, 5.5625], "texture": "#2"},
				"up": {"uv": [4.8125, 5.0625, 4.375, 5.8125], "texture": "#2"},
				"down": {"uv": [4.8125, 5.8125, 4.375, 6.5625], "texture": "#2"}
			}
		}
	],
	"gui_light": "front",
	"display": {
		"thirdperson_righthand": {
			"translation": [0, 8, 1.25],
			"scale": [1.2, 1.2, 1.2]
		},
		"thirdperson_lefthand": {
			"translation": [0, 8, 1.25],
			"scale": [1.2, 1.2, 1.2]
		},
		"firstperson_righthand": {
			"rotation": [-10, 7, 2],
			"translation": [5.5, 7, -3.75],
			"scale": [1.2, 1.2, 1.2]
		},
		"firstperson_lefthand": {
			"rotation": [-10, 7, 2],
			"translation": [5.5, 7, -3.75],
			"scale": [1.2, 1.2, 1.2]
		},
		"ground": {
			"rotation": [0, 0, 90],
			"translation": [-3.5, 9, 0],
			"scale": [1.2, 1.2, 1.2]
		},
		"gui": {
			"rotation": [-90, -135, -90],
			"translation": [-2.5, 0.5, -1.5]
		},
		"head": {
			"scale": [0, 0, 0]
		},
		"fixed": {
			"rotation": [-90, -90, -90],
			"translation": [0, 12, -3.5],
			"scale": [2.8, 2.8, 2.8]
		}
	},
	"mcmodels": "18eed7511527b5877c3dcf9394c60948"
}