{
	"format_version": "1.21.6",
	"credit": "Made with Blockbench",
	"texture_size": [128, 128],
	"textures": {
		"1": "item/crates/pale-garden/pale_garden_animation1",
		"2": "item/crates/pale-garden/pale_garden_texture",
		"particle": "item/crates/pale-garden/pale_garden_texture"
	},
	"elements": [
		{
			"from": [1.5, 4.7, -7],
			"to": [4.5, 8.7, -3],
			"rotation": {"angle": -45, "axis": "x", "origin": [3.3, 19.7, 8]},
			"faces": {
				"north": {"uv": [1.125, 3.875, 0.75, 4.375], "texture": "#2"},
				"east": {"uv": [3.75, 3, 3.25, 3.5], "texture": "#2"},
				"south": {"uv": [4.25, 1, 3.875, 1.5], "texture": "#2"},
				"west": {"uv": [3.25, 3, 3.75, 3.5], "texture": "#2"},
				"up": {"uv": [1.125, 4.375, 1.5, 3.875], "texture": "#2"},
				"down": {"uv": [3.875, 1.5, 4.25, 2], "texture": "#2"}
			}
		},
		{
			"from": [5.75, 15.4, -2.5],
			"to": [9.75, 18.9, 8],
			"rotation": {"angle": -22.5, "axis": "x", "origin": [7.8, 18.9, 8]},
			"faces": {
				"north": {"uv": [2.625, 11.5625, 3.125, 12], "texture": "#2"},
				"east": {"uv": [2.625, 11.125, 3.9375, 11.5625], "texture": "#2"},
				"south": {"uv": [2.625, 11.5625, 3.125, 12], "texture": "#2"},
				"west": {"uv": [2.625, 11.125, 3.9375, 11.5625], "texture": "#2"},
				"up": {"uv": [2.625, 12, 3.125, 13.3125], "texture": "#2"},
				"down": {"uv": [3.125, 11.5625, 3.625, 12.875], "texture": "#2"}
			}
		},
		{
			"from": [5.75, 15.4, 8],
			"to": [9.75, 18.9, 18.5],
			"rotation": {"angle": 22.5, "axis": "x", "origin": [7.8, 18.9, 8]},
			"faces": {
				"north": {"uv": [3.125, 11.5625, 2.625, 12], "texture": "#2"},
				"east": {"uv": [3.9375, 11.125, 2.625, 11.5625], "texture": "#2"},
				"south": {"uv": [3.125, 11.5625, 2.625, 12], "texture": "#2"},
				"west": {"uv": [2.625, 11.125, 3.9375, 11.5625], "texture": "#2"},
				"up": {"uv": [2.625, 13.3125, 3.125, 12], "texture": "#2"},
				"down": {"uv": [3.125, 12.875, 3.625, 11.5625], "texture": "#2"}
			}
		},
		{
			"from": [10.2, -7, 8],
			"to": [10.2, -4, 17],
			"rotation": {"angle": -22.5, "axis": "y", "origin": [10.2, 3, 8]},
			"faces": {
				"north": {"uv": [2.5, 11.5, 2.5, 11.125], "texture": "#2"},
				"east": {"uv": [2.5, 13.75, 1.375, 13.375], "texture": "#2"},
				"south": {"uv": [2.5, 11.5, 2.5, 11.125], "texture": "#2"},
				"west": {"uv": [1.375, 13.75, 2.5, 13.375], "texture": "#2"},
				"up": {"uv": [1.25, 13.375, 1.25, 12.25], "texture": "#2"},
				"down": {"uv": [1.25, 13.375, 1.25, 12.25], "texture": "#2"}
			}
		},
		{
			"from": [10.2, -7, -1],
			"to": [10.2, -4, 8],
			"rotation": {"angle": 22.5, "axis": "y", "origin": [10.2, 3, 8]},
			"faces": {
				"north": {"uv": [1.125, 11.5, 1.125, 11.125], "texture": "#2"},
				"east": {"uv": [0, 13.75, 1.125, 13.375], "texture": "#2"},
				"south": {"uv": [1.125, 11.5, 1.125, 11.125], "texture": "#2"},
				"west": {"uv": [1.125, 13.75, 0, 13.375], "texture": "#2"},
				"up": {"uv": [1.25, 12.25, 1.25, 11.125], "texture": "#2"},
				"down": {"uv": [1.25, 12.25, 1.25, 11.125], "texture": "#2"}
			}
		},
		{
			"from": [9.2, -4, -1],
			"to": [10.2, 14, 8],
			"rotation": {"angle": 22.5, "axis": "y", "origin": [10.2, 3, 8]},
			"faces": {
				"north": {"uv": [1.125, 13.375, 1.25, 11.125], "texture": "#2"},
				"east": {"uv": [0, 13.375, 1.125, 11.125], "texture": "#2"},
				"south": {"uv": [1.125, 13.375, 1.25, 11.125], "texture": "#2"},
				"west": {"uv": [1.125, 13.375, 0, 11.125], "texture": "#2"},
				"up": {"uv": [1.25, 12.25, 1.375, 11.125], "texture": "#2"},
				"down": {"uv": [1.25, 12.25, 1.375, 11.125], "texture": "#2"}
			}
		},
		{
			"from": [9.2, -4, 8],
			"to": [10.2, 14, 17],
			"rotation": {"angle": -22.5, "axis": "y", "origin": [10.2, 3, 8]},
			"faces": {
				"north": {"uv": [2.625, 13.375, 2.5, 11.125], "texture": "#2"},
				"east": {"uv": [2.5, 13.375, 1.375, 11.125], "texture": "#2"},
				"south": {"uv": [2.625, 13.375, 2.5, 11.125], "texture": "#2"},
				"west": {"uv": [1.375, 13.375, 2.5, 11.125], "texture": "#2"},
				"up": {"uv": [1.375, 13.375, 1.25, 12.25], "texture": "#2"},
				"down": {"uv": [1.375, 13.375, 1.25, 12.25], "texture": "#2"}
			}
		},
		{
			"from": [1.75, 12, 6.75],
			"to": [4.25, 15, 9.25],
			"rotation": {"angle": -45, "axis": "y", "origin": [3, 13.5, 8]},
			"faces": {
				"north": {"uv": [7.1875, 4.375, 7.5, 4.75], "texture": "#2"},
				"east": {"uv": [7.5, 4.375, 7.1875, 4.75], "texture": "#2"},
				"south": {"uv": [6.875, 4.5625, 6.5625, 4.9375], "texture": "#2"},
				"west": {"uv": [6.5625, 4.5625, 6.875, 4.9375], "texture": "#2"},
				"up": {"uv": [6.875, 4.4375, 7.1875, 4.75], "texture": "#2"},
				"down": {"uv": [6.875, 4.75, 7.1875, 4.4375], "texture": "#2"}
			}
		},
		{
			"from": [2, 2.5, 7],
			"to": [4, 13, 9],
			"rotation": {"angle": -45, "axis": "y", "origin": [3, 9, 8]},
			"faces": {
				"north": {"uv": [2, 2.5, 1.75, 3.8125], "texture": "#2"},
				"east": {"uv": [0.25, 3, 0, 4.3125], "texture": "#2"},
				"south": {"uv": [0, 3, 0.25, 4.3125], "texture": "#2"},
				"west": {"uv": [1.75, 2.5, 2, 3.8125], "texture": "#2"},
				"up": {"uv": [3.125, 4.625, 3.375, 4.375], "texture": "#2"},
				"down": {"uv": [3.375, 4.375, 3.625, 4.625], "texture": "#2"}
			}
		},
		{
			"from": [3, 12.5, 7],
			"to": [6.5, 14.5, 9],
			"rotation": {"angle": 45, "axis": "x", "origin": [4.25, 13.5, 8]},
			"faces": {
				"north": {"uv": [2, 2.5, 1.75, 2.9375], "rotation": 90, "texture": "#2"},
				"east": {"uv": [3.375, 4.375, 3.625, 4.625], "rotation": 270, "texture": "#2"},
				"south": {"uv": [0, 3, 0.25, 3.4375], "rotation": 270, "texture": "#2"},
				"west": {"uv": [3.125, 4.625, 3.375, 4.375], "rotation": 270, "texture": "#2"},
				"up": {"uv": [0.25, 3, 0, 3.4375], "rotation": 270, "texture": "#2"},
				"down": {"uv": [1.75, 2.5, 2, 2.9375], "rotation": 270, "texture": "#2"}
			}
		},
		{
			"from": [5.75, 14.9, 17.2],
			"to": [9.75, 14.9, 20.7],
			"rotation": {"angle": 0, "axis": "y", "origin": [7.7, 14.9, 17.7]},
			"faces": {
				"north": {"uv": [0.5, 0, 0, 0], "texture": "#2"},
				"east": {"uv": [0.4375, 0, 0, 0], "texture": "#2"},
				"south": {"uv": [0.5, 0, 0, 0], "texture": "#2"},
				"west": {"uv": [0.4375, 0, 0, 0], "texture": "#2"},
				"up": {"uv": [3.75, 3.4375, 4.25, 3], "texture": "#2"},
				"down": {"uv": [3.75, 3, 4.25, 3.4375], "texture": "#2"}
			}
		},
		{
			"from": [9.75, 11.7, 16.2],
			"to": [9.75, 14.9, 20.7],
			"rotation": {"angle": 0, "axis": "y", "origin": [9.8, 14.9, 17.7]},
			"faces": {
				"north": {"uv": [0, 0, 0, 0.375], "texture": "#2"},
				"east": {"uv": [3.875, 0.5625, 3.3125, 0.9375], "texture": "#2"},
				"south": {"uv": [0, 0, 0, 0.375], "texture": "#2"},
				"west": {"uv": [3.3125, 0.5625, 3.875, 0.9375], "texture": "#2"},
				"up": {"uv": [0, 0.625, 0, 0], "texture": "#2"},
				"down": {"uv": [0, 0, 0, 0.625], "texture": "#2"}
			}
		},
		{
			"from": [5.74, 11.7, 16.2],
			"to": [5.74, 14.9, 20.7],
			"rotation": {"angle": 0, "axis": "y", "origin": [5.7, 14.9, 17.7]},
			"faces": {
				"north": {"uv": [0, 0, 0, 0.375], "texture": "#2"},
				"east": {"uv": [3.875, 0.5625, 3.3125, 0.9375], "texture": "#2"},
				"south": {"uv": [0, 0, 0, 0.375], "texture": "#2"},
				"west": {"uv": [3.3125, 0.5625, 3.875, 0.9375], "texture": "#2"},
				"up": {"uv": [0, 0.625, 0, 0], "texture": "#2"},
				"down": {"uv": [0, 0, 0, 0.625], "texture": "#2"}
			}
		},
		{
			"from": [9.75, 11.7, -4.7],
			"to": [9.75, 14.9, -0.2],
			"rotation": {"angle": 0, "axis": "y", "origin": [9.8, 14.9, -1.7]},
			"faces": {
				"north": {"uv": [0, 0, 0, 0.375], "texture": "#2"},
				"east": {"uv": [3.3125, 0.5625, 3.875, 0.9375], "texture": "#2"},
				"south": {"uv": [0, 0, 0, 0.375], "texture": "#2"},
				"west": {"uv": [3.875, 0.5625, 3.3125, 0.9375], "texture": "#2"},
				"up": {"uv": [0, 0, 0, 0.625], "texture": "#2"},
				"down": {"uv": [0, 0.625, 0, 0], "texture": "#2"}
			}
		},
		{
			"from": [5.75, 14.9, -4.7],
			"to": [9.75, 14.9, -1.2],
			"rotation": {"angle": 0, "axis": "y", "origin": [7.7, 14.9, -1.7]},
			"faces": {
				"north": {"uv": [0, 0, 0.5, 0], "texture": "#2"},
				"east": {"uv": [0, 0, 0.4375, 0], "texture": "#2"},
				"south": {"uv": [0, 0, 0.5, 0], "texture": "#2"},
				"west": {"uv": [0, 0, 0.4375, 0], "texture": "#2"},
				"up": {"uv": [3.75, 3, 4.25, 3.4375], "texture": "#2"},
				"down": {"uv": [3.75, 3.4375, 4.25, 3], "texture": "#2"}
			}
		},
		{
			"from": [5.74, 11.7, -4.7],
			"to": [5.74, 14.9, -0.2],
			"rotation": {"angle": 0, "axis": "y", "origin": [5.7, 14.9, -1.7]},
			"faces": {
				"north": {"uv": [0, 0, 0, 0.375], "texture": "#2"},
				"east": {"uv": [3.3125, 0.5625, 3.875, 0.9375], "texture": "#2"},
				"south": {"uv": [0, 0, 0, 0.375], "texture": "#2"},
				"west": {"uv": [3.875, 0.5625, 3.3125, 0.9375], "texture": "#2"},
				"up": {"uv": [0, 0, 0, 0.625], "texture": "#2"},
				"down": {"uv": [0, 0.625, 0, 0], "texture": "#2"}
			}
		},
		{
			"from": [5.51, 12.6, 4.5],
			"to": [10.49, 16.1, 8],
			"rotation": {"angle": -45, "axis": "x", "origin": [8, 16.1, 8]},
			"faces": {
				"north": {"uv": [3.25, 1, 3.875, 1.4375], "texture": "#2"},
				"east": {"uv": [0.25, 3.875, 0.6875, 4.3125], "texture": "#2"},
				"south": {"uv": [3.25, 1.5, 3.875, 1.9375], "texture": "#2"},
				"west": {"uv": [3.875, 0.5, 4.3125, 0.9375], "texture": "#2"},
				"up": {"uv": [3.875, 2.4375, 3.25, 2], "texture": "#2"},
				"down": {"uv": [3.875, 2.5, 3.25, 2.9375], "texture": "#2"}
			}
		},
		{
			"from": [5.5, 13.5, 5.5],
			"to": [10.5, 19, 10.5],
			"rotation": {"angle": 0, "axis": "y", "origin": [8.5, 16.5, 8.6]},
			"faces": {
				"north": {"uv": [1, 2.5, 1.625, 3.1875], "texture": "#2"},
				"east": {"uv": [2.625, 0, 3.25, 0.6875], "texture": "#2"},
				"south": {"uv": [2.625, 0.75, 3.25, 1.4375], "texture": "#2"},
				"west": {"uv": [2.625, 1.5, 3.25, 2.1875], "texture": "#2"},
				"up": {"uv": [3.25, 2.875, 2.625, 2.25], "texture": "#2"},
				"down": {"uv": [3.25, 2.875, 2.625, 3.5], "texture": "#2"}
			}
		},
		{
			"from": [5.5, 17, 5.51],
			"to": [7, 20, 10.49],
			"rotation": {"angle": 45, "axis": "z", "origin": [5.5, 19, 7.5]},
			"faces": {
				"north": {"uv": [0.875, 4.375, 1.0625, 4.75], "texture": "#2"},
				"east": {"uv": [3, 3.5, 3.625, 3.875], "texture": "#2"},
				"south": {"uv": [1.125, 4.375, 1.3125, 4.75], "texture": "#2"},
				"west": {"uv": [3.625, 3.5, 4.2475, 3.875], "texture": "#2"},
				"up": {"uv": [2.1875, 4.875, 2, 4.25], "texture": "#2"},
				"down": {"uv": [0.1875, 4.375, 0, 5], "texture": "#2"}
			}
		},
		{
			"from": [5.5, 20, 5.5],
			"to": [7, 21.5, 8.5],
			"rotation": {"angle": 45, "axis": "z", "origin": [5.5, 19, 7.5]},
			"faces": {
				"north": {"uv": [4.625, 1.375, 4.8125, 1.5625], "texture": "#2"},
				"east": {"uv": [4.25, 2.25, 4.625, 2.4375], "texture": "#2"},
				"south": {"uv": [4.625, 1.625, 4.8125, 1.8125], "texture": "#2"},
				"west": {"uv": [2.25, 4.375, 2.625, 4.5625], "texture": "#2"},
				"up": {"uv": [1.5625, 4.75, 1.375, 4.375], "texture": "#2"},
				"down": {"uv": [2.8125, 4.375, 2.625, 4.75], "texture": "#2"}
			}
		},
		{
			"from": [9, 17, 5.51],
			"to": [10.5, 20, 10.49],
			"rotation": {"angle": -45, "axis": "z", "origin": [10.5, 19, 7.5]},
			"faces": {
				"north": {"uv": [1.0625, 4.375, 0.875, 4.75], "texture": "#2"},
				"east": {"uv": [4.2475, 3.5, 3.625, 3.875], "texture": "#2"},
				"south": {"uv": [1.3125, 4.375, 1.125, 4.75], "texture": "#2"},
				"west": {"uv": [3.625, 3.5, 3, 3.875], "texture": "#2"},
				"up": {"uv": [2, 4.875, 2.1875, 4.25], "texture": "#2"},
				"down": {"uv": [0, 4.375, 0.1875, 5], "texture": "#2"}
			}
		},
		{
			"from": [9, 20, 5.5],
			"to": [10.5, 21.5, 8.5],
			"rotation": {"angle": -45, "axis": "z", "origin": [10.5, 19, 7.5]},
			"faces": {
				"north": {"uv": [4.8125, 1.375, 4.625, 1.5625], "texture": "#2"},
				"east": {"uv": [2.625, 4.375, 2.25, 4.5625], "texture": "#2"},
				"south": {"uv": [4.8125, 1.625, 4.625, 1.8125], "texture": "#2"},
				"west": {"uv": [4.625, 2.25, 4.25, 2.4375], "texture": "#2"},
				"up": {"uv": [1.375, 4.75, 1.5625, 4.375], "texture": "#2"},
				"down": {"uv": [2.625, 4.375, 2.8125, 4.75], "texture": "#2"}
			}
		},
		{
			"from": [4.99, 16.12886, 8.38744],
			"to": [11.01, 17.82886, 10.08744],
			"rotation": {"angle": -45, "axis": "x", "origin": [8.5, 15.74142, 8]},
			"faces": {
				"north": {"uv": [3.875, 2.5, 4.625, 2.6875], "texture": "#2"},
				"east": {"uv": [4.625, 0.875, 4.8125, 1.0625], "texture": "#2"},
				"south": {"uv": [2.625, 3.875, 3.375, 4.0625], "texture": "#2"},
				"west": {"uv": [4.8125, 0.875, 4.625, 1.0625], "texture": "#2"},
				"up": {"uv": [4.625, 2.9375, 3.875, 2.75], "texture": "#2"},
				"down": {"uv": [4.125, 3.875, 3.375, 4.0625], "texture": "#2"}
			}
		},
		{
			"from": [4.99, 13.67114, 8.38744],
			"to": [11.01, 15.37114, 10.08744],
			"rotation": {"angle": 45, "axis": "x", "origin": [8.5, 15.75858, 8]},
			"faces": {
				"north": {"uv": [4, 0, 4.75, 0.1875], "texture": "#2"},
				"east": {"uv": [4.625, 1.875, 4.8125, 2.0625], "texture": "#2"},
				"south": {"uv": [4, 0.25, 4.75, 0.4375], "texture": "#2"},
				"west": {"uv": [4.8125, 1.875, 4.625, 2.0625], "texture": "#2"},
				"up": {"uv": [3.375, 4.3125, 2.625, 4.125], "texture": "#2"},
				"down": {"uv": [4.125, 4.125, 3.375, 4.3125], "texture": "#2"}
			}
		},
		{
			"from": [5, 14, 6.75],
			"to": [11, 17.5, 9.25],
			"rotation": {"angle": 0, "axis": "y", "origin": [8.5, 15.74142, 8]},
			"faces": {
				"north": {"uv": [0.25, 3, 1, 3.4375], "texture": "#2"},
				"east": {"uv": [4.125, 3.875, 4.4375, 4.3125], "texture": "#2"},
				"south": {"uv": [3.25, 0, 4, 0.4375], "texture": "#2"},
				"west": {"uv": [4.25, 1, 4.5625, 1.4375], "texture": "#2"},
				"up": {"uv": [1, 3.8125, 0.25, 3.5], "texture": "#2"},
				"down": {"uv": [3, 3.5, 2.25, 3.8125], "texture": "#2"}
			}
		},
		{
			"from": [5, 10.41078, -10.80421],
			"to": [1, 6.91078, -14.30421],
			"rotation": {"angle": -45, "axis": "x", "origin": [-2.7, 29.21499, 8]},
			"faces": {
				"north": {"uv": [15.5, 0, 16, 0.4375], "texture": "#2"},
				"east": {"uv": [15.5625, 0, 16, 0.4375], "texture": "#2"},
				"south": {"uv": [15.5, 0, 16, 0.4375], "texture": "#2"},
				"west": {"uv": [15.5625, 0, 16, 0.4375], "texture": "#2"},
				"up": {"uv": [15.5, 0, 16, 0.4375], "texture": "#2"},
				"down": {"uv": [15.5, 0, 16, 0.4375], "texture": "#2"}
			}
		},
		{
			"from": [11.5, 18.3, 10.5],
			"to": [4.5, 15.8, 8],
			"rotation": {"angle": -45, "axis": "x", "origin": [14.7, 14.05, 12.25]},
			"faces": {
				"east": {"uv": [15.5, 0.3125, 15.1875, 0], "texture": "#2"},
				"south": {"uv": [16, 0.3125, 15.1875, 0], "texture": "#2"},
				"west": {"uv": [15.5, 0.3125, 15.1875, 0], "texture": "#2"},
				"up": {"uv": [16, 0.3125, 15.1875, 0], "texture": "#2"}
			}
		},
		{
			"from": [11.45, 17.5, 9.75],
			"to": [4.45, 14, 6.25],
			"rotation": {"angle": 0, "axis": "y", "origin": [22.4, 19.24142, 11]},
			"faces": {
				"north": {"uv": [16, 0, 15.1875, 0.4375], "texture": "#2"},
				"east": {"uv": [15.625, 0, 15.1875, 0.4375], "texture": "#2"},
				"south": {"uv": [16, 0, 15.1875, 0.4375], "texture": "#2"},
				"west": {"uv": [15.625, 0, 15.1875, 0.4375], "texture": "#2"}
			}
		},
		{
			"from": [11.5, 15.7, 10.5],
			"to": [4.5, 13.2, 8],
			"rotation": {"angle": 45, "axis": "x", "origin": [14.7, 17.45, 12.25]},
			"faces": {
				"east": {"uv": [15.5, 0, 15.1875, 0.3125], "texture": "#2"},
				"south": {"uv": [16, 0, 15.1875, 0.3125], "texture": "#2"},
				"west": {"uv": [15.5, 0, 15.1875, 0.3125], "texture": "#2"},
				"down": {"uv": [16, 0, 15.1875, 0.3125], "texture": "#2"}
			}
		},
		{
			"from": [7, 21.5, 6.75],
			"to": [9, 24, 9.25],
			"rotation": {"angle": 45, "axis": "x", "origin": [8, 22.75, 8]},
			"faces": {
				"north": {"uv": [4.6875, 4.75, 4.9375, 5.0625], "texture": "#2"},
				"east": {"uv": [4.6875, 4.75, 4.375, 5.0625], "texture": "#2"},
				"south": {"uv": [4.9375, 4.75, 5.1875, 5.0625], "texture": "#2"},
				"west": {"uv": [4.375, 4.75, 4.6875, 5.0625], "texture": "#2"},
				"up": {"uv": [5.1875, 4.75, 5.4375, 5.0625], "texture": "#2"},
				"down": {"uv": [4.9375, 5.0625, 5.1875, 4.75], "texture": "#2"}
			}
		},
		{
			"from": [9, 14.9, -1],
			"to": [9, 19.9, 5],
			"rotation": {"angle": -45, "axis": "y", "origin": [9, 17.4, 2]},
			"faces": {
				"north": {"uv": [0, 0, 0, 4], "texture": "#missing"},
				"east": {"uv": [5.5625, 0, 6.3125, 0.625], "texture": "#2"},
				"south": {"uv": [0, 0, 0, 4], "texture": "#missing"},
				"west": {"uv": [6.3125, 0, 5.5625, 0.625], "texture": "#2"},
				"up": {"uv": [0, 4, 0, 0], "texture": "#missing"},
				"down": {"uv": [0, 4, 0, 0], "texture": "#missing"}
			}
		},
		{
			"from": [9, 14.9, -1],
			"to": [9, 19.9, 5],
			"rotation": {"angle": 0, "axis": "y", "origin": [9, 17.4, 2]},
			"faces": {
				"north": {"uv": [0, 0, 0, 4], "texture": "#missing"},
				"east": {"uv": [5.5625, 0, 6.3125, 0.625], "texture": "#2"},
				"south": {"uv": [0, 0, 0, 4], "texture": "#missing"},
				"west": {"uv": [6.3125, 0, 5.5625, 0.625], "texture": "#2"},
				"up": {"uv": [0, 4, 0, 0], "texture": "#missing"},
				"down": {"uv": [0, 4, 0, 0], "texture": "#missing"}
			}
		},
		{
			"from": [9.5, 18.9, -1],
			"to": [9.5, 31.9, 5],
			"rotation": {"angle": -22.5, "axis": "y", "origin": [9.5, 25.4, 2]},
			"faces": {
				"north": {"uv": [0, 0, 0, 13], "texture": "#1"},
				"east": {"uv": [6, 0, 0, 13], "texture": "#1"},
				"south": {"uv": [0, 0, 0, 13], "texture": "#1"},
				"west": {"uv": [0, 0, 6, 13], "texture": "#1"},
				"up": {"uv": [0, 6, 0, 0], "texture": "#1"},
				"down": {"uv": [0, 0, 0, 6], "texture": "#1"}
			}
		},
		{
			"from": [9.5, 18.9, -1],
			"to": [9.5, 31.9, 5],
			"rotation": {"angle": 0, "axis": "y", "origin": [7.5, 18.9, -1]},
			"faces": {
				"north": {"uv": [0, 0, 0, 13], "texture": "#1"},
				"east": {"uv": [6, 0, 0, 13], "texture": "#1"},
				"south": {"uv": [0, 0, 0, 13], "texture": "#1"},
				"west": {"uv": [0, 0, 6, 13], "texture": "#1"},
				"up": {"uv": [0, 6, 0, 0], "texture": "#1"},
				"down": {"uv": [0, 0, 0, 6], "texture": "#1"}
			}
		},
		{
			"from": [6.5, 19, 9],
			"to": [6.5, 32, 15],
			"rotation": {"angle": 0, "axis": "y", "origin": [6.5, 25.5, 12]},
			"faces": {
				"north": {"uv": [0, 0, 0, 13], "texture": "#1"},
				"east": {"uv": [10, 0, 16, 13], "texture": "#1"},
				"south": {"uv": [0, 0, 0, 13], "texture": "#1"},
				"west": {"uv": [16, 0, 10, 13], "texture": "#1"},
				"up": {"uv": [0, 0, 0, 6], "texture": "#1"},
				"down": {"uv": [0, 6, 0, 0], "texture": "#1"}
			}
		},
		{
			"from": [6.7, 14.5, 9.6],
			"to": [6.7, 23.5, 15.6],
			"rotation": {"angle": 22.5, "axis": "y", "origin": [4.7, 14.5, 12.6]},
			"faces": {
				"north": {"uv": [0, 0, 0, 4], "texture": "#missing"},
				"east": {"uv": [5.5625, 0, 4.8125, 1.125], "texture": "#2"},
				"south": {"uv": [0, 0, 0, 4], "texture": "#missing"},
				"west": {"uv": [4.8125, 0, 5.5625, 1.125], "texture": "#2"},
				"up": {"uv": [0, 4, 0, 0], "texture": "#missing"},
				"down": {"uv": [0, 4, 0, 0], "texture": "#missing"}
			}
		},
		{
			"from": [9.5, 24.5, 9.70736],
			"to": [6.5, 21, 6.20736],
			"rotation": {"angle": 45, "axis": "x", "origin": [8, 22.75, 7.95736]},
			"faces": {
				"north": {"uv": [15.25, 0, 15.625, 0.4375], "texture": "#2"},
				"east": {"uv": [14.9375, 0, 15.375, 0.4375], "texture": "#2"},
				"south": {"uv": [15.5, 0, 15.875, 0.4375], "texture": "#2"},
				"west": {"uv": [14.9375, 0, 15.375, 0.4375], "texture": "#2"},
				"up": {"uv": [15.625, 0, 16, 0.4375], "texture": "#2"},
				"down": {"uv": [15.5, 0.4375, 15.875, 0], "texture": "#2"}
			}
		},
		{
			"from": [10, 25, 10.15051],
			"to": [6, 20.5, 5.65051],
			"rotation": {"angle": 45, "axis": "x", "origin": [8, 22.75, 7.90051]},
			"faces": {
				"north": {"uv": [14.25, 0, 14.75, 0.5625], "texture": "#2"},
				"east": {"uv": [14.1875, 0, 14.75, 0.5625], "texture": "#2"},
				"south": {"uv": [14.25, 0, 14.75, 0.5625], "texture": "#2"},
				"west": {"uv": [14.1875, 0, 14.75, 0.5625], "texture": "#2"},
				"up": {"uv": [14.25, 0, 14.75, 0.5625], "texture": "#2"},
				"down": {"uv": [14.25, 0, 14.75, 0.5625], "texture": "#2"}
			}
		},
		{
			"from": [6.5, 19, 9],
			"to": [6.5, 32, 15],
			"rotation": {"angle": 22.5, "axis": "y", "origin": [6.5, 25.5, 12]},
			"faces": {
				"north": {"uv": [0, 0, 0, 13], "texture": "#1"},
				"east": {"uv": [10, 0, 16, 13], "texture": "#1"},
				"south": {"uv": [0, 0, 0, 13], "texture": "#1"},
				"west": {"uv": [16, 0, 10, 13], "texture": "#1"},
				"up": {"uv": [0, 0, 0, 6], "texture": "#1"},
				"down": {"uv": [0, 6, 0, 0], "texture": "#1"}
			}
		}
	],
	"gui_light": "front",
	"display": {
		"thirdperson_righthand": {
			"rotation": [45, 55, 0],
			"translation": [2.25, 1.25, -0.5],
			"scale": [1.4, 1.4, 1.4]
		},
		"thirdperson_lefthand": {
			"rotation": [45, -125, 0],
			"translation": [2.25, 1.25, -0.5],
			"scale": [1.4, 1.4, 1.4]
		},
		"firstperson_righthand": {
			"rotation": [17, 102, 0],
			"translation": [-9.25, 5, 1.75],
			"scale": [0.8, 0.8, 0.8]
		},
		"firstperson_lefthand": {
			"rotation": [17, -78, 0],
			"translation": [-9.25, 5, 1.75],
			"scale": [0.8, 0.8, 0.8]
		},
		"ground": {
			"rotation": [0, 0, 75],
			"translation": [0.25, 11, -0.75],
			"scale": [1.4, 1.4, 1.4]
		},
		"gui": {
			"rotation": [-180, -45, -153.1],
			"translation": [-0.75, -0.75, -1.5]
		},
		"head": {
			"scale": [0, 0, 0]
		},
		"fixed": {
			"rotation": [0, 90, 0],
			"translation": [0, 4.75, -10.75],
			"scale": [3.2, 3.2, 3.2]
		}
	},
	"mcmodels": "18eed7511527b5877c3dcf9394c60948"
}