{
    "model": {
        "type": "range_dispatch",
        "property": "custom_model_data",
        "fallback": {
            "type": "model",
            "model": "minecraft:item/blaze_rod"
        },
        "entries": [
            {
                "threshold": 1000,
                "model": {
                    "type": "model",
                    "model": "oneblocky/crates/ocean/sell_wand"
                }
            },
            {
                "threshold": 2000,
                "model": {
                    "type": "model",
                    "model": "oneblocky/crates/frog/staff"
                }
            },
            {
                "threshold": 8000,
                "model": {
                    "type": "model",
                    "model": "oneblocky/crates/necromancer/staff"
                }
            }
        ]
    }
}