{
    "model": {
        "type": "range_dispatch",
        "property": "custom_model_data",
        "fallback": {
            "type": "model",
            "model": "minecraft:item/clay_ball"
        },
        "entries": [
            {
                "threshold": 1000,
                "model": {
                    "type": "model",
                    "model": "oneblocky/crates/ocean/key"
                }
            },
            {
                "threshold": 2000,
                "model": {
                    "type": "model",
                    "model": "oneblocky/crates/frog/key"
                }
            },
            {
                "threshold": 3000,
                "model": {
                    "type": "model",
                    "model": "oneblocky/crates/summer/key"
                }
            },
            {
                "threshold": 4000,
                "model": {
                    "type": "model",
                    "model": "oneblocky/crates/buzz/blaster_gun"
                }
            },
            {
                "threshold": 5000,
                "model": {
                    "type": "model",
                    "model": "oneblocky/crates/pale-garden/key"
                }
            },
            {
                "threshold": 6000,
                "model": {
                    "type": "model",
                    "model": "oneblocky/crates/pyrosoul/key"
                }
            },
            {
                "threshold": 7000,
                "model": {
                    "type": "model",
                    "model": "oneblocky/crates/autumn/key"
                }
            },
            {
                "threshold": 8000,
                "model": {
                    "type": "model",
                    "model": "oneblocky/crates/necromancer/key"
                }
            }
        ]
    }
}