{
    "model": {
        "type": "range_dispatch",
        "property": "custom_model_data",
        "fallback": {
            "type": "model",
            "model": "minecraft:item/feather"
        },
        "entries": [
            {
                "threshold": 7000,
                "model": {
                    "type": "model",
                    "model": "oneblocky/cosmetics/autumn/acorn_beanie_hat"
                }
            },
            {
                "threshold": 7001,
                "model": {
                    "type": "model",
                    "model": "oneblocky/cosmetics/autumn/green_beanie_hat"
                }
            },
            {
                "threshold": 7002,
                "model": {
                    "type": "model",
                    "model": "oneblocky/cosmetics/autumn/hay_bale_hat"
                }
            },
            {
                "threshold": 7003,
                "model": {
                    "type": "model",
                    "model": "oneblocky/cosmetics/autumn/maple_witch_hat"
                }
            },
            {
                "threshold": 7004,
                "model": {
                    "type": "model",
                    "model": "oneblocky/cosmetics/autumn/pilgrim_hat"
                }
            },
            {
                "threshold": 7005,
                "model": {
                    "type": "model",
                    "model": "oneblocky/cosmetics/autumn/pumpkin_mask_hat"
                }
            },
            {
                "threshold": 7006,
                "model": {
                    "type": "model",
                    "model": "oneblocky/cosmetics/autumn/pumpkin_spice_latte_hat"
                }
            },
            {
                "threshold": 7007,
                "model": {
                    "type": "model",
                    "model": "oneblocky/cosmetics/autumn/scarf_and_glasses_hat"
                }
            },
            {
                "threshold": 7008,
                "model": {
                    "type": "model",
                    "model": "oneblocky/cosmetics/autumn/squirrel_and_acorn_hat"
                }
            },
            {
                "threshold": 7009,
                "model": {
                    "type": "model",
                    "model": "oneblocky/cosmetics/autumn/white_fedora_hat"
                }
            },
            {
                "threshold": 8000,
                "model": {
                    "type": "model",
                    "model": "oneblocky/crates/necromancer/cosmetics/big_eye"
                }
            },
            {
                "threshold": 8001,
                "model": {
                    "type": "model",
                    "model": "oneblocky/crates/necromancer/cosmetics/cauldron_hat"
                }
            },
            {
                "threshold": 8002,
                "model": {
                    "type": "model",
                    "model": "oneblocky/crates/necromancer/cosmetics/cimetery_hat"
                }
            },
            {
                "threshold": 8003,
                "model": {
                    "type": "model",
                    "model": "oneblocky/crates/necromancer/cosmetics/frankenstein"
                }
            },
            {
                "threshold": 8004,
                "model": {
                    "type": "model",
                    "model": "oneblocky/crates/necromancer/cosmetics/ghost_head"
                }
            },
            {
                "threshold": 8005,
                "model": {
                    "type": "model",
                    "model": "oneblocky/crates/necromancer/cosmetics/knife_hat"
                }
            },
            {
                "threshold": 8006,
                "model": {
                    "type": "model",
                    "model": "oneblocky/crates/necromancer/cosmetics/mummy"
                }
            },
            {
                "threshold": 8007,
                "model": {
                    "type": "model",
                    "model": "oneblocky/crates/necromancer/cosmetics/pumpkin_head"
                }
            },
            {
                "threshold": 8008,
                "model": {
                    "type": "model",
                    "model": "oneblocky/crates/necromancer/cosmetics/skeleton_head"
                }
            },
            {
                "threshold": 8009,
                "model": {
                    "type": "model",
                    "model": "oneblocky/crates/necromancer/cosmetics/witch_hat"
                }
            }
        ]
    }
}