{
    "model": {
        "type": "range_dispatch",
        "property": "custom_model_data",
        "fallback": {
            "type": "model",
            "model": "minecraft:item/netherite_boots"
        },
        "entries": [
            {
                "threshold": 1000,
                "model": {
                    "type": "model",
                    "model": "oneblocky/crates/ocean/boots"
                }
            },
            {
                "threshold": 2000,
                "model": {
                    "type": "model",
                    "model": "oneblocky/crates/frog/boots"
                }
            },
            {
                "threshold": 3000,
                "model": {
                    "type": "model",
                    "model": "oneblocky/crates/summer/boots"
                }
            },
            {
                "threshold": 4000,
                "model": {
                    "type": "model",
                    "model": "oneblocky/crates/buzz/buzz_boots"
                }
            },
            {
                "threshold": 5000,
                "model": {
                    "type": "model",
                    "model": "oneblocky/crates/pale-garden/boots"
                }
            },
            {
                "threshold": 6000,
                "model": {
                    "type": "model",
                    "model": "oneblocky/crates/pyrosoul/boots"
                }
            },
            {
                "threshold": 7000,
                "model": {
                    "type": "model",
                    "model": "oneblocky/crates/autumn/boots"
                }
            },
            {
                "threshold": 8000,
                "model": {
                    "type": "model",
                    "model": "oneblocky/crates/necromancer/boots"
                }
            }
        ]
    }
}