{
    "model": {
        "type": "range_dispatch",
        "property": "custom_model_data",
        "fallback": {
            "type": "model",
            "model": "minecraft:item/netherite_axe"
        },
        "entries": [
            {
                "threshold": 100,
                "model": {
                    "type": "model",
                    "model": "oneblocky/pvp/retro/space_invader_axe"
                }
            },
            {
                "threshold": 1000,
                "model": {
                    "type": "model",
                    "model": "oneblocky/crates/ocean/axe"
                }
            },
            {
                "threshold": 2000,
                "model": {
                    "type": "model",
                    "model": "oneblocky/crates/frog/axe"
                }
            },
            {
                "threshold": 2100,
                "model": {
                    "type": "model",
                    "model": "oneblocky/crates/frog/axe_mega"
                }
            },
            {
                "threshold": 3000,
                "model": {
                    "type": "model",
                    "model": "oneblocky/crates/summer/axe"
                }
            },
            {
                "threshold": 3100,
                "model": {
                    "type": "model",
                    "model": "oneblocky/crates/summer/axe_mega"
                }
            },
            {
                "threshold": 4000,
                "model": {
                    "type": "model",
                    "model": "oneblocky/crates/buzz/axe_lightyear"
                }
            },
            {
                "threshold": 5000,
                "model": {
                    "type": "model",
                    "model": "oneblocky/crates/pale-garden/axe"
                }
            },
            {
                "threshold": 5100,
                "model": {
                    "type": "model",
                    "model": "oneblocky/crates/pale-garden/axe_mega"
                }
            },
            {
                "threshold": 6000,
                "model": {
                    "type": "model",
                    "model": "oneblocky/crates/pyrosoul/axe"
                }
            },
            {
                "threshold": 6100,
                "model": {
                    "type": "model",
                    "model": "oneblocky/crates/pyrosoul/axe-mega"
                }
            },
            {
                "threshold": 7000,
                "model": {
                    "type": "model",
                    "model": "oneblocky/crates/autumn/axe"
                }
            },
            {
                "threshold": 7100,
                "model": {
                    "type": "model",
                    "model": "oneblocky/crates/autumn/axe-mega"
                }
            },
            {
                "threshold": 8000,
                "model": {
                    "type": "model",
                    "model": "oneblocky/crates/necromancer/axe"
                }
            },
            {
                "threshold": 8100,
                "model": {
                    "type": "model",
                    "model": "oneblocky/crates/necromancer/axe-mega"
                }
            }
        ]
    }
}