{
    "model": {
        "type": "range_dispatch",
        "property": "custom_model_data",
        "fallback": {
            "type": "model",
            "model": "minecraft:item/netherite_helmet"
        },
        "entries": [
            {
                "threshold": 1000,
                "model": {
                    "type": "model",
                    "model": "oneblocky/crates/ocean/helmet"
                }
            },
            {
                "threshold": 2000,
                "model": {
                    "type": "model",
                    "model": "oneblocky/crates/frog/helmet"
                }
            },
            {
                "threshold": 3000,
                "model": {
                    "type": "model",
                    "model": "oneblocky/crates/summer/helmet"
                }
            },
            {
                "threshold": 5000,
                "model": {
                    "type": "model",
                    "model": "oneblocky/crates/pale-garden/helmet"
                }
            },
            {
                "threshold": 7000,
                "model": {
                    "type": "model",
                    "model": "oneblocky/crates/autumn/helmet"
                }
            }
        ]
    }
}