{
    "model": {
        "type": "range_dispatch",
        "property": "custom_model_data",
        "fallback": {
            "type": "model",
            "model": "minecraft:item/netherite_sword"
        },
        "entries": [
            {
                "threshold": 100,
                "model": {
                    "type": "model",
                    "model": "oneblocky/pvp/retro/mario_sword"
                }
            },
            {
                "threshold": 1000,
                "model": {
                    "type": "model",
                    "model": "oneblocky/crates/ocean/sword"
                }
            },
            {
                "threshold": 2000,
                "model": {
                    "type": "model",
                    "model": "oneblocky/crates/frog/sword"
                }
            },
            {
                "threshold": 2100,
                "model": {
                    "type": "model",
                    "model": "oneblocky/crates/frog/sword_mega"
                }
            },
            {
                "threshold": 3000,
                "model": {
                    "type": "model",
                    "model": "oneblocky/crates/summer/sword"
                }
            },
            {
                "threshold": 3100,
                "model": {
                    "type": "model",
                    "model": "oneblocky/crates/summer/sword_mega"
                }
            },
            {
                "threshold": 4000,
                "model": {
                    "type": "model",
                    "model": "oneblocky/crates/buzz/sword_lightyear"
                }
            },
            {
                "threshold": 5000,
                "model": {
                    "type": "model",
                    "model": "oneblocky/crates/pale-garden/sword"
                }
            },
            {
                "threshold": 5100,
                "model": {
                    "type": "model",
                    "model": "oneblocky/crates/pale-garden/sword_mega"
                }
            },
            {
                "threshold": 6000,
                "model": {
                    "type": "model",
                    "model": "oneblocky/crates/pyrosoul/sword"
                }
            },
            {
                "threshold": 6100,
                "model": {
                    "type": "model",
                    "model": "oneblocky/crates/pyrosoul/sword-mega"
                }
            },
            {
                "threshold": 7000,
                "model": {
                    "type": "model",
                    "model": "oneblocky/crates/autumn/sword"
                }
            },
            {
                "threshold": 7100,
                "model": {
                    "type": "model",
                    "model": "oneblocky/crates/autumn/sword-mega"
                }
            },
            {
                "threshold": 8000,
                "model": {
                    "type": "model",
                    "model": "oneblocky/crates/necromancer/sword"
                }
            },
            {
                "threshold": 8001,
                "model": {
                    "type": "model",
                    "model": "oneblocky/crates/necromancer/scythe"
                }
            },
            {
                "threshold": 8100,
                "model": {
                    "type": "model",
                    "model": "oneblocky/crates/necromancer/sword-mega"
                }
            },
            {
                "threshold": 8101,
                "model": {
                    "type": "model",
                    "model": "oneblocky/crates/necromancer/scythe-mega"
                }
            }
        ]
    }
}