{
	"format_version": "1.21.6",
	"credit": "Pologony Creation Co.,Ltd.",
	"texture_size": [12, 12],
	"textures": {
		"1": "item/crates/necromancer/animated/animated_9",
		"4": "item/crates/necromancer/bow",
		"particle": "item/crates/necromancer/animated/animated_9"
	},
	"elements": [
		{
			"from": [7.75, 5.25, 7.04289],
			"to": [9.25, 5.75, 8.54289],
			"rotation": {"angle": -45, "axis": "y", "origin": [8, 5.25, 7.29289]},
			"faces": {
				"north": {"uv": [12.8, 10.4, 13.4, 10.6], "texture": "#4"},
				"east": {"uv": [12.8, 11.2, 13.4, 11.4], "texture": "#4"},
				"south": {"uv": [11.6, 12.8, 12.2, 13], "texture": "#4"},
				"west": {"uv": [12.8, 12, 13.4, 12.2], "texture": "#4"},
				"up": {"uv": [1.8, 10.6, 1.2, 10], "texture": "#4"},
				"down": {"uv": [10.6, 1.2, 10, 1.8], "texture": "#4"}
			}
		},
		{
			"from": [7.75, 6.25, 7.04289],
			"to": [9.25, 6.75, 8.54289],
			"rotation": {"angle": -45, "axis": "y", "origin": [8, 6.25, 7.29289]},
			"faces": {
				"north": {"uv": [12.8, 12.8, 13.4, 13], "texture": "#4"},
				"east": {"uv": [13.2, 2, 13.8, 2.2], "texture": "#4"},
				"south": {"uv": [13.2, 2.8, 13.8, 3], "texture": "#4"},
				"west": {"uv": [7.6, 13.2, 8.2, 13.4], "texture": "#4"},
				"up": {"uv": [10.6, 3, 10, 2.4], "texture": "#4"},
				"down": {"uv": [8.2, 10, 7.6, 10.6], "texture": "#4"}
			}
		},
		{
			"from": [7.75, 5.75, 7.21967],
			"to": [9, 6.25, 8.46967],
			"rotation": {"angle": -45, "axis": "y", "origin": [8, 5.75, 7.46967]},
			"faces": {
				"north": {"uv": [13.6, 13.6, 14.1, 13.8], "texture": "#4"},
				"east": {"uv": [14, 6, 14.5, 6.2], "texture": "#4"},
				"south": {"uv": [14, 6.8, 14.5, 7], "texture": "#4"},
				"west": {"uv": [7.6, 14, 8.1, 14.2], "texture": "#4"}
			}
		},
		{
			"from": [7.75, 9.25, 7.04289],
			"to": [9.25, 9.75, 8.54289],
			"rotation": {"angle": -45, "axis": "y", "origin": [8, 16.25, 7.29289]},
			"faces": {
				"north": {"uv": [9.6, 13.2, 10.2, 13.4], "texture": "#4"},
				"east": {"uv": [13.6, 0, 14.2, 0.2], "texture": "#4"},
				"south": {"uv": [0.8, 13.6, 1.4, 13.8], "texture": "#4"},
				"west": {"uv": [13.6, 0.8, 14.2, 1], "texture": "#4"},
				"up": {"uv": [11, 4.2, 10.4, 3.6], "texture": "#4"},
				"down": {"uv": [4.6, 10.4, 4, 11], "texture": "#4"}
			}
		},
		{
			"from": [7.75, 9.75, 7.21967],
			"to": [9, 10.25, 8.46967],
			"rotation": {"angle": -45, "axis": "y", "origin": [8, 16.75, 7.46967]},
			"faces": {
				"north": {"uv": [14, 7.6, 14.5, 7.8], "texture": "#4"},
				"east": {"uv": [14, 8.4, 14.5, 8.6], "texture": "#4"},
				"south": {"uv": [14, 9.2, 14.5, 9.4], "texture": "#4"},
				"west": {"uv": [9.6, 14, 10.1, 14.2], "texture": "#4"}
			}
		},
		{
			"from": [7.75, 10.25, 7.04289],
			"to": [9.25, 10.75, 8.54289],
			"rotation": {"angle": -45, "axis": "y", "origin": [8, 17.25, 7.29289]},
			"faces": {
				"north": {"uv": [2, 13.6, 2.6, 13.8], "texture": "#4"},
				"east": {"uv": [3.2, 13.6, 3.8, 13.8], "texture": "#4"},
				"south": {"uv": [13.6, 3.6, 14.2, 3.8], "texture": "#4"},
				"west": {"uv": [4.4, 13.6, 5, 13.8], "texture": "#4"},
				"up": {"uv": [11, 5.4, 10.4, 4.8], "texture": "#4"},
				"down": {"uv": [5.8, 10.4, 5.2, 11], "texture": "#4"}
			}
		},
		{
			"from": [8, 6.75, 7.29289],
			"to": [9, 9.25, 8.29289],
			"rotation": {"angle": -45, "axis": "y", "origin": [8, 6.75, 7.29289]},
			"faces": {
				"north": {"uv": [2.4, 8.4, 2.8, 9.4], "texture": "#4"},
				"east": {"uv": [8, 8.4, 8.4, 9.4], "texture": "#4"},
				"south": {"uv": [8.8, 8.4, 9.2, 9.4], "texture": "#4"},
				"west": {"uv": [3.2, 9.2, 3.6, 10.2], "texture": "#4"}
			}
		},
		{
			"from": [7, 10.5, 6.5],
			"to": [9, 12, 8],
			"rotation": {"angle": 0, "axis": "y", "origin": [7, 10.5, 6]},
			"faces": {
				"east": {"uv": [10.4, 6, 11, 6.6], "texture": "#4"},
				"west": {"uv": [6.4, 10.4, 7, 11], "texture": "#4"},
				"up": {"uv": [4, 8.6, 3.2, 8], "texture": "#4"},
				"down": {"uv": [5.2, 8, 4.4, 8.6], "texture": "#4"}
			}
		},
		{
			"from": [6.9975, 11.18934, 6.06066],
			"to": [9.0025, 12.43934, 7.56066],
			"rotation": {"angle": -45, "axis": "x", "origin": [6.9975, 10.93934, 7.56066]},
			"faces": {
				"north": {"uv": [8.8, 0, 9.6, 0.5], "texture": "#4"},
				"east": {"uv": [9.6, 10.8, 10.2, 11.3], "texture": "#4"},
				"south": {"uv": [4, 9.2, 4.8, 9.7], "texture": "#4"},
				"west": {"uv": [10.8, 9.6, 11.4, 10.1], "texture": "#4"},
				"up": {"uv": [6.4, 8.6, 5.6, 8], "texture": "#4"},
				"down": {"uv": [7.6, 8, 6.8, 8.6], "texture": "#4"}
			}
		},
		{
			"from": [6.9975, 12.43934, 6.06066],
			"to": [9.0025, 13.68934, 7.31066],
			"rotation": {"angle": -45, "axis": "x", "origin": [6.9975, 10.93934, 7.56066]},
			"faces": {
				"north": {"uv": [5.2, 9.2, 6, 9.7], "texture": "#4"},
				"east": {"uv": [7.6, 11.2, 8.1, 11.7], "texture": "#4"},
				"south": {"uv": [9.2, 6, 10, 6.5], "texture": "#4"},
				"west": {"uv": [2, 11.6, 2.5, 12.1], "texture": "#4"},
				"up": {"uv": [7.2, 9.7, 6.4, 9.2], "texture": "#4"}
			}
		},
		{
			"from": [7.3725, 13.78033, 4.82322],
			"to": [8.6275, 14.53033, 7.07322],
			"rotation": {"angle": 0, "axis": "y", "origin": [8.125, 14.40533, 5.69822]},
			"faces": {
				"north": {"uv": [12.8, 8.8, 13.3, 9.1], "texture": "#4"},
				"east": {"uv": [11.6, 3.2, 12.5, 3.5], "texture": "#4"},
				"south": {"uv": [12.8, 9.6, 13.3, 9.9], "texture": "#4"},
				"west": {"uv": [4, 11.6, 4.9, 11.9], "texture": "#4"},
				"up": {"uv": [8.5, 7.7, 8, 6.8], "texture": "#4"},
				"down": {"uv": [1.7, 8.4, 1.2, 9.3], "texture": "#4"}
			}
		},
		{
			"from": [7.4975, 12.93934, 5.56066],
			"to": [8.5025, 14.18934, 7.81066],
			"rotation": {"angle": -45, "axis": "x", "origin": [6.9975, 10.93934, 7.56066]},
			"faces": {
				"north": {"uv": [12.4, 2, 12.8, 2.5], "texture": "#4"},
				"east": {"uv": [8.4, 1.2, 9.3, 1.7], "texture": "#4"},
				"west": {"uv": [8.4, 2.4, 9.3, 2.9], "texture": "#4"},
				"up": {"uv": [2.8, 10.9, 2.4, 10], "texture": "#4"},
				"down": {"uv": [9.2, 10, 8.8, 10.9], "texture": "#4"}
			}
		},
		{
			"from": [7.495, 12.53033, 5.07322],
			"to": [8.505, 13.78033, 6.32322],
			"rotation": {"angle": 0, "axis": "y", "origin": [7.9975, 13.65533, 5.69822]},
			"faces": {
				"north": {"uv": [3.2, 12.4, 3.6, 12.9], "texture": "#4"},
				"east": {"uv": [11.6, 4, 12.1, 4.5], "texture": "#4"},
				"south": {"uv": [4, 12.4, 4.4, 12.9], "texture": "#4"},
				"west": {"uv": [11.6, 5.2, 12.1, 5.7], "texture": "#4"},
				"down": {"uv": [5.2, 12.4, 4.8, 12.9], "texture": "#4"}
			}
		},
		{
			"from": [7.875, 13.6654, 5.22864],
			"to": [8.125, 15.1654, 6.22864],
			"rotation": {"angle": 0, "axis": "x", "origin": [8, 15.72698, 6.35272]},
			"faces": {
				"north": {"uv": [14.4, 1.6, 14.5, 2.2], "texture": "#4"},
				"east": {"uv": [6.8, 11.6, 7.2, 12.2], "texture": "#4"},
				"south": {"uv": [2.4, 14.4, 2.5, 15], "texture": "#4"},
				"west": {"uv": [8.8, 11.6, 9.2, 12.2], "texture": "#4"},
				"down": {"uv": [14.5, 2.8, 14.4, 3.2], "texture": "#4"}
			}
		},
		{
			"from": [7.875, 15.1654, 4.72863],
			"to": [8.125, 15.9154, 6.22863],
			"rotation": {"angle": 0, "axis": "x", "origin": [8, 15.72698, 6.35272]},
			"faces": {
				"north": {"uv": [6.4, 14.4, 6.5, 14.7], "texture": "#4"},
				"east": {"uv": [5.6, 12.8, 6.2, 13.1], "texture": "#4"},
				"south": {"uv": [8.8, 14.4, 8.9, 14.7], "texture": "#4"},
				"west": {"uv": [12.8, 6.4, 13.4, 6.7], "texture": "#4"},
				"up": {"uv": [3.3, 15, 3.2, 14.4], "texture": "#4"},
				"down": {"uv": [4.1, 14.4, 4, 15], "texture": "#4"}
			}
		},
		{
			"from": [7.875, 16.00639, 6.75896],
			"to": [8.125, 16.75639, 8.50896],
			"rotation": {"angle": 0, "axis": "x", "origin": [8, 15.72698, 6.35272]},
			"faces": {
				"north": {"uv": [10.8, 14.4, 10.9, 14.7], "texture": "#4"},
				"east": {"uv": [11.6, 12, 12.3, 12.3], "texture": "#4"},
				"west": {"uv": [12.4, 1.2, 13.1, 1.5], "texture": "#4"},
				"up": {"uv": [0.9, 15.1, 0.8, 14.4], "texture": "#4"},
				"down": {"uv": [1.7, 14.4, 1.6, 15.1], "texture": "#4"}
			}
		},
		{
			"from": [7.8755, 15.72828, 4.80721],
			"to": [8.1245, 16.47828, 5.55721],
			"rotation": {"angle": -45, "axis": "x", "origin": [8, 15.72698, 6.35272]},
			"faces": {
				"north": {"uv": [11.6, 14.4, 11.7, 14.7], "texture": "#4"},
				"east": {"uv": [14, 12, 14.3, 12.3], "texture": "#4"},
				"west": {"uv": [14, 12.8, 14.3, 13.1], "texture": "#4"}
			}
		},
		{
			"from": [7.8755, 15.36762, 5.79287],
			"to": [8.1245, 16.16762, 7.36787],
			"rotation": {"angle": -45, "axis": "x", "origin": [8, 15.72698, 6.35272]},
			"faces": {
				"east": {"uv": [12.8, 7.2, 13.4, 7.5], "texture": "#4"},
				"west": {"uv": [12.8, 8, 13.4, 8.3], "texture": "#4"},
				"up": {"uv": [4.9, 15, 4.8, 14.4], "texture": "#4"},
				"down": {"uv": [5.7, 14.4, 5.6, 15], "texture": "#4"}
			}
		},
		{
			"from": [7.985, 11.53033, 1.07322],
			"to": [8.015, 13.78033, 5.07322],
			"rotation": {"angle": 0, "axis": "y", "origin": [7.985, 3.03033, -0.17678]},
			"faces": {
				"east": {"uv": [2.8, 6.8, 1.2, 7.7], "texture": "#4"},
				"west": {"uv": [1.2, 6.8, 2.8, 7.7], "texture": "#4"}
			}
		},
		{
			"from": [7.25, 13.78033, 5.82322],
			"to": [8.75, 14.28033, 7.32322],
			"rotation": {"angle": 45, "axis": "x", "origin": [7.25, 13.78033, 7.07322]},
			"faces": {
				"north": {"uv": [13.6, 4.4, 14.2, 4.6], "texture": "#4"},
				"east": {"uv": [13.6, 5.2, 14.2, 5.4], "texture": "#4"},
				"south": {"uv": [5.6, 13.6, 6.2, 13.8], "texture": "#4"},
				"west": {"uv": [10.8, 13.6, 11.4, 13.8], "texture": "#4"},
				"up": {"uv": [11, 7.8, 10.4, 7.2], "texture": "#4"},
				"down": {"uv": [11.4, 8.4, 10.8, 9], "texture": "#4"}
			}
		},
		{
			"from": [7.5, 14.28033, 5.82322],
			"to": [8.5, 16.78033, 6.57322],
			"rotation": {"angle": 45, "axis": "x", "origin": [7.25, 13.78033, 7.07322]},
			"faces": {
				"north": {"uv": [9.6, 3.6, 10, 4.6], "texture": "#4"},
				"east": {"uv": [11.2, 0, 11.5, 1], "texture": "#4"},
				"west": {"uv": [1.2, 11.2, 1.5, 12.2], "texture": "#4"}
			}
		},
		{
			"from": [7.25, 14.28033, 6.57322],
			"to": [8.75, 16.78033, 7.32322],
			"rotation": {"angle": 45, "axis": "x", "origin": [7.25, 13.78033, 7.07322]},
			"faces": {
				"north": {"uv": [7.2, 1.2, 7.8, 2.2], "texture": "#4"},
				"east": {"uv": [3.2, 10.8, 3.5, 11.8], "texture": "#4"},
				"south": {"uv": [7.2, 2.8, 7.8, 3.8], "texture": "#4"},
				"west": {"uv": [10.8, 10.8, 11.1, 11.8], "texture": "#4"}
			}
		},
		{
			"from": [7.25, 16.78033, 5.57322],
			"to": [8.75, 17.78033, 7.32322],
			"rotation": {"angle": 45, "axis": "x", "origin": [7.25, 13.78033, 7.07322]},
			"faces": {
				"north": {"uv": [11.6, 7.6, 12.2, 8], "texture": "#4"},
				"east": {"uv": [11.2, 1.6, 11.9, 2], "texture": "#4"},
				"south": {"uv": [0, 12, 0.6, 12.4], "texture": "#4"},
				"west": {"uv": [11.2, 2.4, 11.9, 2.8], "texture": "#4"},
				"up": {"uv": [9, 4.3, 8.4, 3.6], "texture": "#4"},
				"down": {"uv": [9, 4.8, 8.4, 5.5], "texture": "#4"}
			}
		},
		{
			"from": [7, 4, 6.5],
			"to": [9, 5.5, 8],
			"rotation": {"angle": 0, "axis": "y", "origin": [7, 5.5, 6]},
			"faces": {
				"east": {"uv": [10.4, 6.6, 11, 6], "texture": "#4"},
				"west": {"uv": [6.4, 11, 7, 10.4], "texture": "#4"},
				"up": {"uv": [5.2, 8.6, 4.4, 8], "texture": "#4"},
				"down": {"uv": [4, 8, 3.2, 8.6], "texture": "#4"}
			}
		},
		{
			"from": [6.9975, 3.56066, 6.06066],
			"to": [9.0025, 4.81066, 7.56066],
			"rotation": {"angle": 45, "axis": "x", "origin": [6.9975, 5.06066, 7.56066]},
			"faces": {
				"north": {"uv": [8.8, 0.5, 9.6, 0], "texture": "#4"},
				"east": {"uv": [9.6, 11.3, 10.2, 10.8], "texture": "#4"},
				"south": {"uv": [4, 9.7, 4.8, 9.2], "texture": "#4"},
				"west": {"uv": [10.8, 10.1, 11.4, 9.6], "texture": "#4"},
				"up": {"uv": [7.6, 8.6, 6.8, 8], "texture": "#4"},
				"down": {"uv": [6.4, 8, 5.6, 8.6], "texture": "#4"}
			}
		},
		{
			"from": [6.9975, 2.31066, 6.06066],
			"to": [9.0025, 3.56066, 7.31066],
			"rotation": {"angle": 45, "axis": "x", "origin": [6.9975, 5.06066, 7.56066]},
			"faces": {
				"north": {"uv": [5.2, 9.7, 6, 9.2], "texture": "#4"},
				"east": {"uv": [7.6, 11.7, 8.1, 11.2], "texture": "#4"},
				"south": {"uv": [9.2, 6.5, 10, 6], "texture": "#4"},
				"west": {"uv": [2, 12.1, 2.5, 11.6], "texture": "#4"},
				"down": {"uv": [7.2, 9.2, 6.4, 9.7], "texture": "#4"}
			}
		},
		{
			"from": [7.3725, 1.46967, 4.82322],
			"to": [8.6275, 2.21967, 7.07322],
			"rotation": {"angle": 0, "axis": "y", "origin": [8.125, 1.59467, 5.69822]},
			"faces": {
				"north": {"uv": [12.8, 9.1, 13.3, 8.8], "texture": "#4"},
				"east": {"uv": [11.6, 3.5, 12.5, 3.2], "texture": "#4"},
				"south": {"uv": [12.8, 9.9, 13.3, 9.6], "texture": "#4"},
				"west": {"uv": [4, 11.9, 4.9, 11.6], "texture": "#4"},
				"up": {"uv": [1.7, 9.3, 1.2, 8.4], "texture": "#4"},
				"down": {"uv": [8.5, 6.8, 8, 7.7], "texture": "#4"}
			}
		},
		{
			"from": [7.4975, 1.81066, 5.56066],
			"to": [8.5025, 3.06066, 7.81066],
			"rotation": {"angle": 45, "axis": "x", "origin": [6.9975, 5.06066, 7.56066]},
			"faces": {
				"north": {"uv": [12.4, 2.5, 12.8, 2], "texture": "#4"},
				"east": {"uv": [8.4, 1.7, 9.3, 1.2], "texture": "#4"},
				"west": {"uv": [8.4, 2.9, 9.3, 2.4], "texture": "#4"},
				"up": {"uv": [9.2, 10.9, 8.8, 10], "texture": "#4"},
				"down": {"uv": [2.8, 10, 2.4, 10.9], "texture": "#4"}
			}
		},
		{
			"from": [7.495, 2.21967, 5.07322],
			"to": [8.505, 3.46967, 6.32322],
			"rotation": {"angle": 0, "axis": "y", "origin": [7.9975, 2.34467, 5.69822]},
			"faces": {
				"north": {"uv": [3.2, 12.9, 3.6, 12.4], "texture": "#4"},
				"east": {"uv": [11.6, 4.5, 12.1, 4], "texture": "#4"},
				"south": {"uv": [4, 12.9, 4.4, 12.4], "texture": "#4"},
				"west": {"uv": [11.6, 5.7, 12.1, 5.2], "texture": "#4"},
				"up": {"uv": [5.2, 12.9, 4.8, 12.4], "texture": "#4"}
			}
		},
		{
			"from": [7.875, 0.8346, 5.22864],
			"to": [8.125, 2.3346, 6.22864],
			"rotation": {"angle": 0, "axis": "x", "origin": [8, 0.27302, 6.35272]},
			"faces": {
				"north": {"uv": [14.4, 2.2, 14.5, 1.6], "texture": "#4"},
				"east": {"uv": [6.8, 12.2, 7.2, 11.6], "texture": "#4"},
				"south": {"uv": [2.4, 15, 2.5, 14.4], "texture": "#4"},
				"west": {"uv": [8.8, 12.2, 9.2, 11.6], "texture": "#4"},
				"up": {"uv": [14.5, 3.2, 14.4, 2.8], "texture": "#4"}
			}
		},
		{
			"from": [7.875, 0.0846, 4.72863],
			"to": [8.125, 0.8346, 6.22863],
			"rotation": {"angle": 0, "axis": "x", "origin": [8, 0.27302, 6.35272]},
			"faces": {
				"north": {"uv": [6.4, 14.7, 6.5, 14.4], "texture": "#4"},
				"east": {"uv": [5.6, 13.1, 6.2, 12.8], "texture": "#4"},
				"south": {"uv": [8.8, 14.7, 8.9, 14.4], "texture": "#4"},
				"west": {"uv": [12.8, 6.7, 13.4, 6.4], "texture": "#4"},
				"up": {"uv": [4.1, 15, 4, 14.4], "texture": "#4"},
				"down": {"uv": [3.3, 14.4, 3.2, 15], "texture": "#4"}
			}
		},
		{
			"from": [7.875, -0.75639, 6.75896],
			"to": [8.125, -0.00639, 8.50896],
			"rotation": {"angle": 0, "axis": "x", "origin": [8, 0.27302, 6.35272]},
			"faces": {
				"north": {"uv": [10.8, 14.7, 10.9, 14.4], "texture": "#4"},
				"east": {"uv": [11.6, 12.3, 12.3, 12], "texture": "#4"},
				"west": {"uv": [12.4, 1.5, 13.1, 1.2], "texture": "#4"},
				"up": {"uv": [1.7, 15.1, 1.6, 14.4], "texture": "#4"},
				"down": {"uv": [0.9, 14.4, 0.8, 15.1], "texture": "#4"}
			}
		},
		{
			"from": [7.8755, -0.47828, 4.80721],
			"to": [8.1245, 0.27172, 5.55721],
			"rotation": {"angle": 45, "axis": "x", "origin": [8, 0.27302, 6.35272]},
			"faces": {
				"north": {"uv": [11.6, 14.7, 11.7, 14.4], "texture": "#4"},
				"east": {"uv": [14, 12.3, 14.3, 12], "texture": "#4"},
				"west": {"uv": [14, 13.1, 14.3, 12.8], "texture": "#4"}
			}
		},
		{
			"from": [7.8755, -0.16762, 5.79287],
			"to": [8.1245, 0.63238, 7.36787],
			"rotation": {"angle": 45, "axis": "x", "origin": [8, 0.27302, 6.35272]},
			"faces": {
				"east": {"uv": [12.8, 7.5, 13.4, 7.2], "texture": "#4"},
				"west": {"uv": [12.8, 8.3, 13.4, 8], "texture": "#4"},
				"up": {"uv": [5.7, 15, 5.6, 14.4], "texture": "#4"},
				"down": {"uv": [4.9, 14.4, 4.8, 15], "texture": "#4"}
			}
		},
		{
			"from": [7.985, 2.21967, 1.07322],
			"to": [8.015, 4.46967, 5.07322],
			"rotation": {"angle": 0, "axis": "y", "origin": [7.985, 12.96967, -0.17678]},
			"faces": {
				"east": {"uv": [2.8, 7.7, 1.2, 6.8], "texture": "#4"},
				"west": {"uv": [1.2, 7.7, 2.8, 6.8], "texture": "#4"}
			}
		},
		{
			"from": [7.25, 1.71967, 5.82322],
			"to": [8.75, 2.21967, 7.32322],
			"rotation": {"angle": -45, "axis": "x", "origin": [7.25, 2.21967, 7.07322]},
			"faces": {
				"north": {"uv": [13.6, 4.6, 14.2, 4.4], "texture": "#4"},
				"east": {"uv": [13.6, 5.4, 14.2, 5.2], "texture": "#4"},
				"south": {"uv": [5.6, 13.8, 6.2, 13.6], "texture": "#4"},
				"west": {"uv": [10.8, 13.8, 11.4, 13.6], "texture": "#4"},
				"up": {"uv": [11.4, 9, 10.8, 8.4], "texture": "#4"},
				"down": {"uv": [11, 7.2, 10.4, 7.8], "texture": "#4"}
			}
		},
		{
			"from": [7.25, -0.78033, 6.57322],
			"to": [8.75, 1.71967, 7.32322],
			"rotation": {"angle": -45, "axis": "x", "origin": [7.25, 2.21967, 7.07322]},
			"faces": {
				"north": {"uv": [7.2, 2.2, 7.8, 1.2], "texture": "#4"},
				"east": {"uv": [3.2, 11.8, 3.5, 10.8], "texture": "#4"},
				"south": {"uv": [7.2, 3.8, 7.8, 2.8], "texture": "#4"},
				"west": {"uv": [10.8, 11.8, 11.1, 10.8], "texture": "#4"}
			}
		},
		{
			"from": [7.5, -0.78033, 5.82322],
			"to": [8.5, 1.71967, 6.57322],
			"rotation": {"angle": -45, "axis": "x", "origin": [7.25, 2.21967, 7.07322]},
			"faces": {
				"north": {"uv": [9.6, 4.6, 10, 3.6], "texture": "#4"},
				"east": {"uv": [11.2, 1, 11.5, 0], "texture": "#4"},
				"west": {"uv": [1.2, 12.2, 1.5, 11.2], "texture": "#4"}
			}
		},
		{
			"from": [7.25, -1.78033, 5.57322],
			"to": [8.75, -0.78033, 7.32322],
			"rotation": {"angle": -45, "axis": "x", "origin": [7.25, 2.21967, 7.07322]},
			"faces": {
				"north": {"uv": [11.6, 8, 12.2, 7.6], "texture": "#4"},
				"east": {"uv": [11.2, 2, 11.9, 1.6], "texture": "#4"},
				"south": {"uv": [0, 12.4, 0.6, 12], "texture": "#4"},
				"west": {"uv": [11.2, 2.8, 11.9, 2.4], "texture": "#4"},
				"up": {"uv": [9, 5.5, 8.4, 4.8], "texture": "#4"},
				"down": {"uv": [9, 3.6, 8.4, 4.3], "texture": "#4"}
			}
		},
		{
			"from": [6.75, 10.25, 7.25],
			"to": [9.25, 12, 9],
			"rotation": {"angle": -22.5, "axis": "x", "origin": [8, 11.25, 8]},
			"faces": {
				"north": {"uv": [3.2, 6.8, 4.2, 7.5], "texture": "#4"},
				"east": {"uv": [7.2, 4.4, 7.9, 5.1], "texture": "#4"},
				"south": {"uv": [4.8, 6.8, 5.8, 7.5], "texture": "#4"},
				"west": {"uv": [7.2, 5.6, 7.9, 6.3], "texture": "#4"},
				"up": {"uv": [7.4, 7.5, 6.4, 6.8], "texture": "#4"},
				"down": {"uv": [8.2, 0, 7.2, 0.7], "texture": "#4"}
			}
		},
		{
			"from": [7.375, 15.47132, 9.01776],
			"to": [8.625, 16.72132, 11.01776],
			"rotation": {"angle": 45, "axis": "x", "origin": [7.125, 15.37132, 9.01776]},
			"faces": {
				"east": {"uv": [9.2, 7.2, 10, 7.7], "texture": "#4"},
				"south": {"uv": [5.6, 11.6, 6.1, 12.1], "texture": "#4"},
				"west": {"uv": [9.6, 8.4, 10.4, 8.9], "texture": "#4"},
				"up": {"uv": [10.1, 10.4, 9.6, 9.6], "texture": "#4"},
				"down": {"uv": [10.5, 0, 10, 0.8], "texture": "#4"}
			}
		},
		{
			"from": [7.375, 16.72132, 10.51776],
			"to": [8.625, 17.97132, 11.01776],
			"rotation": {"angle": 45, "axis": "x", "origin": [7.125, 15.37132, 9.01776]},
			"faces": {
				"north": {"uv": [11.6, 6.4, 12.1, 6.9], "texture": "#4"},
				"east": {"uv": [0, 14, 0.2, 14.5], "texture": "#4"},
				"south": {"uv": [11.6, 10.8, 12.1, 11.3], "texture": "#4"},
				"west": {"uv": [14, 10, 14.2, 10.5], "texture": "#4"},
				"up": {"uv": [14.5, 11.4, 14, 11.2], "texture": "#4"}
			}
		},
		{
			"from": [7.625, 17.22132, 10.26776],
			"to": [8.375, 18.22132, 11.26776],
			"rotation": {"angle": 45, "axis": "x", "origin": [7.125, 15.37132, 9.01776]},
			"faces": {
				"north": {"uv": [6.8, 13.6, 7.1, 14], "texture": "#4"},
				"east": {"uv": [8.4, 6, 8.8, 6.4], "texture": "#4"},
				"south": {"uv": [8.8, 13.6, 9.1, 14], "texture": "#4"},
				"west": {"uv": [9.6, 5.2, 10, 5.6], "texture": "#4"},
				"up": {"uv": [12.3, 14, 12, 13.6], "texture": "#4"},
				"down": {"uv": [13.1, 13.6, 12.8, 14], "texture": "#4"}
			}
		},
		{
			"from": [7.5, 10.92417, 5.93305],
			"to": [8.5, 11.92417, 7.18305],
			"rotation": {"angle": 45, "axis": "x", "origin": [8, 11.92417, 6.80805]},
			"faces": {
				"east": {"uv": [7.6, 12.4, 8.1, 12.8], "texture": "#4"},
				"south": {"uv": [6.8, 12.8, 7.2, 13.2], "texture": "#4"},
				"west": {"uv": [10.4, 12.4, 10.9, 12.8], "texture": "#4"},
				"up": {"uv": [0.4, 13.3, 0, 12.8], "texture": "#4"},
				"down": {"uv": [13.2, 0, 12.8, 0.5], "texture": "#4"}
			}
		},
		{
			"from": [7.5, 13.92417, 5.93305],
			"to": [8.5, 14.92417, 7.18305],
			"rotation": {"angle": 45, "axis": "x", "origin": [8, 11.92417, 6.80805]},
			"faces": {
				"east": {"uv": [0.8, 12.8, 1.3, 13.2], "texture": "#4"},
				"south": {"uv": [8.8, 12.8, 9.2, 13.2], "texture": "#4"},
				"west": {"uv": [2, 12.8, 2.5, 13.2], "texture": "#4"},
				"up": {"uv": [13.2, 4.5, 12.8, 4], "texture": "#4"},
				"down": {"uv": [13.2, 5.2, 12.8, 5.7], "texture": "#4"}
			}
		},
		{
			"from": [7.625, 11.92417, 6.30805],
			"to": [8.375, 13.92417, 7.05805],
			"rotation": {"angle": 45, "axis": "x", "origin": [8, 11.92417, 6.80805]},
			"faces": {
				"north": {"uv": [12, 0, 12.3, 0.8], "texture": "#4"},
				"east": {"uv": [12, 8.4, 12.3, 9.2], "texture": "#4"},
				"south": {"uv": [9.6, 12, 9.9, 12.8], "texture": "#4"},
				"west": {"uv": [12, 9.6, 12.3, 10.4], "texture": "#4"}
			}
		},
		{
			"from": [6.75, 4, 7.25],
			"to": [9.25, 5.75, 9],
			"rotation": {"angle": 22.5, "axis": "x", "origin": [8, 4.75, 8]},
			"faces": {
				"north": {"uv": [3.2, 7.5, 4.2, 6.8], "texture": "#4"},
				"east": {"uv": [7.2, 5.1, 7.9, 4.4], "texture": "#4"},
				"south": {"uv": [4.8, 7.5, 5.8, 6.8], "texture": "#4"},
				"west": {"uv": [7.2, 6.3, 7.9, 5.6], "texture": "#4"},
				"up": {"uv": [8.2, 0.7, 7.2, 0], "texture": "#4"},
				"down": {"uv": [7.4, 6.8, 6.4, 7.5], "texture": "#4"}
			}
		},
		{
			"from": [7.375, -0.72132, 9.01776],
			"to": [8.625, 0.52868, 11.01776],
			"rotation": {"angle": -45, "axis": "x", "origin": [7.125, 0.62868, 9.01776]},
			"faces": {
				"east": {"uv": [9.2, 7.7, 10, 7.2], "texture": "#4"},
				"south": {"uv": [5.6, 12.1, 6.1, 11.6], "texture": "#4"},
				"west": {"uv": [9.6, 8.9, 10.4, 8.4], "texture": "#4"},
				"up": {"uv": [10.5, 0.8, 10, 0], "texture": "#4"},
				"down": {"uv": [10.1, 9.6, 9.6, 10.4], "texture": "#4"}
			}
		},
		{
			"from": [7.375, -1.97132, 10.51776],
			"to": [8.625, -0.72132, 11.01776],
			"rotation": {"angle": -45, "axis": "x", "origin": [7.125, 0.62868, 9.01776]},
			"faces": {
				"north": {"uv": [11.6, 6.9, 12.1, 6.4], "texture": "#4"},
				"east": {"uv": [0, 14.5, 0.2, 14], "texture": "#4"},
				"south": {"uv": [11.6, 11.3, 12.1, 10.8], "texture": "#4"},
				"west": {"uv": [14, 10.5, 14.2, 10], "texture": "#4"},
				"down": {"uv": [14.5, 11.2, 14, 11.4], "texture": "#4"}
			}
		},
		{
			"from": [7.625, -2.22132, 10.26776],
			"to": [8.375, -1.22132, 11.26776],
			"rotation": {"angle": -45, "axis": "x", "origin": [7.125, 0.62868, 9.01776]},
			"faces": {
				"north": {"uv": [6.8, 14, 7.1, 13.6], "texture": "#4"},
				"east": {"uv": [8.4, 6.4, 8.8, 6], "texture": "#4"},
				"south": {"uv": [8.8, 14, 9.1, 13.6], "texture": "#4"},
				"west": {"uv": [9.6, 5.6, 10, 5.2], "texture": "#4"},
				"up": {"uv": [13.1, 14, 12.8, 13.6], "texture": "#4"},
				"down": {"uv": [12.3, 13.6, 12, 14], "texture": "#4"}
			}
		},
		{
			"from": [7.5, 4.07583, 5.93305],
			"to": [8.5, 5.07583, 7.18305],
			"rotation": {"angle": -45, "axis": "x", "origin": [8, 4.07583, 6.80805]},
			"faces": {
				"east": {"uv": [7.6, 12.8, 8.1, 12.4], "texture": "#4"},
				"south": {"uv": [6.8, 13.2, 7.2, 12.8], "texture": "#4"},
				"west": {"uv": [10.4, 12.8, 10.9, 12.4], "texture": "#4"},
				"up": {"uv": [13.2, 0.5, 12.8, 0], "texture": "#4"},
				"down": {"uv": [0.4, 12.8, 0, 13.3], "texture": "#4"}
			}
		},
		{
			"from": [7.5, 1.07583, 5.93305],
			"to": [8.5, 2.07583, 7.18305],
			"rotation": {"angle": -45, "axis": "x", "origin": [8, 4.07583, 6.80805]},
			"faces": {
				"east": {"uv": [0.8, 13.2, 1.3, 12.8], "texture": "#4"},
				"south": {"uv": [8.8, 13.2, 9.2, 12.8], "texture": "#4"},
				"west": {"uv": [2, 13.2, 2.5, 12.8], "texture": "#4"},
				"up": {"uv": [13.2, 5.7, 12.8, 5.2], "texture": "#4"},
				"down": {"uv": [13.2, 4, 12.8, 4.5], "texture": "#4"}
			}
		},
		{
			"from": [7.625, 2.07583, 6.30805],
			"to": [8.375, 4.07583, 7.05805],
			"rotation": {"angle": -45, "axis": "x", "origin": [8, 4.07583, 6.80805]},
			"faces": {
				"north": {"uv": [12, 0.8, 12.3, 0], "texture": "#4"},
				"east": {"uv": [12, 9.2, 12.3, 8.4], "texture": "#4"},
				"south": {"uv": [9.6, 12.8, 9.9, 12], "texture": "#4"},
				"west": {"uv": [12, 10.4, 12.3, 9.6], "texture": "#4"}
			}
		},
		{
			"from": [7.995, 0, 11.75],
			"to": [8.005, 16, 16.75],
			"rotation": {"angle": 0, "axis": "y", "origin": [1.995, 0, 0]},
			"faces": {
				"east": {"uv": [6.8, 0, 4.8, 6.4], "texture": "#4"},
				"west": {"uv": [4.8, 0, 6.8, 6.4], "texture": "#4"}
			}
		},
		{
			"from": [7.985, 7.125, 3.75],
			"to": [8.015, 8.875, 15.75],
			"rotation": {"angle": 0, "axis": "z", "origin": [8, 8, 9.75]},
			"faces": {
				"east": {"uv": [0.7, 6.8, 0, 11.6], "rotation": 270, "texture": "#4"},
				"west": {"uv": [0.7, 11.6, 0, 6.8], "rotation": 270, "texture": "#4"}
			}
		},
		{
			"from": [7.125, 7.985, 3.75],
			"to": [8.875, 8.015, 15.75],
			"rotation": {"angle": 0, "axis": "z", "origin": [8, 8, 9.75]},
			"faces": {
				"up": {"uv": [0.7, 11.6, 0, 6.8], "texture": "#4"},
				"down": {"uv": [0.7, 6.8, 0, 11.6], "texture": "#4"}
			}
		},
		{
			"from": [7.75, 8.5, 1],
			"to": [7.78, 18.5, 4],
			"rotation": {"angle": -22.5, "axis": "y", "origin": [7.75, 8.5, 1]},
			"faces": {
				"east": {"uv": [4, 0, 0, 13.33333], "texture": "#1"},
				"west": {"uv": [0, 0, 4, 13.33333], "texture": "#1"}
			}
		},
		{
			"from": [6.60195, 8.5, 3.77164],
			"to": [6.63195, 18.5, 6.77164],
			"rotation": {"angle": 0, "axis": "y", "origin": [6.60195, 8.5, 3.77164]},
			"faces": {
				"east": {"uv": [8, 0, 4, 13.33333], "texture": "#1"},
				"west": {"uv": [4, 0, 8, 13.33333], "texture": "#1"}
			}
		},
		{
			"from": [6.60423, 8.5, 6.76016],
			"to": [6.63423, 18.5, 9.76016],
			"rotation": {"angle": -22.5, "axis": "y", "origin": [6.60423, 8.5, 6.76016]},
			"faces": {
				"east": {"uv": [12, 0, 8, 13.33333], "texture": "#1"},
				"west": {"uv": [8, 0, 12, 13.33333], "texture": "#1"}
			}
		},
		{
			"from": [5.46269, 8.5, 9.52206],
			"to": [5.49269, 18.5, 12.52206],
			"rotation": {"angle": -45, "axis": "y", "origin": [5.46269, 8.5, 9.52206]},
			"faces": {
				"east": {"uv": [16, 0, 12, 13.33333], "texture": "#1"},
				"west": {"uv": [12, 0, 16, 13.33333], "texture": "#1"}
			}
		},
		{
			"from": [7.75, -2.5, 1],
			"to": [7.78, 7.5, 4],
			"rotation": {"angle": -22.5, "axis": "y", "origin": [7.75, 7.5, 1]},
			"faces": {
				"east": {"uv": [4, 13.33333, 0, 0], "texture": "#1"},
				"west": {"uv": [0, 13.33333, 4, 0], "texture": "#1"}
			}
		},
		{
			"from": [6.60195, -2.5, 3.77164],
			"to": [6.63195, 7.5, 6.77164],
			"rotation": {"angle": 0, "axis": "y", "origin": [6.60195, 7.5, 3.77164]},
			"faces": {
				"east": {"uv": [8, 13.33333, 4, 0], "texture": "#1"},
				"west": {"uv": [4, 13.33333, 8, 0], "texture": "#1"}
			}
		},
		{
			"from": [6.60423, -2.5, 6.76016],
			"to": [6.63423, 7.5, 9.76016],
			"rotation": {"angle": -22.5, "axis": "y", "origin": [6.60423, 7.5, 6.76016]},
			"faces": {
				"east": {"uv": [12, 13.33333, 8, 0], "texture": "#1"},
				"west": {"uv": [8, 13.33333, 12, 0], "texture": "#1"}
			}
		},
		{
			"from": [5.46269, -2.5, 9.52206],
			"to": [5.49269, 7.5, 12.52206],
			"rotation": {"angle": -45, "axis": "y", "origin": [5.46269, 7.5, 9.52206]},
			"faces": {
				"east": {"uv": [16, 13.33333, 12, 0], "texture": "#1"},
				"west": {"uv": [12, 13.33333, 16, 0], "texture": "#1"}
			}
		},
		{
			"from": [8.22, -2.5, 1],
			"to": [8.25, 7.5, 4],
			"rotation": {"angle": 22.5, "axis": "y", "origin": [8.25, 7.5, 1]},
			"faces": {
				"east": {"uv": [4, 13.33333, 0, 0], "texture": "#1"},
				"west": {"uv": [0, 13.33333, 4, 0], "texture": "#1"}
			}
		},
		{
			"from": [9.36805, -2.5, 3.77164],
			"to": [9.39805, 7.5, 6.77164],
			"rotation": {"angle": 0, "axis": "y", "origin": [9.39805, 7.5, 3.77164]},
			"faces": {
				"east": {"uv": [8, 13.33333, 4, 0], "texture": "#1"},
				"west": {"uv": [4, 13.33333, 8, 0], "texture": "#1"}
			}
		},
		{
			"from": [9.36577, -2.5, 6.76016],
			"to": [9.39577, 7.5, 9.76016],
			"rotation": {"angle": 22.5, "axis": "y", "origin": [9.39577, 7.5, 6.76016]},
			"faces": {
				"east": {"uv": [12, 13.33333, 8, 0], "texture": "#1"},
				"west": {"uv": [8, 13.33333, 12, 0], "texture": "#1"}
			}
		},
		{
			"from": [10.50731, -2.5, 9.52206],
			"to": [10.53731, 7.5, 12.52206],
			"rotation": {"angle": 45, "axis": "y", "origin": [10.53731, 7.5, 9.52206]},
			"faces": {
				"east": {"uv": [16, 13.33333, 12, 0], "texture": "#1"},
				"west": {"uv": [12, 13.33333, 16, 0], "texture": "#1"}
			}
		},
		{
			"from": [8.22, 8.5, 1],
			"to": [8.25, 18.5, 4],
			"rotation": {"angle": 22.5, "axis": "y", "origin": [8.25, 8.5, 1]},
			"faces": {
				"east": {"uv": [4, 0, 0, 13.33333], "texture": "#1"},
				"west": {"uv": [0, 0, 4, 13.33333], "texture": "#1"}
			}
		},
		{
			"from": [9.36805, 8.5, 3.77164],
			"to": [9.39805, 18.5, 6.77164],
			"rotation": {"angle": 0, "axis": "y", "origin": [9.39805, 8.5, 3.77164]},
			"faces": {
				"east": {"uv": [8, 0, 4, 13.33333], "texture": "#1"},
				"west": {"uv": [4, 0, 8, 13.33333], "texture": "#1"}
			}
		},
		{
			"from": [9.36577, 8.5, 6.76016],
			"to": [9.39577, 18.5, 9.76016],
			"rotation": {"angle": 22.5, "axis": "y", "origin": [9.39577, 8.5, 6.76016]},
			"faces": {
				"east": {"uv": [12, 0, 8, 13.33333], "texture": "#1"},
				"west": {"uv": [8, 0, 12, 13.33333], "texture": "#1"}
			}
		},
		{
			"from": [10.50731, 8.5, 9.52206],
			"to": [10.53731, 18.5, 12.52206],
			"rotation": {"angle": 45, "axis": "y", "origin": [10.53731, 8.5, 9.52206]},
			"faces": {
				"east": {"uv": [16, 0, 12, 13.33333], "texture": "#1"},
				"west": {"uv": [12, 0, 16, 13.33333], "texture": "#1"}
			}
		}
	],
	"gui_light": "front",
	"display": {
		"thirdperson_righthand": {
			"translation": [0, -2, 1],
			"scale": [2, 2, 2]
		},
		"thirdperson_lefthand": {
			"translation": [0, -2, 1],
			"scale": [2, 2, 2]
		},
		"firstperson_righthand": {
			"rotation": [18.71, 4.94, -0.89],
			"translation": [3.75, 4.25, -2.5],
			"scale": [2, 2, 2]
		},
		"firstperson_lefthand": {
			"rotation": [19.9, -35.05, -1.43],
			"translation": [6, 3.4, 0.65],
			"scale": [2, 2, 2]
		},
		"ground": {
			"rotation": [45, 0, 0],
			"translation": [0, 5, 0],
			"scale": [2, 2, 2]
		},
		"gui": {
			"rotation": [-90, 135, 90],
			"translation": [-0.25, 0.25, 0],
			"scale": [2, 2, 2]
		},
		"head": {
			"rotation": [0, -90, 0],
			"scale": [2, 2, 2]
		},
		"fixed": {
			"rotation": [0, -90, 0],
			"translation": [0, 0, -1.75],
			"scale": [4, 4, 4]
		}
	},
	"groups": [
		{
			"name": "bow",
			"origin": [7.985, 0.03033, 16.17678],
			"color": 0,
			"children": [
				0,
				1,
				2,
				3,
				4,
				5,
				6,
				7,
				8,
				9,
				10,
				11,
				12,
				13,
				14,
				15,
				16,
				17,
				18,
				19,
				20,
				21,
				22,
				23,
				24,
				25,
				26,
				27,
				28,
				29,
				30,
				31,
				32,
				33,
				34,
				35,
				36,
				37,
				38,
				39,
				40,
				41,
				42,
				43,
				44,
				45,
				46,
				47,
				48,
				49,
				50,
				51,
				52,
				53,
				54,
				55,
				56,
				57,
				58,
				59,
				60,
				61,
				62,
				63,
				64,
				65,
				66,
				67,
				68,
				69,
				70,
				71
			]
		}
	],
	"USER": "1381",
	"NONCE": "8af83585e56d31a6f12bcd24bcfde830",
	"TIMESTAMP": "1759885882",
	"RESOURCE": "13275",
	"MCMODELS": "1",
	"mcmodels": "8af83585e56d31a6f12bcd24bcfde830"
}