{"credit":"Pologony Creation Co.,Ltd.","textures":{"1":"item/crates/necromancer/animated/animated_9","5":"item/crates/necromancer/crossbow","particle":"item/crates/necromancer/animated/animated_9"},"elements":[{"from":[7.25,6,9],"to":[8.75,7.5,9.5],"rotation":{"angle":22.5,"axis":"x","origin":[8,6.75,8]},"faces":{"north":{"uv":[10.90909,5.81818,11.45455,6.36364],"texture":"#5"},"east":{"uv":[1.09091,14.18182,1.27273,14.72727],"texture":"#5"},"south":{"uv":[8.36364,10.90909,8.90909,11.45455],"texture":"#5"},"west":{"uv":[5.81818,14.18182,6,14.72727],"texture":"#5"},"up":{"uv":[14.72727,2,14.18182,1.81818],"texture":"#5"},"down":{"uv":[14.72727,5.81818,14.18182,6],"texture":"#5"}}},{"from":[7.25,6,8],"to":[8.75,7.5,8.5],"rotation":{"angle":22.5,"axis":"x","origin":[8,6.75,8]},"faces":{"north":{"uv":[9.45455,10.90909,10,11.45455],"texture":"#5"},"east":{"uv":[14.18182,6.54545,14.36364,7.09091],"texture":"#5"},"south":{"uv":[10.54545,10.90909,11.09091,11.45455],"texture":"#5"},"west":{"uv":[8.36364,14.18182,8.54545,14.72727],"texture":"#5"},"up":{"uv":[14.72727,11.81818,14.18182,11.63636],"texture":"#5"},"down":{"uv":[14.72727,12.36364,14.18182,12.54545],"texture":"#5"}}},{"from":[7.375,6.125,8.5],"to":[8.625,7.375,9],"rotation":{"angle":22.5,"axis":"x","origin":[8,6.75,8]},"faces":{"east":{"uv":[4.36364,14.90909,4.54545,15.36364],"texture":"#5"},"west":{"uv":[5.09091,14.90909,5.27273,15.36364],"texture":"#5"},"up":{"uv":[15.36364,6.72727,14.90909,6.54545],"texture":"#5"},"down":{"uv":[15.36364,7.27273,14.90909,7.45455],"texture":"#5"}}},{"from":[8.40143,7.74153,-1.3979],"to":[8.90143,9.24153,0.1021],"rotation":{"angle":-45,"axis":"x","origin":[12.25,8.84857,-1.00494]},"faces":{"north":{"uv":[14.18182,13.09091,14.72727,13.27273],"rotation":270,"texture":"#5"},"east":{"uv":[3.45455,11.81818,2.90909,11.27273],"rotation":90,"texture":"#5"},"south":{"uv":[14.54545,0.72727,15.09091,0.90909],"rotation":90,"texture":"#5"},"west":{"uv":[11.81818,2.90909,11.27273,3.45455],"rotation":90,"texture":"#5"},"up":{"uv":[3.27273,14.54545,3.81818,14.72727],"rotation":90,"texture":"#5"},"down":{"uv":[0,14.54545,0.54545,14.72727],"rotation":90,"texture":"#5"}}},{"from":[8.90143,7.86653,-1.27289],"to":[9.40143,9.11653,-0.02289],"rotation":{"angle":-45,"axis":"x","origin":[12.25,8.84857,-1.00494]},"faces":{"north":{"uv":[14.90909,8,15.36364,8.18182],"rotation":270,"texture":"#5"},"south":{"uv":[10.18182,14.90909,10.63636,15.09091],"rotation":90,"texture":"#5"},"up":{"uv":[14.90909,10.18182,15.36364,10.36364],"rotation":90,"texture":"#5"},"down":{"uv":[14.90909,8.72727,15.36364,8.90909],"rotation":90,"texture":"#5"}}},{"from":[9.40143,7.74153,-1.3979],"to":[9.90143,9.24153,0.1021],"rotation":{"angle":-45,"axis":"x","origin":[12.25,8.84857,-1.00494]},"faces":{"north":{"uv":[14.54545,4.72727,15.09091,4.90909],"rotation":270,"texture":"#5"},"east":{"uv":[7.09091,11.81818,6.54545,11.27273],"rotation":90,"texture":"#5"},"south":{"uv":[9.09091,14.54545,9.63636,14.72727],"rotation":90,"texture":"#5"},"west":{"uv":[11.81818,6.90909,11.27273,7.45455],"rotation":90,"texture":"#5"},"up":{"uv":[14.54545,9.45455,15.09091,9.63636],"rotation":90,"texture":"#5"},"down":{"uv":[6.54545,14.54545,7.09091,14.72727],"rotation":90,"texture":"#5"}}},{"from":[7.5,6.25,5.5],"to":[8.5,7.25,8],"rotation":{"angle":22.5,"axis":"x","origin":[8,6.75,8]},"faces":{"east":{"uv":[9.81818,8,10.72727,8.36364],"texture":"#5"},"west":{"uv":[10.18182,1.09091,11.09091,1.45455],"texture":"#5"},"up":{"uv":[6.90909,10.36364,6.54545,9.45455],"texture":"#5"},"down":{"uv":[0.36364,10.18182,0,11.09091],"texture":"#5"}}},{"from":[9.65143,7.84857,-2],"to":[11.15143,9.84857,-0.5],"rotation":{"angle":0,"axis":"y","origin":[12.25,8.84857,-1.00494]},"faces":{"east":{"uv":[9.81818,1.63636,9.09091,1.09091],"rotation":90,"texture":"#5"},"west":{"uv":[8,9.09091,7.27273,9.63636],"rotation":90,"texture":"#5"},"up":{"uv":[11.63636,0,12.18182,0.54545],"rotation":90,"texture":"#5"},"down":{"uv":[0,11.63636,0.54545,12.18182],"rotation":90,"texture":"#5"}}},{"from":[10.9268,7.84607,-3.98536],"to":[12.1768,9.85107,-2.48536],"rotation":{"angle":45,"axis":"y","origin":[12.25,8.84857,-1.00494]},"faces":{"north":{"uv":[3.27273,10.18182,4,10.63636],"rotation":270,"texture":"#5"},"east":{"uv":[10.18182,0.54545,9.45455,0],"rotation":90,"texture":"#5"},"south":{"uv":[7.27273,10.18182,8,10.63636],"rotation":90,"texture":"#5"},"west":{"uv":[2.09091,9.90909,1.36364,10.45455],"rotation":90,"texture":"#5"},"up":{"uv":[11.63636,11.63636,12.18182,12.09091],"rotation":90,"texture":"#5"},"down":{"uv":[11.63636,10.54545,12.18182,11],"rotation":90,"texture":"#5"}}},{"from":[12.1768,7.84607,-3.98536],"to":[13.4268,9.85107,-2.73536],"rotation":{"angle":45,"axis":"y","origin":[12.25,8.84857,-1.00494]},"faces":{"north":{"uv":[10.54545,0,11.27273,0.45455],"rotation":270,"texture":"#5"},"east":{"uv":[11.27273,9.18182,10.54545,8.72727],"rotation":90,"texture":"#5"},"south":{"uv":[0.72727,10.54545,1.45455,11],"rotation":90,"texture":"#5"},"up":{"uv":[12.36364,6.90909,12.81818,7.36364],"rotation":90,"texture":"#5"},"down":{"uv":[6.54545,12.36364,7,12.81818],"rotation":90,"texture":"#5"}}},{"from":[12.93176,8.22107,-3.67678],"to":[13.68176,9.47607,-1.42678],"rotation":{"angle":0,"axis":"y","origin":[12.25,8.84857,-1.00494]},"faces":{"north":{"uv":[13.81818,10.18182,14.27273,10.45455],"rotation":270,"texture":"#5"},"east":{"uv":[10.27273,3,9.81818,2.18182],"rotation":90,"texture":"#5"},"south":{"uv":[13.81818,13.81818,14.27273,14.09091],"rotation":90,"texture":"#5"},"west":{"uv":[10.27273,5.45455,9.81818,6.27273],"rotation":90,"texture":"#5"},"up":{"uv":[12.36364,3.27273,13.18182,3.54545],"rotation":90,"texture":"#5"},"down":{"uv":[12.36364,2.54545,13.18182,2.81818],"rotation":90,"texture":"#5"}}},{"from":[12.6768,8.34607,-4.48536],"to":[13.9268,9.35107,-2.23536],"rotation":{"angle":45,"axis":"y","origin":[12.25,8.84857,-1.00494]},"faces":{"north":{"uv":[10.90909,13.09091,11.27273,13.54545],"rotation":270,"texture":"#5"},"east":{"uv":[8,12.09091,7.63636,11.27273],"rotation":90,"texture":"#5"},"west":{"uv":[1.45455,11.63636,1.09091,12.45455],"rotation":90,"texture":"#5"},"up":{"uv":[9.81818,6.90909,10.63636,7.36364],"rotation":90,"texture":"#5"},"down":{"uv":[9.81818,3.63636,10.63636,4.09091],"rotation":90,"texture":"#5"}}},{"from":[11.68176,8.34357,-3.42678],"to":[12.93176,9.35357,-2.17678],"rotation":{"angle":0,"axis":"y","origin":[12.25,8.84857,-1.00494]},"faces":{"north":{"uv":[1.81818,13.45455,2.18182,13.90909],"rotation":270,"texture":"#5"},"south":{"uv":[6.90909,13.45455,7.27273,13.90909],"rotation":90,"texture":"#5"},"west":{"uv":[13.81818,6.90909,13.45455,7.36364],"rotation":90,"texture":"#5"},"up":{"uv":[12.72727,0,13.18182,0.45455],"rotation":90,"texture":"#5"},"down":{"uv":[0,12.72727,0.45455,13.18182],"rotation":90,"texture":"#5"}}},{"from":[12.81683,8.72357,-3.27136],"to":[14.31683,8.97357,-2.27136],"rotation":{"angle":0,"axis":"y","origin":[12.25,8.84857,-1.00494]},"faces":{"north":{"uv":[15.27273,1.45455,15.36364,2],"rotation":270,"texture":"#5"},"south":{"uv":[2.90909,15.27273,3,15.81818],"rotation":90,"texture":"#5"},"west":{"uv":[8.45455,15.27273,8.36364,15.63636],"rotation":90,"texture":"#5"},"up":{"uv":[7.63636,12.72727,8,13.27273],"rotation":90,"texture":"#5"},"down":{"uv":[10.90909,12,11.27273,12.54545],"rotation":90,"texture":"#5"}}},{"from":[14.31683,8.72357,-3.77137],"to":[15.06683,8.97357,-2.27137],"rotation":{"angle":0,"axis":"y","origin":[12.25,8.84857,-1.00494]},"faces":{"north":{"uv":[9.09091,15.27273,9.18182,15.54545],"rotation":270,"texture":"#5"},"east":{"uv":[3.72727,15.81818,3.63636,15.27273],"rotation":90,"texture":"#5"},"south":{"uv":[15.27273,11.63636,15.36364,11.90909],"rotation":90,"texture":"#5"},"west":{"uv":[15.36364,5.45455,15.27273,6],"rotation":90,"texture":"#5"},"up":{"uv":[3.27273,13.81818,3.81818,14.09091],"rotation":90,"texture":"#5"},"down":{"uv":[13.81818,2.54545,14.36364,2.81818],"rotation":90,"texture":"#5"}}},{"from":[15.15782,8.72357,-1.74104],"to":[15.90782,8.97357,0.00896],"rotation":{"angle":0,"axis":"y","origin":[12.25,8.84857,-1.00494]},"faces":{"north":{"uv":[15.27273,12.36364,15.36364,12.63636],"rotation":270,"texture":"#5"},"east":{"uv":[0.09091,15.90909,0,15.27273],"rotation":90,"texture":"#5"},"west":{"uv":[0.81818,15.27273,0.72727,15.90909],"rotation":90,"texture":"#5"},"up":{"uv":[5.81818,13.45455,6.45455,13.72727],"rotation":90,"texture":"#5"},"down":{"uv":[12.36364,13.09091,13,13.36364],"rotation":90,"texture":"#5"}}},{"from":[14.91762,8.72407,-1.49964],"to":[15.66762,8.97307,-0.74964],"rotation":{"angle":45,"axis":"y","origin":[12.25,8.84857,-1.00494]},"faces":{"north":{"uv":[15.27273,13.09091,15.36364,13.36364],"rotation":270,"texture":"#5"},"up":{"uv":[14.90909,13.81818,15.18182,14.09091],"rotation":90,"texture":"#5"},"down":{"uv":[13.09091,14.90909,13.36364,15.18182],"rotation":90,"texture":"#5"}}},{"from":[14.55696,8.72407,-0.51398],"to":[15.35696,8.97307,1.06102],"rotation":{"angle":45,"axis":"y","origin":[12.25,8.84857,-1.00494]},"faces":{"east":{"uv":[5.90909,15.81818,5.81818,15.27273],"rotation":90,"texture":"#5"},"west":{"uv":[6.63636,15.27273,6.54545,15.81818],"rotation":90,"texture":"#5"},"up":{"uv":[13.81818,4,14.36364,4.27273],"rotation":90,"texture":"#5"},"down":{"uv":[13.81818,3.27273,14.36364,3.54545],"rotation":90,"texture":"#5"}}},{"from":[10.68176,8.83357,-7.42678],"to":[12.93176,8.86357,-3.42678],"rotation":{"angle":0,"axis":"y","origin":[12.25,8.84857,-1.00494]},"faces":{"up":{"uv":[6.18182,5.09091,7.63636,5.90909],"rotation":90,"texture":"#5"},"down":{"uv":[7.63636,5.09091,6.18182,5.90909],"rotation":90,"texture":"#5"}}},{"from":[12.43379,8.09857,-3.0353],"to":[12.93379,9.59857,-1.5353],"rotation":{"angle":-45,"axis":"y","origin":[12.25,8.84857,-1.00494]},"faces":{"north":{"uv":[14.54545,10.90909,15.09091,11.09091],"rotation":270,"texture":"#5"},"east":{"uv":[4.54545,12.18182,4,11.63636],"rotation":90,"texture":"#5"},"south":{"uv":[14.90909,0,15.45455,0.18182],"rotation":90,"texture":"#5"},"west":{"uv":[12.18182,8,11.63636,8.54545],"rotation":90,"texture":"#5"},"up":{"uv":[1.81818,14.90909,2.36364,15.09091],"rotation":90,"texture":"#5"},"down":{"uv":[13.81818,14.54545,14.36364,14.72727],"rotation":90,"texture":"#5"}}},{"from":[12.93379,8.34857,-3.0353],"to":[15.43379,9.34857,-2.2853],"rotation":{"angle":-45,"axis":"y","origin":[12.25,8.84857,-1.00494]},"faces":{"north":{"uv":[4.36364,10.18182,4.72727,11.09091],"rotation":270,"texture":"#5"},"up":{"uv":[12,4.72727,12.27273,5.63636],"rotation":90,"texture":"#5"},"down":{"uv":[1.81818,12,2.09091,12.90909],"rotation":90,"texture":"#5"}}},{"from":[12.93379,8.09857,-2.2853],"to":[15.43379,9.59857,-1.5353],"rotation":{"angle":-45,"axis":"y","origin":[12.25,8.84857,-1.00494]},"faces":{"north":{"uv":[7.63636,3.27273,8.18182,4.18182],"rotation":270,"texture":"#5"},"south":{"uv":[7.27273,7.63636,7.81818,8.54545],"rotation":90,"texture":"#5"},"up":{"uv":[9.09091,12,9.36364,12.90909],"rotation":90,"texture":"#5"},"down":{"uv":[8.36364,12,8.63636,12.90909],"rotation":90,"texture":"#5"}}},{"from":[15.43379,8.09857,-3.2853],"to":[16.43379,9.59857,-1.5353],"rotation":{"angle":-45,"axis":"y","origin":[12.25,8.84857,-1.00494]},"faces":{"north":{"uv":[12.72727,1.09091,13.27273,1.45455],"rotation":270,"texture":"#5"},"east":{"uv":[8.90909,10.45455,8.36364,9.81818],"rotation":90,"texture":"#5"},"south":{"uv":[12.72727,10.18182,13.27273,10.54545],"rotation":90,"texture":"#5"},"west":{"uv":[10,9.81818,9.45455,10.45455],"rotation":90,"texture":"#5"},"up":{"uv":[12,6.18182,12.63636,6.54545],"rotation":90,"texture":"#5"},"down":{"uv":[12,1.81818,12.63636,2.18182],"rotation":90,"texture":"#5"}}},{"from":[9.34891,7.59857,-1.99585],"to":[11.09891,10.09857,-0.24585],"rotation":{"angle":22.5,"axis":"y","origin":[12.25,8.84857,-1.00494]},"faces":{"north":{"uv":[2.18182,7.27273,3.09091,7.90909],"rotation":270,"texture":"#5"},"east":{"uv":[8.18182,7.18182,7.27273,6.54545],"rotation":90,"texture":"#5"},"south":{"uv":[3.63636,7.27273,4.54545,7.90909],"rotation":90,"texture":"#5"},"west":{"uv":[8.54545,1.09091,7.63636,1.72727],"rotation":90,"texture":"#5"},"up":{"uv":[8.36364,8.72727,9,9.36364],"rotation":90,"texture":"#5"},"down":{"uv":[8.72727,3.63636,9.36364,4.27273],"rotation":90,"texture":"#5"}}},{"from":[15.03379,8.22357,-1.5353],"to":[16.28379,9.47357,0.4647],"rotation":{"angle":-45,"axis":"y","origin":[12.25,8.84857,-1.00494]},"faces":{"east":{"uv":[11.36364,2.54545,10.90909,1.81818],"rotation":90,"texture":"#5"},"south":{"uv":[3.63636,12.72727,4.09091,13.18182],"rotation":90,"texture":"#5"},"west":{"uv":[11.36364,4.72727,10.90909,5.45455],"rotation":90,"texture":"#5"},"up":{"uv":[1.81818,10.90909,2.54545,11.36364],"rotation":90,"texture":"#5"},"down":{"uv":[10.54545,9.81818,11.27273,10.27273],"rotation":90,"texture":"#5"}}},{"from":[16.28379,8.22357,-0.0353],"to":[17.53379,9.47357,0.4647],"rotation":{"angle":-45,"axis":"y","origin":[12.25,8.84857,-1.00494]},"faces":{"north":{"uv":[12.72727,4,13.18182,4.45455],"rotation":270,"texture":"#5"},"east":{"uv":[12.45455,15.09091,12,14.90909],"rotation":90,"texture":"#5"},"south":{"uv":[12.72727,5.09091,13.18182,5.54545],"rotation":90,"texture":"#5"},"up":{"uv":[11.27273,14.90909,11.45455,15.36364],"rotation":90,"texture":"#5"},"down":{"uv":[7.63636,14.90909,7.81818,15.36364],"rotation":90,"texture":"#5"}}},{"from":[16.78379,8.47357,-0.2853],"to":[17.78379,9.22357,0.7147],"rotation":{"angle":-45,"axis":"y","origin":[12.25,8.84857,-1.00494]},"faces":{"north":{"uv":[10.90909,14.18182,11.18182,14.54545],"rotation":270,"texture":"#5"},"east":{"uv":[15.18182,3.63636,14.90909,3.27273],"rotation":90,"texture":"#5"},"south":{"uv":[14.90909,2.54545,15.18182,2.90909],"rotation":90,"texture":"#5"},"west":{"uv":[15.18182,4,14.90909,4.36364],"rotation":90,"texture":"#5"},"up":{"uv":[8,5.81818,8.36364,6.18182],"rotation":90,"texture":"#5"},"down":{"uv":[4.36364,6.54545,4.72727,6.90909],"rotation":90,"texture":"#5"}}},{"from":[9.93378,8.34857,-1.5353],"to":[10.93378,9.34857,-0.2853],"rotation":{"angle":-45,"axis":"y","origin":[12.25,8.84857,-1.00494]},"faces":{"east":{"uv":[13.81818,12.09091,13.45455,11.63636],"rotation":90,"texture":"#5"},"south":{"uv":[9.45455,13.81818,9.81818,14.18182],"rotation":90,"texture":"#5"},"west":{"uv":[13.81818,12.72727,13.45455,13.18182],"rotation":90,"texture":"#5"},"up":{"uv":[13.45455,10.90909,13.90909,11.27273],"rotation":90,"texture":"#5"},"down":{"uv":[8.36364,13.45455,8.81818,13.81818],"rotation":90,"texture":"#5"}}},{"from":[12.93378,8.34857,-1.5353],"to":[13.93378,9.34857,-0.2853],"rotation":{"angle":-45,"axis":"y","origin":[12.25,8.84857,-1.00494]},"faces":{"east":{"uv":[14.18182,1.18182,13.81818,0.72727],"rotation":90,"texture":"#5"},"south":{"uv":[13.81818,9.45455,14.18182,9.81818],"rotation":90,"texture":"#5"},"west":{"uv":[2.90909,13.81818,2.54545,14.27273],"rotation":90,"texture":"#5"},"up":{"uv":[13.81818,0,14.27273,0.36364],"rotation":90,"texture":"#5"},"down":{"uv":[0,13.81818,0.45455,14.18182],"rotation":90,"texture":"#5"}}},{"from":[10.93378,8.47357,-1.1603],"to":[12.93378,9.22357,-0.4103],"rotation":{"angle":-45,"axis":"y","origin":[12.25,8.84857,-1.00494]},"faces":{"north":{"uv":[12.72727,10.90909,13,11.63636],"rotation":270,"texture":"#5"},"south":{"uv":[12.72727,12,13,12.72727],"rotation":90,"texture":"#5"},"up":{"uv":[1.09091,13.09091,1.36364,13.81818],"rotation":90,"texture":"#5"},"down":{"uv":[11.63636,12.72727,11.90909,13.45455],"rotation":90,"texture":"#5"}}},{"from":[7.09857,7.74153,-1.3979],"to":[7.59857,9.24153,0.1021],"rotation":{"angle":-45,"axis":"x","origin":[3.75,8.84857,-1.00494]},"faces":{"north":{"uv":[14.18182,13.27273,14.72727,13.09091],"rotation":270,"texture":"#5"},"east":{"uv":[11.81818,3.45455,11.27273,2.90909],"rotation":90,"texture":"#5"},"south":{"uv":[14.54545,0.90909,15.09091,0.72727],"rotation":90,"texture":"#5"},"west":{"uv":[3.45455,11.27273,2.90909,11.81818],"rotation":90,"texture":"#5"},"up":{"uv":[3.27273,14.72727,3.81818,14.54545],"rotation":90,"texture":"#5"},"down":{"uv":[0,14.72727,0.54545,14.54545],"rotation":90,"texture":"#5"}}},{"from":[6.59857,7.86653,-1.27289],"to":[7.09857,9.11653,-0.02289],"rotation":{"angle":-45,"axis":"x","origin":[3.75,8.84857,-1.00494]},"faces":{"north":{"uv":[14.90909,8.18182,15.36364,8],"rotation":270,"texture":"#5"},"south":{"uv":[10.18182,15.09091,10.63636,14.90909],"rotation":90,"texture":"#5"},"up":{"uv":[14.90909,10.36364,15.36364,10.18182],"rotation":90,"texture":"#5"},"down":{"uv":[14.90909,8.90909,15.36364,8.72727],"rotation":90,"texture":"#5"}}},{"from":[6.09857,7.74153,-1.3979],"to":[6.59857,9.24153,0.1021],"rotation":{"angle":-45,"axis":"x","origin":[3.75,8.84857,-1.00494]},"faces":{"north":{"uv":[14.54545,4.90909,15.09091,4.72727],"rotation":270,"texture":"#5"},"east":{"uv":[11.81818,7.45455,11.27273,6.90909],"rotation":90,"texture":"#5"},"south":{"uv":[9.09091,14.72727,9.63636,14.54545],"rotation":90,"texture":"#5"},"west":{"uv":[7.09091,11.27273,6.54545,11.81818],"rotation":90,"texture":"#5"},"up":{"uv":[14.54545,9.63636,15.09091,9.45455],"rotation":90,"texture":"#5"},"down":{"uv":[6.54545,14.72727,7.09091,14.54545],"rotation":90,"texture":"#5"}}},{"from":[4.84857,7.84857,-2],"to":[6.34857,9.84857,-0.5],"rotation":{"angle":0,"axis":"y","origin":[3.75,8.84857,-1.00494]},"faces":{"east":{"uv":[8,9.63636,7.27273,9.09091],"rotation":90,"texture":"#5"},"west":{"uv":[9.81818,1.09091,9.09091,1.63636],"rotation":90,"texture":"#5"},"up":{"uv":[11.63636,0.54545,12.18182,0],"rotation":90,"texture":"#5"},"down":{"uv":[0,12.18182,0.54545,11.63636],"rotation":90,"texture":"#5"}}},{"from":[3.8232,7.84607,-3.98536],"to":[5.0732,9.85107,-2.48536],"rotation":{"angle":-45,"axis":"y","origin":[3.75,8.84857,-1.00494]},"faces":{"north":{"uv":[3.27273,10.63636,4,10.18182],"rotation":270,"texture":"#5"},"east":{"uv":[2.09091,10.45455,1.36364,9.90909],"rotation":90,"texture":"#5"},"south":{"uv":[7.27273,10.63636,8,10.18182],"rotation":90,"texture":"#5"},"west":{"uv":[10.18182,0,9.45455,0.54545],"rotation":90,"texture":"#5"},"up":{"uv":[11.63636,12.09091,12.18182,11.63636],"rotation":90,"texture":"#5"},"down":{"uv":[11.63636,11,12.18182,10.54545],"rotation":90,"texture":"#5"}}},{"from":[2.5732,7.84607,-3.98536],"to":[3.8232,9.85107,-2.73536],"rotation":{"angle":-45,"axis":"y","origin":[3.75,8.84857,-1.00494]},"faces":{"north":{"uv":[10.54545,0.45455,11.27273,0],"rotation":270,"texture":"#5"},"south":{"uv":[0.72727,11,1.45455,10.54545],"rotation":90,"texture":"#5"},"west":{"uv":[11.27273,8.72727,10.54545,9.18182],"rotation":90,"texture":"#5"},"up":{"uv":[12.36364,7.36364,12.81818,6.90909],"rotation":90,"texture":"#5"},"down":{"uv":[6.54545,12.81818,7,12.36364],"rotation":90,"texture":"#5"}}},{"from":[2.31824,8.22107,-3.67678],"to":[3.06824,9.47607,-1.42678],"rotation":{"angle":0,"axis":"y","origin":[3.75,8.84857,-1.00494]},"faces":{"north":{"uv":[13.81818,10.45455,14.27273,10.18182],"rotation":270,"texture":"#5"},"east":{"uv":[10.27273,6.27273,9.81818,5.45455],"rotation":90,"texture":"#5"},"south":{"uv":[13.81818,14.09091,14.27273,13.81818],"rotation":90,"texture":"#5"},"west":{"uv":[10.27273,2.18182,9.81818,3],"rotation":90,"texture":"#5"},"up":{"uv":[12.36364,3.54545,13.18182,3.27273],"rotation":90,"texture":"#5"},"down":{"uv":[12.36364,2.81818,13.18182,2.54545],"rotation":90,"texture":"#5"}}},{"from":[2.0732,8.34607,-4.48536],"to":[3.3232,9.35107,-2.23536],"rotation":{"angle":-45,"axis":"y","origin":[3.75,8.84857,-1.00494]},"faces":{"north":{"uv":[10.90909,13.54545,11.27273,13.09091],"rotation":270,"texture":"#5"},"east":{"uv":[1.45455,12.45455,1.09091,11.63636],"rotation":90,"texture":"#5"},"west":{"uv":[8,11.27273,7.63636,12.09091],"rotation":90,"texture":"#5"},"up":{"uv":[9.81818,7.36364,10.63636,6.90909],"rotation":90,"texture":"#5"},"down":{"uv":[9.81818,4.09091,10.63636,3.63636],"rotation":90,"texture":"#5"}}},{"from":[3.06824,8.34357,-3.42678],"to":[4.31824,9.35357,-2.17678],"rotation":{"angle":0,"axis":"y","origin":[3.75,8.84857,-1.00494]},"faces":{"north":{"uv":[1.81818,13.90909,2.18182,13.45455],"rotation":270,"texture":"#5"},"east":{"uv":[13.81818,7.36364,13.45455,6.90909],"rotation":90,"texture":"#5"},"south":{"uv":[6.90909,13.90909,7.27273,13.45455],"rotation":90,"texture":"#5"},"up":{"uv":[12.72727,0.45455,13.18182,0],"rotation":90,"texture":"#5"},"down":{"uv":[0,13.18182,0.45455,12.72727],"rotation":90,"texture":"#5"}}},{"from":[1.68317,8.72357,-3.27136],"to":[3.18317,8.97357,-2.27136],"rotation":{"angle":0,"axis":"y","origin":[3.75,8.84857,-1.00494]},"faces":{"north":{"uv":[15.27273,2,15.36364,1.45455],"rotation":270,"texture":"#5"},"east":{"uv":[8.45455,15.63636,8.36364,15.27273],"rotation":90,"texture":"#5"},"south":{"uv":[2.90909,15.81818,3,15.27273],"rotation":90,"texture":"#5"},"up":{"uv":[7.63636,13.27273,8,12.72727],"rotation":90,"texture":"#5"},"down":{"uv":[10.90909,12.54545,11.27273,12],"rotation":90,"texture":"#5"}}},{"from":[0.93317,8.72357,-3.77137],"to":[1.68317,8.97357,-2.27137],"rotation":{"angle":0,"axis":"y","origin":[3.75,8.84857,-1.00494]},"faces":{"north":{"uv":[9.09091,15.54545,9.18182,15.27273],"rotation":270,"texture":"#5"},"east":{"uv":[15.36364,6,15.27273,5.45455],"rotation":90,"texture":"#5"},"south":{"uv":[15.27273,11.90909,15.36364,11.63636],"rotation":90,"texture":"#5"},"west":{"uv":[3.72727,15.27273,3.63636,15.81818],"rotation":90,"texture":"#5"},"up":{"uv":[3.27273,14.09091,3.81818,13.81818],"rotation":90,"texture":"#5"},"down":{"uv":[13.81818,2.81818,14.36364,2.54545],"rotation":90,"texture":"#5"}}},{"from":[0.09218,8.72357,-1.74104],"to":[0.84218,8.97357,0.00896],"rotation":{"angle":0,"axis":"y","origin":[3.75,8.84857,-1.00494]},"faces":{"north":{"uv":[15.27273,12.63636,15.36364,12.36364],"rotation":270,"texture":"#5"},"east":{"uv":[0.81818,15.90909,0.72727,15.27273],"rotation":90,"texture":"#5"},"west":{"uv":[0.09091,15.27273,0,15.90909],"rotation":90,"texture":"#5"},"up":{"uv":[5.81818,13.72727,6.45455,13.45455],"rotation":90,"texture":"#5"},"down":{"uv":[12.36364,13.36364,13,13.09091],"rotation":90,"texture":"#5"}}},{"from":[0.33238,8.72407,-1.49964],"to":[1.08238,8.97307,-0.74964],"rotation":{"angle":-45,"axis":"y","origin":[3.75,8.84857,-1.00494]},"faces":{"north":{"uv":[15.27273,13.36364,15.36364,13.09091],"rotation":270,"texture":"#5"},"up":{"uv":[14.90909,14.09091,15.18182,13.81818],"rotation":90,"texture":"#5"},"down":{"uv":[13.09091,15.18182,13.36364,14.90909],"rotation":90,"texture":"#5"}}},{"from":[0.64304,8.72407,-0.51398],"to":[1.44304,8.97307,1.06102],"rotation":{"angle":-45,"axis":"y","origin":[3.75,8.84857,-1.00494]},"faces":{"east":{"uv":[6.63636,15.81818,6.54545,15.27273],"rotation":90,"texture":"#5"},"west":{"uv":[5.90909,15.27273,5.81818,15.81818],"rotation":90,"texture":"#5"},"up":{"uv":[13.81818,4.27273,14.36364,4],"rotation":90,"texture":"#5"},"down":{"uv":[13.81818,3.54545,14.36364,3.27273],"rotation":90,"texture":"#5"}}},{"from":[3.06824,8.83357,-7.42678],"to":[5.31824,8.86357,-3.42678],"rotation":{"angle":0,"axis":"y","origin":[3.75,8.84857,-1.00494]},"faces":{"up":{"uv":[6.18182,5.90909,7.63636,5.09091],"rotation":90,"texture":"#5"},"down":{"uv":[7.63636,5.90909,6.18182,5.09091],"rotation":90,"texture":"#5"}}},{"from":[3.06621,8.09857,-3.0353],"to":[3.56621,9.59857,-1.5353],"rotation":{"angle":45,"axis":"y","origin":[3.75,8.84857,-1.00494]},"faces":{"north":{"uv":[14.54545,11.09091,15.09091,10.90909],"rotation":270,"texture":"#5"},"east":{"uv":[12.18182,8.54545,11.63636,8],"rotation":90,"texture":"#5"},"south":{"uv":[14.90909,0.18182,15.45455,0],"rotation":90,"texture":"#5"},"west":{"uv":[4.54545,11.63636,4,12.18182],"rotation":90,"texture":"#5"},"up":{"uv":[1.81818,15.09091,2.36364,14.90909],"rotation":90,"texture":"#5"},"down":{"uv":[13.81818,14.72727,14.36364,14.54545],"rotation":90,"texture":"#5"}}},{"from":[0.56621,8.34857,-3.0353],"to":[3.06621,9.34857,-2.2853],"rotation":{"angle":45,"axis":"y","origin":[3.75,8.84857,-1.00494]},"faces":{"north":{"uv":[4.36364,11.09091,4.72727,10.18182],"rotation":270,"texture":"#5"},"up":{"uv":[12,5.63636,12.27273,4.72727],"rotation":90,"texture":"#5"},"down":{"uv":[1.81818,12.90909,2.09091,12],"rotation":90,"texture":"#5"}}},{"from":[0.56621,8.09857,-2.2853],"to":[3.06621,9.59857,-1.5353],"rotation":{"angle":45,"axis":"y","origin":[3.75,8.84857,-1.00494]},"faces":{"north":{"uv":[7.63636,4.18182,8.18182,3.27273],"rotation":270,"texture":"#5"},"south":{"uv":[7.27273,8.54545,7.81818,7.63636],"rotation":90,"texture":"#5"},"up":{"uv":[9.09091,12.90909,9.36364,12],"rotation":90,"texture":"#5"},"down":{"uv":[8.36364,12.90909,8.63636,12],"rotation":90,"texture":"#5"}}},{"from":[-0.43379,8.09857,-3.2853],"to":[0.56621,9.59857,-1.5353],"rotation":{"angle":45,"axis":"y","origin":[3.75,8.84857,-1.00494]},"faces":{"north":{"uv":[12.72727,1.45455,13.27273,1.09091],"rotation":270,"texture":"#5"},"east":{"uv":[10,10.45455,9.45455,9.81818],"rotation":90,"texture":"#5"},"south":{"uv":[12.72727,10.54545,13.27273,10.18182],"rotation":90,"texture":"#5"},"west":{"uv":[8.90909,9.81818,8.36364,10.45455],"rotation":90,"texture":"#5"},"up":{"uv":[12,6.54545,12.63636,6.18182],"rotation":90,"texture":"#5"},"down":{"uv":[12,2.18182,12.63636,1.81818],"rotation":90,"texture":"#5"}}},{"from":[4.90109,7.59857,-1.99585],"to":[6.65109,10.09857,-0.24585],"rotation":{"angle":-22.5,"axis":"y","origin":[3.75,8.84857,-1.00494]},"faces":{"north":{"uv":[2.18182,7.90909,3.09091,7.27273],"rotation":270,"texture":"#5"},"east":{"uv":[8.54545,1.72727,7.63636,1.09091],"rotation":90,"texture":"#5"},"south":{"uv":[3.63636,7.90909,4.54545,7.27273],"rotation":90,"texture":"#5"},"west":{"uv":[8.18182,6.54545,7.27273,7.18182],"rotation":90,"texture":"#5"},"up":{"uv":[8.36364,9.36364,9,8.72727],"rotation":90,"texture":"#5"},"down":{"uv":[8.72727,4.27273,9.36364,3.63636],"rotation":90,"texture":"#5"}}},{"from":[-0.28379,8.22357,-1.5353],"to":[0.96621,9.47357,0.4647],"rotation":{"angle":45,"axis":"y","origin":[3.75,8.84857,-1.00494]},"faces":{"east":{"uv":[11.36364,5.45455,10.90909,4.72727],"rotation":90,"texture":"#5"},"south":{"uv":[3.63636,13.18182,4.09091,12.72727],"rotation":90,"texture":"#5"},"west":{"uv":[11.36364,1.81818,10.90909,2.54545],"rotation":90,"texture":"#5"},"up":{"uv":[1.81818,11.36364,2.54545,10.90909],"rotation":90,"texture":"#5"},"down":{"uv":[10.54545,10.27273,11.27273,9.81818],"rotation":90,"texture":"#5"}}},{"from":[-1.53379,8.22357,-0.0353],"to":[-0.28379,9.47357,0.4647],"rotation":{"angle":45,"axis":"y","origin":[3.75,8.84857,-1.00494]},"faces":{"north":{"uv":[12.72727,4.45455,13.18182,4],"rotation":270,"texture":"#5"},"south":{"uv":[12.72727,5.54545,13.18182,5.09091],"rotation":90,"texture":"#5"},"west":{"uv":[12.45455,14.90909,12,15.09091],"rotation":90,"texture":"#5"},"up":{"uv":[11.27273,15.36364,11.45455,14.90909],"rotation":90,"texture":"#5"},"down":{"uv":[7.63636,15.36364,7.81818,14.90909],"rotation":90,"texture":"#5"}}},{"from":[-1.78379,8.47357,-0.2853],"to":[-0.78379,9.22357,0.7147],"rotation":{"angle":45,"axis":"y","origin":[3.75,8.84857,-1.00494]},"faces":{"north":{"uv":[10.90909,14.54545,11.18182,14.18182],"rotation":270,"texture":"#5"},"east":{"uv":[15.18182,4.36364,14.90909,4],"rotation":90,"texture":"#5"},"south":{"uv":[14.90909,2.90909,15.18182,2.54545],"rotation":90,"texture":"#5"},"west":{"uv":[15.18182,3.27273,14.90909,3.63636],"rotation":90,"texture":"#5"},"up":{"uv":[8,6.18182,8.36364,5.81818],"rotation":90,"texture":"#5"},"down":{"uv":[4.36364,6.90909,4.72727,6.54545],"rotation":90,"texture":"#5"}}},{"from":[5.06622,8.34857,-1.5353],"to":[6.06622,9.34857,-0.2853],"rotation":{"angle":45,"axis":"y","origin":[3.75,8.84857,-1.00494]},"faces":{"east":{"uv":[13.81818,13.18182,13.45455,12.72727],"rotation":90,"texture":"#5"},"south":{"uv":[9.45455,14.18182,9.81818,13.81818],"rotation":90,"texture":"#5"},"west":{"uv":[13.81818,11.63636,13.45455,12.09091],"rotation":90,"texture":"#5"},"up":{"uv":[13.45455,11.27273,13.90909,10.90909],"rotation":90,"texture":"#5"},"down":{"uv":[8.36364,13.81818,8.81818,13.45455],"rotation":90,"texture":"#5"}}},{"from":[2.06622,8.34857,-1.5353],"to":[3.06622,9.34857,-0.2853],"rotation":{"angle":45,"axis":"y","origin":[3.75,8.84857,-1.00494]},"faces":{"east":{"uv":[2.90909,14.27273,2.54545,13.81818],"rotation":90,"texture":"#5"},"south":{"uv":[13.81818,9.81818,14.18182,9.45455],"rotation":90,"texture":"#5"},"west":{"uv":[14.18182,0.72727,13.81818,1.18182],"rotation":90,"texture":"#5"},"up":{"uv":[13.81818,0.36364,14.27273,0],"rotation":90,"texture":"#5"},"down":{"uv":[0,14.18182,0.45455,13.81818],"rotation":90,"texture":"#5"}}},{"from":[3.06622,8.47357,-1.1603],"to":[5.06622,9.22357,-0.4103],"rotation":{"angle":45,"axis":"y","origin":[3.75,8.84857,-1.00494]},"faces":{"north":{"uv":[12.72727,11.63636,13,10.90909],"rotation":270,"texture":"#5"},"south":{"uv":[12.72727,12.72727,13,12],"rotation":90,"texture":"#5"},"up":{"uv":[1.09091,13.81818,1.36364,13.09091],"rotation":90,"texture":"#5"},"down":{"uv":[11.63636,13.45455,11.90909,12.72727],"rotation":90,"texture":"#5"}}},{"from":[1,8.845,3.5],"to":[15,8.855,7.5],"rotation":{"angle":0,"axis":"y","origin":[8,8.1,4.75]},"faces":{"up":{"uv":[5.09091,1.45455,0,0],"texture":"#5"},"down":{"uv":[5.09091,0,0,1.45455],"texture":"#5"}}},{"from":[-2.80123,11.52144,-6.57767],"to":[7.19877,11.55144,-3.57767],"rotation":{"angle":-22.5,"axis":"x","origin":[2.19877,11.25,-0.75756]},"faces":{"up":{"uv":[4,0,0,13.33333],"rotation":270,"texture":"#1"},"down":{"uv":[0,0,4,13.33333],"rotation":270,"texture":"#1"}}},{"from":[-2.80123,10.41928,-3.47836],"to":[7.19877,10.44928,-0.47836],"rotation":{"angle":0,"axis":"y","origin":[2.19877,11.25,-0.75756]},"faces":{"up":{"uv":[8,0,4,13.33333],"rotation":270,"texture":"#1"},"down":{"uv":[4,0,8,13.33333],"rotation":270,"texture":"#1"}}},{"from":[-2.80123,10.37568,-0.81751],"to":[7.19877,10.40568,2.18249],"rotation":{"angle":-22.5,"axis":"x","origin":[2.19877,11.25,-0.75756]},"faces":{"up":{"uv":[12,0,8,13.33333],"rotation":270,"texture":"#1"},"down":{"uv":[8,0,12,13.33333],"rotation":270,"texture":"#1"}}},{"from":[-2.80123,9.31712,1.62409],"to":[7.19877,9.34712,4.62409],"rotation":{"angle":-45,"axis":"x","origin":[2.19877,11.25,-0.75756]},"faces":{"up":{"uv":[16,0,12,13.33333],"rotation":270,"texture":"#1"},"down":{"uv":[12,0,16,13.33333],"rotation":270,"texture":"#1"}}},{"from":[8.80123,11.52144,-6.57767],"to":[18.80123,11.55144,-3.57767],"rotation":{"angle":-22.5,"axis":"x","origin":[13.80123,11.25,-0.75756]},"faces":{"up":{"uv":[4,13.33333,0,0],"rotation":270,"texture":"#1"},"down":{"uv":[0,13.33333,4,0],"rotation":270,"texture":"#1"}}},{"from":[8.80123,10.41928,-3.47836],"to":[18.80123,10.44928,-0.47836],"rotation":{"angle":0,"axis":"y","origin":[13.80123,11.25,-0.75756]},"faces":{"up":{"uv":[8,13.33333,4,0],"rotation":270,"texture":"#1"},"down":{"uv":[4,13.33333,8,0],"rotation":270,"texture":"#1"}}},{"from":[8.80123,10.37568,-0.81751],"to":[18.80123,10.40568,2.18249],"rotation":{"angle":-22.5,"axis":"x","origin":[13.80123,11.25,-0.75756]},"faces":{"up":{"uv":[12,13.33333,8,0],"rotation":270,"texture":"#1"},"down":{"uv":[8,13.33333,12,0],"rotation":270,"texture":"#1"}}},{"from":[8.80123,9.31712,1.62409],"to":[18.80123,9.34712,4.62409],"rotation":{"angle":-45,"axis":"x","origin":[13.80123,11.25,-0.75756]},"faces":{"up":{"uv":[16,13.33333,12,0],"rotation":270,"texture":"#1"},"down":{"uv":[12,13.33333,16,0],"rotation":270,"texture":"#1"}}},{"from":[7.25,5.47679,13.6491],"to":[8.75,8.47679,14.6491],"rotation":{"angle":-22.5,"axis":"x","origin":[7,5.47679,13.6491]},"faces":{"north":{"uv":[6.54545,3.27273,7.09091,4.36364],"texture":"#5"},"east":{"uv":[5.09091,9.45455,5.45455,10.54545],"texture":"#5"},"south":{"uv":[6.18182,6.54545,6.72727,7.63636],"texture":"#5"},"west":{"uv":[5.81818,9.45455,6.18182,10.54545],"texture":"#5"},"up":{"uv":[13.63636,2.18182,13.09091,1.81818],"texture":"#5"},"down":{"uv":[3.09091,13.09091,2.54545,13.45455],"texture":"#5"}}},{"from":[6,7.7535,2.25],"to":[7,8.2465,7.25],"rotation":{"angle":0,"axis":"y","origin":[6.78033,8,4.75]},"faces":{"east":{"uv":[6,10.90909,5.81818,12.72727],"rotation":270,"texture":"#5"},"west":{"uv":[5.27273,12.72727,5.09091,10.90909],"rotation":270,"texture":"#5"},"up":{"uv":[2.18182,6.54545,4,6.90909],"rotation":270,"texture":"#5"},"down":{"uv":[6.54545,2.54545,8.36364,2.90909],"rotation":270,"texture":"#5"}}},{"from":[4.46079,7.75,1.53401],"to":[5.46079,8.25,3.53401],"rotation":{"angle":-45,"axis":"y","origin":[6.78033,8,4.75]},"faces":{"east":{"uv":[11.81818,13.81818,11.63636,14.54545],"rotation":270,"texture":"#5"},"west":{"uv":[10.36364,14.54545,10.18182,13.81818],"rotation":270,"texture":"#5"},"up":{"uv":[11.27273,4,12,4.36364],"rotation":270,"texture":"#5"},"down":{"uv":[11.63636,1.09091,12.36364,1.45455],"rotation":270,"texture":"#5"}}},{"from":[4.46079,7.75,5.96599],"to":[5.46079,8.25,7.96599],"rotation":{"angle":45,"axis":"y","origin":[6.78033,8,4.75]},"faces":{"east":{"uv":[13.27273,13.81818,13.09091,14.54545],"rotation":270,"texture":"#5"},"west":{"uv":[12.54545,14.54545,12.36364,13.81818],"rotation":270,"texture":"#5"},"up":{"uv":[11.63636,9.09091,12.36364,9.45455],"rotation":270,"texture":"#5"},"down":{"uv":[11.63636,9.81818,12.36364,10.18182],"rotation":270,"texture":"#5"}}},{"from":[9,7.7535,2.25],"to":[10,8.2465,7.25],"rotation":{"angle":0,"axis":"y","origin":[9.21967,8,4.75]},"faces":{"east":{"uv":[5.27273,10.90909,5.09091,12.72727],"rotation":270,"texture":"#5"},"west":{"uv":[6,12.72727,5.81818,10.90909],"rotation":270,"texture":"#5"},"up":{"uv":[2.18182,6.90909,4,6.54545],"rotation":270,"texture":"#5"},"down":{"uv":[6.54545,2.90909,8.36364,2.54545],"rotation":270,"texture":"#5"}}},{"from":[10.53921,7.75,1.53401],"to":[11.53921,8.25,3.53401],"rotation":{"angle":45,"axis":"y","origin":[9.21967,8,4.75]},"faces":{"east":{"uv":[10.36364,13.81818,10.18182,14.54545],"rotation":270,"texture":"#5"},"west":{"uv":[11.81818,14.54545,11.63636,13.81818],"rotation":270,"texture":"#5"},"up":{"uv":[11.27273,4.36364,12,4],"rotation":270,"texture":"#5"},"down":{"uv":[11.63636,1.45455,12.36364,1.09091],"rotation":270,"texture":"#5"}}},{"from":[10.53921,7.75,5.96599],"to":[11.53921,8.25,7.96599],"rotation":{"angle":-45,"axis":"y","origin":[9.21967,8,4.75]},"faces":{"east":{"uv":[12.54545,13.81818,12.36364,14.54545],"rotation":270,"texture":"#5"},"west":{"uv":[13.27273,14.54545,13.09091,13.81818],"rotation":270,"texture":"#5"},"up":{"uv":[11.63636,9.45455,12.36364,9.09091],"rotation":270,"texture":"#5"},"down":{"uv":[11.63636,10.18182,12.36364,9.81818],"rotation":270,"texture":"#5"}}},{"from":[7.125,7.16865,4.13164],"to":[8.875,8.16865,7.13164],"rotation":{"angle":0,"axis":"y","origin":[6.875,7.16865,4.13164]},"faces":{"north":{"uv":[9.81818,12,10.45455,12.36364],"texture":"#5"},"east":{"uv":[3.63636,9.45455,4.72727,9.81818],"texture":"#5"},"south":{"uv":[2.54545,12.36364,3.18182,12.72727],"texture":"#5"},"west":{"uv":[9.45455,4.72727,10.54545,5.09091],"texture":"#5"},"up":{"uv":[2.09091,7.63636,1.45455,6.54545],"texture":"#5"},"down":{"uv":[7.18182,1.09091,6.54545,2.18182],"texture":"#5"}}},{"from":[7.375,7.41865,-0.86836],"to":[8.625,8.66865,9.13164],"rotation":{"angle":0,"axis":"y","origin":[6.875,8.16865,4.13164]},"faces":{"north":{"uv":[12.72727,8,13.18182,8.45455],"texture":"#5"},"east":{"uv":[5.45455,0,9.09091,0.45455],"texture":"#5"},"south":{"uv":[12.72727,9.09091,13.18182,9.54545],"texture":"#5"},"west":{"uv":[1.09091,5.45455,4.72727,5.90909],"texture":"#5"},"up":{"uv":[5.90909,4.72727,5.45455,1.09091],"texture":"#5"},"down":{"uv":[5.54545,5.45455,5.09091,9.09091],"texture":"#5"}}},{"from":[7.625,5.56179,9.95984],"to":[8.375,7.06179,10.70984],"rotation":{"angle":22.5,"axis":"x","origin":[6.875,7.56179,9.95984]},"faces":{"north":{"uv":[4.36364,13.81818,4.63636,14.36364],"texture":"#5"},"east":{"uv":[13.81818,4.72727,14.09091,5.27273],"texture":"#5"},"south":{"uv":[5.09091,13.81818,5.36364,14.36364],"texture":"#5"},"west":{"uv":[7.63636,13.81818,7.90909,14.36364],"texture":"#5"},"down":{"uv":[15.18182,14.54545,14.90909,14.81818],"texture":"#5"}}},{"from":[7.375,6.74843,10.25105],"to":[8.625,7.99843,13.25105],"rotation":{"angle":0,"axis":"y","origin":[6.875,7.49843,13.25105]},"faces":{"north":{"uv":[9.81818,12.72727,10.27273,13.18182],"texture":"#5"},"east":{"uv":[8,4.72727,9.09091,5.18182],"texture":"#5"},"west":{"uv":[1.36364,8.36364,2.45455,8.81818],"texture":"#5"},"up":{"uv":[6.63636,9.09091,6.18182,8],"texture":"#5"},"down":{"uv":[3,8.36364,2.54545,9.45455],"texture":"#5"}}},{"from":[7.3775,6.8922,8.52828],"to":[8.6225,8.1422,11.02828],"rotation":{"angle":22.5,"axis":"x","origin":[8.0025,7.5172,10.27828]},"faces":{"east":{"uv":[3.63636,8.36364,4.54545,8.81818],"texture":"#5"},"west":{"uv":[8.36364,7.63636,9.27273,8.09091],"texture":"#5"},"up":{"uv":[9.18182,3.09091,8.72727,2.18182],"texture":"#5"},"down":{"uv":[9.18182,5.81818,8.72727,6.72727],"texture":"#5"}}},{"from":[7.25,8.41865,6.88164],"to":[8.75,9.16865,8.88164],"rotation":{"angle":0,"axis":"y","origin":[7.25,8.66865,5.88164]},"faces":{"north":{"uv":[13.81818,8,14.36364,8.27273],"texture":"#5"},"east":{"uv":[4.72727,13.09091,5.45455,13.36364],"texture":"#5"},"south":{"uv":[13.81818,8.72727,14.36364,9],"texture":"#5"},"west":{"uv":[13.09091,6.18182,13.81818,6.45455],"texture":"#5"},"up":{"uv":[10,9.45455,9.45455,8.72727],"texture":"#5"},"down":{"uv":[2.72727,9.81818,2.18182,10.54545],"texture":"#5"}}}],"gui_light":"front","display":{"thirdperson_righthand":{"translation":[0,0.5,2.25]},"thirdperson_lefthand":{"translation":[0,0.5,2.25]},"firstperson_righthand":{"rotation":[0,-18,0],"translation":[13.67,-0.25,2.25]},"firstperson_lefthand":{"rotation":[0,-18,0],"translation":[13.67,-0.25,2.25]},"ground":{"rotation":[45,0,0],"translation":[0,5,0],"scale":[0.7,0.7,0.7]},"gui":{"rotation":[90,45,0],"translation":[4.25,-4.25,0]},"fixed":{"rotation":[-90,0,0],"translation":[0,6,-4],"scale":[2,2,2]}},"groups":[{"name":"crossbow","origin":[7.985,0.03033,16.17678],"color":0,"children":[0,1,2,3,4,5,6,7,8,9,10,11,12,13,14,15,16,17,18,19,20,21,22,23,24,25,26,27,28,29,30,31,32,33,34,35,36,37,38,39,40,41,42,43,44,45,46,47,48,49,50,51,52,53,54,55,56,57,58,59,60,61,62,63,64,65,66,67,68,69,70,71,72,73,74,75,76,77]}],"USER":"1381","NONCE":"8af83585e56d31a6f12bcd24bcfde830","TIMESTAMP":"1759885882","RESOURCE":"13275","MCMODELS":"1","mcmodels":"8af83585e56d31a6f12bcd24bcfde830"}