{"credit":"Pologony Creation Co.,Ltd.","textures":{"1":"item/crates/necromancer/helmet","2":"item/crates/necromancer/animated/animated_10","particle":"item/crates/necromancer/animated/animated_10"},"elements":[{"from":[12,1.50675,3.59201],"to":[13,3.50675,7.59201],"rotation":{"angle":-22.5,"axis":"x","origin":[8,2.50675,4.84201]},"faces":{"north":{"uv":[10.33333,13.33333,10.66667,14],"texture":"#1"},"east":{"uv":[11.66667,4.66667,13,5.33333],"texture":"#1"},"west":{"uv":[5.33333,11.66667,6.66667,12.33333],"texture":"#1"},"up":{"uv":[2.66667,14.33333,2.33333,13],"texture":"#1"},"down":{"uv":[3.33333,13,3,14.33333],"texture":"#1"}}},{"from":[12,2.48301,7],"to":[13,4.48301,13],"rotation":{"angle":0,"axis":"y","origin":[12,2.48301,9]},"faces":{"east":{"uv":[2.66667,10.66667,4.66667,11.33333],"texture":"#1"},"south":{"uv":[13.66667,0,14,0.66667],"texture":"#1"},"west":{"uv":[5,10.66667,7,11.33333],"texture":"#1"},"down":{"uv":[0.33333,12.66667,0,14.66667],"texture":"#1"}}},{"from":[3,10.48301,3],"to":[13,11.48301,13],"rotation":{"angle":0,"axis":"y","origin":[12,10.48301,3]},"faces":{"north":{"uv":[11,10,14.33333,10.33333],"texture":"#1"},"east":{"uv":[11.33333,6,14.66667,6.33333],"texture":"#1"},"south":{"uv":[11.33333,6.66667,14.66667,7],"texture":"#1"},"west":{"uv":[11.33333,10.66667,14.66667,11],"texture":"#1"},"up":{"uv":[3.33333,3.33333,0,0],"texture":"#1"},"down":{"uv":[3.33333,3.66667,0,7],"texture":"#1"}}},{"from":[10,1.50675,3.59201],"to":[12,4.50675,4.59201],"rotation":{"angle":-22.5,"axis":"x","origin":[8,2.50675,4.84201]},"faces":{"north":{"uv":[12.33333,3.33333,13,4.33333],"texture":"#1"},"east":{"uv":[2,9.33333,2.33333,10.33333],"texture":"#1"},"south":{"uv":[0.66667,12.66667,1.33333,13.66667],"texture":"#1"},"west":{"uv":[7,13,7.33333,14],"texture":"#1"},"up":{"uv":[12.33333,8.33333,11.66667,8],"texture":"#1"},"down":{"uv":[13.33333,9.33333,12.66667,9.66667],"texture":"#1"}}},{"from":[4,2.48301,12],"to":[12,10.48301,13],"rotation":{"angle":0,"axis":"y","origin":[11,2.48301,3]},"faces":{"north":{"uv":[3.66667,0,6.33333,2.66667],"texture":"#1"},"south":{"uv":[3.66667,3,6.33333,5.66667],"texture":"#1"},"down":{"uv":[14.33333,2.66667,11.66667,3],"texture":"#1"}}},{"from":[12,4.48301,7],"to":[13,10.48301,13],"rotation":{"angle":0,"axis":"y","origin":[12,4.48301,3]},"faces":{"north":{"uv":[1.66667,12.66667,2,14.66667],"texture":"#1"},"east":{"uv":[6.66667,0,8.66667,2],"texture":"#1"},"south":{"uv":[5.33333,12.66667,5.66667,14.66667],"texture":"#1"},"west":{"uv":[6.66667,2.33333,8.66667,4.33333],"texture":"#1"}}},{"from":[12,7.48301,3],"to":[13,10.48301,7],"rotation":{"angle":0,"axis":"y","origin":[12,4.48301,-3]},"faces":{"north":{"uv":[7.66667,13,8,14],"texture":"#1"},"east":{"uv":[9.66667,10.66667,11,11.66667],"texture":"#1"},"west":{"uv":[11,8.66667,12.33333,9.66667],"texture":"#1"},"down":{"uv":[4,13,3.66667,14.33333],"texture":"#1"}}},{"from":[4,7.48301,3],"to":[12,10.48301,4],"rotation":{"angle":0,"axis":"y","origin":[11,4.48301,-3]},"faces":{"north":{"uv":[6.66667,4.66667,9.33333,5.66667],"texture":"#1"},"south":{"uv":[8.33333,6,11,7],"texture":"#1"},"down":{"uv":[14.33333,7.33333,11.66667,7.66667],"texture":"#1"}}},{"from":[11.75,1.98301,7.25],"to":[13.25,3.98301,9.25],"rotation":{"angle":-45,"axis":"x","origin":[12,1.98301,7.25]},"faces":{"north":{"uv":[13.33333,3.33333,13.83333,4],"texture":"#1"},"east":{"uv":[7.33333,10.66667,8,11.33333],"texture":"#1"},"south":{"uv":[13.33333,4.33333,13.83333,5],"texture":"#1"},"west":{"uv":[13,1.33333,13.66667,2],"texture":"#1"},"up":{"uv":[8.83333,14,8.33333,13.33333],"texture":"#1"},"down":{"uv":[9.83333,13.33333,9.33333,14],"texture":"#1"}}},{"from":[6.25,11.48301,3.5085],"to":[9.75,12.98301,12.4915],"rotation":{"angle":0,"axis":"y","origin":[7,10.48301,2.0085]},"faces":{"north":{"uv":[12.66667,11.33333,13.83333,11.83333],"texture":"#1"},"south":{"uv":[12,12.66667,13.16667,13.16667],"texture":"#1"},"up":{"uv":[3.83333,10.33333,2.66667,7.33333],"texture":"#1"}}},{"from":[9,10.42235,3.5],"to":[11.25,12.67235,12.5],"rotation":{"angle":-45,"axis":"z","origin":[9.75,11.92235,8]},"faces":{"north":{"uv":[7,11.66667,7.83333,12.5],"texture":"#1"},"south":{"uv":[8.33333,12,9.16667,12.83333],"texture":"#1"},"west":{"uv":[8.33333,7.33333,11.33333,8.16667],"texture":"#1"},"up":{"uv":[9.16667,11.66667,8.33333,8.66667],"texture":"#1"}}},{"from":[4.75,10.42235,3.5],"to":[7,12.67235,12.5],"rotation":{"angle":45,"axis":"z","origin":[6.25,11.92235,8]},"faces":{"north":{"uv":[9.66667,12,10.5,12.83333],"texture":"#1"},"east":{"uv":[9,0,12,0.83333],"texture":"#1"},"south":{"uv":[12.33333,0,13.16667,0.83333],"texture":"#1"},"up":{"uv":[9.83333,4.33333,9,1.33333],"texture":"#1"}}},{"from":[8,7.98301,0],"to":[13,10.98301,5],"rotation":{"angle":-45,"axis":"y","origin":[8,7.98301,0]},"faces":{"north":{"uv":[0,9.33333,1.66667,10.33333],"texture":"#1"},"west":{"uv":[4.33333,9.33333,6,10.33333],"texture":"#1"},"up":{"uv":[6,9,4.33333,7.33333],"texture":"#1"},"down":{"uv":[8,7.33333,6.33333,9],"texture":"#1"}}},{"from":[10.75,5.48301,7.25],"to":[13.75,8.48301,11.75],"rotation":{"angle":22.5,"axis":"y","origin":[13.75,5.48301,6.75]},"faces":{"north":{"uv":[11.33333,11.33333,12.33333,12.33333],"texture":"#1"},"east":{"uv":[10.33333,3.33333,11.83333,4.33333],"texture":"#1"},"south":{"uv":[11.66667,1.33333,12.66667,2.33333],"texture":"#1"},"up":{"uv":[1,12.16667,0,10.66667],"texture":"#1"},"down":{"uv":[2.33333,10.66667,1.33333,12.16667],"texture":"#1"}}},{"from":[12.25,5.48301,9.25],"to":[12.28,10.48301,15.75],"rotation":{"angle":22.5,"axis":"y","origin":[13.75,5.48301,6.75]},"faces":{"east":{"uv":[0,7.33333,2.16667,9],"texture":"#1"},"west":{"uv":[2.16667,7.33333,0,9],"texture":"#1"}}},{"from":[11.60693,10.98301,2.96245],"to":[11.63693,13.98301,15.46245],"rotation":{"angle":-45,"axis":"z","origin":[12.18193,13.98301,9.71245]},"faces":{"east":{"uv":[7.83333,6,3.66667,7],"texture":"#1"},"west":{"uv":[3.66667,6,7.83333,7],"texture":"#1"}}},{"from":[8,10.48301,2.03553],"to":[10,12.48301,2.53553],"rotation":{"angle":45,"axis":"z","origin":[8,10.48301,2.03553]},"faces":{"north":{"uv":[4.33333,13,5,13.66667],"texture":"#1"},"east":{"uv":[13.66667,8,13.83333,8.66667],"texture":"#1"},"west":{"uv":[13.66667,9,13.83333,9.66667],"texture":"#1"},"up":{"uv":[14,5.5,13.33333,5.33333],"texture":"#1"},"down":{"uv":[12.66667,13.66667,12,13.83333],"texture":"#1"}}},{"from":[7.5,9.98301,2.53553],"to":[10.5,12.98301,7.53553],"rotation":{"angle":45,"axis":"z","origin":[8,10.48301,2.03553]},"faces":{"north":{"uv":[2.66667,11.66667,3.66667,12.66667],"texture":"#1"},"east":{"uv":[6.33333,9.33333,8,10.33333],"texture":"#1"},"south":{"uv":[4,11.66667,5,12.66667],"texture":"#1"},"west":{"uv":[9.66667,4.66667,11.33333,5.66667],"texture":"#1"},"up":{"uv":[10.66667,10.33333,9.66667,8.66667],"texture":"#1"},"down":{"uv":[11.33333,1.33333,10.33333,3],"texture":"#1"}}},{"from":[10.5,7.98301,2.75],"to":[12.5,10.98301,2.78],"rotation":{"angle":0,"axis":"y","origin":[10.5,7.98301,2.75]},"faces":{"north":{"uv":[6,12.66667,6.66667,13.66667],"texture":"#1"},"south":{"uv":[6.66667,12.66667,6,13.66667],"texture":"#1"}}},{"from":[12.42388,7.98301,3.13268],"to":[14.42388,10.98301,3.16268],"rotation":{"angle":-22.5,"axis":"y","origin":[13.42388,9.48301,3.13268]},"faces":{"north":{"uv":[12.66667,8,13.33333,9],"texture":"#1"},"south":{"uv":[13.33333,8,12.66667,9],"texture":"#1"}}},{"from":[13.93736,7.98301,3.60296],"to":[13.96736,10.98301,5.60296],"rotation":{"angle":22.5,"axis":"y","origin":[13.93736,9.48301,2.60296]},"faces":{"east":{"uv":[11,12.66667,11.66667,13.66667],"texture":"#1"},"west":{"uv":[11.66667,12.66667,11,13.66667],"texture":"#1"}}},{"from":[3.5,7.98301,2.75],"to":[5.5,10.98301,2.78],"rotation":{"angle":0,"axis":"y","origin":[5.5,7.98301,2.75]},"faces":{"north":{"uv":[6.66667,12.66667,6,13.66667],"texture":"#1"},"south":{"uv":[6,12.66667,6.66667,13.66667],"texture":"#1"}}},{"from":[1.57612,7.98301,3.13268],"to":[3.57612,10.98301,3.16268],"rotation":{"angle":22.5,"axis":"y","origin":[2.57612,9.48301,3.13268]},"faces":{"north":{"uv":[13.33333,8,12.66667,9],"texture":"#1"},"south":{"uv":[12.66667,8,13.33333,9],"texture":"#1"}}},{"from":[2.03264,7.98301,3.60296],"to":[2.06264,10.98301,5.60296],"rotation":{"angle":-22.5,"axis":"y","origin":[2.06264,9.48301,2.60296]},"faces":{"east":{"uv":[11,12.66667,11.66667,13.66667],"texture":"#1"},"west":{"uv":[11.66667,12.66667,11,13.66667],"texture":"#1"}}},{"from":[4,1.50675,3.59201],"to":[6,4.50675,4.59201],"rotation":{"angle":-22.5,"axis":"x","origin":[8,2.50675,4.84201]},"faces":{"north":{"uv":[13,3.33333,12.33333,4.33333],"texture":"#1"},"east":{"uv":[7.33333,13,7,14],"texture":"#1"},"south":{"uv":[1.33333,12.66667,0.66667,13.66667],"texture":"#1"},"west":{"uv":[2.33333,9.33333,2,10.33333],"texture":"#1"},"up":{"uv":[11.66667,8.33333,12.33333,8],"texture":"#1"},"down":{"uv":[12.66667,9.33333,13.33333,9.66667],"texture":"#1"}}},{"from":[3,1.50675,3.59201],"to":[4,3.50675,7.59201],"rotation":{"angle":-22.5,"axis":"x","origin":[8,2.50675,4.84201]},"faces":{"north":{"uv":[10.66667,13.33333,10.33333,14],"texture":"#1"},"east":{"uv":[6.66667,11.66667,5.33333,12.33333],"texture":"#1"},"west":{"uv":[13,4.66667,11.66667,5.33333],"texture":"#1"},"up":{"uv":[2.33333,14.33333,2.66667,13],"texture":"#1"},"down":{"uv":[3,13,3.33333,14.33333],"texture":"#1"}}},{"from":[2.75,1.98301,7.25],"to":[4.25,3.98301,9.25],"rotation":{"angle":-45,"axis":"x","origin":[4,1.98301,7.25]},"faces":{"north":{"uv":[13.83333,3.33333,13.33333,4],"texture":"#1"},"east":{"uv":[13.66667,1.33333,13,2],"texture":"#1"},"south":{"uv":[13.83333,4.33333,13.33333,5],"texture":"#1"},"west":{"uv":[8,10.66667,7.33333,11.33333],"texture":"#1"},"up":{"uv":[8.33333,14,8.83333,13.33333],"texture":"#1"},"down":{"uv":[9.33333,13.33333,9.83333,14],"texture":"#1"}}},{"from":[3,2.48301,7],"to":[4,4.48301,13],"rotation":{"angle":0,"axis":"y","origin":[4,2.48301,9]},"faces":{"east":{"uv":[7,10.66667,5,11.33333],"texture":"#1"},"south":{"uv":[14,0,13.66667,0.66667],"texture":"#1"},"west":{"uv":[4.66667,10.66667,2.66667,11.33333],"texture":"#1"},"down":{"uv":[0,12.66667,0.33333,14.66667],"texture":"#1"}}},{"from":[3,4.48301,7],"to":[4,10.48301,13],"rotation":{"angle":0,"axis":"y","origin":[4,4.48301,3]},"faces":{"north":{"uv":[2,12.66667,1.66667,14.66667],"texture":"#1"},"east":{"uv":[8.66667,2.33333,6.66667,4.33333],"texture":"#1"},"south":{"uv":[5.66667,12.66667,5.33333,14.66667],"texture":"#1"},"west":{"uv":[8.66667,0,6.66667,2],"texture":"#1"}}},{"from":[3,7.48301,3],"to":[4,10.48301,7],"rotation":{"angle":0,"axis":"y","origin":[4,4.48301,-3]},"faces":{"north":{"uv":[8,13,7.66667,14],"texture":"#1"},"east":{"uv":[12.33333,8.66667,11,9.66667],"texture":"#1"},"west":{"uv":[11,10.66667,9.66667,11.66667],"texture":"#1"},"down":{"uv":[3.66667,13,4,14.33333],"texture":"#1"}}},{"from":[3.72,5.48301,9.25],"to":[3.75,10.48301,15.75],"rotation":{"angle":-22.5,"axis":"y","origin":[2.25,5.48301,6.75]},"faces":{"east":{"uv":[0,7.33333,2.16667,9],"texture":"#1"},"west":{"uv":[2.16667,7.33333,0,9],"texture":"#1"}}},{"from":[2.25,5.48301,7.25],"to":[5.25,8.48301,11.75],"rotation":{"angle":-22.5,"axis":"y","origin":[2.25,5.48301,6.75]},"faces":{"north":{"uv":[12.33333,11.33333,11.33333,12.33333],"texture":"#1"},"south":{"uv":[12.66667,1.33333,11.66667,2.33333],"texture":"#1"},"west":{"uv":[11.83333,3.33333,10.33333,4.33333],"texture":"#1"},"up":{"uv":[0,12.16667,1,10.66667],"texture":"#1"},"down":{"uv":[1.33333,10.66667,2.33333,12.16667],"texture":"#1"}}},{"from":[4.36307,10.98301,2.96245],"to":[4.39307,13.98301,15.46245],"rotation":{"angle":45,"axis":"z","origin":[3.81807,13.98301,9.71245]},"faces":{"east":{"uv":[7.83333,6,3.66667,7],"texture":"#1"},"west":{"uv":[3.66667,6,7.83333,7],"texture":"#1"}}},{"from":[11,0.5,2.5],"to":[17,4.5,2.53],"rotation":{"angle":-22.5,"axis":"x","origin":[14,2,-0.75]},"faces":{"north":{"uv":[0,8,6,12],"texture":"#2"},"south":{"uv":[6,8,0,12],"texture":"#2"}}},{"from":[11,5.55342,1.2959],"to":[17,9.55342,1.3259],"rotation":{"angle":0,"axis":"x","origin":[14,7.55342,1.2959]},"faces":{"north":{"uv":[0,4,6,8],"texture":"#2"},"south":{"uv":[6,4,0,8],"texture":"#2"}}},{"from":[8.5,9.39544,2.06012],"to":[17,13.39544,2.09012],"rotation":{"angle":22.5,"axis":"x","origin":[8,11.39544,2.07512]},"faces":{"north":{"uv":[0,0,8.5,4],"texture":"#2"},"south":{"uv":[8.5,0,0,4],"texture":"#2"}}},{"from":[-1,9.39544,2.06012],"to":[7.5,13.39544,2.09012],"rotation":{"angle":22.5,"axis":"x","origin":[8,11.39544,2.07512]},"faces":{"north":{"uv":[8.5,0,0,4],"texture":"#2"},"south":{"uv":[0,0,8.5,4],"texture":"#2"}}},{"from":[-1,5.55342,1.2959],"to":[5,9.55342,1.3259],"rotation":{"angle":0,"axis":"x","origin":[2,7.55342,1.2959]},"faces":{"north":{"uv":[6,4,0,8],"texture":"#2"},"south":{"uv":[0,4,6,8],"texture":"#2"}}},{"from":[-1,0.5,2.5],"to":[5,4.5,2.53],"rotation":{"angle":-22.5,"axis":"x","origin":[2,2,-0.75]},"faces":{"north":{"uv":[6,8,0,12],"texture":"#2"},"south":{"uv":[0,8,6,12],"texture":"#2"}}}],"gui_light":"front","display":{"thirdperson_righthand":{"rotation":[67,0,0],"translation":[0,4.25,2.25],"scale":[0.7,0.7,0.7]},"thirdperson_lefthand":{"rotation":[67,0,0],"translation":[0,4.25,2.25],"scale":[0.7,0.7,0.7]},"firstperson_righthand":{"rotation":[-30,180,0],"translation":[0.75,4.75,0],"scale":[0.8,0.8,0.8]},"firstperson_lefthand":{"rotation":[-30,180,0],"translation":[0.75,4.75,0],"scale":[0.8,0.8,0.8]},"ground":{"translation":[0,5,0]},"gui":{"rotation":[0,180,0],"translation":[0,0.75,0],"scale":[1.13,1.13,1.13]},"head":{"translation":[0,1.75,0],"scale":[1.6,1.6,1.6]},"fixed":{"rotation":[-90,0,0],"translation":[0,0,-13],"scale":[2,2,2]}},"groups":[{"name":"helmet","origin":[3.81807,11.5,9.71245],"color":0,"children":[0,1,2,3,4,5,6,7,8,9,10,11,12,13,14,15,16,17,18,19,20,21,22,23,24,25,26,27,28,29,30,31,32,33,34,35,36,37,38]}],"mcmodels":"8af83585e56d31a6f12bcd24bcfde830"}