{"credit":"Pologony Creation Co.,Ltd.","texture_size":[36,36],"textures":{"2":"item/crates/necromancer/animated/animated_2","4":"item/crates/necromancer/key","particle":"item/crates/necromancer/animated/animated_1"},"elements":[{"from":[7.7535,6.22873,3.72377],"to":[8.2465,8.47873,4.97377],"rotation":{"angle":22.5,"axis":"x","origin":[8,8,8]},"faces":{"north":{"uv":[11.77778,12,11.55556,13],"rotation":180,"texture":"#4"},"east":{"uv":[6.66667,7.11111,7.66667,7.66667],"rotation":270,"texture":"#4"},"south":{"uv":[0.22222,13,0,12],"texture":"#4"},"west":{"uv":[7.55556,0,8.55556,0.55556],"rotation":90,"texture":"#4"},"down":{"uv":[13.33333,1.77778,13.55556,2.33333],"texture":"#4"}}},{"from":[7.25,9.52266,4.97734],"to":[8.75,11.02266,6.47734],"rotation":{"angle":-45,"axis":"x","origin":[8,8,8]},"faces":{"north":{"uv":[4.66667,9.77778,4,10.44444],"rotation":180,"texture":"#4"},"east":{"uv":[9.33333,7.55556,10,8.22222],"rotation":270,"texture":"#4"},"south":{"uv":[3.33333,10.44444,2.66667,9.77778],"texture":"#4"},"west":{"uv":[1.33333,9.77778,2,10.44444],"rotation":90,"texture":"#4"},"up":{"uv":[9.33333,6.22222,10,6.88889],"rotation":180,"texture":"#4"},"down":{"uv":[9.33333,8.88889,10,9.55556],"texture":"#4"}}},{"from":[7.25,7.25,5.47532],"to":[8.75,8.75,5.97532],"rotation":{"angle":-45,"axis":"z","origin":[8,8,8]},"faces":{"north":{"uv":[10.88889,1.33333,10.22222,2],"rotation":180,"texture":"#4"},"east":{"uv":[12.44444,5.77778,13.11111,6],"rotation":270,"texture":"#4"},"south":{"uv":[8.66667,10.44444,8,9.77778],"texture":"#4"},"west":{"uv":[12.44444,10.22222,13.11111,10.44444],"rotation":90,"texture":"#4"},"up":{"uv":[12.44444,4.88889,13.11111,5.11111],"rotation":180,"texture":"#4"},"down":{"uv":[12.44444,9.33333,13.11111,9.55556],"texture":"#4"}}},{"from":[7.25,7.25,6.47532],"to":[8.75,8.75,6.97532],"rotation":{"angle":-45,"axis":"z","origin":[8,8,8]},"faces":{"north":{"uv":[10.88889,4,10.22222,4.66667],"rotation":180,"texture":"#4"},"east":{"uv":[12.44444,12,13.11111,12.22222],"rotation":270,"texture":"#4"},"south":{"uv":[10.88889,3.33333,10.22222,2.66667],"texture":"#4"},"west":{"uv":[4,12.88889,4.66667,13.11111],"rotation":90,"texture":"#4"},"up":{"uv":[12.44444,11.11111,13.11111,11.33333],"rotation":180,"texture":"#4"},"down":{"uv":[0.88889,12.88889,1.55556,13.11111],"texture":"#4"}}},{"from":[7.375,7.375,5.97532],"to":[8.625,8.625,6.47532],"rotation":{"angle":-45,"axis":"z","origin":[8,8,8]},"faces":{"east":{"uv":[13.33333,4,13.88889,4.22222],"rotation":270,"texture":"#4"},"west":{"uv":[1.33333,13.77778,1.88889,14],"rotation":90,"texture":"#4"},"up":{"uv":[13.33333,3.11111,13.88889,3.33333],"rotation":180,"texture":"#4"},"down":{"uv":[0,13.77778,0.55556,14],"texture":"#4"}}},{"from":[7.25,7.25,9.47532],"to":[8.75,8.75,9.97532],"rotation":{"angle":-45,"axis":"z","origin":[8,8,8]},"faces":{"north":{"uv":[7.33333,10.22222,6.66667,10.88889],"rotation":180,"texture":"#4"},"east":{"uv":[6.66667,12.88889,7.33333,13.11111],"rotation":270,"texture":"#4"},"south":{"uv":[6,10.88889,5.33333,10.22222],"texture":"#4"},"west":{"uv":[12.88889,7.55556,13.55556,7.77778],"rotation":90,"texture":"#4"},"up":{"uv":[5.33333,12.88889,6,13.11111],"rotation":180,"texture":"#4"},"down":{"uv":[12.88889,6.66667,13.55556,6.88889],"texture":"#4"}}},{"from":[7.375,7.375,9.97532],"to":[8.625,8.625,10.47532],"rotation":{"angle":-45,"axis":"z","origin":[8,8,8]},"faces":{"east":{"uv":[13.77778,4.88889,14.33333,5.11111],"rotation":270,"texture":"#4"},"west":{"uv":[13.77778,5.77778,14.33333,6],"rotation":90,"texture":"#4"},"up":{"uv":[4,13.77778,4.55556,14],"rotation":180,"texture":"#4"},"down":{"uv":[5.33333,13.77778,5.88889,14],"texture":"#4"}}},{"from":[7.25,7.25,10.47532],"to":[8.75,8.75,10.97532],"rotation":{"angle":-45,"axis":"z","origin":[8,8,8]},"faces":{"north":{"uv":[0.66667,10.66667,0,11.33333],"rotation":180,"texture":"#4"},"east":{"uv":[12.88889,8.44444,13.55556,8.66667],"rotation":270,"texture":"#4"},"south":{"uv":[10,10.88889,9.33333,10.22222],"texture":"#4"},"west":{"uv":[12.44444,12.88889,13.11111,13.11111],"rotation":90,"texture":"#4"},"up":{"uv":[8,12.88889,8.66667,13.11111],"rotation":180,"texture":"#4"},"down":{"uv":[9.33333,12.88889,10,13.11111],"texture":"#4"}}},{"from":[7.5,7.5,6.97532],"to":[8.5,8.5,9.47532],"rotation":{"angle":-45,"axis":"z","origin":[8,8,8]},"faces":{"east":{"uv":[6.22222,8.44444,6.66667,9.55556],"rotation":270,"texture":"#4"},"west":{"uv":[7.11111,8.44444,7.55556,9.55556],"rotation":90,"texture":"#4"},"up":{"uv":[5.33333,8.44444,5.77778,9.55556],"rotation":180,"texture":"#4"},"down":{"uv":[8.44444,6.22222,8.88889,7.33333],"texture":"#4"}}},{"from":[7.625,10.19057,4.1741],"to":[8.375,11.19057,6.4241],"rotation":{"angle":-22.5,"axis":"x","origin":[8,8,8]},"faces":{"north":{"uv":[2.55556,12.88889,2.22222,13.33333],"rotation":180,"texture":"#4"},"east":{"uv":[10.66667,5.33333,11.11111,6.33333],"rotation":270,"texture":"#4"},"south":{"uv":[11,12.88889,10.66667,12.44444],"texture":"#4"},"west":{"uv":[10.66667,7.11111,11.11111,8.11111],"rotation":90,"texture":"#4"},"up":{"uv":[4.44444,11.11111,4.77778,12.11111],"rotation":180,"texture":"#4"},"down":{"uv":[8,11.11111,8.33333,12.11111],"texture":"#4"}}},{"from":[7,6.5,10.97532],"to":[9,9.5,12.47532],"rotation":{"angle":0,"axis":"y","origin":[8,8,8]},"faces":{"north":{"uv":[7.11111,1.77778,6.22222,3.11111],"rotation":180,"texture":"#4"},"east":{"uv":[1.77778,7.11111,3.11111,7.77778],"rotation":270,"texture":"#4"},"south":{"uv":[7.11111,1.33333,6.22222,0],"texture":"#4"},"west":{"uv":[3.55556,7.11111,4.88889,7.77778],"rotation":90,"texture":"#4"}}},{"from":[6.9975,5.89613,10.97519],"to":[9.0025,7.39613,12.22519],"rotation":{"angle":-45,"axis":"x","origin":[8,8,8]},"faces":{"north":{"uv":[8,5.33333,7.11111,6],"rotation":180,"texture":"#4"},"east":{"uv":[10.66667,0,11.33333,0.55556],"rotation":270,"texture":"#4"},"south":{"uv":[6.22222,7.77778,5.33333,7.11111],"texture":"#4"},"west":{"uv":[3.11111,11.11111,3.77778,11.66667],"rotation":90,"texture":"#4"},"up":{"uv":[8,8.44444,8.88889,9],"rotation":180,"texture":"#4"},"down":{"uv":[8.88889,1.33333,9.77778,1.88889],"texture":"#4"}}},{"from":[6.9975,6.14613,12.22519],"to":[9.0025,7.39613,13.47519],"rotation":{"angle":-45,"axis":"x","origin":[8,8,8]},"faces":{"east":{"uv":[5.33333,11.55556,5.88889,12.11111],"rotation":270,"texture":"#4"},"south":{"uv":[10.22222,0.55556,9.33333,0],"texture":"#4"},"west":{"uv":[6.66667,11.55556,7.22222,12.11111],"rotation":90,"texture":"#4"},"up":{"uv":[8.88889,2.66667,9.77778,3.22222],"rotation":180,"texture":"#4"},"down":{"uv":[0,9.33333,0.88889,9.88889],"texture":"#4"}}},{"from":[7.3725,8.92678,14.25565],"to":[8.6275,11.17678,15.00565],"rotation":{"angle":0,"axis":"y","origin":[8,8,8]},"faces":{"north":{"uv":[8.11111,3.11111,7.55556,4.11111],"rotation":180,"texture":"#4"},"east":{"uv":[11.55556,1.33333,12.55556,1.66667],"rotation":270,"texture":"#4"},"south":{"uv":[8.11111,2.33333,7.55556,1.33333],"texture":"#4"},"west":{"uv":[11.55556,2.22222,12.55556,2.55556],"rotation":90,"texture":"#4"},"up":{"uv":[8.88889,4,9.44444,4.33333],"rotation":180,"texture":"#4"},"down":{"uv":[12,0,12.55556,0.33333],"texture":"#4"}}},{"from":[7.4975,5.64613,12.72519],"to":[8.5025,7.89613,13.97519],"rotation":{"angle":-45,"axis":"x","origin":[8,8,8]},"faces":{"north":{"uv":[11.11111,10.66667,10.66667,11.66667],"rotation":180,"texture":"#4"},"east":{"uv":[0,8,1,8.55556],"rotation":270,"texture":"#4"},"south":{"uv":[11.11111,9.88889,10.66667,8.88889],"texture":"#4"},"west":{"uv":[1.77778,8.44444,2.77778,9],"rotation":90,"texture":"#4"},"up":{"uv":[8.88889,11.55556,9.33333,12.11111],"rotation":180,"texture":"#4"}}},{"from":[7.495,9.67678,13.00565],"to":[8.505,10.92678,14.25565],"rotation":{"angle":0,"axis":"y","origin":[8,8,8]},"faces":{"north":{"uv":[12,10.66667,11.55556,11.22222],"rotation":180,"texture":"#4"},"east":{"uv":[11.55556,6.66667,12.11111,7.22222],"rotation":270,"texture":"#4"},"west":{"uv":[11.55556,8,12.11111,8.55556],"rotation":90,"texture":"#4"},"up":{"uv":[11.55556,9.33333,12,9.88889],"rotation":180,"texture":"#4"},"down":{"uv":[9.77778,11.55556,10.22222,12.11111],"texture":"#4"}}},{"from":[7.625,4.80943,4.1741],"to":[8.375,5.80943,6.4241],"rotation":{"angle":22.5,"axis":"x","origin":[8,8,8]},"faces":{"north":{"uv":[13.66667,0.88889,13.33333,1.33333],"rotation":180,"texture":"#4"},"east":{"uv":[1.33333,11.11111,1.77778,12.11111],"rotation":270,"texture":"#4"},"south":{"uv":[13.66667,0.44444,13.33333,0],"texture":"#4"},"west":{"uv":[2.22222,11.11111,2.66667,12.11111],"rotation":90,"texture":"#4"},"up":{"uv":[11.55556,3.11111,11.88889,4.11111],"rotation":180,"texture":"#4"},"down":{"uv":[11.55556,4.88889,11.88889,5.88889],"texture":"#4"}}},{"from":[7.75,7.52127,3.72377],"to":[8.25,9.77127,4.97377],"rotation":{"angle":-22.5,"axis":"x","origin":[8,8,8]},"faces":{"north":{"uv":[12.66667,3.11111,12.44444,4.11111],"rotation":180,"texture":"#4"},"east":{"uv":[3.55556,8.44444,4.55556,9],"rotation":270,"texture":"#4"},"south":{"uv":[3.33333,13.44444,3.11111,12.44444],"texture":"#4"},"west":{"uv":[8.44444,4.88889,9.44444,5.44444],"rotation":90,"texture":"#4"},"up":{"uv":[10.66667,13.33333,10.88889,13.88889],"rotation":180,"texture":"#4"}}},{"from":[7.985,5.875,-0.88065],"to":[8.015,10.125,3.61935],"rotation":{"angle":0,"axis":"x","origin":[8,8,8]},"faces":{"east":{"uv":[1.88889,0,0,2],"rotation":270,"texture":"#4"},"west":{"uv":[0,0,1.88889,2],"rotation":90,"texture":"#4"}}},{"from":[7.985,10.92678,12.00565],"to":[8.015,14.92678,14.25565],"rotation":{"angle":0,"axis":"y","origin":[8,8,8]},"faces":{"east":{"uv":[1.77778,2.66667,0,3.66667],"rotation":270,"texture":"#4"},"west":{"uv":[0,2.66667,1.77778,3.66667],"rotation":90,"texture":"#4"}}},{"from":[7.3725,4.82322,14.25565],"to":[8.6275,7.07322,15.00565],"rotation":{"angle":0,"axis":"y","origin":[8,8,8]},"faces":{"north":{"uv":[8.11111,4.11111,7.55556,3.11111],"rotation":180,"texture":"#4"},"east":{"uv":[12.55556,1.33333,11.55556,1.66667],"rotation":270,"texture":"#4"},"south":{"uv":[8.11111,1.33333,7.55556,2.33333],"texture":"#4"},"west":{"uv":[12.55556,2.22222,11.55556,2.55556],"rotation":90,"texture":"#4"},"up":{"uv":[12.55556,0,12,0.33333],"rotation":180,"texture":"#4"},"down":{"uv":[9.44444,4,8.88889,4.33333],"texture":"#4"}}},{"from":[7.495,5.07322,13.00565],"to":[8.505,6.32322,14.25565],"rotation":{"angle":0,"axis":"y","origin":[8,8,8]},"faces":{"north":{"uv":[12,11.22222,11.55556,10.66667],"rotation":180,"texture":"#4"},"east":{"uv":[12.11111,6.66667,11.55556,7.22222],"rotation":270,"texture":"#4"},"west":{"uv":[12.11111,8,11.55556,8.55556],"rotation":90,"texture":"#4"},"up":{"uv":[10.22222,11.55556,9.77778,12.11111],"rotation":180,"texture":"#4"},"down":{"uv":[12,9.33333,11.55556,9.88889],"texture":"#4"}}},{"from":[7.4975,8.10387,12.72519],"to":[8.5025,10.35387,13.97519],"rotation":{"angle":45,"axis":"x","origin":[8,8,8]},"faces":{"north":{"uv":[11.11111,11.66667,10.66667,10.66667],"rotation":180,"texture":"#4"},"east":{"uv":[1,8,0,8.55556],"rotation":270,"texture":"#4"},"south":{"uv":[11.11111,8.88889,10.66667,9.88889],"texture":"#4"},"west":{"uv":[2.77778,8.44444,1.77778,9],"rotation":90,"texture":"#4"},"down":{"uv":[9.33333,11.55556,8.88889,12.11111],"texture":"#4"}}},{"from":[6.9975,8.60387,12.22519],"to":[9.0025,9.85387,13.47519],"rotation":{"angle":45,"axis":"x","origin":[8,8,8]},"faces":{"east":{"uv":[5.88889,11.55556,5.33333,12.11111],"rotation":270,"texture":"#4"},"south":{"uv":[10.22222,0,9.33333,0.55556],"texture":"#4"},"west":{"uv":[7.22222,11.55556,6.66667,12.11111],"rotation":90,"texture":"#4"},"up":{"uv":[0.88889,9.33333,0,9.88889],"rotation":180,"texture":"#4"},"down":{"uv":[9.77778,2.66667,8.88889,3.22222],"texture":"#4"}}},{"from":[6.9975,8.60387,10.97519],"to":[9.0025,10.10387,12.22519],"rotation":{"angle":45,"axis":"x","origin":[8,8,8]},"faces":{"north":{"uv":[8,6,7.11111,5.33333],"rotation":180,"texture":"#4"},"east":{"uv":[11.33333,0,10.66667,0.55556],"rotation":270,"texture":"#4"},"south":{"uv":[6.22222,7.11111,5.33333,7.77778],"texture":"#4"},"west":{"uv":[3.77778,11.11111,3.11111,11.66667],"rotation":90,"texture":"#4"},"up":{"uv":[9.77778,1.33333,8.88889,1.88889],"rotation":180,"texture":"#4"},"down":{"uv":[8.88889,8.44444,8,9],"texture":"#4"}}},{"from":[7.985,1.07322,12.00565],"to":[8.015,5.07322,14.25565],"rotation":{"angle":0,"axis":"y","origin":[8,8,8]},"faces":{"east":{"uv":[0,2.66667,1.77778,3.66667],"rotation":270,"texture":"#4"},"west":{"uv":[1.77778,2.66667,0,3.66667],"rotation":90,"texture":"#4"}}},{"from":[7.3009,8.27715,-0.27468],"to":[7.3309,10.77715,4.72532],"rotation":{"angle":22.5,"axis":"z","origin":[8,8,8]},"faces":{"east":{"uv":[5,0,0,10],"rotation":270,"texture":"#2"},"west":{"uv":[0,0,5,10],"rotation":90,"texture":"#2"}}},{"from":[7.3009,5.22285,-0.27468],"to":[7.3309,7.72285,4.72532],"rotation":{"angle":-22.5,"axis":"z","origin":[8,8,8]},"faces":{"east":{"uv":[0,0,5,10],"rotation":270,"texture":"#2"},"west":{"uv":[5,0,0,10],"rotation":90,"texture":"#2"}}},{"from":[8.6691,8.27715,-0.27468],"to":[8.6991,10.77715,4.72532],"rotation":{"angle":-22.5,"axis":"z","origin":[8,8,8]},"faces":{"east":{"uv":[5,0,0,10],"rotation":270,"texture":"#2"},"west":{"uv":[0,0,5,10],"rotation":90,"texture":"#2"}}},{"from":[8.6691,5.22285,-0.27468],"to":[8.6991,7.72285,4.72532],"rotation":{"angle":22.5,"axis":"z","origin":[8,8,8]},"faces":{"east":{"uv":[0,0,5,10],"rotation":270,"texture":"#2"},"west":{"uv":[5,0,0,10],"rotation":90,"texture":"#2"}}},{"from":[6.75,2.54258,10.45742],"to":[9.25,5.54258,13.45742],"rotation":{"angle":-45,"axis":"x","origin":[8,8,8]},"faces":{"north":{"uv":[5.55556,0,4.44444,1.33333],"rotation":180,"texture":"#4"},"east":{"uv":[2.66667,0,4,1.33333],"rotation":270,"texture":"#4"},"south":{"uv":[1.11111,5.77778,0,4.44444],"texture":"#4"},"west":{"uv":[2.66667,1.77778,4,3.11111],"rotation":90,"texture":"#4"},"up":{"uv":[2.22222,3.55556,3.33333,4.88889],"rotation":180,"texture":"#4"},"down":{"uv":[4,3.55556,5.11111,4.88889],"texture":"#4"}}},{"from":[6.5,2.79258,10.70742],"to":[9.5,5.29258,13.20742],"rotation":{"angle":-45,"axis":"x","origin":[8,8,8]},"faces":{"north":{"uv":[6.66667,5.33333,5.33333,6.44444],"rotation":180,"texture":"#4"},"east":{"uv":[5.77778,3.55556,6.88889,4.66667],"rotation":270,"texture":"#4"},"south":{"uv":[4.88889,6.44444,3.55556,5.33333],"texture":"#4"},"west":{"uv":[0,6.22222,1.11111,7.33333],"rotation":90,"texture":"#4"},"up":{"uv":[4.44444,1.77778,5.77778,2.88889],"rotation":180,"texture":"#4"},"down":{"uv":[1.77778,5.33333,3.11111,6.44444],"texture":"#4"}}}],"gui_light":"front","display":{"thirdperson_righthand":{"rotation":[91,0,0],"translation":[-0.5,6.25,1]},"thirdperson_lefthand":{"rotation":[91,0,0],"translation":[-0.5,6.25,1]},"firstperson_righthand":{"rotation":[68.25,0,-21],"translation":[2.5,4.75,1],"scale":[0.8,0.8,0.8]},"firstperson_lefthand":{"rotation":[68.25,0,-21],"translation":[2.5,4.75,1],"scale":[0.8,0.8,0.8]},"ground":{"rotation":[45,0,0],"translation":[0,5,0],"scale":[0.7,0.7,0.7]},"gui":{"rotation":[-90,135,90],"translation":[-1,1,0]},"head":{"rotation":[0,-90,0]},"fixed":{"rotation":[0,-90,0],"translation":[0,0,-1.75],"scale":[2,2,2]}},"groups":[{"name":"key","origin":[7.985,0.03033,16.17678],"color":0,"children":[0,1,2,3,4,5,6,7,8,9,10,11,12,13,14,15,16,17,18,19,20,21,22,23,24,25,26,27,28,29,30,31]}],"mcmodels":"8af83585e56d31a6f12bcd24bcfde830"}