{
	"format_version": "1.21.6",
	"credit": "Pologony Creation Co.,Ltd.",
	"texture_size": [8, 8],
	"textures": {
		"2": "item/crates/necromancer/animated/animated_2",
		"5": "item/crates/necromancer/mace",
		"6": "item/crates/necromancer/animated/animated_6"
	},
	"elements": [
		{
			"from": [7.7535, 0.3125, 6.03173],
			"to": [8.2465, 1.5625, 8.28173],
			"rotation": {"angle": 22.5, "axis": "x", "origin": [8.0035, 0.8125, 7.09423]},
			"faces": {
				"east": {"uv": [5.66667, 7.33333, 6.41667, 7.75], "texture": "#5"},
				"south": {"uv": [9, 11.33333, 9.16667, 11.75], "texture": "#5"},
				"west": {"uv": [7.33333, 6.33333, 8.08333, 6.75], "texture": "#5"},
				"up": {"uv": [9.83333, 11.41667, 9.66667, 10.66667], "texture": "#5"},
				"down": {"uv": [10.83333, 9.66667, 10.66667, 10.41667], "texture": "#5"}
			}
		},
		{
			"from": [7.25, 0.25, 8],
			"to": [8.75, 1.75, 9.5],
			"rotation": {"angle": -45, "axis": "x", "origin": [7.25, 0.25, 8]},
			"faces": {
				"north": {"uv": [6.66667, 8.66667, 7.16667, 9.16667], "texture": "#5"},
				"east": {"uv": [8.66667, 8.33333, 9.16667, 8.83333], "texture": "#5"},
				"south": {"uv": [9, 0, 9.5, 0.5], "texture": "#5"},
				"west": {"uv": [3.66667, 9, 4.16667, 9.5], "texture": "#5"},
				"up": {"uv": [9.5, 4.83333, 9, 4.33333], "texture": "#5"},
				"down": {"uv": [1.5, 9.33333, 1, 9.83333], "texture": "#5"}
			}
		},
		{
			"from": [7.75, 2, 7.04289],
			"to": [9.25, 2.5, 8.54289],
			"rotation": {"angle": -45, "axis": "y", "origin": [8, 2, 7.29289]},
			"faces": {
				"north": {"uv": [11.33333, 6, 11.83333, 6.16667], "texture": "#5"},
				"east": {"uv": [11.33333, 6.66667, 11.83333, 6.83333], "texture": "#5"},
				"south": {"uv": [7, 11.33333, 7.5, 11.5], "texture": "#5"},
				"west": {"uv": [8, 11.33333, 8.5, 11.5], "texture": "#5"},
				"up": {"uv": [2.5, 9.83333, 2, 9.33333], "texture": "#5"},
				"down": {"uv": [9.83333, 6.66667, 9.33333, 7.16667], "texture": "#5"}
			}
		},
		{
			"from": [7.75, 3, 7.04289],
			"to": [9.25, 3.5, 8.54289],
			"rotation": {"angle": -45, "axis": "y", "origin": [8, 3, 7.29289]},
			"faces": {
				"north": {"uv": [11.33333, 9.66667, 11.83333, 9.83333], "texture": "#5"},
				"east": {"uv": [11.33333, 10.33333, 11.83333, 10.5], "texture": "#5"},
				"south": {"uv": [0, 11.66667, 0.5, 11.83333], "texture": "#5"},
				"west": {"uv": [11.66667, 0, 12.16667, 0.16667], "texture": "#5"},
				"up": {"uv": [9.16667, 9.83333, 8.66667, 9.33333], "texture": "#5"},
				"down": {"uv": [0.5, 9.66667, 0, 10.16667], "texture": "#5"}
			}
		},
		{
			"from": [7.75, 2.5, 7.21967],
			"to": [9, 3, 8.46967],
			"rotation": {"angle": -45, "axis": "y", "origin": [8, 2.5, 7.46967]},
			"faces": {
				"north": {"uv": [11.66667, 11.66667, 12.08333, 11.83333], "texture": "#5"},
				"east": {"uv": [1, 12, 1.41667, 12.16667], "texture": "#5"},
				"south": {"uv": [3, 12, 3.41667, 12.16667], "texture": "#5"},
				"west": {"uv": [12, 3, 12.41667, 3.16667], "texture": "#5"}
			}
		},
		{
			"from": [7.75, 6, 7.04289],
			"to": [9.25, 6.5, 8.54289],
			"rotation": {"angle": -45, "axis": "y", "origin": [8, 13, 7.29289]},
			"faces": {
				"north": {"uv": [11.66667, 0.66667, 12.16667, 0.83333], "texture": "#5"},
				"east": {"uv": [11.66667, 1.33333, 12.16667, 1.5], "texture": "#5"},
				"south": {"uv": [4, 11.66667, 4.5, 11.83333], "texture": "#5"},
				"west": {"uv": [11.66667, 5, 12.16667, 5.16667], "texture": "#5"},
				"up": {"uv": [10.16667, 1.5, 9.66667, 1], "texture": "#5"},
				"down": {"uv": [10.16667, 2, 9.66667, 2.5], "texture": "#5"}
			}
		},
		{
			"from": [7.75, 6.5, 7.21967],
			"to": [9, 7, 8.46967],
			"rotation": {"angle": -45, "axis": "y", "origin": [8, 13.5, 7.46967]},
			"faces": {
				"north": {"uv": [12, 3.66667, 12.41667, 3.83333], "texture": "#5"},
				"east": {"uv": [12, 4.33333, 12.41667, 4.5], "texture": "#5"},
				"south": {"uv": [5, 12, 5.41667, 12.16667], "texture": "#5"},
				"west": {"uv": [6, 12, 6.41667, 12.16667], "texture": "#5"}
			}
		},
		{
			"from": [7.75, 7, 7.04289],
			"to": [9.25, 7.5, 8.54289],
			"rotation": {"angle": -45, "axis": "y", "origin": [8, 14, 7.29289]},
			"faces": {
				"north": {"uv": [11.66667, 7.33333, 12.16667, 7.5], "texture": "#5"},
				"east": {"uv": [11.66667, 8, 12.16667, 8.16667], "texture": "#5"},
				"south": {"uv": [11.66667, 8.66667, 12.16667, 8.83333], "texture": "#5"},
				"west": {"uv": [11.66667, 11, 12.16667, 11.16667], "texture": "#5"},
				"up": {"uv": [10.16667, 3.5, 9.66667, 3], "texture": "#5"},
				"down": {"uv": [5.16667, 9.66667, 4.66667, 10.16667], "texture": "#5"}
			}
		},
		{
			"from": [8, 3.5, 7.29289],
			"to": [9, 6, 8.29289],
			"rotation": {"angle": -45, "axis": "y", "origin": [8, 3.5, 7.29289]},
			"faces": {
				"north": {"uv": [8.33333, 4.33333, 8.66667, 5.16667], "texture": "#5"},
				"east": {"uv": [5.33333, 8.33333, 5.66667, 9.16667], "texture": "#5"},
				"south": {"uv": [6, 8.33333, 6.33333, 9.16667], "texture": "#5"},
				"west": {"uv": [8, 8.33333, 8.33333, 9.16667], "texture": "#5"}
			}
		},
		{
			"from": [7.625, -0.25, 6.42074],
			"to": [8.375, 2, 7.42074],
			"rotation": {"angle": -22.5, "axis": "x", "origin": [7.625, 0, 6.42074]},
			"faces": {
				"north": {"uv": [3.66667, 10, 3.91667, 10.75], "texture": "#5"},
				"east": {"uv": [3, 9.33333, 3.33333, 10.08333], "texture": "#5"},
				"south": {"uv": [10, 4, 10.25, 4.75], "texture": "#5"},
				"west": {"uv": [9.66667, 5.33333, 10, 6.08333], "texture": "#5"},
				"up": {"uv": [2.25, 5.66667, 2, 5.33333], "texture": "#5"},
				"down": {"uv": [8.91667, 6.66667, 8.66667, 7], "texture": "#5"}
			}
		},
		{
			"from": [7, 12.5, 6.5],
			"to": [9, 14, 9.5],
			"rotation": {"angle": 0, "axis": "y", "origin": [7, 12.5, 6]},
			"faces": {
				"east": {"uv": [7.33333, 1.33333, 8.33333, 1.83333], "texture": "#5"},
				"west": {"uv": [7.33333, 2.33333, 8.33333, 2.83333], "texture": "#5"},
				"up": {"uv": [7.66667, 1, 7, 0], "texture": "#5"},
				"down": {"uv": [0.66667, 7.33333, 0, 8.33333], "texture": "#5"}
			}
		},
		{
			"from": [6.9975, 13.18934, 6.06066],
			"to": [9.0025, 14.43934, 7.56066],
			"rotation": {"angle": -45, "axis": "x", "origin": [6.9975, 12.93934, 7.56066]},
			"faces": {
				"north": {"uv": [0, 8.66667, 0.66667, 9.08333], "texture": "#5"},
				"east": {"uv": [9.66667, 9.66667, 10.16667, 10.08333], "texture": "#5"},
				"south": {"uv": [8.66667, 1.33333, 9.33333, 1.75], "texture": "#5"},
				"west": {"uv": [10, 0, 10.5, 0.41667], "texture": "#5"},
				"up": {"uv": [8, 4.83333, 7.33333, 4.33333], "texture": "#5"},
				"down": {"uv": [8, 5.33333, 7.33333, 5.83333], "texture": "#5"}
			}
		},
		{
			"from": [6.9975, 14.43934, 6.06066],
			"to": [9.0025, 15.68934, 7.31066],
			"rotation": {"angle": -45, "axis": "x", "origin": [6.9975, 12.93934, 7.56066]},
			"faces": {
				"north": {"uv": [8.66667, 2.33333, 9.33333, 2.75], "texture": "#5"},
				"east": {"uv": [10.33333, 6, 10.75, 6.41667], "texture": "#5"},
				"south": {"uv": [8.66667, 3.33333, 9.33333, 3.75], "texture": "#5"},
				"west": {"uv": [7, 10.33333, 7.41667, 10.75], "texture": "#5"},
				"up": {"uv": [9.33333, 6.08333, 8.66667, 5.66667], "texture": "#5"}
			}
		},
		{
			"from": [7.3725, 15.78033, 4.82322],
			"to": [8.6275, 16.53033, 7.07322],
			"rotation": {"angle": 0, "axis": "y", "origin": [8.125, 16.40533, 5.69822]},
			"faces": {
				"north": {"uv": [11.33333, 2.33333, 11.75, 2.58333], "texture": "#5"},
				"east": {"uv": [1, 10.33333, 1.75, 10.58333], "texture": "#5"},
				"south": {"uv": [3, 11.33333, 3.41667, 11.58333], "texture": "#5"},
				"west": {"uv": [10.33333, 5.33333, 11.08333, 5.58333], "texture": "#5"},
				"up": {"uv": [7.41667, 8.08333, 7, 7.33333], "texture": "#5"},
				"down": {"uv": [8.41667, 0, 8, 0.75], "texture": "#5"}
			}
		},
		{
			"from": [7.4975, 14.93934, 5.56066],
			"to": [8.5025, 16.18934, 7.81066],
			"rotation": {"angle": -45, "axis": "x", "origin": [6.9975, 12.93934, 7.56066]},
			"faces": {
				"north": {"uv": [10.66667, 3.33333, 11, 3.75], "texture": "#5"},
				"east": {"uv": [4, 8, 4.75, 8.41667], "texture": "#5"},
				"west": {"uv": [8, 7.33333, 8.75, 7.75], "texture": "#5"},
				"up": {"uv": [6, 10.41667, 5.66667, 9.66667], "texture": "#5"},
				"down": {"uv": [6.66667, 9.66667, 6.33333, 10.41667], "texture": "#5"}
			}
		},
		{
			"from": [7.495, 14.53033, 5.07322],
			"to": [8.505, 15.78033, 6.32322],
			"rotation": {"angle": 0, "axis": "y", "origin": [7.9975, 15.65533, 5.69822]},
			"faces": {
				"north": {"uv": [4.33333, 10.66667, 4.66667, 11.08333], "texture": "#5"},
				"east": {"uv": [8, 10.33333, 8.41667, 10.75], "texture": "#5"},
				"south": {"uv": [10.66667, 4.33333, 11, 4.75], "texture": "#5"},
				"west": {"uv": [0, 10.66667, 0.41667, 11.08333], "texture": "#5"},
				"down": {"uv": [5.33333, 10.66667, 5, 11.08333], "texture": "#5"}
			}
		},
		{
			"from": [6.9975, 13.18934, 8.43934],
			"to": [9.0025, 14.43934, 9.93934],
			"rotation": {"angle": 45, "axis": "x", "origin": [6.9975, 12.93934, 8.43934]},
			"faces": {
				"north": {"uv": [9.33333, 1.33333, 8.66667, 1.75], "texture": "#5"},
				"east": {"uv": [10.16667, 9.66667, 9.66667, 10.08333], "texture": "#5"},
				"south": {"uv": [0.66667, 8.66667, 0, 9.08333], "texture": "#5"},
				"west": {"uv": [10.5, 0, 10, 0.41667], "texture": "#5"},
				"up": {"uv": [8, 4.33333, 7.33333, 4.83333], "texture": "#5"},
				"down": {"uv": [8, 5.83333, 7.33333, 5.33333], "texture": "#5"}
			}
		},
		{
			"from": [6.9975, 14.43934, 8.68934],
			"to": [9.0025, 15.68934, 9.93934],
			"rotation": {"angle": 45, "axis": "x", "origin": [6.9975, 12.93934, 8.43934]},
			"faces": {
				"north": {"uv": [9.33333, 3.33333, 8.66667, 3.75], "texture": "#5"},
				"east": {"uv": [10.75, 6, 10.33333, 6.41667], "texture": "#5"},
				"south": {"uv": [9.33333, 2.33333, 8.66667, 2.75], "texture": "#5"},
				"west": {"uv": [7.41667, 10.33333, 7, 10.75], "texture": "#5"},
				"up": {"uv": [9.33333, 5.66667, 8.66667, 6.08333], "texture": "#5"}
			}
		},
		{
			"from": [7.4975, 14.93934, 8.18934],
			"to": [8.5025, 16.18934, 10.43934],
			"rotation": {"angle": 45, "axis": "x", "origin": [6.9975, 12.93934, 8.43934]},
			"faces": {
				"east": {"uv": [4.75, 8, 4, 8.41667], "texture": "#5"},
				"south": {"uv": [11, 3.33333, 10.66667, 3.75], "texture": "#5"},
				"west": {"uv": [8.75, 7.33333, 8, 7.75], "texture": "#5"},
				"up": {"uv": [6, 9.66667, 5.66667, 10.41667], "texture": "#5"},
				"down": {"uv": [6.66667, 10.41667, 6.33333, 9.66667], "texture": "#5"}
			}
		},
		{
			"from": [7.495, 14.53033, 9.67678],
			"to": [8.505, 15.78033, 10.92678],
			"rotation": {"angle": 0, "axis": "y", "origin": [7.9975, 15.65533, 10.30178]},
			"faces": {
				"north": {"uv": [11, 4.33333, 10.66667, 4.75], "texture": "#5"},
				"east": {"uv": [8.41667, 10.33333, 8, 10.75], "texture": "#5"},
				"south": {"uv": [4.66667, 10.66667, 4.33333, 11.08333], "texture": "#5"},
				"west": {"uv": [0.41667, 10.66667, 0, 11.08333], "texture": "#5"},
				"down": {"uv": [5.33333, 11.08333, 5, 10.66667], "texture": "#5"}
			}
		},
		{
			"from": [7.3725, 15.78033, 8.92678],
			"to": [8.6275, 16.53033, 11.17678],
			"rotation": {"angle": 0, "axis": "y", "origin": [8.125, 16.40533, 10.30178]},
			"faces": {
				"north": {"uv": [3.41667, 11.33333, 3, 11.58333], "texture": "#5"},
				"east": {"uv": [1.75, 10.33333, 1, 10.58333], "texture": "#5"},
				"south": {"uv": [11.75, 2.33333, 11.33333, 2.58333], "texture": "#5"},
				"west": {"uv": [11.08333, 5.33333, 10.33333, 5.58333], "texture": "#5"},
				"up": {"uv": [7.41667, 7.33333, 7, 8.08333], "texture": "#5"},
				"down": {"uv": [8.41667, 0.75, 8, 0], "texture": "#5"}
			}
		},
		{
			"from": [5.02107, 13.98392, 6.9975],
			"to": [6.52107, 15.23392, 9.0025],
			"rotation": {"angle": 45, "axis": "z", "origin": [8, 14.59153, 8]},
			"faces": {
				"north": {"uv": [10.5, 0, 10, 0.41667], "texture": "#5"},
				"east": {"uv": [9.33333, 1.33333, 8.66667, 1.75], "texture": "#5"},
				"south": {"uv": [10.16667, 9.66667, 9.66667, 10.08333], "texture": "#5"},
				"west": {"uv": [0.66667, 8.66667, 0, 9.08333], "texture": "#5"},
				"up": {"uv": [8, 4.33333, 7.33333, 4.83333], "rotation": 90, "texture": "#5"},
				"down": {"uv": [8, 5.83333, 7.33333, 5.33333], "rotation": 270, "texture": "#5"}
			}
		},
		{
			"from": [5.02107, 15.23392, 6.9975],
			"to": [6.27107, 16.48392, 9.0025],
			"rotation": {"angle": 45, "axis": "z", "origin": [8, 14.59153, 8]},
			"faces": {
				"north": {"uv": [7.41667, 10.33333, 7, 10.75], "texture": "#5"},
				"east": {"uv": [9.33333, 3.33333, 8.66667, 3.75], "texture": "#5"},
				"south": {"uv": [10.75, 6, 10.33333, 6.41667], "texture": "#5"},
				"west": {"uv": [9.33333, 2.33333, 8.66667, 2.75], "texture": "#5"},
				"up": {"uv": [9.33333, 5.66667, 8.66667, 6.08333], "rotation": 90, "texture": "#5"}
			}
		},
		{
			"from": [4.52107, 15.73392, 7.4975],
			"to": [6.77107, 16.98392, 8.5025],
			"rotation": {"angle": 45, "axis": "z", "origin": [8, 14.59153, 8]},
			"faces": {
				"north": {"uv": [8.75, 7.33333, 8, 7.75], "texture": "#5"},
				"south": {"uv": [4.75, 8, 4, 8.41667], "texture": "#5"},
				"west": {"uv": [11, 3.33333, 10.66667, 3.75], "texture": "#5"},
				"up": {"uv": [6, 9.66667, 5.66667, 10.41667], "rotation": 90, "texture": "#5"},
				"down": {"uv": [6.66667, 10.41667, 6.33333, 9.66667], "rotation": 270, "texture": "#5"}
			}
		},
		{
			"from": [5.07322, 14.53033, 7.495],
			"to": [6.32322, 15.78033, 8.505],
			"rotation": {"angle": 0, "axis": "y", "origin": [8, 14.59153, 8]},
			"faces": {
				"north": {"uv": [0.41667, 10.66667, 0, 11.08333], "texture": "#5"},
				"east": {"uv": [11, 4.33333, 10.66667, 4.75], "texture": "#5"},
				"south": {"uv": [8.41667, 10.33333, 8, 10.75], "texture": "#5"},
				"west": {"uv": [4.66667, 10.66667, 4.33333, 11.08333], "texture": "#5"},
				"down": {"uv": [5.33333, 11.08333, 5, 10.66667], "rotation": 270, "texture": "#5"}
			}
		},
		{
			"from": [4.82322, 15.78033, 7.3725],
			"to": [7.07322, 16.53033, 8.6275],
			"rotation": {"angle": 0, "axis": "y", "origin": [8, 14.59153, 8]},
			"faces": {
				"north": {"uv": [11.08333, 5.33333, 10.33333, 5.58333], "texture": "#5"},
				"east": {"uv": [3.41667, 11.33333, 3, 11.58333], "texture": "#5"},
				"south": {"uv": [1.75, 10.33333, 1, 10.58333], "texture": "#5"},
				"west": {"uv": [11.75, 2.33333, 11.33333, 2.58333], "texture": "#5"},
				"up": {"uv": [7.41667, 7.33333, 7, 8.08333], "rotation": 90, "texture": "#5"},
				"down": {"uv": [8.41667, 0.75, 8, 0], "rotation": 270, "texture": "#5"}
			}
		},
		{
			"from": [8.92678, 15.78033, 7.3725],
			"to": [11.17678, 16.53033, 8.6275],
			"rotation": {"angle": 0, "axis": "y", "origin": [8, 14.59153, 8]},
			"faces": {
				"north": {"uv": [10.33333, 5.33333, 11.08333, 5.58333], "texture": "#5"},
				"east": {"uv": [11.33333, 2.33333, 11.75, 2.58333], "texture": "#5"},
				"south": {"uv": [1, 10.33333, 1.75, 10.58333], "texture": "#5"},
				"west": {"uv": [3, 11.33333, 3.41667, 11.58333], "texture": "#5"},
				"up": {"uv": [7.41667, 8.08333, 7, 7.33333], "rotation": 90, "texture": "#5"},
				"down": {"uv": [8.41667, 0, 8, 0.75], "rotation": 270, "texture": "#5"}
			}
		},
		{
			"from": [9.67678, 14.53033, 7.495],
			"to": [10.92678, 15.78033, 8.505],
			"rotation": {"angle": 0, "axis": "y", "origin": [8, 14.59153, 8]},
			"faces": {
				"north": {"uv": [0, 10.66667, 0.41667, 11.08333], "texture": "#5"},
				"east": {"uv": [4.33333, 10.66667, 4.66667, 11.08333], "texture": "#5"},
				"south": {"uv": [8, 10.33333, 8.41667, 10.75], "texture": "#5"},
				"west": {"uv": [10.66667, 4.33333, 11, 4.75], "texture": "#5"},
				"down": {"uv": [5.33333, 10.66667, 5, 11.08333], "rotation": 270, "texture": "#5"}
			}
		},
		{
			"from": [9.22893, 15.73392, 7.4975],
			"to": [11.47893, 16.98392, 8.5025],
			"rotation": {"angle": -45, "axis": "z", "origin": [8, 14.59153, 8]},
			"faces": {
				"north": {"uv": [8, 7.33333, 8.75, 7.75], "texture": "#5"},
				"east": {"uv": [10.66667, 3.33333, 11, 3.75], "texture": "#5"},
				"south": {"uv": [4, 8, 4.75, 8.41667], "texture": "#5"},
				"up": {"uv": [6, 10.41667, 5.66667, 9.66667], "rotation": 90, "texture": "#5"},
				"down": {"uv": [6.66667, 9.66667, 6.33333, 10.41667], "rotation": 270, "texture": "#5"}
			}
		},
		{
			"from": [9.72893, 15.23392, 6.9975],
			"to": [10.97893, 16.48392, 9.0025],
			"rotation": {"angle": -45, "axis": "z", "origin": [8, 14.59153, 8]},
			"faces": {
				"north": {"uv": [7, 10.33333, 7.41667, 10.75], "texture": "#5"},
				"east": {"uv": [8.66667, 2.33333, 9.33333, 2.75], "texture": "#5"},
				"south": {"uv": [10.33333, 6, 10.75, 6.41667], "texture": "#5"},
				"west": {"uv": [8.66667, 3.33333, 9.33333, 3.75], "texture": "#5"},
				"up": {"uv": [9.33333, 6.08333, 8.66667, 5.66667], "rotation": 90, "texture": "#5"}
			}
		},
		{
			"from": [9.47893, 13.98392, 6.9975],
			"to": [10.97893, 15.23392, 9.0025],
			"rotation": {"angle": -45, "axis": "z", "origin": [8, 14.59153, 8]},
			"faces": {
				"north": {"uv": [10, 0, 10.5, 0.41667], "texture": "#5"},
				"east": {"uv": [0, 8.66667, 0.66667, 9.08333], "texture": "#5"},
				"south": {"uv": [9.66667, 9.66667, 10.16667, 10.08333], "texture": "#5"},
				"west": {"uv": [8.66667, 1.33333, 9.33333, 1.75], "texture": "#5"},
				"up": {"uv": [8, 4.83333, 7.33333, 4.33333], "rotation": 90, "texture": "#5"},
				"down": {"uv": [8, 5.33333, 7.33333, 5.83333], "rotation": 270, "texture": "#5"}
			}
		},
		{
			"from": [6.5, 12.5, 7],
			"to": [9.5, 14, 9],
			"rotation": {"angle": 0, "axis": "y", "origin": [8, 14.59153, 8]},
			"faces": {
				"north": {"uv": [7.33333, 2.33333, 8.33333, 2.83333], "texture": "#5"},
				"south": {"uv": [7.33333, 1.33333, 8.33333, 1.83333], "texture": "#5"},
				"up": {"uv": [7.66667, 1, 7, 0], "rotation": 90, "texture": "#5"},
				"down": {"uv": [0.66667, 7.33333, 0, 8.33333], "rotation": 270, "texture": "#5"}
			}
		},
		{
			"from": [7.875, 9.21537, 5.87464],
			"to": [8.125, 10.21537, 7.37464],
			"rotation": {"angle": 45, "axis": "x", "origin": [7.625, 9.21537, 5.12464]},
			"faces": {
				"east": {"uv": [10.33333, 7, 10.83333, 7.33333], "texture": "#5"},
				"south": {"uv": [12.33333, 6.66667, 12.41667, 7], "texture": "#5"},
				"west": {"uv": [10.66667, 1, 11.16667, 1.33333], "texture": "#5"},
				"up": {"uv": [12.41667, 2.5, 12.33333, 2], "texture": "#5"},
				"down": {"uv": [4.08333, 12.33333, 4, 12.83333], "texture": "#5"}
			}
		},
		{
			"from": [7.875, 8.68504, 4.69786],
			"to": [8.125, 10.18504, 5.44786],
			"rotation": {"angle": 45, "axis": "x", "origin": [7.625, 8.68504, 4.94786]},
			"faces": {
				"north": {"uv": [12.33333, 5.66667, 12.41667, 6.16667], "texture": "#5"},
				"east": {"uv": [11, 0, 11.25, 0.5], "texture": "#5"},
				"south": {"uv": [9, 12.33333, 9.08333, 12.83333], "texture": "#5"},
				"west": {"uv": [1, 11, 1.25, 11.5], "texture": "#5"},
				"up": {"uv": [12.41667, 10.58333, 12.33333, 10.33333], "texture": "#5"},
				"down": {"uv": [3.41667, 12.66667, 3.33333, 12.91667], "texture": "#5"}
			}
		},
		{
			"from": [7.875, 10.71537, 5.53885],
			"to": [8.125, 12.46537, 6.28885],
			"rotation": {"angle": 45, "axis": "x", "origin": [7.625, 10.71537, 5.78885]},
			"faces": {
				"north": {"uv": [10.33333, 12, 10.41667, 12.58333], "texture": "#5"},
				"east": {"uv": [9, 10.33333, 9.25, 10.91667], "texture": "#5"},
				"south": {"uv": [0, 12.33333, 0.08333, 12.91667], "texture": "#5"},
				"west": {"uv": [10.66667, 2.33333, 10.91667, 2.91667], "texture": "#5"},
				"up": {"uv": [4.75, 12.91667, 4.66667, 12.66667], "texture": "#5"},
				"down": {"uv": [12.75, 5, 12.66667, 5.25], "texture": "#5"}
			}
		},
		{
			"from": [7.8755, 8.33148, 5.30142],
			"to": [8.1245, 9.08148, 6.05142],
			"rotation": {"angle": 0, "axis": "y", "origin": [8.0005, 8.70648, 6.05142]},
			"faces": {
				"east": {"uv": [4.66667, 9, 4.91667, 9.25], "texture": "#5"},
				"west": {"uv": [7.66667, 12, 7.91667, 12.25], "texture": "#5"},
				"down": {"uv": [5.41667, 12.66667, 5.33333, 12.91667], "texture": "#5"}
			}
		},
		{
			"from": [7.8755, 9.31714, 5.61208],
			"to": [8.1245, 10.89214, 6.41208],
			"rotation": {"angle": 0, "axis": "y", "origin": [7.6255, 9.39214, 5.86208]},
			"faces": {
				"north": {"uv": [12.33333, 9.33333, 12.41667, 9.83333], "texture": "#5"},
				"east": {"uv": [1.66667, 11, 1.91667, 11.5], "texture": "#5"},
				"south": {"uv": [11, 12.33333, 11.08333, 12.83333], "texture": "#5"},
				"west": {"uv": [5.66667, 11, 5.91667, 11.5], "texture": "#5"}
			}
		},
		{
			"from": [7.875, 9.21537, 8.62536],
			"to": [8.125, 10.21537, 10.12536],
			"rotation": {"angle": -45, "axis": "x", "origin": [7.625, 9.21537, 10.87536]},
			"faces": {
				"north": {"uv": [12.41667, 6.66667, 12.33333, 7], "texture": "#5"},
				"east": {"uv": [10.83333, 7, 10.33333, 7.33333], "texture": "#5"},
				"west": {"uv": [11.16667, 1, 10.66667, 1.33333], "texture": "#5"},
				"up": {"uv": [12.41667, 2, 12.33333, 2.5], "texture": "#5"},
				"down": {"uv": [4.08333, 12.83333, 4, 12.33333], "texture": "#5"}
			}
		},
		{
			"from": [7.875, 8.68504, 10.55214],
			"to": [8.125, 10.18504, 11.30214],
			"rotation": {"angle": -45, "axis": "x", "origin": [7.625, 8.68504, 11.05214]},
			"faces": {
				"north": {"uv": [9.08333, 12.33333, 9, 12.83333], "texture": "#5"},
				"east": {"uv": [11.25, 0, 11, 0.5], "texture": "#5"},
				"south": {"uv": [12.41667, 5.66667, 12.33333, 6.16667], "texture": "#5"},
				"west": {"uv": [1.25, 11, 1, 11.5], "texture": "#5"},
				"up": {"uv": [12.41667, 10.33333, 12.33333, 10.58333], "texture": "#5"},
				"down": {"uv": [3.41667, 12.91667, 3.33333, 12.66667], "texture": "#5"}
			}
		},
		{
			"from": [7.875, 10.71537, 9.71115],
			"to": [8.125, 12.46537, 10.46115],
			"rotation": {"angle": -45, "axis": "x", "origin": [7.625, 10.71537, 10.21115]},
			"faces": {
				"north": {"uv": [0.08333, 12.33333, 0, 12.91667], "texture": "#5"},
				"east": {"uv": [9.25, 10.33333, 9, 10.91667], "texture": "#5"},
				"south": {"uv": [10.41667, 12, 10.33333, 12.58333], "texture": "#5"},
				"west": {"uv": [10.91667, 2.33333, 10.66667, 2.91667], "texture": "#5"},
				"up": {"uv": [4.75, 12.66667, 4.66667, 12.91667], "texture": "#5"},
				"down": {"uv": [12.75, 5.25, 12.66667, 5], "texture": "#5"}
			}
		},
		{
			"from": [7.8755, 8.33148, 9.94858],
			"to": [8.1245, 9.08148, 10.69858],
			"rotation": {"angle": 0, "axis": "y", "origin": [8.0005, 8.70648, 9.94858]},
			"faces": {
				"east": {"uv": [4.91667, 9, 4.66667, 9.25], "texture": "#5"},
				"west": {"uv": [7.91667, 12, 7.66667, 12.25], "texture": "#5"},
				"down": {"uv": [5.41667, 12.91667, 5.33333, 12.66667], "texture": "#5"}
			}
		},
		{
			"from": [7.8755, 9.31714, 9.58792],
			"to": [8.1245, 10.89214, 10.38792],
			"rotation": {"angle": 0, "axis": "y", "origin": [7.6255, 9.39214, 10.13792]},
			"faces": {
				"north": {"uv": [11.08333, 12.33333, 11, 12.83333], "texture": "#5"},
				"east": {"uv": [1.91667, 11, 1.66667, 11.5], "texture": "#5"},
				"south": {"uv": [12.41667, 9.33333, 12.33333, 9.83333], "texture": "#5"},
				"west": {"uv": [5.91667, 11, 5.66667, 11.5], "texture": "#5"}
			}
		},
		{
			"from": [7.31536, 7.37597, 7.875],
			"to": [8.81536, 8.37597, 8.125],
			"rotation": {"angle": 45, "axis": "z", "origin": [8, 9.87698, 8]},
			"faces": {
				"north": {"uv": [10.66667, 1, 11.16667, 1.33333], "texture": "#5"},
				"south": {"uv": [10.33333, 7, 10.83333, 7.33333], "texture": "#5"},
				"west": {"uv": [12.33333, 6.66667, 12.41667, 7], "texture": "#5"},
				"up": {"uv": [12.41667, 2.5, 12.33333, 2], "rotation": 90, "texture": "#5"},
				"down": {"uv": [4.08333, 12.33333, 4, 12.83333], "rotation": 270, "texture": "#5"}
			}
		},
		{
			"from": [8.81536, 6.87596, 7.875],
			"to": [9.56536, 8.37596, 8.125],
			"rotation": {"angle": 45, "axis": "z", "origin": [8, 9.87698, 8]},
			"faces": {
				"north": {"uv": [1, 11, 1.25, 11.5], "texture": "#5"},
				"east": {"uv": [12.33333, 5.66667, 12.41667, 6.16667], "texture": "#5"},
				"south": {"uv": [11, 0, 11.25, 0.5], "texture": "#5"},
				"west": {"uv": [9, 12.33333, 9.08333, 12.83333], "texture": "#5"},
				"up": {"uv": [12.41667, 10.58333, 12.33333, 10.33333], "rotation": 90, "texture": "#5"},
				"down": {"uv": [3.41667, 12.66667, 3.33333, 12.91667], "rotation": 270, "texture": "#5"}
			}
		},
		{
			"from": [9.65635, 8.90629, 7.875],
			"to": [10.40635, 10.65629, 8.125],
			"rotation": {"angle": 45, "axis": "z", "origin": [8, 9.87698, 8]},
			"faces": {
				"north": {"uv": [10.66667, 2.33333, 10.91667, 2.91667], "texture": "#5"},
				"east": {"uv": [10.33333, 12, 10.41667, 12.58333], "texture": "#5"},
				"south": {"uv": [9, 10.33333, 9.25, 10.91667], "texture": "#5"},
				"west": {"uv": [0, 12.33333, 0.08333, 12.91667], "texture": "#5"},
				"up": {"uv": [4.75, 12.91667, 4.66667, 12.66667], "rotation": 90, "texture": "#5"},
				"down": {"uv": [12.75, 5, 12.66667, 5.25], "rotation": 270, "texture": "#5"}
			}
		},
		{
			"from": [9.94858, 8.33148, 7.8755],
			"to": [10.69858, 9.08148, 8.1245],
			"rotation": {"angle": 0, "axis": "y", "origin": [8, 9.87698, 8]},
			"faces": {
				"north": {"uv": [7.66667, 12, 7.91667, 12.25], "texture": "#5"},
				"south": {"uv": [4.66667, 9, 4.91667, 9.25], "texture": "#5"},
				"down": {"uv": [5.41667, 12.66667, 5.33333, 12.91667], "rotation": 270, "texture": "#5"}
			}
		},
		{
			"from": [9.58792, 9.31714, 7.8755],
			"to": [10.38792, 10.89214, 8.1245],
			"rotation": {"angle": 0, "axis": "y", "origin": [8, 9.87698, 8]},
			"faces": {
				"north": {"uv": [5.66667, 11, 5.91667, 11.5], "texture": "#5"},
				"east": {"uv": [12.33333, 9.33333, 12.41667, 9.83333], "texture": "#5"},
				"south": {"uv": [1.66667, 11, 1.91667, 11.5], "texture": "#5"},
				"west": {"uv": [11, 12.33333, 11.08333, 12.83333], "texture": "#5"}
			}
		},
		{
			"from": [5.61208, 9.31714, 7.8755],
			"to": [6.41208, 10.89214, 8.1245],
			"rotation": {"angle": 0, "axis": "y", "origin": [8, 9.87698, 8]},
			"faces": {
				"north": {"uv": [5.91667, 11, 5.66667, 11.5], "texture": "#5"},
				"east": {"uv": [11.08333, 12.33333, 11, 12.83333], "texture": "#5"},
				"south": {"uv": [1.91667, 11, 1.66667, 11.5], "texture": "#5"},
				"west": {"uv": [12.41667, 9.33333, 12.33333, 9.83333], "texture": "#5"}
			}
		},
		{
			"from": [5.30142, 8.33148, 7.8755],
			"to": [6.05142, 9.08148, 8.1245],
			"rotation": {"angle": 0, "axis": "y", "origin": [8, 9.87698, 8]},
			"faces": {
				"north": {"uv": [7.91667, 12, 7.66667, 12.25], "texture": "#5"},
				"south": {"uv": [4.91667, 9, 4.66667, 9.25], "texture": "#5"},
				"down": {"uv": [5.41667, 12.91667, 5.33333, 12.66667], "rotation": 270, "texture": "#5"}
			}
		},
		{
			"from": [5.59365, 8.90629, 7.875],
			"to": [6.34365, 10.65629, 8.125],
			"rotation": {"angle": -45, "axis": "z", "origin": [8, 9.87698, 8]},
			"faces": {
				"north": {"uv": [10.91667, 2.33333, 10.66667, 2.91667], "texture": "#5"},
				"east": {"uv": [0.08333, 12.33333, 0, 12.91667], "texture": "#5"},
				"south": {"uv": [9.25, 10.33333, 9, 10.91667], "texture": "#5"},
				"west": {"uv": [10.41667, 12, 10.33333, 12.58333], "texture": "#5"},
				"up": {"uv": [4.75, 12.66667, 4.66667, 12.91667], "rotation": 90, "texture": "#5"},
				"down": {"uv": [12.75, 5.25, 12.66667, 5], "rotation": 270, "texture": "#5"}
			}
		},
		{
			"from": [6.43464, 6.87596, 7.875],
			"to": [7.18464, 8.37596, 8.125],
			"rotation": {"angle": -45, "axis": "z", "origin": [8, 9.87698, 8]},
			"faces": {
				"north": {"uv": [1.25, 11, 1, 11.5], "texture": "#5"},
				"east": {"uv": [9.08333, 12.33333, 9, 12.83333], "texture": "#5"},
				"south": {"uv": [11.25, 0, 11, 0.5], "texture": "#5"},
				"west": {"uv": [12.41667, 5.66667, 12.33333, 6.16667], "texture": "#5"},
				"up": {"uv": [12.41667, 10.33333, 12.33333, 10.58333], "rotation": 90, "texture": "#5"},
				"down": {"uv": [3.41667, 12.91667, 3.33333, 12.66667], "rotation": 270, "texture": "#5"}
			}
		},
		{
			"from": [7.18464, 7.37597, 7.875],
			"to": [8.68464, 8.37597, 8.125],
			"rotation": {"angle": -45, "axis": "z", "origin": [8, 9.87698, 8]},
			"faces": {
				"north": {"uv": [11.16667, 1, 10.66667, 1.33333], "texture": "#5"},
				"east": {"uv": [12.41667, 6.66667, 12.33333, 7], "texture": "#5"},
				"south": {"uv": [10.83333, 7, 10.33333, 7.33333], "texture": "#5"},
				"up": {"uv": [12.41667, 2, 12.33333, 2.5], "rotation": 90, "texture": "#5"},
				"down": {"uv": [4.08333, 12.83333, 4, 12.33333], "rotation": 270, "texture": "#5"}
			}
		},
		{
			"from": [7.875, -3.51537, 6.31385],
			"to": [8.125, -2.26537, 7.06385],
			"rotation": {"angle": -45, "axis": "x", "origin": [7.625, -2.26537, 6.56385]},
			"faces": {
				"north": {"uv": [2, 12.66667, 2.08333, 13.08333], "texture": "#5"},
				"east": {"uv": [11.33333, 3, 11.58333, 3.41667], "texture": "#5"},
				"south": {"uv": [2.66667, 12.66667, 2.75, 13.08333], "texture": "#5"},
				"west": {"uv": [11.33333, 4, 11.58333, 4.41667], "texture": "#5"},
				"up": {"uv": [6.08333, 12.91667, 6, 12.66667], "texture": "#5"},
				"down": {"uv": [12.75, 7.33333, 12.66667, 7.58333], "texture": "#5"}
			}
		},
		{
			"from": [7.875, -2.86892, 7.62451],
			"to": [8.125, -2.11892, 7.87451],
			"rotation": {"angle": -45, "axis": "x", "origin": [7.625, -2.61892, 7.62451]},
			"faces": {
				"east": {"uv": [7.66667, 12.66667, 7.75, 12.91667], "texture": "#5"},
				"south": {"uv": [12.66667, 8, 12.75, 8.25], "texture": "#5"},
				"west": {"uv": [8.33333, 12.66667, 8.41667, 12.91667], "texture": "#5"},
				"up": {"uv": [12.75, 11.75, 12.66667, 11.66667], "texture": "#5"},
				"down": {"uv": [13.08333, 2, 13, 2.08333], "texture": "#5"}
			}
		},
		{
			"from": [7.8755, -2.44214, 6.38708],
			"to": [8.1245, -0.94214, 7.13708],
			"rotation": {"angle": 0, "axis": "y", "origin": [7.6255, -0.94214, 6.63708]},
			"faces": {
				"north": {"uv": [11.66667, 12.33333, 11.75, 12.83333], "texture": "#5"},
				"east": {"uv": [6.33333, 11, 6.58333, 11.5], "texture": "#5"},
				"south": {"uv": [12.33333, 12.33333, 12.41667, 12.83333], "texture": "#5"},
				"west": {"uv": [11, 7.66667, 11.25, 8.16667], "texture": "#5"}
			}
		},
		{
			"from": [7.875, -1.73504, 5.47286],
			"to": [8.125, -0.23504, 6.22286],
			"rotation": {"angle": -45, "axis": "x", "origin": [7.625, -0.23504, 5.72286]},
			"faces": {
				"north": {"uv": [12.66667, 0, 12.75, 0.5], "texture": "#5"},
				"east": {"uv": [11, 8.66667, 11.25, 9.16667], "texture": "#5"},
				"south": {"uv": [0.66667, 12.66667, 0.75, 13.16667], "texture": "#5"},
				"west": {"uv": [10.33333, 11, 10.58333, 11.5], "texture": "#5"},
				"up": {"uv": [12.75, 8.91667, 12.66667, 8.66667], "texture": "#5"},
				"down": {"uv": [9.75, 12.66667, 9.66667, 12.91667], "texture": "#5"}
			}
		},
		{
			"from": [7.875, -1.76537, 6.64964],
			"to": [8.125, -0.76537, 8.14964],
			"rotation": {"angle": -45, "axis": "x", "origin": [7.625, -0.76537, 5.89964]},
			"faces": {
				"east": {"uv": [10.66667, 1.66667, 11.16667, 2], "texture": "#5"},
				"west": {"uv": [2.33333, 10.66667, 2.83333, 11], "texture": "#5"},
				"up": {"uv": [12.75, 1.5, 12.66667, 1], "texture": "#5"},
				"down": {"uv": [1.41667, 12.66667, 1.33333, 13.16667], "texture": "#5"}
			}
		},
		{
			"from": [7.8755, -0.63148, 6.07642],
			"to": [8.1245, 0.11852, 6.82642],
			"rotation": {"angle": 0, "axis": "y", "origin": [8.0005, -0.25648, 6.82642]},
			"faces": {
				"east": {"uv": [8.33333, 12, 8.58333, 12.25], "texture": "#5"},
				"west": {"uv": [9.66667, 12, 9.91667, 12.25], "texture": "#5"},
				"up": {"uv": [12.75, 11.25, 12.66667, 11], "texture": "#5"}
			}
		},
		{
			"from": [7.875, -1.76537, 7.85036],
			"to": [8.125, -0.76537, 9.35036],
			"rotation": {"angle": 45, "axis": "x", "origin": [7.625, -0.76537, 10.10036]},
			"faces": {
				"east": {"uv": [11.16667, 1.66667, 10.66667, 2], "texture": "#5"},
				"west": {"uv": [2.83333, 10.66667, 2.33333, 11], "texture": "#5"},
				"up": {"uv": [12.75, 1, 12.66667, 1.5], "texture": "#5"},
				"down": {"uv": [1.41667, 13.16667, 1.33333, 12.66667], "texture": "#5"}
			}
		},
		{
			"from": [7.8755, -0.63148, 9.17358],
			"to": [8.1245, 0.11852, 9.92358],
			"rotation": {"angle": 0, "axis": "y", "origin": [8.0005, -0.25648, 9.17358]},
			"faces": {
				"east": {"uv": [8.58333, 12, 8.33333, 12.25], "texture": "#5"},
				"west": {"uv": [9.91667, 12, 9.66667, 12.25], "texture": "#5"},
				"up": {"uv": [12.75, 11, 12.66667, 11.25], "texture": "#5"}
			}
		},
		{
			"from": [7.875, -1.73504, 9.77714],
			"to": [8.125, -0.23504, 10.52714],
			"rotation": {"angle": 45, "axis": "x", "origin": [7.625, -0.23504, 10.27714]},
			"faces": {
				"north": {"uv": [0.75, 12.66667, 0.66667, 13.16667], "texture": "#5"},
				"east": {"uv": [11.25, 8.66667, 11, 9.16667], "texture": "#5"},
				"south": {"uv": [12.75, 0, 12.66667, 0.5], "texture": "#5"},
				"west": {"uv": [10.58333, 11, 10.33333, 11.5], "texture": "#5"},
				"up": {"uv": [12.75, 8.66667, 12.66667, 8.91667], "texture": "#5"},
				"down": {"uv": [9.75, 12.91667, 9.66667, 12.66667], "texture": "#5"}
			}
		},
		{
			"from": [7.8755, -2.44214, 8.86292],
			"to": [8.1245, -0.94214, 9.61292],
			"rotation": {"angle": 0, "axis": "y", "origin": [7.6255, -0.94214, 9.36292]},
			"faces": {
				"north": {"uv": [12.41667, 12.33333, 12.33333, 12.83333], "texture": "#5"},
				"east": {"uv": [6.58333, 11, 6.33333, 11.5], "texture": "#5"},
				"south": {"uv": [11.75, 12.33333, 11.66667, 12.83333], "texture": "#5"},
				"west": {"uv": [11.25, 7.66667, 11, 8.16667], "texture": "#5"}
			}
		},
		{
			"from": [7.875, -3.51537, 8.93615],
			"to": [8.125, -2.26537, 9.68615],
			"rotation": {"angle": 45, "axis": "x", "origin": [7.625, -2.26537, 9.43615]},
			"faces": {
				"north": {"uv": [2.75, 12.66667, 2.66667, 13.08333], "texture": "#5"},
				"east": {"uv": [11.58333, 3, 11.33333, 3.41667], "texture": "#5"},
				"south": {"uv": [2.08333, 12.66667, 2, 13.08333], "texture": "#5"},
				"west": {"uv": [11.58333, 4, 11.33333, 4.41667], "texture": "#5"},
				"up": {"uv": [6.08333, 12.66667, 6, 12.91667], "texture": "#5"},
				"down": {"uv": [12.75, 7.58333, 12.66667, 7.33333], "texture": "#5"}
			}
		},
		{
			"from": [7.875, -2.86892, 8.12549],
			"to": [8.125, -2.11892, 8.37549],
			"rotation": {"angle": 45, "axis": "x", "origin": [7.625, -2.61892, 8.37549]},
			"faces": {
				"north": {"uv": [12.75, 8, 12.66667, 8.25], "texture": "#5"},
				"east": {"uv": [7.75, 12.66667, 7.66667, 12.91667], "texture": "#5"},
				"west": {"uv": [8.41667, 12.66667, 8.33333, 12.91667], "texture": "#5"},
				"up": {"uv": [12.75, 11.66667, 12.66667, 11.75], "texture": "#5"},
				"down": {"uv": [13.08333, 2.08333, 13, 2], "texture": "#5"}
			}
		},
		{
			"from": [7.75, 0.3125, 7.71827],
			"to": [8.25, 1.5625, 9.96827],
			"rotation": {"angle": -22.5, "axis": "x", "origin": [8, 0.8125, 8.90577]},
			"faces": {
				"north": {"uv": [7, 12, 7.16667, 12.41667], "texture": "#5"},
				"east": {"uv": [1, 8.33333, 1.75, 8.75], "texture": "#5"},
				"west": {"uv": [2.33333, 8.33333, 3.08333, 8.75], "texture": "#5"},
				"up": {"uv": [11.16667, 11.75, 11, 11], "texture": "#5"},
				"down": {"uv": [2.5, 11.33333, 2.33333, 12.08333], "texture": "#5"}
			}
		},
		{
			"from": [7.985, -6, 6],
			"to": [8.015, 1, 10],
			"rotation": {"angle": 0, "axis": "y", "origin": [6.985, 0, 6]},
			"faces": {
				"west": {"uv": [2.66667, 0, 4, 2.33333], "texture": "#5"}
			}
		},
		{
			"from": [7.985, 0.26903, 4.01641],
			"to": [8.015, 1.51903, 6.51641],
			"rotation": {"angle": 0, "axis": "y", "origin": [7.985, -0.23097, 3.51641]},
			"faces": {
				"east": {"uv": [8.16667, 3.33333, 7.33333, 3.75], "texture": "#5"},
				"west": {"uv": [7.33333, 3.33333, 8.16667, 3.75], "texture": "#5"}
			}
		},
		{
			"from": [7.625, -0.25, 8.57926],
			"to": [8.375, 2, 9.57926],
			"rotation": {"angle": 22.5, "axis": "x", "origin": [7.625, 0, 9.57926]},
			"faces": {
				"north": {"uv": [10.25, 4, 10, 4.75], "texture": "#5"},
				"east": {"uv": [3.33333, 9.33333, 3, 10.08333], "texture": "#5"},
				"south": {"uv": [3.91667, 10, 3.66667, 10.75], "texture": "#5"},
				"west": {"uv": [10, 5.33333, 9.66667, 6.08333], "texture": "#5"},
				"up": {"uv": [2.25, 5.33333, 2, 5.66667], "texture": "#5"},
				"down": {"uv": [8.91667, 7, 8.66667, 6.66667], "texture": "#5"}
			}
		},
		{
			"from": [7.985, 0.26903, 9.48359],
			"to": [8.015, 1.51903, 11.98359],
			"rotation": {"angle": 0, "axis": "y", "origin": [7.985, -0.23097, 12.48359]},
			"faces": {
				"east": {"uv": [7.33333, 3.33333, 8.16667, 3.75], "texture": "#5"},
				"west": {"uv": [8.16667, 3.33333, 7.33333, 3.75], "texture": "#5"}
			}
		},
		{
			"from": [6.75, -6, 5.73984],
			"to": [6.78, -1, 8.23984],
			"rotation": {"angle": 22.5, "axis": "y", "origin": [6.75, -6, 5.23984]},
			"faces": {
				"east": {"uv": [5, 0, 0, 10], "texture": "#2"},
				"west": {"uv": [0, 0, 5, 10], "texture": "#2"}
			}
		},
		{
			"from": [6.75, -6, 7.76016],
			"to": [6.78, -1, 10.26016],
			"rotation": {"angle": -22.5, "axis": "y", "origin": [6.75, -6, 10.76016]},
			"faces": {
				"east": {"uv": [0, 0, 5, 10], "texture": "#2"},
				"west": {"uv": [5, 0, 0, 10], "texture": "#2"}
			}
		},
		{
			"from": [9.22, -6, 7.76016],
			"to": [9.25, -1, 10.26016],
			"rotation": {"angle": 22.5, "axis": "y", "origin": [9.25, -6, 10.76016]},
			"faces": {
				"east": {"uv": [0, 0, 5, 10], "texture": "#2"},
				"west": {"uv": [5, 0, 0, 10], "texture": "#2"}
			}
		},
		{
			"from": [9.22, -6, 5.73984],
			"to": [9.25, -1, 8.23984],
			"rotation": {"angle": -22.5, "axis": "y", "origin": [9.25, -6, 5.23984]},
			"faces": {
				"east": {"uv": [5, 0, 0, 10], "texture": "#2"},
				"west": {"uv": [0, 0, 5, 10], "texture": "#2"}
			}
		},
		{
			"from": [6.79289, 7.5, 7.5],
			"to": [8.79289, 12.5, 9.5],
			"rotation": {"angle": 45, "axis": "y", "origin": [7.29289, 7.75, 8]},
			"faces": {
				"north": {"uv": [0, 5.33333, 0.66667, 7], "texture": "#5"},
				"east": {"uv": [1, 5.33333, 1.66667, 7], "texture": "#5"},
				"south": {"uv": [6, 0, 6.66667, 1.66667], "texture": "#5"},
				"west": {"uv": [2, 6, 2.66667, 7.66667], "texture": "#5"},
				"up": {"uv": [1.66667, 8, 1, 7.33333], "texture": "#5"},
				"down": {"uv": [3.66667, 7.33333, 3, 8], "texture": "#5"}
			}
		},
		{
			"from": [8, 14, 5.87868],
			"to": [11, 16.5, 8.87868],
			"rotation": {"angle": -45, "axis": "y", "origin": [8, 12, 5.87868]},
			"faces": {
				"north": {"uv": [6, 3.33333, 7, 4.16667], "texture": "#5"},
				"east": {"uv": [6, 4.66667, 7, 5.5], "texture": "#5"},
				"south": {"uv": [6, 6, 7, 6.83333], "texture": "#5"},
				"west": {"uv": [4.33333, 6.66667, 5.33333, 7.5], "texture": "#5"},
				"down": {"uv": [7, 2, 6, 3], "texture": "#5"}
			}
		},
		{
			"from": [8, 20, 5.87868],
			"to": [11, 20.75, 8.87868],
			"rotation": {"angle": -45, "axis": "y", "origin": [8, 18, 5.87868]},
			"faces": {
				"north": {"uv": [9.33333, 7.66667, 10.33333, 7.91667], "texture": "#5"},
				"east": {"uv": [7, 9.66667, 8, 9.91667], "texture": "#5"},
				"south": {"uv": [9.66667, 8.33333, 10.66667, 8.58333], "texture": "#5"},
				"west": {"uv": [9.66667, 9, 10.66667, 9.25], "texture": "#5"},
				"up": {"uv": [4, 7, 3, 6], "texture": "#5"}
			}
		},
		{
			"from": [7.75, 16.5, 5.62868],
			"to": [11.25, 20, 9.12868],
			"rotation": {"angle": -45, "axis": "y", "origin": [8, 16, 5.87868]},
			"faces": {
				"north": {"uv": [2.66667, 2.66667, 3.83333, 3.83333], "texture": "#5"},
				"east": {"uv": [4.33333, 0, 5.5, 1.16667], "texture": "#5"},
				"south": {"uv": [4.33333, 1.66667, 5.5, 2.83333], "texture": "#5"},
				"west": {"uv": [2.66667, 4.33333, 3.83333, 5.5], "texture": "#5"},
				"up": {"uv": [5.5, 4.5, 4.33333, 3.33333], "texture": "#5"},
				"down": {"uv": [5.5, 5, 4.33333, 6.16667], "texture": "#5"}
			}
		},
		{
			"from": [5.51452, 14, 5.53573],
			"to": [5.54452, 20.75, 12.53573],
			"rotation": {"angle": 45, "axis": "y", "origin": [5.51452, 14, 5.53573]},
			"faces": {
				"east": {"uv": [2.33333, 2.66667, 0, 4.91667], "texture": "#5"},
				"west": {"uv": [0, 2.66667, 2.33333, 4.91667], "texture": "#5"}
			}
		},
		{
			"from": [4.5, 14, 7.985],
			"to": [11.5, 20.75, 8.015],
			"rotation": {"angle": 45, "axis": "y", "origin": [8, 17.375, 8]},
			"faces": {
				"north": {"uv": [0, 2.66667, 2.33333, 4.91667], "texture": "#5"},
				"south": {"uv": [2.33333, 2.66667, 0, 4.91667], "texture": "#5"}
			}
		},
		{
			"from": [6.5, 20.75, 7.985],
			"to": [9.5, 25, 8.015],
			"rotation": {"angle": 0, "axis": "y", "origin": [8, 22.875, 8]},
			"faces": {
				"north": {"uv": [1.66667, 0.83333, 0.66667, 2.25], "texture": "#5"},
				"south": {"uv": [0.66667, 0.83333, 1.66667, 2.25], "texture": "#5"}
			}
		},
		{
			"from": [7.985, 20.75, 6.5],
			"to": [8.015, 25, 9.5],
			"rotation": {"angle": 0, "axis": "y", "origin": [8, 22.875, 8]},
			"faces": {
				"east": {"uv": [1.66667, 0.83333, 0.66667, 2.25], "texture": "#5"},
				"west": {"uv": [0.66667, 0.83333, 1.66667, 2.25], "texture": "#5"}
			}
		},
		{
			"from": [5.07603, 17, 7.85355],
			"to": [5.10603, 23, 9.85355],
			"rotation": {"angle": 45, "axis": "y", "origin": [5.07603, 19.5, 8.35355]},
			"faces": {
				"east": {"uv": [12, 0, 8, 12], "texture": "#6"},
				"west": {"uv": [8, 0, 12, 12], "texture": "#6"}
			}
		},
		{
			"from": [5.78313, 17, 6.43934],
			"to": [5.81313, 23, 8.43934],
			"rotation": {"angle": -45, "axis": "y", "origin": [5.78313, 19.5, 6.93934]},
			"faces": {
				"east": {"uv": [8, 0, 4, 12], "texture": "#6"},
				"west": {"uv": [4, 0, 8, 12], "texture": "#6"}
			}
		},
		{
			"from": [6.13669, 17, 6.58579],
			"to": [8.13669, 23, 6.61579],
			"rotation": {"angle": 0, "axis": "y", "origin": [7.63669, 19.5, 6.58579]},
			"faces": {
				"north": {"uv": [0, 0, 4, 12], "texture": "#6"},
				"south": {"uv": [4, 0, 0, 12], "texture": "#6"}
			}
		},
		{
			"from": [10.89397, 17, 6.14645],
			"to": [10.92397, 23, 8.14645],
			"rotation": {"angle": 45, "axis": "y", "origin": [10.92397, 19.5, 7.64645]},
			"faces": {
				"east": {"uv": [8, 0, 12, 12], "texture": "#6"},
				"west": {"uv": [12, 0, 8, 12], "texture": "#6"}
			}
		},
		{
			"from": [10.18687, 17, 7.56066],
			"to": [10.21687, 23, 9.56066],
			"rotation": {"angle": -45, "axis": "y", "origin": [10.21687, 19.5, 9.06066]},
			"faces": {
				"east": {"uv": [4, 0, 8, 12], "texture": "#6"},
				"west": {"uv": [8, 0, 4, 12], "texture": "#6"}
			}
		},
		{
			"from": [7.86331, 17, 9.38421],
			"to": [9.86331, 23, 9.41421],
			"rotation": {"angle": 0, "axis": "y", "origin": [8.36331, 19.5, 9.41421]},
			"faces": {
				"north": {"uv": [4, 0, 0, 12], "texture": "#6"},
				"south": {"uv": [0, 0, 4, 12], "texture": "#6"}
			}
		},
		{
			"from": [5.68244, 17, 10.28756],
			"to": [7.68244, 23, 10.31756],
			"rotation": {"angle": 45, "axis": "y", "origin": [8, 20, 8]},
			"faces": {
				"north": {"uv": [12, 0, 8, 12], "texture": "#6"},
				"south": {"uv": [8, 0, 12, 12], "texture": "#6"}
			}
		},
		{
			"from": [8.31756, 17, 10.28756],
			"to": [10.31756, 23, 10.31756],
			"rotation": {"angle": -45, "axis": "y", "origin": [8, 20, 8]},
			"faces": {
				"north": {"uv": [8, 0, 4, 12], "texture": "#6"},
				"south": {"uv": [4, 0, 8, 12], "texture": "#6"}
			}
		},
		{
			"from": [6.58579, 17, 7.86331],
			"to": [6.61579, 23, 9.86331],
			"rotation": {"angle": 0, "axis": "y", "origin": [8, 20, 8]},
			"faces": {
				"east": {"uv": [4, 0, 0, 12], "texture": "#6"},
				"west": {"uv": [0, 0, 4, 12], "texture": "#6"}
			}
		},
		{
			"from": [8.31756, 17, 5.68244],
			"to": [10.31756, 23, 5.71244],
			"rotation": {"angle": 45, "axis": "y", "origin": [8, 20, 8]},
			"faces": {
				"north": {"uv": [8, 0, 12, 12], "texture": "#6"},
				"south": {"uv": [12, 0, 8, 12], "texture": "#6"}
			}
		},
		{
			"from": [5.68244, 17, 5.68244],
			"to": [7.68244, 23, 5.71244],
			"rotation": {"angle": -45, "axis": "y", "origin": [8, 20, 8]},
			"faces": {
				"north": {"uv": [4, 0, 8, 12], "texture": "#6"},
				"south": {"uv": [8, 0, 4, 12], "texture": "#6"}
			}
		},
		{
			"from": [9.38421, 17, 6.13669],
			"to": [9.41421, 23, 8.13669],
			"rotation": {"angle": 0, "axis": "y", "origin": [8, 20, 8]},
			"faces": {
				"east": {"uv": [0, 0, 4, 12], "texture": "#6"},
				"west": {"uv": [4, 0, 0, 12], "texture": "#6"}
			}
		}
	],
	"gui_light": "front",
	"display": {
		"thirdperson_righthand": {
			"translation": [0, 1.25, 1],
			"scale": [2, 2, 2]
		},
		"thirdperson_lefthand": {
			"translation": [0, 1.25, 1],
			"scale": [2, 2, 2]
		},
		"firstperson_righthand": {
			"rotation": [5, 0, 0],
			"translation": [2.75, 1.5, 0],
			"scale": [2, 2, 2]
		},
		"firstperson_lefthand": {
			"rotation": [5, 0, 0],
			"translation": [2.75, 1.5, 0],
			"scale": [2, 2, 2]
		},
		"ground": {
			"rotation": [-45, 0, 0],
			"translation": [0, 5, 0],
			"scale": [2, 2, 2]
		},
		"gui": {
			"rotation": [-90, 45, 90],
			"translation": [0.75, -0.75, 0],
			"scale": [2, 2, 2]
		},
		"head": {
			"rotation": [0, -90, 0],
			"scale": [2, 2, 2]
		},
		"fixed": {
			"rotation": [0, -90, 0],
			"translation": [0, 0, -1.75],
			"scale": [4, 4, 4]
		}
	},
	"groups": [
		{
			"name": "mace",
			"origin": [7.985, 0.03033, 16.17678],
			"color": 0,
			"children": [
				0,
				1,
				2,
				3,
				4,
				5,
				6,
				7,
				8,
				9,
				10,
				11,
				12,
				13,
				14,
				15,
				16,
				17,
				18,
				19,
				20,
				21,
				22,
				23,
				24,
				25,
				26,
				27,
				28,
				29,
				30,
				31,
				32,
				33,
				34,
				35,
				36,
				37,
				38,
				39,
				40,
				41,
				42,
				43,
				44,
				45,
				46,
				47,
				48,
				49,
				50,
				51,
				52,
				53,
				54,
				55,
				56,
				57,
				58,
				59,
				60,
				61,
				62,
				63,
				64,
				65,
				66,
				67,
				68,
				69,
				70,
				71,
				72,
				73,
				74,
				75,
				76,
				77,
				78,
				79,
				80,
				81,
				82,
				83,
				84,
				85,
				86,
				87,
				88,
				89,
				90,
				91,
				92
			]
		}
	],
	"mcmodels": "8af83585e56d31a6f12bcd24bcfde830"
}