{
	"format_version": "1.21.6",
	"credit": "Pologony Creation Co.,Ltd.",
	"texture_size": [44, 44],
	"textures": {
		"2": "item/crates/necromancer/animated/animated_2",
		"3": "item/crates/necromancer/animated/animated_4",
		"5": "item/crates/necromancer/scythe"
	},
	"elements": [
		{
			"from": [7, 19.5, 6.5],
			"to": [9, 21, 9.5],
			"rotation": {"angle": 0, "axis": "y", "origin": [7, 19.5, 6]},
			"faces": {
				"east": {"uv": [8.36364, 0, 9.45455, 0.54545], "texture": "#5"},
				"west": {"uv": [8.36364, 1.09091, 9.45455, 1.63636], "texture": "#5"},
				"up": {"uv": [8, 5.45455, 7.27273, 4.36364], "texture": "#5"},
				"down": {"uv": [0.72727, 7.63636, 0, 8.72727], "texture": "#5"}
			}
		},
		{
			"from": [6.9975, 20.18934, 6.06066],
			"to": [9.0025, 21.43934, 7.56066],
			"rotation": {"angle": -45, "axis": "x", "origin": [6.9975, 19.93934, 7.56066]},
			"faces": {
				"north": {"uv": [0, 10.54545, 0.72727, 11], "texture": "#5"},
				"east": {"uv": [1.09091, 12.36364, 1.63636, 12.81818], "texture": "#5"},
				"south": {"uv": [10.54545, 5.09091, 11.27273, 5.54545], "texture": "#5"},
				"west": {"uv": [4, 12.36364, 4.54545, 12.81818], "texture": "#5"},
				"up": {"uv": [10.18182, 8.54545, 9.45455, 8], "texture": "#5"},
				"down": {"uv": [10.18182, 9.09091, 9.45455, 9.63636], "texture": "#5"}
			}
		},
		{
			"from": [6.9975, 21.43934, 6.06066],
			"to": [9.0025, 22.68934, 7.31066],
			"rotation": {"angle": -45, "axis": "x", "origin": [6.9975, 19.93934, 7.56066]},
			"faces": {
				"north": {"uv": [10.54545, 6.18182, 11.27273, 6.63636], "texture": "#5"},
				"east": {"uv": [12.36364, 9.45455, 12.81818, 9.90909], "texture": "#5"},
				"south": {"uv": [10.54545, 7.27273, 11.27273, 7.72727], "texture": "#5"},
				"west": {"uv": [9.81818, 12.36364, 10.27273, 12.81818], "texture": "#5"},
				"up": {"uv": [11.27273, 8.81818, 10.54545, 8.36364], "texture": "#5"}
			}
		},
		{
			"from": [7.3725, 22.78033, 4.82322],
			"to": [8.6275, 23.53033, 7.07322],
			"rotation": {"angle": 0, "axis": "y", "origin": [8.125, 23.40533, 5.69822]},
			"faces": {
				"north": {"uv": [0, 13.81818, 0.45455, 14.09091], "texture": "#5"},
				"east": {"uv": [12, 4.36364, 12.81818, 4.63636], "texture": "#5"},
				"south": {"uv": [13.81818, 0, 14.27273, 0.27273], "texture": "#5"},
				"west": {"uv": [8.36364, 12.36364, 9.18182, 12.63636], "texture": "#5"},
				"up": {"uv": [10.27273, 0.81818, 9.81818, 0], "texture": "#5"},
				"down": {"uv": [10.27273, 1.45455, 9.81818, 2.27273], "texture": "#5"}
			}
		},
		{
			"from": [7.4975, 21.93934, 5.56066],
			"to": [8.5025, 23.18934, 7.81066],
			"rotation": {"angle": -45, "axis": "x", "origin": [6.9975, 19.93934, 7.56066]},
			"faces": {
				"north": {"uv": [12.72727, 7.63636, 13.09091, 8.09091], "texture": "#5"},
				"east": {"uv": [4.36364, 9.81818, 5.18182, 10.27273], "texture": "#5"},
				"west": {"uv": [8.36364, 10.18182, 9.18182, 10.63636], "texture": "#5"},
				"up": {"uv": [6.18182, 10.63636, 5.81818, 9.81818], "texture": "#5"},
				"down": {"uv": [11.27273, 0, 10.90909, 0.81818], "texture": "#5"}
			}
		},
		{
			"from": [7.495, 21.53033, 5.07322],
			"to": [8.505, 22.78033, 6.32322],
			"rotation": {"angle": 0, "axis": "y", "origin": [7.9975, 22.65533, 5.69822]},
			"faces": {
				"north": {"uv": [12.72727, 10.54545, 13.09091, 11], "texture": "#5"},
				"east": {"uv": [0, 12.72727, 0.45455, 13.18182], "texture": "#5"},
				"south": {"uv": [11.63636, 12.72727, 12, 13.18182], "texture": "#5"},
				"west": {"uv": [12.72727, 0, 13.18182, 0.45455], "texture": "#5"},
				"down": {"uv": [13.09091, 11.63636, 12.72727, 12.09091], "texture": "#5"}
			}
		},
		{
			"from": [7.5, 21, 7.25],
			"to": [8.5, 25, 8.75],
			"rotation": {"angle": 0, "axis": "y", "origin": [7.75, 21, 6.5]},
			"faces": {
				"north": {"uv": [1.81818, 3.27273, 2.18182, 4.72727], "texture": "#5"},
				"east": {"uv": [1.09091, 7.63636, 1.63636, 9.09091], "texture": "#5"},
				"south": {"uv": [5.81818, 8, 6.18182, 9.45455], "texture": "#5"},
				"west": {"uv": [6.54545, 7.63636, 7.09091, 9.09091], "texture": "#5"}
			}
		},
		{
			"from": [7.4975, 23.91161, 7],
			"to": [8.5025, 26.03661, 9.125],
			"rotation": {"angle": -45, "axis": "x", "origin": [7.9975, 24.91161, 8]},
			"faces": {
				"north": {"uv": [1.09091, 10.90909, 1.45455, 11.72727], "texture": "#5"},
				"east": {"uv": [2.90909, 8, 3.72727, 8.81818], "texture": "#5"},
				"south": {"uv": [10.90909, 1.45455, 11.27273, 2.27273], "texture": "#5"},
				"west": {"uv": [8, 5.81818, 8.81818, 6.63636], "texture": "#5"},
				"up": {"uv": [4.72727, 11.72727, 4.36364, 10.90909], "texture": "#5"},
				"down": {"uv": [5.45455, 10.90909, 5.09091, 11.72727], "texture": "#5"}
			}
		},
		{
			"from": [7.75, 20.275, 2.75],
			"to": [8.25, 23.275, 13.25],
			"rotation": {"angle": 0, "axis": "y", "origin": [7.5, 20.275, 1.75]},
			"faces": {
				"east": {"uv": [2.54545, 0, 6.36364, 1.09091], "texture": "#5"},
				"west": {"uv": [2.54545, 1.45455, 6.36364, 2.54545], "texture": "#5"},
				"up": {"uv": [7.81818, 11.45455, 7.63636, 7.63636], "texture": "#5"},
				"down": {"uv": [2.36364, 8, 2.18182, 11.81818], "texture": "#5"}
			}
		},
		{
			"from": [7.7475, 20.525, 1.5],
			"to": [8.2525, 23.025, 4],
			"rotation": {"angle": -45, "axis": "x", "origin": [7.9975, 21.775, 2.75]},
			"faces": {
				"north": {"uv": [12.36364, 12.72727, 12.54545, 13.63636], "texture": "#5"},
				"east": {"uv": [6.54545, 6.18182, 7.45455, 7.09091], "texture": "#5"},
				"south": {"uv": [13.09091, 1.81818, 13.27273, 2.72727], "texture": "#5"},
				"west": {"uv": [6.90909, 0, 7.81818, 0.90909], "texture": "#5"},
				"up": {"uv": [6, 14, 5.81818, 13.09091], "texture": "#5"},
				"down": {"uv": [8.54545, 13.09091, 8.36364, 14], "texture": "#5"}
			}
		},
		{
			"from": [7.7475, 20.525, 12],
			"to": [8.2525, 23.025, 14.5],
			"rotation": {"angle": 45, "axis": "x", "origin": [7.9975, 21.775, 13.25]},
			"faces": {
				"north": {"uv": [9.09091, 13.09091, 9.27273, 14], "texture": "#5"},
				"east": {"uv": [6.90909, 1.45455, 7.81818, 2.36364], "texture": "#5"},
				"south": {"uv": [13.09091, 12.72727, 13.27273, 13.63636], "texture": "#5"},
				"west": {"uv": [7.27273, 2.90909, 8.18182, 3.81818], "texture": "#5"},
				"up": {"uv": [1.27273, 14.36364, 1.09091, 13.45455], "texture": "#5"},
				"down": {"uv": [3.09091, 13.45455, 2.90909, 14.36364], "texture": "#5"}
			}
		},
		{
			"from": [7.985, 18.25, 0.75],
			"to": [8.015, 22.25, 3.75],
			"rotation": {"angle": -22.5, "axis": "x", "origin": [8, 19.46553, 0.1049]},
			"faces": {
				"east": {"uv": [5.45455, 4.72727, 4.36364, 6.18182], "texture": "#5"},
				"west": {"uv": [4.36364, 4.72727, 5.45455, 6.18182], "texture": "#5"}
			}
		},
		{
			"from": [7.99, 19.62642, -2.58],
			"to": [8.01, 23.37642, 1.42],
			"rotation": {"angle": -45, "axis": "x", "origin": [8.005, 20.56695, 1.85519]},
			"faces": {
				"east": {"uv": [5.81818, 2.90909, 4.36364, 4.36364], "texture": "#5"},
				"west": {"uv": [4.36364, 2.90909, 5.81818, 4.36364], "texture": "#5"}
			}
		},
		{
			"from": [7.995, 14.30427, -4.18517],
			"to": [8.005, 18.80427, -0.71017],
			"rotation": {"angle": 22.5, "axis": "x", "origin": [8.01, 16.80427, -2.18517]},
			"faces": {
				"east": {"uv": [1.45455, 3.27273, 0, 4.90909], "texture": "#5"},
				"west": {"uv": [0, 3.27273, 1.45455, 4.90909], "texture": "#5"}
			}
		},
		{
			"from": [7.985, 18.25, 11.5],
			"to": [8.015, 26.25, 17.5],
			"rotation": {"angle": 0, "axis": "y", "origin": [7.985, 15.25, 10.5]},
			"faces": {
				"east": {"uv": [2.18182, 0, 0, 2.90909], "texture": "#5"},
				"west": {"uv": [0, 0, 2.18182, 2.90909], "texture": "#5"}
			}
		},
		{
			"from": [7.1, 16.5, 2],
			"to": [7.13, 25.5, 7],
			"rotation": {"angle": 0, "axis": "y", "origin": [0, 7, -1]},
			"faces": {
				"east": {"uv": [12, 0, 5.33333, 12], "texture": "#3"},
				"west": {"uv": [5.33333, 0, 12, 12], "texture": "#3"}
			}
		},
		{
			"from": [5.95423, 16.5, -1.76016],
			"to": [5.98423, 25.5, 2.23984],
			"rotation": {"angle": 22.5, "axis": "y", "origin": [5.95423, 21, -0.76016]},
			"faces": {
				"east": {"uv": [5.33333, 0, 0, 12], "texture": "#3"},
				"west": {"uv": [0, 0, 5.33333, 12], "texture": "#3"}
			}
		},
		{
			"from": [8.87, 16.5, 2],
			"to": [8.9, 25.5, 7],
			"rotation": {"angle": 0, "axis": "y", "origin": [16, 7, -1]},
			"faces": {
				"east": {"uv": [12, 0, 5.33333, 12], "texture": "#3"},
				"west": {"uv": [5.33333, 0, 12, 12], "texture": "#3"}
			}
		},
		{
			"from": [10.01577, 16.5, -1.76016],
			"to": [10.04577, 25.5, 2.23984],
			"rotation": {"angle": -22.5, "axis": "y", "origin": [10.04577, 21, -0.76016]},
			"faces": {
				"east": {"uv": [5.33333, 0, 0, 12], "texture": "#3"},
				"west": {"uv": [0, 0, 5.33333, 12], "texture": "#3"}
			}
		},
		{
			"from": [7.7535, -4.6875, 6.03173],
			"to": [8.2465, -3.4375, 8.28173],
			"rotation": {"angle": 22.5, "axis": "x", "origin": [8.0035, -4.1875, 7.09423]},
			"faces": {
				"east": {"uv": [9.81818, 10.18182, 10.63636, 10.63636], "texture": "#5"},
				"south": {"uv": [7.63636, 14.54545, 7.81818, 15], "texture": "#5"},
				"west": {"uv": [2.90909, 10.54545, 3.72727, 11], "texture": "#5"},
				"up": {"uv": [13.63636, 4.09091, 13.45455, 3.27273], "texture": "#5"},
				"down": {"uv": [3.81818, 13.45455, 3.63636, 14.27273], "texture": "#5"}
			}
		},
		{
			"from": [7.25, -4.75, 8],
			"to": [8.75, -3.25, 9.5],
			"rotation": {"angle": -45, "axis": "x", "origin": [7.25, -4.75, 8]},
			"faces": {
				"north": {"uv": [6.54545, 10.90909, 7.09091, 11.45455], "texture": "#5"},
				"east": {"uv": [8.36364, 11.27273, 8.90909, 11.81818], "texture": "#5"},
				"south": {"uv": [9.45455, 11.27273, 10, 11.81818], "texture": "#5"},
				"west": {"uv": [11.27273, 9.45455, 11.81818, 10], "texture": "#5"},
				"up": {"uv": [11.09091, 11.81818, 10.54545, 11.27273], "texture": "#5"},
				"down": {"uv": [0.54545, 11.63636, 0, 12.18182], "texture": "#5"}
			}
		},
		{
			"from": [7.75, 1, 7.04289],
			"to": [9.25, 1.5, 8.54289],
			"rotation": {"angle": -45, "axis": "y", "origin": [8, 1, 7.29289]},
			"faces": {
				"north": {"uv": [13.81818, 1.81818, 14.36364, 2], "texture": "#5"},
				"east": {"uv": [13.81818, 2.54545, 14.36364, 2.72727], "texture": "#5"},
				"south": {"uv": [13.81818, 4.72727, 14.36364, 4.90909], "texture": "#5"},
				"west": {"uv": [13.81818, 5.45455, 14.36364, 5.63636], "texture": "#5"},
				"up": {"uv": [12.18182, 0.54545, 11.63636, 0], "texture": "#5"},
				"down": {"uv": [12.18182, 1.09091, 11.63636, 1.63636], "texture": "#5"}
			}
		},
		{
			"from": [7.75, 2, 7.04289],
			"to": [9.25, 2.5, 8.54289],
			"rotation": {"angle": -45, "axis": "y", "origin": [8, 2, 7.29289]},
			"faces": {
				"north": {"uv": [11.27273, 13.81818, 11.81818, 14], "texture": "#5"},
				"east": {"uv": [13.81818, 12.36364, 14.36364, 12.54545], "texture": "#5"},
				"south": {"uv": [13.81818, 13.09091, 14.36364, 13.27273], "texture": "#5"},
				"west": {"uv": [13.81818, 13.81818, 14.36364, 14], "texture": "#5"},
				"up": {"uv": [3.45455, 12.18182, 2.90909, 11.63636], "texture": "#5"},
				"down": {"uv": [12.18182, 5.09091, 11.63636, 5.63636], "texture": "#5"}
			}
		},
		{
			"from": [7.75, 1.5, 7.21967],
			"to": [9, 2, 8.46967],
			"rotation": {"angle": -45, "axis": "y", "origin": [8, 1.5, 7.46967]},
			"faces": {
				"north": {"uv": [8.36364, 14.54545, 8.81818, 14.72727], "texture": "#5"},
				"east": {"uv": [9.45455, 14.54545, 9.90909, 14.72727], "texture": "#5"},
				"south": {"uv": [11.27273, 14.54545, 11.72727, 14.72727], "texture": "#5"},
				"west": {"uv": [13.45455, 14.54545, 13.90909, 14.72727], "texture": "#5"}
			}
		},
		{
			"from": [7.75, -3, 7.04289],
			"to": [9.25, -2.5, 8.54289],
			"rotation": {"angle": -45, "axis": "y", "origin": [8, -3, 7.29289]},
			"faces": {
				"north": {"uv": [14.18182, 3.27273, 14.72727, 3.45455], "texture": "#5"},
				"east": {"uv": [14.18182, 4, 14.72727, 4.18182], "texture": "#5"},
				"south": {"uv": [14.18182, 6.18182, 14.72727, 6.36364], "texture": "#5"},
				"west": {"uv": [14.18182, 6.90909, 14.72727, 7.09091], "texture": "#5"},
				"up": {"uv": [12.18182, 6.72727, 11.63636, 6.18182], "texture": "#5"},
				"down": {"uv": [12.18182, 7.27273, 11.63636, 7.81818], "texture": "#5"}
			}
		},
		{
			"from": [7.75, -2, 7.04289],
			"to": [9.25, -1.5, 8.54289],
			"rotation": {"angle": -45, "axis": "y", "origin": [8, -2, 7.29289]},
			"faces": {
				"north": {"uv": [14.18182, 7.63636, 14.72727, 7.81818], "texture": "#5"},
				"east": {"uv": [14.18182, 8.36364, 14.72727, 8.54545], "texture": "#5"},
				"south": {"uv": [14.18182, 9.09091, 14.72727, 9.27273], "texture": "#5"},
				"west": {"uv": [14.18182, 9.81818, 14.72727, 10], "texture": "#5"},
				"up": {"uv": [12.18182, 8.90909, 11.63636, 8.36364], "texture": "#5"},
				"down": {"uv": [12.18182, 10.54545, 11.63636, 11.09091], "texture": "#5"}
			}
		},
		{
			"from": [7.75, -2.5, 7.21967],
			"to": [9, -2, 8.46967],
			"rotation": {"angle": -45, "axis": "y", "origin": [8, -2.5, 7.46967]},
			"faces": {
				"north": {"uv": [14.54545, 14.54545, 15, 14.72727], "texture": "#5"},
				"east": {"uv": [14.90909, 0, 15.36364, 0.18182], "texture": "#5"},
				"south": {"uv": [1.09091, 14.90909, 1.54545, 15.09091], "texture": "#5"},
				"west": {"uv": [14.90909, 1.45455, 15.36364, 1.63636], "texture": "#5"}
			}
		},
		{
			"from": [7.75, 10, 7.04289],
			"to": [9.25, 10.5, 8.54289],
			"rotation": {"angle": -45, "axis": "y", "origin": [8, 17, 7.29289]},
			"faces": {
				"north": {"uv": [14.18182, 10.54545, 14.72727, 10.72727], "texture": "#5"},
				"east": {"uv": [14.18182, 11.27273, 14.72727, 11.45455], "texture": "#5"},
				"south": {"uv": [12.36364, 14.18182, 12.90909, 14.36364], "texture": "#5"},
				"west": {"uv": [0, 14.54545, 0.54545, 14.72727], "texture": "#5"},
				"up": {"uv": [12.18182, 12.18182, 11.63636, 11.63636], "texture": "#5"},
				"down": {"uv": [12.54545, 2.18182, 12, 2.72727], "texture": "#5"}
			}
		},
		{
			"from": [7.75, 10.5, 7.21967],
			"to": [9, 11, 8.46967],
			"rotation": {"angle": -45, "axis": "y", "origin": [8, 17.5, 7.46967]},
			"faces": {
				"north": {"uv": [2.18182, 14.90909, 2.63636, 15.09091], "texture": "#5"},
				"east": {"uv": [14.90909, 2.18182, 15.36364, 2.36364], "texture": "#5"},
				"south": {"uv": [3.27273, 14.90909, 3.72727, 15.09091], "texture": "#5"},
				"west": {"uv": [14.90909, 4.72727, 15.36364, 4.90909], "texture": "#5"}
			}
		},
		{
			"from": [7.75, 11, 7.04289],
			"to": [9.25, 11.5, 8.54289],
			"rotation": {"angle": -45, "axis": "y", "origin": [8, 18, 7.29289]},
			"faces": {
				"north": {"uv": [14.54545, 0.72727, 15.09091, 0.90909], "texture": "#5"},
				"east": {"uv": [4.36364, 14.54545, 4.90909, 14.72727], "texture": "#5"},
				"south": {"uv": [5.45455, 14.54545, 6, 14.72727], "texture": "#5"},
				"west": {"uv": [6.54545, 14.54545, 7.09091, 14.72727], "texture": "#5"},
				"up": {"uv": [12.54545, 3.81818, 12, 3.27273], "texture": "#5"},
				"down": {"uv": [6.36364, 12, 5.81818, 12.54545], "texture": "#5"}
			}
		},
		{
			"from": [8, 2.5, 7.29289],
			"to": [9, 10, 8.29289],
			"rotation": {"angle": -45, "axis": "y", "origin": [8, 2.5, 7.29289]},
			"faces": {
				"north": {"uv": [5.81818, 4.72727, 6.18182, 7.45455], "texture": "#5"},
				"east": {"uv": [6.54545, 2.90909, 6.90909, 5.63636], "texture": "#5"},
				"south": {"uv": [4.36364, 6.54545, 4.72727, 9.27273], "texture": "#5"},
				"west": {"uv": [5.09091, 6.54545, 5.45455, 9.27273], "texture": "#5"}
			}
		},
		{
			"from": [7.625, -5.25, 6.42074],
			"to": [8.375, -3, 7.42074],
			"rotation": {"angle": -22.5, "axis": "x", "origin": [7.625, -5, 6.42074]},
			"faces": {
				"north": {"uv": [2.18182, 12.36364, 2.45455, 13.18182], "texture": "#5"},
				"east": {"uv": [6.90909, 12, 7.27273, 12.81818], "texture": "#5"},
				"south": {"uv": [5.09091, 12.36364, 5.36364, 13.18182], "texture": "#5"},
				"west": {"uv": [7.63636, 12, 8, 12.81818], "texture": "#5"},
				"up": {"uv": [9, 4, 8.72727, 3.63636], "texture": "#5"},
				"down": {"uv": [10.09091, 2.90909, 9.81818, 3.27273], "texture": "#5"}
			}
		},
		{
			"from": [7.875, 16.21537, 5.87464],
			"to": [8.125, 17.21537, 7.37464],
			"rotation": {"angle": 45, "axis": "x", "origin": [7.625, 16.21537, 5.12464]},
			"faces": {
				"east": {"uv": [12.72727, 1.09091, 13.27273, 1.45455], "texture": "#5"},
				"south": {"uv": [15.27273, 4, 15.36364, 4.36364], "texture": "#5"},
				"west": {"uv": [2.90909, 12.72727, 3.45455, 13.09091], "texture": "#5"},
				"up": {"uv": [15, 13.63636, 14.90909, 13.09091], "texture": "#5"},
				"down": {"uv": [0.09091, 15.27273, 0, 15.81818], "texture": "#5"}
			}
		},
		{
			"from": [7.875, 15.68504, 4.69786],
			"to": [8.125, 17.18504, 5.44786],
			"rotation": {"angle": 45, "axis": "x", "origin": [7.625, 15.68504, 4.94786]},
			"faces": {
				"north": {"uv": [15.27273, 2.90909, 15.36364, 3.45455], "texture": "#5"},
				"east": {"uv": [4.36364, 13.45455, 4.63636, 14], "texture": "#5"},
				"south": {"uv": [4.36364, 15.27273, 4.45455, 15.81818], "texture": "#5"},
				"west": {"uv": [6.54545, 13.45455, 6.81818, 14], "texture": "#5"},
				"up": {"uv": [15.36364, 10.09091, 15.27273, 9.81818], "texture": "#5"},
				"down": {"uv": [15.36364, 10.54545, 15.27273, 10.81818], "texture": "#5"}
			}
		},
		{
			"from": [7.875, 17.71537, 5.53885],
			"to": [8.125, 19.46537, 6.28885],
			"rotation": {"angle": 45, "axis": "x", "origin": [7.625, 17.71537, 5.78885]},
			"faces": {
				"north": {"uv": [14.90909, 12, 15, 12.63636], "texture": "#5"},
				"east": {"uv": [10.90909, 12.36364, 11.18182, 13], "texture": "#5"},
				"south": {"uv": [12.36364, 14.90909, 12.45455, 15.54545], "texture": "#5"},
				"west": {"uv": [12.72727, 6.54545, 13, 7.18182], "texture": "#5"},
				"up": {"uv": [11.36364, 15.54545, 11.27273, 15.27273], "texture": "#5"},
				"down": {"uv": [15.36364, 11.27273, 15.27273, 11.54545], "texture": "#5"}
			}
		},
		{
			"from": [7.8755, 15.33148, 5.30142],
			"to": [8.1245, 16.08148, 6.05142],
			"rotation": {"angle": 0, "axis": "y", "origin": [8.0005, 15.70648, 6.05142]},
			"faces": {
				"east": {"uv": [10.54545, 9.45455, 10.81818, 9.72727], "texture": "#5"},
				"west": {"uv": [5.81818, 11.27273, 6.09091, 11.54545], "texture": "#5"},
				"down": {"uv": [13.18182, 15.27273, 13.09091, 15.54545], "texture": "#5"}
			}
		},
		{
			"from": [7.8755, 16.31714, 5.61208],
			"to": [8.1245, 17.89214, 6.41208],
			"rotation": {"angle": 0, "axis": "y", "origin": [7.6255, 16.39214, 5.86208]},
			"faces": {
				"north": {"uv": [5.09091, 15.27273, 5.18182, 15.81818], "texture": "#5"},
				"east": {"uv": [13.45455, 6.54545, 13.72727, 7.09091], "texture": "#5"},
				"south": {"uv": [15.27273, 5.45455, 15.36364, 6], "texture": "#5"},
				"west": {"uv": [7.27273, 13.45455, 7.54545, 14], "texture": "#5"}
			}
		},
		{
			"from": [7.875, -8.51537, 6.31385],
			"to": [8.125, -7.26537, 7.06385],
			"rotation": {"angle": -45, "axis": "x", "origin": [7.625, -7.26537, 6.56385]},
			"faces": {
				"north": {"uv": [9.09091, 15.27273, 9.18182, 15.72727], "texture": "#5"},
				"east": {"uv": [13.81818, 0.72727, 14.09091, 1.18182], "texture": "#5"},
				"south": {"uv": [9.81818, 15.27273, 9.90909, 15.72727], "texture": "#5"},
				"west": {"uv": [1.81818, 13.81818, 2.09091, 14.27273], "texture": "#5"},
				"up": {"uv": [13.90909, 15.54545, 13.81818, 15.27273], "texture": "#5"},
				"down": {"uv": [14.63636, 15.27273, 14.54545, 15.54545], "texture": "#5"}
			}
		},
		{
			"from": [7.875, -7.86892, 7.62451],
			"to": [8.125, -7.11892, 7.87451],
			"rotation": {"angle": -45, "axis": "x", "origin": [7.625, -7.61892, 7.62451]},
			"faces": {
				"east": {"uv": [15.27273, 15.27273, 15.36364, 15.54545], "texture": "#5"},
				"south": {"uv": [0.72727, 15.63636, 0.81818, 15.90909], "texture": "#5"},
				"west": {"uv": [15.63636, 0.72727, 15.72727, 1], "texture": "#5"},
				"up": {"uv": [3.72727, 15.72727, 3.63636, 15.63636], "texture": "#5"},
				"down": {"uv": [7.36364, 15.63636, 7.27273, 15.72727], "texture": "#5"}
			}
		},
		{
			"from": [7.8755, -7.44214, 6.38708],
			"to": [8.1245, -5.94214, 7.13708],
			"rotation": {"angle": 0, "axis": "y", "origin": [7.6255, -5.94214, 6.63708]},
			"faces": {
				"north": {"uv": [5.81818, 15.27273, 5.90909, 15.81818], "texture": "#5"},
				"east": {"uv": [13.45455, 7.63636, 13.72727, 8.18182], "texture": "#5"},
				"south": {"uv": [6.54545, 15.27273, 6.63636, 15.81818], "texture": "#5"},
				"west": {"uv": [13.45455, 8.72727, 13.72727, 9.27273], "texture": "#5"}
			}
		},
		{
			"from": [7.875, -6.73504, 5.47286],
			"to": [8.125, -5.23504, 6.22286],
			"rotation": {"angle": -45, "axis": "x", "origin": [7.625, -5.23504, 5.72286]},
			"faces": {
				"north": {"uv": [15.27273, 6.54545, 15.36364, 7.09091], "texture": "#5"},
				"east": {"uv": [9.81818, 13.45455, 10.09091, 14], "texture": "#5"},
				"south": {"uv": [15.27273, 7.63636, 15.36364, 8.18182], "texture": "#5"},
				"west": {"uv": [13.45455, 9.81818, 13.72727, 10.36364], "texture": "#5"},
				"up": {"uv": [1.54545, 15.90909, 1.45455, 15.63636], "texture": "#5"},
				"down": {"uv": [2.27273, 15.63636, 2.18182, 15.90909], "texture": "#5"}
			}
		},
		{
			"from": [7.875, -6.76537, 6.64964],
			"to": [8.125, -5.76537, 8.14964],
			"rotation": {"angle": -45, "axis": "x", "origin": [7.625, -5.76537, 5.89964]},
			"faces": {
				"east": {"uv": [12.72727, 5.09091, 13.27273, 5.45455], "texture": "#5"},
				"west": {"uv": [12.72727, 5.81818, 13.27273, 6.18182], "texture": "#5"},
				"up": {"uv": [8.45455, 15.81818, 8.36364, 15.27273], "texture": "#5"},
				"down": {"uv": [15.36364, 8.72727, 15.27273, 9.27273], "texture": "#5"}
			}
		},
		{
			"from": [7.8755, -5.63148, 6.07642],
			"to": [8.1245, -4.88148, 6.82642],
			"rotation": {"angle": 0, "axis": "y", "origin": [8.0005, -5.25648, 6.82642]},
			"faces": {
				"east": {"uv": [12.72727, 8.72727, 13, 9], "texture": "#5"},
				"west": {"uv": [5.09091, 13.81818, 5.36364, 14.09091], "texture": "#5"},
				"up": {"uv": [3, 15.90909, 2.90909, 15.63636], "texture": "#5"}
			}
		},
		{
			"from": [7.75, -4.6875, 7.71827],
			"to": [8.25, -3.4375, 9.96827],
			"rotation": {"angle": -22.5, "axis": "x", "origin": [8, -4.1875, 8.90577]},
			"faces": {
				"north": {"uv": [10.54545, 14.90909, 10.72727, 15.36364], "texture": "#5"},
				"east": {"uv": [10.54545, 2.90909, 11.36364, 3.36364], "texture": "#5"},
				"west": {"uv": [10.54545, 4, 11.36364, 4.45455], "texture": "#5"},
				"up": {"uv": [10.72727, 14.27273, 10.54545, 13.45455], "texture": "#5"},
				"down": {"uv": [13.63636, 10.90909, 13.45455, 11.72727], "texture": "#5"}
			}
		},
		{
			"from": [7.985, -11, 6],
			"to": [8.015, -4, 10],
			"rotation": {"angle": 0, "axis": "y", "origin": [6.985, -5, 6]},
			"faces": {
				"east": {"uv": [4, 2.90909, 2.54545, 5.45455], "texture": "#5"},
				"west": {"uv": [2.54545, 2.90909, 4, 5.45455], "texture": "#5"}
			}
		},
		{
			"from": [7.985, -4.73097, 4.01641],
			"to": [8.015, -3.48097, 6.51641],
			"rotation": {"angle": 0, "axis": "y", "origin": [7.985, -5.23097, 3.51641]},
			"faces": {
				"east": {"uv": [3.81818, 9.45455, 2.90909, 9.90909], "texture": "#5"},
				"west": {"uv": [2.90909, 9.45455, 3.81818, 9.90909], "texture": "#5"}
			}
		},
		{
			"from": [6.75, -11, 5.73984],
			"to": [6.78, -6, 8.23984],
			"rotation": {"angle": 22.5, "axis": "y", "origin": [6.75, -11, 5.23984]},
			"faces": {
				"east": {"uv": [5, 0, 0, 10], "texture": "#2"},
				"west": {"uv": [0, 0, 5, 10], "texture": "#2"}
			}
		},
		{
			"from": [6.75, -11, 7.76016],
			"to": [6.78, -6, 10.26016],
			"rotation": {"angle": -22.5, "axis": "y", "origin": [6.75, -11, 10.76016]},
			"faces": {
				"east": {"uv": [0, 0, 5, 10], "texture": "#2"},
				"west": {"uv": [5, 0, 0, 10], "texture": "#2"}
			}
		},
		{
			"from": [9.22, -11, 7.76016],
			"to": [9.25, -6, 10.26016],
			"rotation": {"angle": 22.5, "axis": "y", "origin": [9.25, -11, 10.76016]},
			"faces": {
				"east": {"uv": [0, 0, 5, 10], "texture": "#2"},
				"west": {"uv": [5, 0, 0, 10], "texture": "#2"}
			}
		},
		{
			"from": [9.22, -11, 5.73984],
			"to": [9.25, -6, 8.23984],
			"rotation": {"angle": -22.5, "axis": "y", "origin": [9.25, -11, 5.23984]},
			"faces": {
				"east": {"uv": [5, 0, 0, 10], "texture": "#2"},
				"west": {"uv": [0, 0, 5, 10], "texture": "#2"}
			}
		},
		{
			"from": [6.79289, 14.5, 7.5],
			"to": [8.79289, 19.5, 9.5],
			"rotation": {"angle": 45, "axis": "y", "origin": [7.29289, 14.75, 8]},
			"faces": {
				"north": {"uv": [0, 5.45455, 0.72727, 7.27273], "texture": "#5"},
				"east": {"uv": [1.09091, 5.45455, 1.81818, 7.27273], "texture": "#5"},
				"south": {"uv": [2.18182, 5.81818, 2.90909, 7.63636], "texture": "#5"},
				"west": {"uv": [3.27273, 5.81818, 4, 7.63636], "texture": "#5"},
				"up": {"uv": [9.09091, 5.09091, 8.36364, 4.36364], "texture": "#5"},
				"down": {"uv": [9.09091, 7.27273, 8.36364, 8], "texture": "#5"}
			}
		},
		{
			"from": [8, -1.5, 7.11612],
			"to": [9.25, 1, 8.36612],
			"rotation": {"angle": -45, "axis": "y", "origin": [8, 6, 7.11612]},
			"faces": {
				"north": {"uv": [9.45455, 3.63636, 9.90909, 4.54545], "texture": "#5"},
				"east": {"uv": [9.45455, 5.09091, 9.90909, 6], "texture": "#5"},
				"south": {"uv": [6.54545, 9.45455, 7, 10.36364], "texture": "#5"},
				"west": {"uv": [9.45455, 6.54545, 9.90909, 7.45455], "texture": "#5"}
			}
		},
		{
			"from": [8, 11.5, 7.11612],
			"to": [9.25, 14.5, 8.36612],
			"rotation": {"angle": -45, "axis": "y", "origin": [8, 17.5, 7.11612]},
			"faces": {
				"north": {"uv": [8.36364, 8.36364, 8.81818, 9.45455], "texture": "#5"},
				"east": {"uv": [8.72727, 2.18182, 9.18182, 3.27273], "texture": "#5"},
				"south": {"uv": [0, 9.09091, 0.45455, 10.18182], "texture": "#5"},
				"west": {"uv": [1.09091, 9.45455, 1.54545, 10.54545], "texture": "#5"}
			}
		},
		{
			"from": [6.9975, 20.18934, 8.43934],
			"to": [9.0025, 21.43934, 9.93934],
			"rotation": {"angle": 45, "axis": "x", "origin": [6.9975, 19.93934, 8.43934]},
			"faces": {
				"north": {"uv": [11.27273, 5.09091, 10.54545, 5.54545], "texture": "#5"},
				"east": {"uv": [1.63636, 12.36364, 1.09091, 12.81818], "texture": "#5"},
				"south": {"uv": [0.72727, 10.54545, 0, 11], "texture": "#5"},
				"west": {"uv": [4.54545, 12.36364, 4, 12.81818], "texture": "#5"},
				"up": {"uv": [10.18182, 8, 9.45455, 8.54545], "texture": "#5"},
				"down": {"uv": [10.18182, 9.63636, 9.45455, 9.09091], "texture": "#5"}
			}
		},
		{
			"from": [6.9975, 21.43934, 8.68934],
			"to": [9.0025, 22.68934, 9.93934],
			"rotation": {"angle": 45, "axis": "x", "origin": [6.9975, 19.93934, 8.43934]},
			"faces": {
				"north": {"uv": [11.27273, 7.27273, 10.54545, 7.72727], "texture": "#5"},
				"east": {"uv": [12.81818, 9.45455, 12.36364, 9.90909], "texture": "#5"},
				"south": {"uv": [11.27273, 6.18182, 10.54545, 6.63636], "texture": "#5"},
				"west": {"uv": [10.27273, 12.36364, 9.81818, 12.81818], "texture": "#5"},
				"up": {"uv": [11.27273, 8.36364, 10.54545, 8.81818], "texture": "#5"}
			}
		},
		{
			"from": [7.4975, 21.93934, 8.18934],
			"to": [8.5025, 23.18934, 10.43934],
			"rotation": {"angle": 45, "axis": "x", "origin": [6.9975, 19.93934, 8.43934]},
			"faces": {
				"east": {"uv": [5.18182, 9.81818, 4.36364, 10.27273], "texture": "#5"},
				"south": {"uv": [13.09091, 7.63636, 12.72727, 8.09091], "texture": "#5"},
				"west": {"uv": [9.18182, 10.18182, 8.36364, 10.63636], "texture": "#5"},
				"up": {"uv": [6.18182, 9.81818, 5.81818, 10.63636], "texture": "#5"},
				"down": {"uv": [11.27273, 0.81818, 10.90909, 0], "texture": "#5"}
			}
		},
		{
			"from": [7.495, 21.53033, 9.67678],
			"to": [8.505, 22.78033, 10.92678],
			"rotation": {"angle": 0, "axis": "y", "origin": [7.9975, 22.65533, 10.30178]},
			"faces": {
				"north": {"uv": [12, 12.72727, 11.63636, 13.18182], "texture": "#5"},
				"east": {"uv": [0.45455, 12.72727, 0, 13.18182], "texture": "#5"},
				"south": {"uv": [13.09091, 10.54545, 12.72727, 11], "texture": "#5"},
				"west": {"uv": [13.18182, 0, 12.72727, 0.45455], "texture": "#5"},
				"down": {"uv": [13.09091, 12.09091, 12.72727, 11.63636], "texture": "#5"}
			}
		},
		{
			"from": [7.3725, 22.78033, 8.92678],
			"to": [8.6275, 23.53033, 11.17678],
			"rotation": {"angle": 0, "axis": "y", "origin": [8.125, 23.40533, 10.30178]},
			"faces": {
				"north": {"uv": [14.27273, 0, 13.81818, 0.27273], "texture": "#5"},
				"east": {"uv": [12.81818, 4.36364, 12, 4.63636], "texture": "#5"},
				"south": {"uv": [0.45455, 13.81818, 0, 14.09091], "texture": "#5"},
				"west": {"uv": [9.18182, 12.36364, 8.36364, 12.63636], "texture": "#5"},
				"up": {"uv": [10.27273, 0, 9.81818, 0.81818], "texture": "#5"},
				"down": {"uv": [10.27273, 2.27273, 9.81818, 1.45455], "texture": "#5"}
			}
		},
		{
			"from": [7.875, -7.86892, 8.12549],
			"to": [8.125, -7.11892, 8.37549],
			"rotation": {"angle": 45, "axis": "x", "origin": [7.625, -7.61892, 8.37549]},
			"faces": {
				"north": {"uv": [0.81818, 15.63636, 0.72727, 15.90909], "texture": "#5"},
				"east": {"uv": [15.36364, 15.27273, 15.27273, 15.54545], "texture": "#5"},
				"west": {"uv": [15.72727, 0.72727, 15.63636, 1], "texture": "#5"},
				"up": {"uv": [3.72727, 15.63636, 3.63636, 15.72727], "texture": "#5"},
				"down": {"uv": [7.36364, 15.72727, 7.27273, 15.63636], "texture": "#5"}
			}
		},
		{
			"from": [7.875, -8.51537, 8.93615],
			"to": [8.125, -7.26537, 9.68615],
			"rotation": {"angle": 45, "axis": "x", "origin": [7.625, -7.26537, 9.43615]},
			"faces": {
				"north": {"uv": [9.90909, 15.27273, 9.81818, 15.72727], "texture": "#5"},
				"east": {"uv": [14.09091, 0.72727, 13.81818, 1.18182], "texture": "#5"},
				"south": {"uv": [9.18182, 15.27273, 9.09091, 15.72727], "texture": "#5"},
				"west": {"uv": [2.09091, 13.81818, 1.81818, 14.27273], "texture": "#5"},
				"up": {"uv": [13.90909, 15.27273, 13.81818, 15.54545], "texture": "#5"},
				"down": {"uv": [14.63636, 15.54545, 14.54545, 15.27273], "texture": "#5"}
			}
		},
		{
			"from": [7.8755, -7.44214, 8.86292],
			"to": [8.1245, -5.94214, 9.61292],
			"rotation": {"angle": 0, "axis": "y", "origin": [7.6255, -5.94214, 9.36292]},
			"faces": {
				"north": {"uv": [6.63636, 15.27273, 6.54545, 15.81818], "texture": "#5"},
				"east": {"uv": [13.72727, 7.63636, 13.45455, 8.18182], "texture": "#5"},
				"south": {"uv": [5.90909, 15.27273, 5.81818, 15.81818], "texture": "#5"},
				"west": {"uv": [13.72727, 8.72727, 13.45455, 9.27273], "texture": "#5"}
			}
		},
		{
			"from": [7.875, -6.73504, 9.77714],
			"to": [8.125, -5.23504, 10.52714],
			"rotation": {"angle": 45, "axis": "x", "origin": [7.625, -5.23504, 10.27714]},
			"faces": {
				"north": {"uv": [15.36364, 7.63636, 15.27273, 8.18182], "texture": "#5"},
				"east": {"uv": [10.09091, 13.45455, 9.81818, 14], "texture": "#5"},
				"south": {"uv": [15.36364, 6.54545, 15.27273, 7.09091], "texture": "#5"},
				"west": {"uv": [13.72727, 9.81818, 13.45455, 10.36364], "texture": "#5"},
				"up": {"uv": [1.54545, 15.63636, 1.45455, 15.90909], "texture": "#5"},
				"down": {"uv": [2.27273, 15.90909, 2.18182, 15.63636], "texture": "#5"}
			}
		},
		{
			"from": [7.8755, -5.63148, 9.17358],
			"to": [8.1245, -4.88148, 9.92358],
			"rotation": {"angle": 0, "axis": "y", "origin": [8.0005, -5.25648, 9.17358]},
			"faces": {
				"east": {"uv": [13, 8.72727, 12.72727, 9], "texture": "#5"},
				"west": {"uv": [5.36364, 13.81818, 5.09091, 14.09091], "texture": "#5"},
				"up": {"uv": [3, 15.63636, 2.90909, 15.90909], "texture": "#5"}
			}
		},
		{
			"from": [7.875, -6.76537, 7.85036],
			"to": [8.125, -5.76537, 9.35036],
			"rotation": {"angle": 45, "axis": "x", "origin": [7.625, -5.76537, 10.10036]},
			"faces": {
				"east": {"uv": [13.27273, 5.09091, 12.72727, 5.45455], "texture": "#5"},
				"west": {"uv": [13.27273, 5.81818, 12.72727, 6.18182], "texture": "#5"},
				"up": {"uv": [8.45455, 15.27273, 8.36364, 15.81818], "texture": "#5"},
				"down": {"uv": [15.36364, 9.27273, 15.27273, 8.72727], "texture": "#5"}
			}
		},
		{
			"from": [7.8755, 16.31714, 9.58792],
			"to": [8.1245, 17.89214, 10.38792],
			"rotation": {"angle": 0, "axis": "y", "origin": [7.6255, 16.39214, 10.13792]},
			"faces": {
				"north": {"uv": [15.36364, 5.45455, 15.27273, 6], "texture": "#5"},
				"east": {"uv": [13.72727, 6.54545, 13.45455, 7.09091], "texture": "#5"},
				"south": {"uv": [5.18182, 15.27273, 5.09091, 15.81818], "texture": "#5"},
				"west": {"uv": [7.54545, 13.45455, 7.27273, 14], "texture": "#5"}
			}
		},
		{
			"from": [7.8755, 15.33148, 9.94858],
			"to": [8.1245, 16.08148, 10.69858],
			"rotation": {"angle": 0, "axis": "y", "origin": [8.0005, 15.70648, 9.94858]},
			"faces": {
				"east": {"uv": [10.81818, 9.45455, 10.54545, 9.72727], "texture": "#5"},
				"west": {"uv": [6.09091, 11.27273, 5.81818, 11.54545], "texture": "#5"},
				"down": {"uv": [13.18182, 15.54545, 13.09091, 15.27273], "texture": "#5"}
			}
		},
		{
			"from": [7.875, 17.71537, 9.71115],
			"to": [8.125, 19.46537, 10.46115],
			"rotation": {"angle": -45, "axis": "x", "origin": [7.625, 17.71537, 10.21115]},
			"faces": {
				"north": {"uv": [12.45455, 14.90909, 12.36364, 15.54545], "texture": "#5"},
				"east": {"uv": [11.18182, 12.36364, 10.90909, 13], "texture": "#5"},
				"south": {"uv": [15, 12, 14.90909, 12.63636], "texture": "#5"},
				"west": {"uv": [13, 6.54545, 12.72727, 7.18182], "texture": "#5"},
				"up": {"uv": [11.36364, 15.27273, 11.27273, 15.54545], "texture": "#5"},
				"down": {"uv": [15.36364, 11.54545, 15.27273, 11.27273], "texture": "#5"}
			}
		},
		{
			"from": [7.875, 15.68504, 10.55214],
			"to": [8.125, 17.18504, 11.30214],
			"rotation": {"angle": -45, "axis": "x", "origin": [7.625, 15.68504, 11.05214]},
			"faces": {
				"north": {"uv": [4.45455, 15.27273, 4.36364, 15.81818], "texture": "#5"},
				"east": {"uv": [4.63636, 13.45455, 4.36364, 14], "texture": "#5"},
				"south": {"uv": [15.36364, 2.90909, 15.27273, 3.45455], "texture": "#5"},
				"west": {"uv": [6.81818, 13.45455, 6.54545, 14], "texture": "#5"},
				"up": {"uv": [15.36364, 9.81818, 15.27273, 10.09091], "texture": "#5"},
				"down": {"uv": [15.36364, 10.81818, 15.27273, 10.54545], "texture": "#5"}
			}
		},
		{
			"from": [7.875, 16.21537, 8.62536],
			"to": [8.125, 17.21537, 10.12536],
			"rotation": {"angle": -45, "axis": "x", "origin": [7.625, 16.21537, 10.87536]},
			"faces": {
				"north": {"uv": [15.36364, 4, 15.27273, 4.36364], "texture": "#5"},
				"east": {"uv": [13.27273, 1.09091, 12.72727, 1.45455], "texture": "#5"},
				"west": {"uv": [3.45455, 12.72727, 2.90909, 13.09091], "texture": "#5"},
				"up": {"uv": [15, 13.09091, 14.90909, 13.63636], "texture": "#5"},
				"down": {"uv": [0.09091, 15.81818, 0, 15.27273], "texture": "#5"}
			}
		},
		{
			"from": [7.18464, 14.37597, 7.875],
			"to": [8.68464, 15.37597, 8.125],
			"rotation": {"angle": -45, "axis": "z", "origin": [8, 16.87698, 8]},
			"faces": {
				"north": {"uv": [3.45455, 12.72727, 2.90909, 13.09091], "texture": "#5"},
				"east": {"uv": [15.36364, 4, 15.27273, 4.36364], "texture": "#5"},
				"south": {"uv": [13.27273, 1.09091, 12.72727, 1.45455], "texture": "#5"},
				"up": {"uv": [15, 13.09091, 14.90909, 13.63636], "rotation": 90, "texture": "#5"},
				"down": {"uv": [0.09091, 15.81818, 0, 15.27273], "rotation": 270, "texture": "#5"}
			}
		},
		{
			"from": [6.43464, 13.87596, 7.875],
			"to": [7.18464, 15.37596, 8.125],
			"rotation": {"angle": -45, "axis": "z", "origin": [8, 16.87698, 8]},
			"faces": {
				"north": {"uv": [6.81818, 13.45455, 6.54545, 14], "texture": "#5"},
				"east": {"uv": [4.45455, 15.27273, 4.36364, 15.81818], "texture": "#5"},
				"south": {"uv": [4.63636, 13.45455, 4.36364, 14], "texture": "#5"},
				"west": {"uv": [15.36364, 2.90909, 15.27273, 3.45455], "texture": "#5"},
				"up": {"uv": [15.36364, 9.81818, 15.27273, 10.09091], "rotation": 90, "texture": "#5"},
				"down": {"uv": [15.36364, 10.81818, 15.27273, 10.54545], "rotation": 270, "texture": "#5"}
			}
		},
		{
			"from": [5.59365, 15.90629, 7.875],
			"to": [6.34365, 17.65629, 8.125],
			"rotation": {"angle": -45, "axis": "z", "origin": [8, 16.87698, 8]},
			"faces": {
				"north": {"uv": [13, 6.54545, 12.72727, 7.18182], "texture": "#5"},
				"east": {"uv": [12.45455, 14.90909, 12.36364, 15.54545], "texture": "#5"},
				"south": {"uv": [11.18182, 12.36364, 10.90909, 13], "texture": "#5"},
				"west": {"uv": [15, 12, 14.90909, 12.63636], "texture": "#5"},
				"up": {"uv": [11.36364, 15.27273, 11.27273, 15.54545], "rotation": 90, "texture": "#5"},
				"down": {"uv": [15.36364, 11.54545, 15.27273, 11.27273], "rotation": 270, "texture": "#5"}
			}
		},
		{
			"from": [5.30142, 15.33148, 7.8755],
			"to": [6.05142, 16.08148, 8.1245],
			"rotation": {"angle": 0, "axis": "y", "origin": [8, 16.87698, 8]},
			"faces": {
				"north": {"uv": [6.09091, 11.27273, 5.81818, 11.54545], "texture": "#5"},
				"south": {"uv": [10.81818, 9.45455, 10.54545, 9.72727], "texture": "#5"},
				"down": {"uv": [13.18182, 15.54545, 13.09091, 15.27273], "rotation": 270, "texture": "#5"}
			}
		},
		{
			"from": [5.61208, 16.31714, 7.8755],
			"to": [6.41208, 17.89214, 8.1245],
			"rotation": {"angle": 0, "axis": "y", "origin": [8, 16.87698, 8]},
			"faces": {
				"north": {"uv": [7.54545, 13.45455, 7.27273, 14], "texture": "#5"},
				"east": {"uv": [15.36364, 5.45455, 15.27273, 6], "texture": "#5"},
				"south": {"uv": [13.72727, 6.54545, 13.45455, 7.09091], "texture": "#5"},
				"west": {"uv": [5.18182, 15.27273, 5.09091, 15.81818], "texture": "#5"}
			}
		},
		{
			"from": [9.58792, 16.31714, 7.8755],
			"to": [10.38792, 17.89214, 8.1245],
			"rotation": {"angle": 0, "axis": "y", "origin": [8, 16.87698, 8]},
			"faces": {
				"north": {"uv": [7.27273, 13.45455, 7.54545, 14], "texture": "#5"},
				"east": {"uv": [5.09091, 15.27273, 5.18182, 15.81818], "texture": "#5"},
				"south": {"uv": [13.45455, 6.54545, 13.72727, 7.09091], "texture": "#5"},
				"west": {"uv": [15.27273, 5.45455, 15.36364, 6], "texture": "#5"}
			}
		},
		{
			"from": [9.94858, 15.33148, 7.8755],
			"to": [10.69858, 16.08148, 8.1245],
			"rotation": {"angle": 0, "axis": "y", "origin": [8, 16.87698, 8]},
			"faces": {
				"north": {"uv": [5.81818, 11.27273, 6.09091, 11.54545], "texture": "#5"},
				"south": {"uv": [10.54545, 9.45455, 10.81818, 9.72727], "texture": "#5"},
				"down": {"uv": [13.18182, 15.27273, 13.09091, 15.54545], "rotation": 270, "texture": "#5"}
			}
		},
		{
			"from": [9.65635, 15.90629, 7.875],
			"to": [10.40635, 17.65629, 8.125],
			"rotation": {"angle": 45, "axis": "z", "origin": [8, 16.87698, 8]},
			"faces": {
				"north": {"uv": [12.72727, 6.54545, 13, 7.18182], "texture": "#5"},
				"east": {"uv": [14.90909, 12, 15, 12.63636], "texture": "#5"},
				"south": {"uv": [10.90909, 12.36364, 11.18182, 13], "texture": "#5"},
				"west": {"uv": [12.36364, 14.90909, 12.45455, 15.54545], "texture": "#5"},
				"up": {"uv": [11.36364, 15.54545, 11.27273, 15.27273], "rotation": 90, "texture": "#5"},
				"down": {"uv": [15.36364, 11.27273, 15.27273, 11.54545], "rotation": 270, "texture": "#5"}
			}
		},
		{
			"from": [8.81536, 13.87596, 7.875],
			"to": [9.56536, 15.37596, 8.125],
			"rotation": {"angle": 45, "axis": "z", "origin": [8, 16.87698, 8]},
			"faces": {
				"north": {"uv": [6.54545, 13.45455, 6.81818, 14], "texture": "#5"},
				"east": {"uv": [15.27273, 2.90909, 15.36364, 3.45455], "texture": "#5"},
				"south": {"uv": [4.36364, 13.45455, 4.63636, 14], "texture": "#5"},
				"west": {"uv": [4.36364, 15.27273, 4.45455, 15.81818], "texture": "#5"},
				"up": {"uv": [15.36364, 10.09091, 15.27273, 9.81818], "rotation": 90, "texture": "#5"},
				"down": {"uv": [15.36364, 10.54545, 15.27273, 10.81818], "rotation": 270, "texture": "#5"}
			}
		},
		{
			"from": [7.31536, 14.37597, 7.875],
			"to": [8.81536, 15.37597, 8.125],
			"rotation": {"angle": 45, "axis": "z", "origin": [8, 16.87698, 8]},
			"faces": {
				"north": {"uv": [2.90909, 12.72727, 3.45455, 13.09091], "texture": "#5"},
				"south": {"uv": [12.72727, 1.09091, 13.27273, 1.45455], "texture": "#5"},
				"west": {"uv": [15.27273, 4, 15.36364, 4.36364], "texture": "#5"},
				"up": {"uv": [15, 13.63636, 14.90909, 13.09091], "rotation": 90, "texture": "#5"},
				"down": {"uv": [0.09091, 15.27273, 0, 15.81818], "rotation": 270, "texture": "#5"}
			}
		},
		{
			"from": [7.985, -4.73097, 9.48359],
			"to": [8.015, -3.48097, 11.98359],
			"rotation": {"angle": 0, "axis": "y", "origin": [7.985, -5.23097, 12.48359]},
			"faces": {
				"east": {"uv": [2.90909, 9.45455, 3.81818, 9.90909], "texture": "#5"},
				"west": {"uv": [3.81818, 9.45455, 2.90909, 9.90909], "texture": "#5"}
			}
		},
		{
			"from": [7.625, -5.25, 8.57926],
			"to": [8.375, -3, 9.57926],
			"rotation": {"angle": 22.5, "axis": "x", "origin": [7.625, -5, 9.57926]},
			"faces": {
				"north": {"uv": [5.36364, 12.36364, 5.09091, 13.18182], "texture": "#5"},
				"east": {"uv": [7.27273, 12, 6.90909, 12.81818], "texture": "#5"},
				"south": {"uv": [2.45455, 12.36364, 2.18182, 13.18182], "texture": "#5"},
				"west": {"uv": [8, 12, 7.63636, 12.81818], "texture": "#5"},
				"up": {"uv": [9, 3.63636, 8.72727, 4], "texture": "#5"},
				"down": {"uv": [10.09091, 3.27273, 9.81818, 2.90909], "texture": "#5"}
			}
		}
	],
	"gui_light": "front",
	"display": {
		"thirdperson_righthand": {
			"translation": [0, -1, 1],
			"scale": [2, 2, 2]
		},
		"thirdperson_lefthand": {
			"translation": [0, -1, 1],
			"scale": [2, 2, 2]
		},
		"firstperson_righthand": {
			"rotation": [-5, 0, 0],
			"translation": [3.75, -2.5, 0],
			"scale": [2, 2, 2]
		},
		"firstperson_lefthand": {
			"rotation": [-5, 0, 0],
			"translation": [3.75, -2.5, 0],
			"scale": [2, 2, 2]
		},
		"ground": {
			"rotation": [-45, 0, 0],
			"translation": [0, 5, 0],
			"scale": [2, 2, 2]
		},
		"gui": {
			"rotation": [-90, 45, 90],
			"translation": [0.25, -0.25, 0],
			"scale": [2, 2, 2]
		},
		"head": {
			"rotation": [0, -90, 0],
			"scale": [2, 2, 2]
		},
		"fixed": {
			"rotation": [0, -90, 0],
			"translation": [0, 0, -1.75],
			"scale": [4, 4, 4]
		}
	},
	"groups": [
		{
			"name": "scythe",
			"origin": [7.625, -5, 9.57926],
			"color": 0,
			"children": [
				0,
				1,
				2,
				3,
				4,
				5,
				6,
				7,
				8,
				9,
				10,
				11,
				12,
				13,
				14,
				15,
				16,
				17,
				18,
				19,
				20,
				21,
				22,
				23,
				24,
				25,
				26,
				27,
				28,
				29,
				30,
				31,
				32,
				33,
				34,
				35,
				36,
				37,
				38,
				39,
				40,
				41,
				42,
				43,
				44,
				45,
				46,
				47,
				48,
				49,
				50,
				51,
				52,
				53,
				54,
				55,
				56,
				57,
				58,
				59,
				60,
				61,
				62,
				63,
				64,
				65,
				66,
				67,
				68,
				69,
				70,
				71,
				72,
				73,
				74,
				75,
				76,
				77,
				78,
				79,
				80
			]
		}
	],
	"mcmodels": "8af83585e56d31a6f12bcd24bcfde830"
}