{"credit":"Pologony Creation Co.,Ltd.","texture_size":[8,8],"textures":{"1":"item/crates/necromancer/animated/animated_1","2":"item/crates/necromancer/animated/animated_2","3":"item/crates/necromancer/sword","particle":"item/crates/necromancer/animated/animated_1"},"elements":[{"from":[7.7535,0.3125,6.03173],"to":[8.2465,1.5625,8.28173],"rotation":{"angle":22.5,"axis":"x","origin":[8.0035,0.8125,7.09423]},"faces":{"east":{"uv":[8.4,3.6,9.3,4.1],"texture":"#3"},"south":{"uv":[3.6,14,3.8,14.5],"texture":"#3"},"west":{"uv":[8.4,4.8,9.3,5.3],"texture":"#3"},"up":{"uv":[12.6,3.3,12.4,2.4],"texture":"#3"},"down":{"uv":[6.6,12.4,6.4,13.3],"texture":"#3"}}},{"from":[7.25,0.25,8],"to":[8.75,1.75,9.5],"rotation":{"angle":-45,"axis":"x","origin":[7.25,0.25,8]},"faces":{"north":{"uv":[10,3.2,10.6,3.8],"texture":"#3"},"east":{"uv":[10,4.4,10.6,5],"texture":"#3"},"south":{"uv":[6,10,6.6,10.6],"texture":"#3"},"west":{"uv":[7.2,10,7.8,10.6],"texture":"#3"},"up":{"uv":[9,10.6,8.4,10],"texture":"#3"},"down":{"uv":[10.6,8.8,10,9.4],"texture":"#3"}}},{"from":[7.75,2,7.04289],"to":[9.25,2.5,8.54289],"rotation":{"angle":-45,"axis":"y","origin":[8,2,7.29289]},"faces":{"north":{"uv":[10.8,13.2,11.4,13.4],"texture":"#3"},"east":{"uv":[13.2,10.8,13.8,11],"texture":"#3"},"south":{"uv":[12,13.2,12.6,13.4],"texture":"#3"},"west":{"uv":[13.2,13.2,13.8,13.4],"texture":"#3"},"up":{"uv":[10.2,10.6,9.6,10],"texture":"#3"},"down":{"uv":[0.6,10.4,0,11],"texture":"#3"}}},{"from":[7.75,3,7.04289],"to":[9.25,3.5,8.54289],"rotation":{"angle":-45,"axis":"y","origin":[8,3,7.29289]},"faces":{"north":{"uv":[13.6,1.2,14.2,1.4],"texture":"#3"},"east":{"uv":[1.6,13.6,2.2,13.8],"texture":"#3"},"south":{"uv":[13.6,3.6,14.2,3.8],"texture":"#3"},"west":{"uv":[13.6,4.4,14.2,4.6],"texture":"#3"},"up":{"uv":[11,1.8,10.4,1.2],"texture":"#3"},"down":{"uv":[4.2,10.4,3.6,11],"texture":"#3"}}},{"from":[7.75,2.5,7.21967],"to":[9,3,8.46967],"rotation":{"angle":-45,"axis":"y","origin":[8,2.5,7.46967]},"faces":{"north":{"uv":[14,6,14.5,6.2],"texture":"#3"},"east":{"uv":[14,6.8,14.5,7],"texture":"#3"},"south":{"uv":[7.2,14,7.7,14.2],"texture":"#3"},"west":{"uv":[14,7.6,14.5,7.8],"texture":"#3"}}},{"from":[7.75,6,7.04289],"to":[9.25,6.5,8.54289],"rotation":{"angle":-45,"axis":"y","origin":[8,13,7.29289]},"faces":{"north":{"uv":[14,0,14.6,0.2],"texture":"#3"},"east":{"uv":[14,2,14.6,2.2],"texture":"#3"},"south":{"uv":[14,2.8,14.6,3],"texture":"#3"},"west":{"uv":[6,14,6.6,14.2],"texture":"#3"},"up":{"uv":[11.8,3,11.2,2.4],"texture":"#3"},"down":{"uv":[11.8,3.6,11.2,4.2],"texture":"#3"}}},{"from":[7.75,6.5,7.21967],"to":[9,7,8.46967],"rotation":{"angle":-45,"axis":"y","origin":[8,13.5,7.46967]},"faces":{"north":{"uv":[14,10,14.5,10.2],"texture":"#3"},"east":{"uv":[10.8,14,11.3,14.2],"texture":"#3"},"south":{"uv":[12,14,12.5,14.2],"texture":"#3"},"west":{"uv":[13.2,14,13.7,14.2],"texture":"#3"}}},{"from":[7.75,7,7.04289],"to":[9.25,7.5,8.54289],"rotation":{"angle":-45,"axis":"y","origin":[8,14,7.29289]},"faces":{"north":{"uv":[13.6,8.4,14.2,8.6],"texture":"#3"},"east":{"uv":[13.6,9.2,14.2,9.4],"texture":"#3"},"south":{"uv":[13.6,11.6,14.2,11.8],"texture":"#3"},"west":{"uv":[13.6,12.4,14.2,12.6],"texture":"#3"},"up":{"uv":[11.8,0.6,11.2,0],"texture":"#3"},"down":{"uv":[2.6,11.2,2,11.8],"texture":"#3"}}},{"from":[8,3.5,7.29289],"to":[9,6,8.29289],"rotation":{"angle":-45,"axis":"y","origin":[8,3.5,7.29289]},"faces":{"north":{"uv":[4.4,8.8,4.8,9.8],"texture":"#3"},"east":{"uv":[9.2,0,9.6,1],"texture":"#3"},"south":{"uv":[9.6,1.6,10,2.6],"texture":"#3"},"west":{"uv":[5.2,9.6,5.6,10.6],"texture":"#3"}}},{"from":[7.625,-0.25,6.42074],"to":[8.375,2,7.42074],"rotation":{"angle":-22.5,"axis":"x","origin":[7.625,0,6.42074]},"faces":{"north":{"uv":[7.6,11.2,7.9,12.1],"texture":"#3"},"east":{"uv":[10.4,7.2,10.8,8.1],"texture":"#3"},"south":{"uv":[8.4,11.2,8.7,12.1],"texture":"#3"},"west":{"uv":[10.8,5.6,11.2,6.5],"texture":"#3"},"up":{"uv":[10.7,2.8,10.4,2.4],"texture":"#3"},"down":{"uv":[13.9,5.2,13.6,5.6],"texture":"#3"}}},{"from":[7,7.5,6.5],"to":[9,9,9.5],"rotation":{"angle":0,"axis":"y","origin":[7,7.5,6]},"faces":{"east":{"uv":[6.8,6.4,8,7],"texture":"#3"},"west":{"uv":[7.6,0,8.8,0.6],"texture":"#3"},"up":{"uv":[7.2,1.2,6.4,0],"texture":"#3"},"down":{"uv":[7.6,1.6,6.8,2.8],"texture":"#3"}}},{"from":[6.9975,8.18934,6.06066],"to":[9.0025,9.43934,7.56066],"rotation":{"angle":-45,"axis":"x","origin":[6.9975,7.93934,7.56066]},"faces":{"north":{"uv":[9.2,7.6,10,8.1],"texture":"#3"},"east":{"uv":[6.4,11.2,7,11.7],"texture":"#3"},"south":{"uv":[9.6,6,10.4,6.5],"texture":"#3"},"west":{"uv":[11.2,7.2,11.8,7.7],"texture":"#3"},"up":{"uv":[8.8,8.2,8,7.6],"texture":"#3"},"down":{"uv":[9.2,2.4,8.4,3],"texture":"#3"}}},{"from":[6.9975,9.43934,6.06066],"to":[9.0025,10.68934,7.31066],"rotation":{"angle":-45,"axis":"x","origin":[6.9975,7.93934,7.56066]},"faces":{"north":{"uv":[10,0,10.8,0.5],"texture":"#3"},"east":{"uv":[9.2,11.2,9.7,11.7],"texture":"#3"},"south":{"uv":[1.2,10,2,10.5],"texture":"#3"},"west":{"uv":[0,11.6,0.5,12.1],"texture":"#3"},"up":{"uv":[3.2,10.5,2.4,10],"texture":"#3"}}},{"from":[7.3725,10.78033,4.82322],"to":[8.6275,11.53033,7.07322],"rotation":{"angle":0,"axis":"x","origin":[8.125,11.40533,5.69822]},"faces":{"north":{"uv":[12.8,6.4,13.3,6.7],"texture":"#3"},"east":{"uv":[11.2,4.8,12.1,5.1],"texture":"#3"},"south":{"uv":[12.8,10,13.3,10.3],"texture":"#3"},"west":{"uv":[11.2,8.4,12.1,8.7],"texture":"#3"},"up":{"uv":[8.9,6.9,8.4,6],"texture":"#3"},"down":{"uv":[0.5,8.8,0,9.7],"texture":"#3"}}},{"from":[7.4975,9.93934,5.56066],"to":[8.5025,11.18934,7.81066],"rotation":{"angle":-45,"axis":"x","origin":[6.9975,7.93934,7.56066]},"faces":{"north":{"uv":[11.2,12,11.6,12.5],"texture":"#3"},"east":{"uv":[1.2,8.8,2.1,9.3],"texture":"#3"},"west":{"uv":[2.8,8.8,3.7,9.3],"texture":"#3"},"up":{"uv":[11.2,10.9,10.8,10],"texture":"#3"},"down":{"uv":[1.6,11.2,1.2,12.1],"texture":"#3"}}},{"from":[7.495,9.53033,5.07322],"to":[8.505,10.78033,6.32322],"rotation":{"angle":0,"axis":"x","origin":[7.9975,10.65533,5.69822]},"faces":{"north":{"uv":[12,12,12.4,12.5],"texture":"#3"},"east":{"uv":[11.6,1.2,12.1,1.7],"texture":"#3"},"south":{"uv":[12.4,0,12.8,0.5],"texture":"#3"},"west":{"uv":[3.2,11.6,3.7,12.1],"texture":"#3"},"down":{"uv":[2.4,12.4,2,12.9],"texture":"#3"}}},{"from":[7.3725,10.78033,8.92678],"to":[8.6275,11.53033,11.17678],"rotation":{"angle":0,"axis":"x","origin":[8.125,11.40533,10.30178]},"faces":{"north":{"uv":[13.3,10,12.8,10.3],"texture":"#3"},"east":{"uv":[12.1,4.8,11.2,5.1],"texture":"#3"},"south":{"uv":[13.3,6.4,12.8,6.7],"texture":"#3"},"west":{"uv":[12.1,8.4,11.2,8.7],"texture":"#3"},"up":{"uv":[8.9,6,8.4,6.9],"texture":"#3"},"down":{"uv":[0.5,9.7,0,8.8],"texture":"#3"}}},{"from":[7.495,9.53033,9.67678],"to":[8.505,10.78033,10.92678],"rotation":{"angle":0,"axis":"x","origin":[7.9975,10.65533,10.30178]},"faces":{"north":{"uv":[12.8,0,12.4,0.5],"texture":"#3"},"east":{"uv":[12.1,1.2,11.6,1.7],"texture":"#3"},"south":{"uv":[12.4,12,12,12.5],"texture":"#3"},"west":{"uv":[3.7,11.6,3.2,12.1],"texture":"#3"},"down":{"uv":[2.4,12.9,2,12.4],"texture":"#3"}}},{"from":[7.4975,9.93934,8.18934],"to":[8.5025,11.18934,10.43934],"rotation":{"angle":45,"axis":"x","origin":[6.9975,7.93934,8.43934]},"faces":{"east":{"uv":[2.1,8.8,1.2,9.3],"texture":"#3"},"south":{"uv":[11.6,12,11.2,12.5],"texture":"#3"},"west":{"uv":[3.7,8.8,2.8,9.3],"texture":"#3"},"up":{"uv":[11.2,10,10.8,10.9],"texture":"#3"},"down":{"uv":[1.6,12.1,1.2,11.2],"texture":"#3"}}},{"from":[6.9975,9.43934,8.68934],"to":[9.0025,10.68934,9.93934],"rotation":{"angle":45,"axis":"x","origin":[6.9975,7.93934,8.43934]},"faces":{"north":{"uv":[2,10,1.2,10.5],"texture":"#3"},"east":{"uv":[9.7,11.2,9.2,11.7],"texture":"#3"},"south":{"uv":[10.8,0,10,0.5],"texture":"#3"},"west":{"uv":[0.5,11.6,0,12.1],"texture":"#3"},"up":{"uv":[3.2,10,2.4,10.5],"texture":"#3"}}},{"from":[6.9975,8.18934,8.43934],"to":[9.0025,9.43934,9.93934],"rotation":{"angle":45,"axis":"x","origin":[6.9975,7.93934,8.43934]},"faces":{"north":{"uv":[10.4,6,9.6,6.5],"texture":"#3"},"east":{"uv":[7,11.2,6.4,11.7],"texture":"#3"},"south":{"uv":[10,7.6,9.2,8.1],"texture":"#3"},"west":{"uv":[11.8,7.2,11.2,7.7],"texture":"#3"},"up":{"uv":[8.8,7.6,8,8.2],"texture":"#3"},"down":{"uv":[9.2,3,8.4,2.4],"texture":"#3"}}},{"from":[7.75,9,6.5],"to":[8.25,13,9.5],"rotation":{"angle":0,"axis":"y","origin":[7.75,9,6.5]},"faces":{"north":{"uv":[4.8,11.2,5,12.8],"texture":"#3"},"east":{"uv":[4.8,0,6,1.6],"texture":"#3"},"south":{"uv":[5.6,11.2,5.8,12.8],"texture":"#3"},"west":{"uv":[5.2,2,6.4,3.6],"texture":"#3"}}},{"from":[7.7475,25,7],"to":[8.2525,27,9],"rotation":{"angle":-45,"axis":"x","origin":[7.9975,26,8]},"faces":{"north":{"uv":[12.8,12,13,12.8],"texture":"#3"},"east":{"uv":[6.8,7.6,7.6,8.4],"texture":"#3"},"south":{"uv":[13.2,0,13.4,0.8],"texture":"#3"},"west":{"uv":[8,1.2,8.8,2],"texture":"#3"},"up":{"uv":[13.4,3.2,13.2,2.4],"texture":"#3"},"down":{"uv":[4.6,13.2,4.4,14],"texture":"#3"}}},{"from":[7.7475,11.91161,7],"to":[8.2525,14.03661,9.125],"rotation":{"angle":-45,"axis":"x","origin":[7.9975,12.91161,8]},"faces":{"north":{"uv":[9.2,12.4,9.4,13.3],"texture":"#3"},"east":{"uv":[6.8,3.2,7.7,4.1],"texture":"#3"},"south":{"uv":[0,12.8,0.2,13.7],"texture":"#3"},"west":{"uv":[6.8,4.8,7.7,5.7],"texture":"#3"},"up":{"uv":[1,13.7,0.8,12.8],"texture":"#3"},"down":{"uv":[3,12.8,2.8,13.7],"texture":"#3"}}},{"from":[7.75,13,7],"to":[8.25,26,9],"rotation":{"angle":0,"axis":"y","origin":[7.75,12,6.5]},"faces":{"north":{"uv":[5.2,4,5.4,9.2],"texture":"#3"},"east":{"uv":[2.8,3.2,3.6,8.4],"texture":"#3"},"south":{"uv":[6,4,6.2,9.2],"texture":"#3"},"west":{"uv":[4,3.2,4.8,8.4],"texture":"#3"}}},{"from":[7.985,11.5,5.125],"to":[8.015,32,10.875],"rotation":{"angle":0,"axis":"y","origin":[7.985,10.03033,5.125]},"faces":{"east":{"uv":[2.3,0,0,8.2],"texture":"#3"},"west":{"uv":[0,0,2.3,8.2],"texture":"#3"}}},{"from":[7.875,12.31537,6.17464],"to":[8.125,13.31537,7.67464],"rotation":{"angle":45,"axis":"x","origin":[7.625,12.31537,5.42464]},"faces":{"east":{"uv":[11.2,9.2,11.8,9.6],"texture":"#3"},"south":{"uv":[11.6,14.8,11.7,15.2],"texture":"#3"},"west":{"uv":[11.6,5.6,12.2,6],"texture":"#3"},"up":{"uv":[5.3,15,5.2,14.4],"texture":"#3"},"down":{"uv":[10.1,14.4,10,15],"texture":"#3"}}},{"from":[7.875,11.78504,4.99786],"to":[8.125,13.28504,5.74786],"rotation":{"angle":45,"axis":"x","origin":[7.625,11.78504,5.24786]},"faces":{"north":{"uv":[14.4,13.2,14.5,13.8],"texture":"#3"},"east":{"uv":[12.4,7.2,12.7,7.8],"texture":"#3"},"south":{"uv":[14.4,14.4,14.5,15],"texture":"#3"},"west":{"uv":[12.4,10.8,12.7,11.4],"texture":"#3"},"up":{"uv":[14.9,12.3,14.8,12],"texture":"#3"},"down":{"uv":[12.5,14.8,12.4,15.1],"texture":"#3"}}},{"from":[7.875,13.81537,5.83885],"to":[8.125,15.56537,6.58885],"rotation":{"angle":45,"axis":"x","origin":[7.625,13.81537,6.08885]},"faces":{"north":{"uv":[2.4,14.4,2.5,15.1],"texture":"#3"},"east":{"uv":[10.4,11.6,10.7,12.3],"texture":"#3"},"south":{"uv":[4.4,14.4,4.5,15.1],"texture":"#3"},"west":{"uv":[11.6,10.8,11.9,11.5],"texture":"#3"},"down":{"uv":[0.1,15.2,0,15.5],"texture":"#3"}}},{"from":[7.8755,11.43148,5.60142],"to":[8.1245,12.18148,6.35142],"rotation":{"angle":0,"axis":"x","origin":[8.0005,11.80648,6.35142]},"faces":{"east":{"uv":[9.2,14,9.5,14.3],"texture":"#3"},"west":{"uv":[0,14.4,0.3,14.7],"texture":"#3"},"down":{"uv":[13.3,14.8,13.2,15.1],"texture":"#3"}}},{"from":[7.8755,12.41714,5.91208],"to":[8.1245,13.99214,6.71208],"rotation":{"angle":0,"axis":"x","origin":[7.6255,12.49214,6.16208]},"faces":{"north":{"uv":[14.8,0.8,14.9,1.4],"texture":"#3"},"east":{"uv":[12.8,1.2,13.1,1.8],"texture":"#3"},"south":{"uv":[14.8,3.6,14.9,4.2],"texture":"#3"},"west":{"uv":[3.6,12.8,3.9,13.4],"texture":"#3"}}},{"from":[7.875,13.81537,9.41115],"to":[8.125,15.56537,10.16115],"rotation":{"angle":-45,"axis":"x","origin":[7.625,13.81537,9.91115]},"faces":{"north":{"uv":[4.5,14.4,4.4,15.1],"texture":"#3"},"east":{"uv":[10.7,11.6,10.4,12.3],"texture":"#3"},"south":{"uv":[2.5,14.4,2.4,15.1],"texture":"#3"},"west":{"uv":[11.9,10.8,11.6,11.5],"texture":"#3"},"down":{"uv":[0.1,15.5,0,15.2],"texture":"#3"}}},{"from":[7.8755,12.41714,9.28792],"to":[8.1245,13.99214,10.08792],"rotation":{"angle":0,"axis":"x","origin":[7.6255,12.49214,9.83792]},"faces":{"north":{"uv":[14.9,3.6,14.8,4.2],"texture":"#3"},"east":{"uv":[13.1,1.2,12.8,1.8],"texture":"#3"},"south":{"uv":[14.9,0.8,14.8,1.4],"texture":"#3"},"west":{"uv":[3.9,12.8,3.6,13.4],"texture":"#3"}}},{"from":[7.875,11.78504,10.25214],"to":[8.125,13.28504,11.00214],"rotation":{"angle":-45,"axis":"x","origin":[7.625,11.78504,10.75214]},"faces":{"north":{"uv":[14.5,14.4,14.4,15],"texture":"#3"},"east":{"uv":[12.7,7.2,12.4,7.8],"texture":"#3"},"south":{"uv":[14.5,13.2,14.4,13.8],"texture":"#3"},"west":{"uv":[12.7,10.8,12.4,11.4],"texture":"#3"},"up":{"uv":[14.9,12,14.8,12.3],"texture":"#3"},"down":{"uv":[12.5,15.1,12.4,14.8],"texture":"#3"}}},{"from":[7.875,12.31537,8.32536],"to":[8.125,13.31537,9.82536],"rotation":{"angle":-45,"axis":"x","origin":[7.625,12.31537,10.57536]},"faces":{"north":{"uv":[11.7,14.8,11.6,15.2],"texture":"#3"},"east":{"uv":[11.8,9.2,11.2,9.6],"texture":"#3"},"west":{"uv":[12.2,5.6,11.6,6],"texture":"#3"},"up":{"uv":[5.3,14.4,5.2,15],"texture":"#3"},"down":{"uv":[10.1,15,10,14.4],"texture":"#3"}}},{"from":[7.8755,11.43148,9.64858],"to":[8.1245,12.18148,10.39858],"rotation":{"angle":0,"axis":"x","origin":[8.0005,11.80648,9.64858]},"faces":{"east":{"uv":[9.5,14,9.2,14.3],"texture":"#3"},"west":{"uv":[0.3,14.4,0,14.7],"texture":"#3"},"down":{"uv":[13.3,15.1,13.2,14.8],"texture":"#3"}}},{"from":[7.875,-3.51537,6.31385],"to":[8.125,-2.26537,7.06385],"rotation":{"angle":-45,"axis":"x","origin":[7.625,-2.26537,6.56385]},"faces":{"north":{"uv":[10.8,14.8,10.9,15.3],"texture":"#3"},"east":{"uv":[5.2,13.2,5.5,13.7],"texture":"#3"},"south":{"uv":[14.8,10.8,14.9,11.3],"texture":"#3"},"west":{"uv":[13.2,7.2,13.5,7.7],"texture":"#3"},"up":{"uv":[15.3,2.3,15.2,2],"texture":"#3"},"down":{"uv":[15.3,2.8,15.2,3.1],"texture":"#3"}}},{"from":[7.875,-2.86892,7.62451],"to":[8.125,-2.11892,7.87451],"rotation":{"angle":-45,"axis":"x","origin":[7.625,-2.61892,7.62451]},"faces":{"east":{"uv":[3.2,15.2,3.3,15.5],"texture":"#3"},"south":{"uv":[15.2,6,15.3,6.3],"texture":"#3"},"west":{"uv":[15.2,6.8,15.3,7.1],"texture":"#3"},"up":{"uv":[15.3,7.7,15.2,7.6],"texture":"#3"},"down":{"uv":[8.5,15.2,8.4,15.3],"texture":"#3"}}},{"from":[7.8755,-2.44214,6.38708],"to":[8.1245,-0.94214,7.13708],"rotation":{"angle":0,"axis":"x","origin":[7.6255,-0.94214,6.63708]},"faces":{"north":{"uv":[14.8,8.4,14.9,9],"texture":"#3"},"east":{"uv":[7.2,12.8,7.5,13.4],"texture":"#3"},"south":{"uv":[9.2,14.8,9.3,15.4],"texture":"#3"},"west":{"uv":[8,12.8,8.3,13.4],"texture":"#3"}}},{"from":[7.875,-1.73504,5.47286],"to":[8.125,-0.23504,6.22286],"rotation":{"angle":-45,"axis":"x","origin":[7.625,-0.23504,5.72286]},"faces":{"north":{"uv":[6.8,14.8,6.9,15.4],"texture":"#3"},"east":{"uv":[12.8,4,13.1,4.6],"texture":"#3"},"south":{"uv":[7.6,14.8,7.7,15.4],"texture":"#3"},"west":{"uv":[12.8,5.2,13.1,5.8],"texture":"#3"},"up":{"uv":[0.9,15.5,0.8,15.2],"texture":"#3"},"down":{"uv":[1.7,15.2,1.6,15.5],"texture":"#3"}}},{"from":[7.875,-1.76537,6.64964],"to":[8.125,-0.76537,8.14964],"rotation":{"angle":-45,"axis":"x","origin":[7.625,-0.76537,5.89964]},"faces":{"east":{"uv":[11.6,6.4,12.2,6.8],"texture":"#3"},"west":{"uv":[11.6,10,12.2,10.4],"texture":"#3"},"up":{"uv":[14.9,5.4,14.8,4.8],"texture":"#3"},"down":{"uv":[6.1,14.8,6,15.4],"texture":"#3"}}},{"from":[7.8755,-0.63148,6.07642],"to":[8.1245,0.11852,6.82642],"rotation":{"angle":0,"axis":"x","origin":[8.0005,-0.25648,6.82642]},"faces":{"east":{"uv":[0.8,14.4,1.1,14.7],"texture":"#3"},"west":{"uv":[1.6,14.4,1.9,14.7],"texture":"#3"},"up":{"uv":[15.3,0.3,15.2,0],"texture":"#3"}}},{"from":[7.625,-0.25,8.57926],"to":[8.375,2,9.57926],"rotation":{"angle":22.5,"axis":"x","origin":[7.625,0,9.57926]},"faces":{"north":{"uv":[8.7,11.2,8.4,12.1],"texture":"#3"},"east":{"uv":[10.8,7.2,10.4,8.1],"texture":"#3"},"south":{"uv":[7.9,11.2,7.6,12.1],"texture":"#3"},"west":{"uv":[11.2,5.6,10.8,6.5],"texture":"#3"},"up":{"uv":[10.7,2.4,10.4,2.8],"texture":"#3"},"down":{"uv":[13.9,5.6,13.6,5.2],"texture":"#3"}}},{"from":[7.875,-1.76537,7.85036],"to":[8.125,-0.76537,9.35036],"rotation":{"angle":45,"axis":"x","origin":[7.625,-0.76537,10.10036]},"faces":{"east":{"uv":[12.2,6.4,11.6,6.8],"texture":"#3"},"west":{"uv":[12.2,10,11.6,10.4],"texture":"#3"},"up":{"uv":[14.9,4.8,14.8,5.4],"texture":"#3"},"down":{"uv":[6.1,15.4,6,14.8],"texture":"#3"}}},{"from":[7.875,-1.73504,9.77714],"to":[8.125,-0.23504,10.52714],"rotation":{"angle":45,"axis":"x","origin":[7.625,-0.23504,10.27714]},"faces":{"north":{"uv":[7.7,14.8,7.6,15.4],"texture":"#3"},"east":{"uv":[13.1,4,12.8,4.6],"texture":"#3"},"south":{"uv":[6.9,14.8,6.8,15.4],"texture":"#3"},"west":{"uv":[13.1,5.2,12.8,5.8],"texture":"#3"},"up":{"uv":[0.9,15.2,0.8,15.5],"texture":"#3"},"down":{"uv":[1.7,15.5,1.6,15.2],"texture":"#3"}}},{"from":[7.8755,-0.63148,9.17358],"to":[8.1245,0.11852,9.92358],"rotation":{"angle":0,"axis":"x","origin":[8.0005,-0.25648,9.17358]},"faces":{"east":{"uv":[1.1,14.4,0.8,14.7],"texture":"#3"},"west":{"uv":[1.9,14.4,1.6,14.7],"texture":"#3"},"up":{"uv":[15.3,0,15.2,0.3],"texture":"#3"}}},{"from":[7.8755,-2.44214,8.86292],"to":[8.1245,-0.94214,9.61292],"rotation":{"angle":0,"axis":"x","origin":[7.6255,-0.94214,9.36292]},"faces":{"north":{"uv":[9.3,14.8,9.2,15.4],"texture":"#3"},"east":{"uv":[7.5,12.8,7.2,13.4],"texture":"#3"},"south":{"uv":[14.9,8.4,14.8,9],"texture":"#3"},"west":{"uv":[8.3,12.8,8,13.4],"texture":"#3"}}},{"from":[7.875,-3.51537,8.93615],"to":[8.125,-2.26537,9.68615],"rotation":{"angle":45,"axis":"x","origin":[7.625,-2.26537,9.43615]},"faces":{"north":{"uv":[14.9,10.8,14.8,11.3],"texture":"#3"},"east":{"uv":[5.5,13.2,5.2,13.7],"texture":"#3"},"south":{"uv":[10.9,14.8,10.8,15.3],"texture":"#3"},"west":{"uv":[13.5,7.2,13.2,7.7],"texture":"#3"},"up":{"uv":[15.3,2,15.2,2.3],"texture":"#3"},"down":{"uv":[15.3,3.1,15.2,2.8],"texture":"#3"}}},{"from":[7.875,-2.86892,8.12549],"to":[8.125,-2.11892,8.37549],"rotation":{"angle":45,"axis":"x","origin":[7.625,-2.61892,8.37549]},"faces":{"north":{"uv":[15.3,6,15.2,6.3],"texture":"#3"},"east":{"uv":[3.3,15.2,3.2,15.5],"texture":"#3"},"west":{"uv":[15.3,6.8,15.2,7.1],"texture":"#3"},"up":{"uv":[15.3,7.6,15.2,7.7],"texture":"#3"},"down":{"uv":[8.5,15.3,8.4,15.2],"texture":"#3"}}},{"from":[7.75,0.3125,7.71827],"to":[8.25,1.5625,9.96827],"rotation":{"angle":-22.5,"axis":"x","origin":[8,0.8125,8.90577]},"faces":{"north":{"uv":[8.4,14,8.6,14.5],"texture":"#3"},"east":{"uv":[6.8,8.8,7.7,9.3],"texture":"#3"},"west":{"uv":[8.4,8.8,9.3,9.3],"texture":"#3"},"up":{"uv":[13,9.3,12.8,8.4],"texture":"#3"},"down":{"uv":[10.2,12.8,10,13.7],"texture":"#3"}}},{"from":[7.985,-6,6],"to":[8.015,1,10],"rotation":{"angle":0,"axis":"y","origin":[6.985,0,6]},"faces":{"east":{"uv":[4.4,0,2.8,2.8],"texture":"#3"},"west":{"uv":[2.8,0,4.4,2.8],"texture":"#3"}}},{"from":[7.985,0.26903,4.01641],"to":[8.015,1.51903,6.51641],"rotation":{"angle":0,"axis":"y","origin":[7.985,-0.23097,3.51641]},"faces":{"east":{"uv":[14.5,15.1,13.5,15.6],"texture":"#3"},"west":{"uv":[13.5,15.1,14.5,15.6],"texture":"#3"}}},{"from":[7.985,0.26903,9.48359],"to":[8.015,1.51903,11.98359],"rotation":{"angle":0,"axis":"y","origin":[7.985,-0.23097,12.48359]},"faces":{"east":{"uv":[13.5,15.1,14.5,15.6],"texture":"#3"},"west":{"uv":[14.5,15.1,13.5,15.6],"texture":"#3"}}},{"from":[7.985,8.53033,1.07322],"to":[8.015,10.78033,5.07322],"rotation":{"angle":0,"axis":"y","origin":[7.985,0.03033,-0.17678]},"faces":{"east":{"uv":[16,12.2,14.4,13.1],"texture":"#3"},"west":{"uv":[14.4,12.2,16,13.1],"texture":"#3"}}},{"from":[7.985,8.53033,10.92678],"to":[8.015,10.78033,14.92678],"rotation":{"angle":0,"axis":"y","origin":[7.985,0.03033,16.17678]},"faces":{"east":{"uv":[14.4,12.2,16,13.1],"texture":"#3"},"west":{"uv":[16,12.2,14.4,13.1],"texture":"#3"}}},{"from":[7.077,12,4.87944],"to":[7.107,27,8.12944],"rotation":{"angle":22.5,"axis":"y","origin":[7.092,19.5,6.50444]},"faces":{"east":{"uv":[3.25,0,0,15],"texture":"#1"},"west":{"uv":[0,0,3.25,15],"texture":"#1"}}},{"from":[6.45628,12,7.74113],"to":[6.48628,27,10.99113],"rotation":{"angle":-22.5,"axis":"y","origin":[6.45628,12,10.99113]},"faces":{"east":{"uv":[6.5,0,3.25,15],"texture":"#1"},"west":{"uv":[3.25,0,6.5,15],"texture":"#1"}}},{"from":[9.51372,12,7.74113],"to":[9.54372,27,10.99113],"rotation":{"angle":22.5,"axis":"y","origin":[9.54372,12,10.99113]},"faces":{"east":{"uv":[6.5,0,3.25,15],"texture":"#1"},"west":{"uv":[3.25,0,6.5,15],"texture":"#1"}}},{"from":[8.893,12,4.87944],"to":[8.923,27,8.12944],"rotation":{"angle":-22.5,"axis":"y","origin":[8.908,19.5,6.50444]},"faces":{"east":{"uv":[3.25,0,0,15],"texture":"#1"},"west":{"uv":[0,0,3.25,15],"texture":"#1"}}},{"from":[6.75,-6,5.73984],"to":[6.78,-1,8.23984],"rotation":{"angle":22.5,"axis":"y","origin":[6.75,-6,5.23984]},"faces":{"east":{"uv":[5,0,0,10],"texture":"#2"},"west":{"uv":[0,0,5,10],"texture":"#2"}}},{"from":[6.75,-6,7.76016],"to":[6.78,-1,10.26016],"rotation":{"angle":-22.5,"axis":"y","origin":[6.75,-6,10.76016]},"faces":{"east":{"uv":[0,0,5,10],"texture":"#2"},"west":{"uv":[5,0,0,10],"texture":"#2"}}},{"from":[9.22,-6,7.76016],"to":[9.25,-1,10.26016],"rotation":{"angle":22.5,"axis":"y","origin":[9.25,-6,10.76016]},"faces":{"east":{"uv":[0,0,5,10],"texture":"#2"},"west":{"uv":[5,0,0,10],"texture":"#2"}}},{"from":[9.22,-6,5.73984],"to":[9.25,-1,8.23984],"rotation":{"angle":-22.5,"axis":"y","origin":[9.25,-6,5.23984]},"faces":{"east":{"uv":[5,0,0,10],"texture":"#2"},"west":{"uv":[0,0,5,10],"texture":"#2"}}}],"gui_light":"front","display":{"thirdperson_righthand":{"translation":[0,1.25,1]},"thirdperson_lefthand":{"translation":[0,1.25,1]},"firstperson_righthand":{"rotation":[5,0,0],"translation":[2.75,1.5,0],"scale":[0.8,0.8,0.8]},"firstperson_lefthand":{"rotation":[5,0,0],"translation":[2.75,1.5,0],"scale":[0.8,0.8,0.8]},"ground":{"rotation":[-45,0,0],"translation":[0,5,0],"scale":[0.7,0.7,0.7]},"gui":{"rotation":[-90,45,90],"translation":[2,-2,0],"scale":[0.7,0.7,0.7]},"head":{"rotation":[0,-90,0]},"fixed":{"rotation":[0,-90,0],"translation":[0,0,-1.75],"scale":[2,2,2]}},"groups":[{"name":"sword","origin":[7.985,0.03033,16.17678],"color":0,"children":[0,1,2,3,4,5,6,7,8,9,10,11,12,13,14,15,16,17,18,19,20,21,22,23,24,25,26,27,28,29,30,31,32,33,34,35,36,37,38,39,40,41,42,43,44,45,46,47,48,49,50,51,52,53,54,55,56,57,58,59,60,61,62]}],"mcmodels":"8af83585e56d31a6f12bcd24bcfde830"}