{"credit":"This is SunWithFace copy!","texture_size":[64,64],"textures":{"0":"item/crates/frog/frog_texture","1":"item/crates/frog/frog_bow_texture","particle":"item/crates/frog/frog_texture"},"elements":[{"from":[7.999,-2.81498,10.29531],"to":[7.999,2.18502,16.29531],"rotation":{"angle":22.5,"axis":"x","origin":[8.012,3.03033,7.52532]},"faces":{"north":{"uv":[5,10,5,11.25],"texture":"#1"},"east":{"uv":[0,0,1.5,1.25],"texture":"#1"},"south":{"uv":[3,11,3,12.25],"texture":"#1"},"west":{"uv":[0,1.5,1.5,2.75],"texture":"#1"},"up":{"uv":[3.25,12.5,3.25,11],"texture":"#1"},"down":{"uv":[5.25,11,5.25,12.5],"texture":"#1"}}},{"from":[7.999,4.20228,10.43061],"to":[7.999,9.20228,16.43061],"rotation":{"angle":-22.5,"axis":"x","origin":[8.012,3.03033,7.52532]},"faces":{"north":{"uv":[5.5,11,5.5,12.25],"texture":"#1"},"east":{"uv":[1.75,0,3.25,1.25],"texture":"#1"},"south":{"uv":[5.75,11,5.75,12.25],"texture":"#1"},"west":{"uv":[1.75,1.5,3.25,2.75],"texture":"#1"},"up":{"uv":[6,12.5,6,11],"texture":"#1"},"down":{"uv":[7.25,11,7.25,12.5],"texture":"#1"}}},{"from":[8,5.58927,1.07874],"to":[8,8.58927,6.57874],"rotation":{"angle":22.5,"axis":"x","origin":[8,4.33927,5.82874]},"faces":{"north":{"uv":[11,3.75,11,4.5],"texture":"#1"},"east":{"uv":[3.125,3,1.75,3.75],"texture":"#1"},"south":{"uv":[7.5,11,7.5,11.75],"texture":"#1"},"west":{"uv":[1.75,3,3.125,3.75],"texture":"#1"},"up":{"uv":[7.75,12.375,7.75,11],"texture":"#1"},"down":{"uv":[11,8.25,11,9.625],"texture":"#1"}}},{"from":[8,-2.17506,1.07874],"to":[8,0.82494,6.57874],"rotation":{"angle":-22.5,"axis":"x","origin":[8,2.07494,5.82874]},"faces":{"north":{"uv":[11,10,11,10.75],"texture":"#1"},"east":{"uv":[3.125,3.75,1.75,3],"texture":"#1"},"south":{"uv":[11,11,11,11.75],"texture":"#1"},"west":{"uv":[1.75,3.75,3.125,3],"texture":"#1"},"up":{"uv":[11.25,7.125,11.25,5.75],"texture":"#1"},"down":{"uv":[6.25,11.25,6.25,12.625],"texture":"#1"}}},{"from":[6.75,6.54976,11.71605],"to":[9.25,9.04976,14.21605],"rotation":{"angle":-45,"axis":"x","origin":[8.012,3.03033,7.52532]},"faces":{"north":{"uv":[2,6.25,2.625,6.875],"texture":"#1"},"east":{"uv":[5,6.25,5.625,6.875],"texture":"#1"},"south":{"uv":[6,6.25,6.625,6.875],"texture":"#1"},"west":{"uv":[6.5,4,7.125,4.625],"texture":"#1"},"up":{"uv":[7.125,5.625,6.5,5],"texture":"#1"},"down":{"uv":[7.375,2,6.75,2.625],"texture":"#1"}}},{"from":[7,-1.48389,10.21084],"to":[9,1.01611,12.71084],"rotation":{"angle":45,"axis":"x","origin":[8.012,3.03033,7.52532]},"faces":{"north":{"uv":[0,8.25,0.5,8.875],"texture":"#1"},"east":{"uv":[3,6.75,3.625,7.375],"texture":"#1"},"south":{"uv":[8.25,0,8.75,0.625],"texture":"#1"},"west":{"uv":[6.75,3,7.375,3.625],"texture":"#1"},"up":{"uv":[1.25,8.875,0.75,8.25],"texture":"#1"},"down":{"uv":[8.75,1,8.25,1.625],"texture":"#1"}}},{"name":"pommel_outline","from":[6.5,-2.9891,11.21605],"to":[9.5,0.0109,14.21605],"rotation":{"angle":45,"axis":"x","origin":[8.012,3.03033,7.52532]},"faces":{"north":{"uv":[4.75,3.25,5.5,4],"texture":"#1"},"east":{"uv":[0,5.25,0.75,6],"texture":"#1"},"south":{"uv":[5.25,0,6,0.75],"texture":"#1"},"west":{"uv":[1,5.25,1.75,6],"texture":"#1"},"up":{"uv":[6,1.75,5.25,1],"texture":"#1"},"down":{"uv":[2.75,5.25,2,6],"texture":"#1"}}},{"from":[6.75,-2.7391,11.46605],"to":[9.25,-0.2391,13.96605],"rotation":{"angle":45,"axis":"x","origin":[8.012,3.03033,7.52532]},"faces":{"north":{"uv":[4,6.75,4.625,7.375],"texture":"#1"},"east":{"uv":[7,6,7.625,6.625],"texture":"#1"},"south":{"uv":[7,7,7.625,7.625],"texture":"#1"},"west":{"uv":[0,7.25,0.625,7.875],"texture":"#1"},"up":{"uv":[7.875,0.625,7.25,0],"texture":"#1"},"down":{"uv":[1.625,7.25,1,7.875],"texture":"#1"}}},{"name":"pommel_outline","from":[6.5,6.29976,11.46605],"to":[9.5,9.29976,14.46605],"rotation":{"angle":-45,"axis":"x","origin":[8.012,3.03033,7.52532]},"faces":{"north":{"uv":[5.5,4.25,6.25,5],"texture":"#1"},"east":{"uv":[5.5,5.25,6.25,6],"texture":"#1"},"south":{"uv":[5.75,2,6.5,2.75],"texture":"#1"},"west":{"uv":[3,5.75,3.75,6.5],"texture":"#1"},"up":{"uv":[6.5,3.75,5.75,3],"texture":"#1"},"down":{"uv":[4.75,5.75,4,6.5],"texture":"#1"}}},{"from":[7,5.14811,10.10729],"to":[9,7.64811,12.60729],"rotation":{"angle":-45,"axis":"x","origin":[8.012,3.38388,7.17176]},"faces":{"north":{"uv":[1.5,8.25,2,8.875],"texture":"#1"},"east":{"uv":[7.25,1,7.875,1.625],"texture":"#1"},"south":{"uv":[2.25,8.25,2.75,8.875],"texture":"#1"},"west":{"uv":[2,7.25,2.625,7.875],"texture":"#1"},"up":{"uv":[8.75,4.625,8.25,4],"texture":"#1"},"down":{"uv":[5,8.25,4.5,8.875],"texture":"#1"}}},{"from":[7.25,-1.29289,7.25],"to":[8.75,0.70711,8.75],"rotation":{"angle":0,"axis":"y","origin":[8.012,3.03033,7.52532]},"faces":{"north":{"uv":[2.75,9.5,3.125,10],"texture":"#1"},"east":{"uv":[9.5,3.5,9.875,4],"texture":"#1"},"south":{"uv":[9.5,4.25,9.875,4.75],"texture":"#1"},"west":{"uv":[7.25,9.5,7.625,10],"texture":"#1"},"up":{"uv":[10.625,8.625,10.25,8.25],"texture":"#1"},"down":{"uv":[10.625,9,10.25,9.375],"texture":"#1"}}},{"from":[7.25,5.70711,7.25],"to":[8.75,7.70711,8.75],"rotation":{"angle":0,"axis":"y","origin":[8.012,10.03033,7.52532]},"faces":{"north":{"uv":[9.5,8.5,9.875,9],"texture":"#1"},"east":{"uv":[9.5,9.25,9.875,9.75],"texture":"#1"},"south":{"uv":[9.75,0,10.125,0.5],"texture":"#1"},"west":{"uv":[9.75,0.75,10.125,1.25],"texture":"#1"},"up":{"uv":[10.625,10.125,10.25,9.75],"texture":"#1"},"down":{"uv":[10.875,0,10.5,0.375],"texture":"#1"}}},{"from":[7.5,1.20711,7.5],"to":[8.5,5.20711,8.5],"rotation":{"angle":-45,"axis":"y","origin":[8,3.20711,8]},"faces":{"north":{"uv":[4,8.75,4.25,9.75],"texture":"#1"},"east":{"uv":[9,3.75,9.25,4.75],"texture":"#1"},"south":{"uv":[9,8.5,9.25,9.5],"texture":"#1"},"west":{"uv":[0,9.25,0.25,10.25],"texture":"#1"},"up":{"uv":[3.25,5.5,3,5.25],"texture":"#1"},"down":{"uv":[5.25,5.75,5,6],"texture":"#1"}}},{"from":[7,5.20711,7],"to":[9,6.70711,9],"rotation":{"angle":0,"axis":"y","origin":[8.012,3.03033,7.52532]},"faces":{"north":{"uv":[9.75,7.5,10.25,7.875],"texture":"#1"},"east":{"uv":[8.75,9.75,9.25,10.125],"texture":"#1"},"south":{"uv":[0.5,10,1,10.375],"texture":"#1"},"west":{"uv":[1.25,10,1.75,10.375],"texture":"#1"},"up":{"uv":[1,9.75,0.5,9.25],"texture":"#1"},"down":{"uv":[1.75,9.25,1.25,9.75],"texture":"#1"}}},{"from":[7,-0.29289,7],"to":[9,1.20711,9],"rotation":{"angle":0,"axis":"y","origin":[8.012,3.03033,7.52532]},"faces":{"north":{"uv":[2,10,2.5,10.375],"texture":"#1"},"east":{"uv":[10,2.75,10.5,3.125],"texture":"#1"},"south":{"uv":[3.5,10,4,10.375],"texture":"#1"},"west":{"uv":[4.25,10,4.75,10.375],"texture":"#1"},"up":{"uv":[2.5,9.75,2,9.25],"texture":"#1"},"down":{"uv":[9.75,2.75,9.25,3.25],"texture":"#1"}}},{"from":[7.999,-6.61975,13.27532],"to":[7.999,3.38025,13.77532],"rotation":{"angle":0,"axis":"y","origin":[7.999,-6.11975,13.52532]},"faces":{"north":{"uv":[6.5,11.25,6.5,13.75],"texture":"#1"},"east":{"uv":[5.25,8.25,5.375,10.75],"texture":"#1"},"south":{"uv":[6.75,11.25,6.75,13.75],"texture":"#1"},"west":{"uv":[5.75,8.25,5.875,10.75],"texture":"#1"},"up":{"uv":[6.5,7.375,6.5,7.25],"texture":"#1"},"down":{"uv":[6.75,7.25,6.75,7.375],"texture":"#1"}}},{"from":[7.999,3.38025,13.27532],"to":[7.999,13.38025,13.77532],"rotation":{"angle":0,"axis":"y","origin":[7.999,12.38025,13.52532]},"faces":{"north":{"uv":[7,11.25,7,13.75],"texture":"#1"},"east":{"uv":[6.25,8.5,6.375,11],"texture":"#1"},"south":{"uv":[11.25,7.5,11.25,10],"texture":"#1"},"west":{"uv":[6.75,8.5,6.875,11],"texture":"#1"},"up":{"uv":[4.5,7.875,4.5,7.75],"texture":"#1"},"down":{"uv":[4.75,7.75,4.75,7.875],"texture":"#1"}}},{"from":[7.25,-0.98389,12.71084],"to":[8.75,0.51611,15.71084],"rotation":{"angle":45,"axis":"x","origin":[8.012,3.03033,7.52532]},"faces":{"north":{"uv":[10.5,0.75,10.875,1.125],"texture":"#1"},"east":{"uv":[8.25,5,9,5.375],"texture":"#1"},"south":{"uv":[10.5,7.5,10.875,7.875],"texture":"#1"},"west":{"uv":[8.5,2,9.25,2.375],"texture":"#1"},"up":{"uv":[8.875,3.5,8.5,2.75],"texture":"#1"},"down":{"uv":[7.625,8.5,7.25,9.25],"texture":"#1"}}},{"from":[7,-3.46997,13.81377],"to":[9,-1.46997,15.31377],"rotation":{"angle":22.5,"axis":"x","origin":[8.012,4.13033,6.42532]},"faces":{"north":{"uv":[4.5,9.25,5,9.75],"texture":"#1"},"east":{"uv":[10,5,10.375,5.5],"texture":"#1"},"south":{"uv":[9.25,5,9.75,5.5],"texture":"#1"},"west":{"uv":[8,10,8.375,10.5],"texture":"#1"},"up":{"uv":[10,10.375,9.5,10],"texture":"#1"},"down":{"uv":[10.75,1.5,10.25,1.875],"texture":"#1"}}},{"from":[7.25,-3.21997,15.31377],"to":[8.75,-1.71997,16.81377],"rotation":{"angle":22.5,"axis":"x","origin":[8.012,4.13033,6.42532]},"faces":{"north":{"uv":[8.75,10.5,9.125,10.875],"texture":"#1"},"east":{"uv":[10.25,10.5,10.625,10.875],"texture":"#1"},"south":{"uv":[0,10.75,0.375,11.125],"texture":"#1"},"west":{"uv":[0.75,10.75,1.125,11.125],"texture":"#1"},"up":{"uv":[1.875,11.125,1.5,10.75],"texture":"#1"},"down":{"uv":[11.125,2.25,10.75,2.625],"texture":"#1"}}},{"from":[7,-10.32459,8.47618],"to":[9,-7.32459,11.47618],"rotation":{"angle":-22.5,"axis":"x","origin":[8.012,4.13033,6.42532]},"faces":{"north":{"uv":[5,7.25,5.5,8],"texture":"#1"},"east":{"uv":[0,6.25,0.75,7],"texture":"#1"},"south":{"uv":[5.75,7.25,6.25,8],"texture":"#1"},"west":{"uv":[6.25,0,7,0.75],"texture":"#1"},"up":{"uv":[8,4.75,7.5,4],"texture":"#1"},"down":{"uv":[8,5,7.5,5.75],"texture":"#1"}}},{"from":[7.25,8.13419,15.31377],"to":[8.75,9.63419,16.81377],"rotation":{"angle":-22.5,"axis":"x","origin":[8.012,2.28388,6.42532]},"faces":{"north":{"uv":[3.5,10.75,3.875,11.125],"texture":"#1"},"east":{"uv":[4.25,10.75,4.625,11.125],"texture":"#1"},"south":{"uv":[10.75,5,11.125,5.375],"texture":"#1"},"west":{"uv":[8,10.75,8.375,11.125],"texture":"#1"},"up":{"uv":[9.875,11.125,9.5,10.75],"texture":"#1"},"down":{"uv":[11.375,1.5,11,1.875],"texture":"#1"}}},{"from":[7,13.7388,8.47618],"to":[9,16.7388,11.47618],"rotation":{"angle":22.5,"axis":"x","origin":[8.012,2.28388,6.42532]},"faces":{"north":{"uv":[7.75,2,8.25,2.75],"texture":"#1"},"east":{"uv":[1,6.25,1.75,7],"texture":"#1"},"south":{"uv":[3,7.75,3.5,8.5],"texture":"#1"},"west":{"uv":[6.25,1,7,1.75],"texture":"#1"},"up":{"uv":[8.25,3.75,7.75,3],"texture":"#1"},"down":{"uv":[4.25,7.75,3.75,8.5],"texture":"#1"}}},{"from":[7,7.88419,13.81377],"to":[9,9.88419,15.31377],"rotation":{"angle":-22.5,"axis":"x","origin":[8.012,2.28388,6.42532]},"faces":{"north":{"uv":[8,9.25,8.5,9.75],"texture":"#1"},"east":{"uv":[2.75,10.25,3.125,10.75],"texture":"#1"},"south":{"uv":[9.5,2,10,2.5],"texture":"#1"},"west":{"uv":[10.25,3.5,10.625,4],"texture":"#1"},"up":{"uv":[10.75,4.625,10.25,4.25],"texture":"#1"},"down":{"uv":[7.75,10.25,7.25,10.625],"texture":"#1"}}},{"from":[7.25,5.89811,12.71084],"to":[8.75,7.39811,15.71084],"rotation":{"angle":-45,"axis":"x","origin":[8.012,3.38388,7.52532]},"faces":{"north":{"uv":[2.25,11,2.625,11.375],"texture":"#1"},"east":{"uv":[8,8.5,8.75,8.875],"texture":"#1"},"south":{"uv":[11,3,11.375,3.375],"texture":"#1"},"west":{"uv":[3,8.75,3.75,9.125],"texture":"#1"},"up":{"uv":[9.375,0.75,9,0],"texture":"#1"},"down":{"uv":[9.375,1,9,1.75],"texture":"#1"}}},{"from":[5.75,14.76777,5.5],"to":[7.25,16.26777,7],"rotation":{"angle":0,"axis":"y","origin":[2.75,16.76777,4.5]},"faces":{"north":{"uv":[1.5,12.5,2.25,13.25],"texture":"#0"},"east":{"uv":[12.5,1.5,13.25,2.25],"texture":"#0"},"south":{"uv":[3,12.5,3.75,13.25],"texture":"#0"},"west":{"uv":[4.5,12.5,5.25,13.25],"texture":"#0"},"up":{"uv":[13.25,9.75,12.5,9],"texture":"#0"},"down":{"uv":[10.75,12.5,10,13.25],"texture":"#0"}}},{"from":[8.75,14.76777,5.5],"to":[10.25,16.26777,7],"rotation":{"angle":0,"axis":"y","origin":[13.25,16.76777,4.5]},"faces":{"north":{"uv":[12.5,10.5,13.25,11.25],"texture":"#0"},"east":{"uv":[11.5,12.5,12.25,13.25],"texture":"#0"},"south":{"uv":[6,13,6.75,13.75],"texture":"#0"},"west":{"uv":[7.5,13,8.25,13.75],"texture":"#0"},"up":{"uv":[13.75,12.75,13,12],"texture":"#0"},"down":{"uv":[0.75,13.5,0,14.25],"texture":"#0"}}},{"from":[6.75,15.51777,7.25],"to":[6.75,17.51777,9.75],"rotation":{"angle":0,"axis":"y","origin":[5.25,15.51777,4.5]},"faces":{"north":{"uv":[9,13,9,14],"texture":"#0"},"east":{"uv":[3,9.5,4.25,10.5],"texture":"#0"},"south":{"uv":[9.5,13,9.5,14],"texture":"#0"},"west":{"uv":[5,9.5,6.25,10.5],"texture":"#0"},"up":{"uv":[13,14.75,13,13.5],"texture":"#0"},"down":{"uv":[13.5,13.5,13.5,14.75],"texture":"#0"}}},{"from":[9.25,15.51777,7.25],"to":[9.25,17.51777,9.75],"rotation":{"angle":0,"axis":"y","origin":[10.75,15.51777,4.5]},"faces":{"north":{"uv":[14,0,14,1],"texture":"#0"},"east":{"uv":[10,3.5,11.25,4.5],"texture":"#0"},"south":{"uv":[1.5,14,1.5,15],"texture":"#0"},"west":{"uv":[10,5,11.25,6],"texture":"#0"},"up":{"uv":[2,15.25,2,14],"texture":"#0"},"down":{"uv":[2.5,14,2.5,15.25],"texture":"#0"}}},{"from":[6.75,15.51777,9.75],"to":[9.25,17.51777,9.75],"rotation":{"angle":0,"axis":"y","origin":[10.5,15.51777,4.5]},"faces":{"north":{"uv":[10,6.5,11.25,7.5],"texture":"#0"},"east":{"uv":[14,1.5,14,2.5],"texture":"#0"},"south":{"uv":[7,10,8.25,11],"texture":"#0"},"west":{"uv":[3,14,3,15],"texture":"#0"},"up":{"uv":[9.25,1.5,8,1.5],"texture":"#0"},"down":{"uv":[4.75,14,3.5,14],"texture":"#0"}}},{"from":[6.75,15.51777,7.25],"to":[9.25,17.51777,7.25],"rotation":{"angle":0,"axis":"y","origin":[10.5,15.51777,2]},"faces":{"north":{"uv":[10,8,11.25,9],"texture":"#0"},"east":{"uv":[5.5,14,5.5,15],"texture":"#0"},"south":{"uv":[9,10,10.25,11],"texture":"#0"},"west":{"uv":[14,9,14,10],"texture":"#0"},"up":{"uv":[11.25,14,10,14],"texture":"#0"},"down":{"uv":[15.25,10.5,14,10.5],"texture":"#0"}}},{"from":[4.00733,11.01777,8.49582],"to":[6.00733,12.51777,11.49582],"rotation":{"angle":22.5,"axis":"y","origin":[3.50733,11.01777,7.49582]},"faces":{"north":{"uv":[4,11,5,11.75],"texture":"#0"},"east":{"uv":[0,10.5,1.5,11.25],"texture":"#0"},"south":{"uv":[5.5,11,6.5,11.75],"texture":"#0"},"west":{"uv":[10.5,0,12,0.75],"texture":"#0"},"up":{"uv":[8,9.5,7,8],"texture":"#0"},"down":{"uv":[1,8.5,0,10],"texture":"#0"}}},{"from":[4.26956,11.01777,5.84149],"to":[5.76956,12.51777,7.84149],"rotation":{"angle":22.5,"axis":"y","origin":[3.76956,11.01777,4.84149]},"faces":{"north":{"uv":[13.5,6,14.25,6.75],"texture":"#0"},"east":{"uv":[0,12,1,12.75],"texture":"#0"},"south":{"uv":[13.5,7.5,14.25,8.25],"texture":"#0"},"west":{"uv":[12,3,13,3.75],"texture":"#0"},"up":{"uv":[12.75,5.5,12,4.5],"texture":"#0"},"down":{"uv":[12.75,6,12,7],"texture":"#0"}}},{"from":[10.23044,11.01777,5.84149],"to":[11.73044,12.51777,7.84149],"rotation":{"angle":-22.5,"axis":"y","origin":[12.23044,11.01777,4.84149]},"faces":{"north":{"uv":[13.5,3,14.25,3.75],"texture":"#0"},"east":{"uv":[11,9.5,12,10.25],"texture":"#0"},"south":{"uv":[13.5,4.5,14.25,5.25],"texture":"#0"},"west":{"uv":[11,11,12,11.75],"texture":"#0"},"up":{"uv":[7.75,12.5,7,11.5],"texture":"#0"},"down":{"uv":[9.25,11.5,8.5,12.5],"texture":"#0"}}},{"from":[9.99267,11.01777,8.49582],"to":[11.99267,12.51777,11.49582],"rotation":{"angle":-22.5,"axis":"y","origin":[12.49267,11.01777,7.49582]},"faces":{"north":{"uv":[12,7.5,13,8.25],"texture":"#0"},"east":{"uv":[10.5,1.5,12,2.25],"texture":"#0"},"south":{"uv":[12.5,0,13.5,0.75],"texture":"#0"},"west":{"uv":[2,11,3.5,11.75],"texture":"#0"},"up":{"uv":[2.5,10,1.5,8.5],"texture":"#0"},"down":{"uv":[9.5,8,8.5,9.5],"texture":"#0"}}},{"from":[6,11.51777,4.5],"to":[10,13.51777,7.5],"rotation":{"angle":0,"axis":"y","origin":[5,12.51777,4.5]},"faces":{"north":{"uv":[7.5,3.5,9.5,4.5],"texture":"#0"},"east":{"uv":[3,8,4.5,9],"texture":"#0"},"south":{"uv":[8,0,10,1],"texture":"#0"},"west":{"uv":[5,8,6.5,9],"texture":"#0"},"up":{"uv":[7,3.5,5,2],"texture":"#0"},"down":{"uv":[7,4,5,5.5],"texture":"#0"}}},{"from":[6.5,13.51777,5],"to":[9.5,15.51777,10],"rotation":{"angle":0,"axis":"y","origin":[5,13.51777,4.5]},"faces":{"north":{"uv":[8,5,9.5,6],"texture":"#0"},"east":{"uv":[0,7,2.5,8],"texture":"#0"},"south":{"uv":[8,6.5,9.5,7.5],"texture":"#0"},"west":{"uv":[7.5,2,10,3],"texture":"#0"},"up":{"uv":[4.5,2.5,3,0],"texture":"#0"},"down":{"uv":[4.5,3,3,5.5],"texture":"#0"}}},{"from":[5.5,11.51777,7.5],"to":[10.5,14.51777,11],"rotation":{"angle":0,"axis":"y","origin":[5,13.51777,7]},"faces":{"north":{"uv":[0,5,2.5,6.5],"texture":"#0"},"east":{"uv":[3,6,4.75,7.5],"texture":"#0"},"south":{"uv":[5,0,7.5,1.5],"texture":"#0"},"west":{"uv":[5.5,6,7.25,7.5],"texture":"#0"},"up":{"uv":[2.5,1.75,0,0],"texture":"#0"},"down":{"uv":[2.5,2.5,0,4.25],"texture":"#0"}}}],"gui_light":"front","display":{"thirdperson_righthand":{"translation":[0,2.25,-0.5],"scale":[0.9,0.9,0.9]},"thirdperson_lefthand":{"translation":[0,2.25,-0.5],"scale":[0.9,0.9,0.9]},"firstperson_righthand":{"translation":[9.75,8.5,-9]},"firstperson_lefthand":{"translation":[9.75,8.5,-9]},"ground":{"translation":[0,13.75,0]},"gui":{"rotation":[90,46,-90],"translation":[0.25,3.25,0],"scale":[0.7,0.7,0.7]},"fixed":{"rotation":[0,-90,0],"translation":[1,3.5,-3.75]}},"groups":[{"name":"frog_bow","origin":[8,8,8],"color":0,"children":[{"name":"bow","origin":[8,-10.9205,18.2859],"color":0,"children":[{"name":"accents","origin":[8.012,3.03033,7.52532],"color":0,"children":[0,1,2,3]},4,5,6,7,8,9,10,11,12,13,14,15,16,17,18,19,20,21,22,23,24]},{"name":"frog","origin":[12.49267,0,7.99582],"color":0,"children":[{"name":"eyes","origin":[13.25,5.75,5],"color":0,"children":[25,26]},{"name":"crown","origin":[10.5,4.5,2.5],"color":0,"children":[27,28,29,30]},{"name":"feet","origin":[12.49267,0,7.99582],"color":0,"children":[31,32,33,34]},{"name":"body","origin":[5,2.5,7.5],"color":0,"children":[35,36,37]}]}]}],"mcmodels":"9204aa0cb57852696a8cee80f6197a3f"}