{"credit":"This is SunWithFace copy!","texture_size":[64,64],"textures":{"0":"item/crates/frog/frog_texture","1":"item/crates/frog/frog_fishing_rod_texture","particle":"item/crates/frog/frog_texture"},"elements":[{"from":[7,4.5,7],"to":[9,7,9],"rotation":{"angle":0,"axis":"y","origin":[7,5,7]},"faces":{"north":{"uv":[8.25,5,8.75,5.625],"texture":"#1"},"east":{"uv":[6.25,8.5,6.75,9.125],"texture":"#1"},"south":{"uv":[7,8.5,7.5,9.125],"texture":"#1"},"west":{"uv":[8.75,3.25,9.25,3.875],"texture":"#1"},"up":{"uv":[9.25,4.75,8.75,4.25],"texture":"#1"},"down":{"uv":[3.25,9,2.75,9.5],"texture":"#1"}}},{"from":[7.28995,-1.05,7.3],"to":[8.68995,8.45,8.7],"rotation":{"angle":45,"axis":"y","origin":[7.98995,7.95,8]},"faces":{"north":{"uv":[2.25,4.75,2.625,7.125],"texture":"#1"},"east":{"uv":[4.75,2.75,5.125,5.125],"texture":"#1"},"south":{"uv":[3,4.75,3.375,7.125],"texture":"#1"},"west":{"uv":[5.5,0,5.875,2.375],"texture":"#1"},"up":{"uv":[8.875,10.625,8.5,10.25],"texture":"#1"},"down":{"uv":[10.625,9,10.25,9.375],"texture":"#1"}}},{"from":[7.03995,-6.55,7.05],"to":[8.93995,-5.05,8.95],"rotation":{"angle":0,"axis":"y","origin":[7.98995,-5.8,8]},"faces":{"north":{"uv":[10.25,3.75,10.75,4.125],"texture":"#1"},"east":{"uv":[10.25,5.25,10.75,5.625],"texture":"#1"},"south":{"uv":[10.25,6,10.75,6.375],"texture":"#1"},"west":{"uv":[6.25,10.25,6.75,10.625],"texture":"#1"},"up":{"uv":[9.5,5.5,9,5],"texture":"#1"},"down":{"uv":[8.25,9,7.75,9.5],"texture":"#1"}}},{"from":[6.73995,-8.53241,6.76464],"to":[9.23995,-6.03241,9.26464],"rotation":{"angle":45,"axis":"x","origin":[7.98995,-7.28241,7.96464]},"faces":{"north":{"uv":[7.5,2,8.125,2.625],"texture":"#1"},"east":{"uv":[7.5,3,8.125,3.625],"texture":"#1"},"south":{"uv":[6.75,7.5,7.375,8.125],"texture":"#1"},"west":{"uv":[7.75,4,8.375,4.625],"texture":"#1"},"up":{"uv":[8.375,6.625,7.75,6],"texture":"#1"},"down":{"uv":[8.375,7,7.75,7.625],"texture":"#1"}}},{"name":"pommel_outline","from":[6.48995,-8.78241,6.56464],"to":[9.48995,-5.78241,9.56464],"rotation":{"angle":45,"axis":"x","origin":[7.98995,-7.28241,8.01464]},"faces":{"north":{"uv":[6.75,4,7.5,4.75],"texture":"#1"},"east":{"uv":[6.75,6.5,7.5,7.25],"texture":"#1"},"south":{"uv":[7,0,7.75,0.75],"texture":"#1"},"west":{"uv":[7,1,7.75,1.75],"texture":"#1"},"up":{"uv":[4.5,7.75,3.75,7],"texture":"#1"},"down":{"uv":[8,5,7.25,5.75],"texture":"#1"}}},{"from":[7.53995,-5.05,7.55],"to":[8.43995,-1.05,8.45],"rotation":{"angle":45,"axis":"y","origin":[7.98995,-7.05,8]},"faces":{"north":{"uv":[3.5,9,3.75,10],"texture":"#1"},"east":{"uv":[8.5,9,8.75,10],"texture":"#1"},"south":{"uv":[9,9,9.25,10],"texture":"#1"},"west":{"uv":[0,9.25,0.25,10.25],"texture":"#1"},"up":{"uv":[7.5,6.25,7.25,6],"texture":"#1"},"down":{"uv":[10,5.25,9.75,5.5],"texture":"#1"}}},{"from":[6.98995,7.95,6.7565],"to":[8.98995,10.45,9.2565],"rotation":{"angle":45,"axis":"x","origin":[7.98995,9.2,8.0065]},"faces":{"north":{"uv":[4.75,8.75,5.25,9.375],"texture":"#1"},"east":{"uv":[8,0,8.625,0.625],"texture":"#1"},"south":{"uv":[8.75,6,9.25,6.625],"texture":"#1"},"west":{"uv":[8,1,8.625,1.625],"texture":"#1"},"up":{"uv":[9.25,7.625,8.75,7],"texture":"#1"},"down":{"uv":[9.25,8,8.75,8.625],"texture":"#1"}}},{"from":[6.98995,14.80876,4.85485],"to":[8.98995,16.80876,6.85485],"rotation":{"angle":45,"axis":"x","origin":[7.98995,13.65711,8.0065]},"faces":{"north":{"uv":[0.5,9.25,1,9.75],"texture":"#1"},"east":{"uv":[1.25,9.25,1.75,9.75],"texture":"#1"},"south":{"uv":[9.25,1.5,9.75,2],"texture":"#1"},"west":{"uv":[9.25,2.25,9.75,2.75],"texture":"#1"},"up":{"uv":[4.5,9.75,4,9.25],"texture":"#1"},"down":{"uv":[10,0,9.5,0.5],"texture":"#1"}}},{"from":[7.01495,24.7533,2.8103],"to":[9.01495,26.7533,4.8103],"rotation":{"angle":0,"axis":"y","origin":[8.26495,27.2533,3.5603]},"faces":{"north":{"uv":[9.5,0.75,10,1.25],"texture":"#1"},"east":{"uv":[2,9.5,2.5,10],"texture":"#1"},"south":{"uv":[9.5,3,10,3.5],"texture":"#1"},"west":{"uv":[9.5,3.75,10,4.25],"texture":"#1"},"up":{"uv":[10,6.25,9.5,5.75],"texture":"#1"},"down":{"uv":[6.75,9.5,6.25,10],"texture":"#1"}}},{"from":[6.98995,19.80876,4.85485],"to":[8.98995,21.80876,6.85485],"rotation":{"angle":45,"axis":"x","origin":[7.98995,18.65711,8.0065]},"faces":{"north":{"uv":[9.5,6.5,10,7],"texture":"#1"},"east":{"uv":[7,9.5,7.5,10],"texture":"#1"},"south":{"uv":[9.5,7.25,10,7.75],"texture":"#1"},"west":{"uv":[9.5,8,10,8.5],"texture":"#1"},"up":{"uv":[10,9.25,9.5,8.75],"texture":"#1"},"down":{"uv":[10,9.5,9.5,10],"texture":"#1"}}},{"from":[7.23995,8.95,5.7565],"to":[8.73995,12.45,9.2565],"rotation":{"angle":45,"axis":"x","origin":[7.98995,10.2,8.0065]},"faces":{"north":{"uv":[4,8,4.375,8.875],"texture":"#1"},"east":{"uv":[5.5,2.75,6.375,3.625],"texture":"#1"},"south":{"uv":[2,8.25,2.375,9.125],"texture":"#1"},"west":{"uv":[5.5,4,6.375,4.875],"texture":"#1"},"up":{"uv":[8.875,2.875,8.5,2],"texture":"#1"},"down":{"uv":[5.875,8.5,5.5,9.375],"texture":"#1"}}},{"from":[6.73995,9.45,6.2565],"to":[7.23995,11.95,8.7565],"rotation":{"angle":45,"axis":"x","origin":[6.48995,10.2,8.0065]},"faces":{"north":{"uv":[2.25,11,2.375,11.625],"texture":"#1"},"east":{"uv":[3,8,3.625,8.625],"texture":"#1"},"south":{"uv":[11,5.25,11.125,5.875],"texture":"#1"},"west":{"uv":[7.75,8,8.375,8.625],"texture":"#1"},"up":{"uv":[6.375,11.625,6.25,11],"texture":"#1"},"down":{"uv":[11.125,6.25,11,6.875],"texture":"#1"}}},{"from":[8.76005,9.45,6.2565],"to":[9.26005,11.95,8.7565],"rotation":{"angle":45,"axis":"x","origin":[9.51005,10.2,8.0065]},"faces":{"north":{"uv":[6.75,11,6.875,11.625],"texture":"#1"},"east":{"uv":[0,8.25,0.625,8.875],"texture":"#1"},"south":{"uv":[7.25,11,7.375,11.625],"texture":"#1"},"west":{"uv":[1,8.25,1.625,8.875],"texture":"#1"},"up":{"uv":[11.125,7.875,11,7.25],"texture":"#1"},"down":{"uv":[11.125,8.25,11,8.875],"texture":"#1"}}},{"from":[7.26495,11.65711,7.2565],"to":[8.71495,21.65711,8.7565],"rotation":{"angle":0,"axis":"y","origin":[7.98995,12.65711,8.0065]},"faces":{"north":{"uv":[0,4.75,0.375,7.25],"texture":"#1"},"east":{"uv":[4.75,0,5.125,2.5],"texture":"#1"},"south":{"uv":[0.75,4.75,1.125,7.25],"texture":"#1"},"west":{"uv":[1.5,4.75,1.875,7.25],"texture":"#1"},"up":{"uv":[9.625,10.625,9.25,10.25],"texture":"#1"},"down":{"uv":[10.625,9.75,10.25,10.125],"texture":"#1"}}},{"from":[7.01495,13.90711,7.0065],"to":[8.96495,14.90711,9.0065],"rotation":{"angle":0,"axis":"y","origin":[7.98995,12.90711,8.0065]},"faces":{"north":{"uv":[3,7.5,3.5,7.75],"texture":"#1"},"east":{"uv":[10.75,1.5,11.25,1.75],"texture":"#1"},"south":{"uv":[10.75,2,11.25,2.25],"texture":"#1"},"west":{"uv":[10.75,2.5,11.25,2.75],"texture":"#1"},"up":{"uv":[3.25,10.25,2.75,9.75],"texture":"#1"},"down":{"uv":[10.25,4.5,9.75,5],"texture":"#1"}}},{"from":[7.01495,14.40711,5.0065],"to":[8.96495,14.40711,7.0065],"rotation":{"angle":0,"axis":"y","origin":[7.98995,12.90711,6.0065]},"faces":{"north":{"uv":[11,4,11.5,4],"texture":"#1"},"east":{"uv":[11,4.25,11.5,4.25],"texture":"#1"},"south":{"uv":[8.5,11,9,11],"texture":"#1"},"west":{"uv":[9.25,11,9.75,11],"texture":"#1"},"up":{"uv":[5.25,10.25,4.75,9.75],"texture":"#1"},"down":{"uv":[6,9.75,5.5,10.25],"texture":"#1"}}},{"from":[7.01495,19.40711,5.0065],"to":[8.96495,19.40711,7.0065],"rotation":{"angle":0,"axis":"y","origin":[7.98995,17.90711,6.0065]},"faces":{"north":{"uv":[11,9.25,11.5,9.25],"texture":"#1"},"east":{"uv":[11,9.5,11.5,9.5],"texture":"#1"},"south":{"uv":[11,9.75,11.5,9.75],"texture":"#1"},"west":{"uv":[11,10,11.5,10],"texture":"#1"},"up":{"uv":[8.25,10.25,7.75,9.75],"texture":"#1"},"down":{"uv":[1,10,0.5,10.5],"texture":"#1"}}},{"from":[7.01495,18.90711,7.0065],"to":[8.96495,19.90711,9.0065],"rotation":{"angle":0,"axis":"y","origin":[7.98995,17.90711,8.0065]},"faces":{"north":{"uv":[3.5,10.75,4,11],"texture":"#1"},"east":{"uv":[10.75,10.5,11.25,10.75],"texture":"#1"},"south":{"uv":[11,0,11.5,0.25],"texture":"#1"},"west":{"uv":[11,0.5,11.5,0.75],"texture":"#1"},"up":{"uv":[1.75,10.5,1.25,10],"texture":"#1"},"down":{"uv":[10.5,1.5,10,2],"texture":"#1"}}},{"from":[7.98995,8.65711,0.7565],"to":[7.98995,26.65711,7.2565],"rotation":{"angle":0,"axis":"y","origin":[7.98995,12.65711,6.5065]},"faces":{"north":{"uv":[10.75,11,10.75,15.5],"texture":"#1"},"east":{"uv":[3.625,0,2,4.5],"texture":"#1"},"south":{"uv":[11,11,11,15.5],"texture":"#1"},"west":{"uv":[2,0,3.625,4.5],"texture":"#1"},"up":{"uv":[3.75,6.375,3.75,4.75],"texture":"#1"},"down":{"uv":[2.75,11.25,2.75,12.875],"texture":"#1"}}},{"from":[7.98995,12.98794,-9.77333],"to":[7.98995,25.98794,-7.77333],"rotation":{"angle":45,"axis":"x","origin":[7.98995,10.78794,-3.02333]},"faces":{"north":{"uv":[3,11.25,3,14.5],"texture":"#1"},"east":{"uv":[4.125,3.5,4.625,6.75],"texture":"#1"},"south":{"uv":[3.25,11.25,3.25,14.5],"texture":"#1"},"west":{"uv":[4,3.5,4.5,6.75],"texture":"#1"},"up":{"uv":[2.75,8.75,2.75,8.25],"texture":"#1"},"down":{"uv":[8.5,3.25,8.5,3.75],"texture":"#1"}}},{"from":[7.98995,7.98794,-9.77333],"to":[7.98995,11.48794,-6.27333],"rotation":{"angle":45,"axis":"x","origin":[7.98995,10.78794,-3.02333]},"faces":{"north":{"uv":[3.5,11.25,3.5,12.125],"texture":"#1"},"east":{"uv":[6.875,5.25,6,6.125],"texture":"#1"},"south":{"uv":[3.75,11.25,3.75,12.125],"texture":"#1"},"west":{"uv":[6,5.25,6.875,6.125],"texture":"#1"},"up":{"uv":[4,12.125,4,11.25],"texture":"#1"},"down":{"uv":[4.75,11.25,4.75,12.125],"texture":"#1"}}},{"from":[7.23995,11.48794,-9.27333],"to":[8.73995,12.98794,-7.77333],"rotation":{"angle":45,"axis":"x","origin":[7.98995,10.78794,-3.02333]},"faces":{"north":{"uv":[2.75,10.5,3.125,10.875],"texture":"#1"},"east":{"uv":[10.5,4.5,10.875,4.875],"texture":"#1"},"south":{"uv":[4.75,10.5,5.125,10.875],"texture":"#1"},"west":{"uv":[5.5,10.5,5.875,10.875],"texture":"#1"},"up":{"uv":[8.125,10.875,7.75,10.5],"texture":"#1"},"down":{"uv":[10.375,10.5,10,10.875],"texture":"#1"}}},{"from":[7.26495,20.98033,7.52261],"to":[8.71495,27.48033,9.02261],"rotation":{"angle":-45,"axis":"x","origin":[7.98995,21.48033,8.27261]},"faces":{"north":{"uv":[6.25,0,6.625,1.625],"texture":"#1"},"east":{"uv":[6,6.5,6.375,8.125],"texture":"#1"},"south":{"uv":[6.75,2,7.125,3.625],"texture":"#1"},"west":{"uv":[4.75,6.75,5.125,8.375],"texture":"#1"},"up":{"uv":[0.375,11.125,0,10.75],"texture":"#1"},"down":{"uv":[1.125,10.75,0.75,11.125],"texture":"#1"}}},{"from":[7.01495,24.23033,7.27261],"to":[8.96495,25.23033,9.27261],"rotation":{"angle":-45,"axis":"x","origin":[7.98995,21.48033,8.27261]},"faces":{"north":{"uv":[11,1,11.5,1.25],"texture":"#1"},"east":{"uv":[1.5,11,2,11.25],"texture":"#1"},"south":{"uv":[11,3,11.5,3.25],"texture":"#1"},"west":{"uv":[11,3.5,11.5,3.75],"texture":"#1"},"up":{"uv":[10.5,2.75,10,2.25],"texture":"#1"},"down":{"uv":[4.5,10,4,10.5],"texture":"#1"}}},{"from":[7.01495,24.73033,5.27261],"to":[8.96495,24.73033,7.27261],"rotation":{"angle":-45,"axis":"x","origin":[7.98995,21.48033,8.27261]},"faces":{"north":{"uv":[11,10.25,11.5,10.25],"texture":"#1"},"east":{"uv":[11.25,4.5,11.75,4.5],"texture":"#1"},"south":{"uv":[11.25,4.75,11.75,4.75],"texture":"#1"},"west":{"uv":[5,11.25,5.5,11.25],"texture":"#1"},"up":{"uv":[10.75,0.5,10.25,0],"texture":"#1"},"down":{"uv":[10.75,0.75,10.25,1.25],"texture":"#1"}}},{"from":[7.48995,9.42256,3.95039],"to":[8.48995,10.92256,8.20039],"rotation":{"angle":22.5,"axis":"x","origin":[7.98995,10.17256,4.76289]},"faces":{"north":{"uv":[6.25,2,6.5,2.375],"texture":"#1"},"east":{"uv":[0,7.5,1.125,7.875],"texture":"#1"},"south":{"uv":[4.25,10.75,4.5,11.125],"texture":"#1"},"west":{"uv":[1.5,7.5,2.625,7.875],"texture":"#1"},"up":{"uv":[5.75,7.875,5.5,6.75],"texture":"#1"},"down":{"uv":[9.25,0,9,1.125],"texture":"#1"}}},{"from":[7.23995,10.10064,2.83481],"to":[8.73995,12.10064,4.83481],"rotation":{"angle":-22.5,"axis":"x","origin":[7.98995,10.17256,4.76289]},"faces":{"north":{"uv":[10.25,6.75,10.625,7.25],"texture":"#1"},"east":{"uv":[2,10.25,2.5,10.75],"texture":"#1"},"south":{"uv":[7,10.25,7.375,10.75],"texture":"#1"},"west":{"uv":[10.25,3,10.75,3.5],"texture":"#1"},"up":{"uv":[10.625,8,10.25,7.5],"texture":"#1"},"down":{"uv":[10.625,8.25,10.25,8.75],"texture":"#1"}}},{"from":[5.75,3.75,5],"to":[7.25,5.25,6.5],"rotation":{"angle":0,"axis":"y","origin":[2.75,5.75,4]},"faces":{"north":{"uv":[1.5,12.5,2.25,13.25],"texture":"#0"},"east":{"uv":[12.5,1.5,13.25,2.25],"texture":"#0"},"south":{"uv":[3,12.5,3.75,13.25],"texture":"#0"},"west":{"uv":[4.5,12.5,5.25,13.25],"texture":"#0"},"up":{"uv":[13.25,9.75,12.5,9],"texture":"#0"},"down":{"uv":[10.75,12.5,10,13.25],"texture":"#0"}}},{"from":[8.75,3.75,5],"to":[10.25,5.25,6.5],"rotation":{"angle":0,"axis":"y","origin":[13.25,5.75,4]},"faces":{"north":{"uv":[12.5,10.5,13.25,11.25],"texture":"#0"},"east":{"uv":[11.5,12.5,12.25,13.25],"texture":"#0"},"south":{"uv":[6,13,6.75,13.75],"texture":"#0"},"west":{"uv":[7.5,13,8.25,13.75],"texture":"#0"},"up":{"uv":[13.75,12.75,13,12],"texture":"#0"},"down":{"uv":[0.75,13.5,0,14.25],"texture":"#0"}}},{"from":[6.75,4.5,6.75],"to":[6.75,6.5,9.25],"rotation":{"angle":0,"axis":"y","origin":[5.25,4.5,4]},"faces":{"north":{"uv":[9,13,9,14],"texture":"#0"},"east":{"uv":[3,9.5,4.25,10.5],"texture":"#0"},"south":{"uv":[9.5,13,9.5,14],"texture":"#0"},"west":{"uv":[5,9.5,6.25,10.5],"texture":"#0"},"up":{"uv":[13,14.75,13,13.5],"texture":"#0"},"down":{"uv":[13.5,13.5,13.5,14.75],"texture":"#0"}}},{"from":[9.25,4.5,6.75],"to":[9.25,6.5,9.25],"rotation":{"angle":0,"axis":"y","origin":[10.75,4.5,4]},"faces":{"north":{"uv":[14,0,14,1],"texture":"#0"},"east":{"uv":[10,3.5,11.25,4.5],"texture":"#0"},"south":{"uv":[1.5,14,1.5,15],"texture":"#0"},"west":{"uv":[10,5,11.25,6],"texture":"#0"},"up":{"uv":[2,15.25,2,14],"texture":"#0"},"down":{"uv":[2.5,14,2.5,15.25],"texture":"#0"}}},{"from":[6.75,4.5,9.25],"to":[9.25,6.5,9.25],"rotation":{"angle":0,"axis":"y","origin":[10.5,4.5,4]},"faces":{"north":{"uv":[10,6.5,11.25,7.5],"texture":"#0"},"east":{"uv":[14,1.5,14,2.5],"texture":"#0"},"south":{"uv":[7,10,8.25,11],"texture":"#0"},"west":{"uv":[3,14,3,15],"texture":"#0"},"up":{"uv":[9.25,1.5,8,1.5],"texture":"#0"},"down":{"uv":[4.75,14,3.5,14],"texture":"#0"}}},{"from":[6.75,4.5,6.75],"to":[9.25,6.5,6.75],"rotation":{"angle":0,"axis":"y","origin":[10.5,4.5,1.5]},"faces":{"north":{"uv":[10,8,11.25,9],"texture":"#0"},"east":{"uv":[5.5,14,5.5,15],"texture":"#0"},"south":{"uv":[9,10,10.25,11],"texture":"#0"},"west":{"uv":[14,9,14,10],"texture":"#0"},"up":{"uv":[11.25,14,10,14],"texture":"#0"},"down":{"uv":[15.25,10.5,14,10.5],"texture":"#0"}}},{"from":[4.00733,0,7.99582],"to":[6.00733,1.5,10.99582],"rotation":{"angle":22.5,"axis":"y","origin":[3.50733,0,6.99582]},"faces":{"north":{"uv":[4,11,5,11.75],"texture":"#0"},"east":{"uv":[0,10.5,1.5,11.25],"texture":"#0"},"south":{"uv":[5.5,11,6.5,11.75],"texture":"#0"},"west":{"uv":[10.5,0,12,0.75],"texture":"#0"},"up":{"uv":[8,9.5,7,8],"texture":"#0"},"down":{"uv":[1,8.5,0,10],"texture":"#0"}}},{"from":[4.26956,0,5.34149],"to":[5.76956,1.5,7.34149],"rotation":{"angle":22.5,"axis":"y","origin":[3.76956,0,4.34149]},"faces":{"north":{"uv":[13.5,6,14.25,6.75],"texture":"#0"},"east":{"uv":[0,12,1,12.75],"texture":"#0"},"south":{"uv":[13.5,7.5,14.25,8.25],"texture":"#0"},"west":{"uv":[12,3,13,3.75],"texture":"#0"},"up":{"uv":[12.75,5.5,12,4.5],"texture":"#0"},"down":{"uv":[12.75,6,12,7],"texture":"#0"}}},{"from":[10.23044,0,5.34149],"to":[11.73044,1.5,7.34149],"rotation":{"angle":-22.5,"axis":"y","origin":[12.23044,0,4.34149]},"faces":{"north":{"uv":[13.5,3,14.25,3.75],"texture":"#0"},"east":{"uv":[11,9.5,12,10.25],"texture":"#0"},"south":{"uv":[13.5,4.5,14.25,5.25],"texture":"#0"},"west":{"uv":[11,11,12,11.75],"texture":"#0"},"up":{"uv":[7.75,12.5,7,11.5],"texture":"#0"},"down":{"uv":[9.25,11.5,8.5,12.5],"texture":"#0"}}},{"from":[9.99267,0,7.99582],"to":[11.99267,1.5,10.99582],"rotation":{"angle":-22.5,"axis":"y","origin":[12.49267,0,6.99582]},"faces":{"north":{"uv":[12,7.5,13,8.25],"texture":"#0"},"east":{"uv":[10.5,1.5,12,2.25],"texture":"#0"},"south":{"uv":[12.5,0,13.5,0.75],"texture":"#0"},"west":{"uv":[2,11,3.5,11.75],"texture":"#0"},"up":{"uv":[2.5,10,1.5,8.5],"texture":"#0"},"down":{"uv":[9.5,8,8.5,9.5],"texture":"#0"}}},{"from":[6,0.5,4],"to":[10,2.5,7],"rotation":{"angle":0,"axis":"y","origin":[5,1.5,4]},"faces":{"north":{"uv":[7.5,3.5,9.5,4.5],"texture":"#0"},"east":{"uv":[3,8,4.5,9],"texture":"#0"},"south":{"uv":[8,0,10,1],"texture":"#0"},"west":{"uv":[5,8,6.5,9],"texture":"#0"},"up":{"uv":[7,3.5,5,2],"texture":"#0"},"down":{"uv":[7,4,5,5.5],"texture":"#0"}}},{"from":[6.5,2.5,4.5],"to":[9.5,4.5,9.5],"rotation":{"angle":0,"axis":"y","origin":[5,2.5,4]},"faces":{"north":{"uv":[8,5,9.5,6],"texture":"#0"},"east":{"uv":[0,7,2.5,8],"texture":"#0"},"south":{"uv":[8,6.5,9.5,7.5],"texture":"#0"},"west":{"uv":[7.5,2,10,3],"texture":"#0"},"up":{"uv":[4.5,2.5,3,0],"texture":"#0"},"down":{"uv":[4.5,3,3,5.5],"texture":"#0"}}},{"from":[5.5,0.5,7],"to":[10.5,3.5,10.5],"rotation":{"angle":0,"axis":"y","origin":[5,2.5,6.5]},"faces":{"north":{"uv":[0,5,2.5,6.5],"texture":"#0"},"east":{"uv":[3,6,4.75,7.5],"texture":"#0"},"south":{"uv":[5,0,7.5,1.5],"texture":"#0"},"west":{"uv":[5.5,6,7.25,7.5],"texture":"#0"},"up":{"uv":[2.5,1.75,0,0],"texture":"#0"},"down":{"uv":[2.5,2.5,0,4.25],"texture":"#0"}}}],"gui_light":"front","display":{"thirdperson_righthand":{"translation":[0,9,1.5]},"thirdperson_lefthand":{"translation":[0,9,1.5]},"firstperson_righthand":{"rotation":[-11.25,0,0],"translation":[11.25,2.5,-10.25]},"firstperson_lefthand":{"rotation":[-11.25,0,0],"translation":[11.25,2.5,-10.25]},"ground":{"translation":[0,14,0],"scale":[0.9,0.9,0.9]},"gui":{"rotation":[-90,45,90],"translation":[1,0.5,0],"scale":[0.55,0.55,0.55]},"fixed":{"rotation":[0,-90,0],"translation":[-1,-2,-4.5],"scale":[1.2,1.2,1.2]}},"groups":[{"name":"frog_fishing_rod","origin":[8,8,8],"color":0,"children":[{"name":"fishing_rod","origin":[9.51005,15.2,8.0065],"color":0,"children":[0,1,2,3,4,5,6,7,8,9,10,11,12,13,14,15,16,17,18,19,20,21,22,23,24,25,26]},{"name":"frog","origin":[12.49267,0,7.99582],"color":0,"children":[{"name":"eyes","origin":[13.25,5.75,5],"color":0,"children":[27,28]},{"name":"crown","origin":[10.5,4.5,2.5],"color":0,"children":[29,30,31,32]},{"name":"feet","origin":[12.49267,0,7.99582],"color":0,"children":[33,34,35,36]},{"name":"body","origin":[5,2.5,7.5],"color":0,"children":[37,38,39]}]}]}],"mcmodels":"9204aa0cb57852696a8cee80f6197a3f"}