{"credit":"This is SunWithFace copy!","texture_size":[128,128],"textures":{"0":"item/crates/frog/frog_texture","1":"item/crates/frog/frog_pickaxe_texture","particle":"item/crates/frog/frog_texture"},"elements":[{"from":[7,4.5,7],"to":[9,7,9],"rotation":{"angle":0,"axis":"y","origin":[7,5,7]},"faces":{"north":{"uv":[0,4.5,0.25,4.8125],"texture":"#1"},"east":{"uv":[0.375,4.5,0.625,4.8125],"texture":"#1"},"south":{"uv":[0.75,4.5,1,4.8125],"texture":"#1"},"west":{"uv":[1.125,4.5,1.375,4.8125],"texture":"#1"},"up":{"uv":[4.875,4.5,4.625,4.25],"texture":"#1"},"down":{"uv":[4.875,4.625,4.625,4.875],"texture":"#1"}}},{"from":[7.28995,-1.05,7.3],"to":[8.68995,13.45,8.7],"rotation":{"angle":45,"axis":"y","origin":[7.98995,7.95,8]},"faces":{"north":{"uv":[0,2,0.1875,3.8125],"texture":"#1"},"east":{"uv":[0.375,2,0.5625,3.8125],"texture":"#1"},"south":{"uv":[0.75,2,0.9375,3.8125],"texture":"#1"},"west":{"uv":[1.125,2,1.3125,3.8125],"texture":"#1"},"up":{"uv":[3.9375,5.1875,3.75,5],"texture":"#1"},"down":{"uv":[5.1875,3.875,5,4.0625],"texture":"#1"}}},{"from":[7.03995,-6.55,7.05],"to":[8.93995,-5.05,8.95],"rotation":{"angle":0,"axis":"y","origin":[7.98995,-5.8,8]},"faces":{"north":{"uv":[0.75,5,1,5.1875],"texture":"#1"},"east":{"uv":[1.125,5,1.375,5.1875],"texture":"#1"},"south":{"uv":[1.5,5,1.75,5.1875],"texture":"#1"},"west":{"uv":[5,1.5,5.25,1.6875],"texture":"#1"},"up":{"uv":[5,1,4.75,0.75],"texture":"#1"},"down":{"uv":[5,1.125,4.75,1.375],"texture":"#1"}}},{"from":[6.73995,-8.53241,6.76464],"to":[9.23995,-6.03241,9.26464],"rotation":{"angle":45,"axis":"x","origin":[7.98995,-7.28241,7.96464]},"faces":{"north":{"uv":[3.75,3.375,4.0625,3.6875],"texture":"#1"},"east":{"uv":[3.875,1,4.1875,1.3125],"texture":"#1"},"south":{"uv":[3.875,1.5,4.1875,1.8125],"texture":"#1"},"west":{"uv":[3.75,3.875,4.0625,4.1875],"texture":"#1"},"up":{"uv":[0.3125,4.3125,0,4],"texture":"#1"},"down":{"uv":[0.8125,4,0.5,4.3125],"texture":"#1"}}},{"name":"pommel_outline","from":[6.48995,-8.78241,6.56464],"to":[9.48995,-5.78241,9.56464],"rotation":{"angle":45,"axis":"x","origin":[7.98995,-7.28241,8.01464]},"faces":{"north":{"uv":[3.25,2.25,3.625,2.625],"texture":"#1"},"east":{"uv":[3.25,2.75,3.625,3.125],"texture":"#1"},"south":{"uv":[3.25,3.25,3.625,3.625],"texture":"#1"},"west":{"uv":[1.5,3.5,1.875,3.875],"texture":"#1"},"up":{"uv":[2.375,3.875,2,3.5],"texture":"#1"},"down":{"uv":[2.875,3.5,2.5,3.875],"texture":"#1"}}},{"from":[7.53995,-5.05,7.55],"to":[8.43995,-1.05,8.45],"rotation":{"angle":45,"axis":"y","origin":[7.98995,-7.05,8]},"faces":{"north":{"uv":[4.75,1.5,4.875,2],"texture":"#1"},"east":{"uv":[4.75,2.75,4.875,3.25],"texture":"#1"},"south":{"uv":[4.75,3.375,4.875,3.875],"texture":"#1"},"west":{"uv":[4.875,0,5,0.5],"texture":"#1"},"up":{"uv":[3.125,3.625,3,3.5],"texture":"#1"},"down":{"uv":[4.875,4,4.75,4.125],"texture":"#1"}}},{"from":[7.03995,9.95,7.05],"to":[8.93995,11.45,8.95],"rotation":{"angle":45,"axis":"y","origin":[7.98995,10.95,8]},"faces":{"north":{"uv":[1.875,5,2.125,5.1875],"texture":"#1"},"east":{"uv":[2.25,5,2.5,5.1875],"texture":"#1"},"south":{"uv":[5,2.5,5.25,2.6875],"texture":"#1"},"west":{"uv":[2.875,5,3.125,5.1875],"texture":"#1"},"up":{"uv":[5.125,2.375,4.875,2.125],"texture":"#1"},"down":{"uv":[4.375,4.875,4.125,5.125],"texture":"#1"}}},{"from":[7.03995,7.95,7.05],"to":[8.93995,8.95,8.95],"rotation":{"angle":45,"axis":"y","origin":[7.98995,8.95,8]},"faces":{"north":{"uv":[3.875,2,4.125,2.125],"texture":"#1"},"east":{"uv":[5,1.875,5.25,2],"texture":"#1"},"south":{"uv":[5,4.25,5.25,4.375],"texture":"#1"},"west":{"uv":[4.5,5,4.75,5.125],"texture":"#1"},"up":{"uv":[0.25,5.25,0,5],"texture":"#1"},"down":{"uv":[0.625,5,0.375,5.25],"texture":"#1"}}},{"from":[6.98995,12.95,6.7565],"to":[8.98995,15.45,9.2565],"rotation":{"angle":45,"axis":"x","origin":[7.98995,14.2,8.0065]},"faces":{"north":{"uv":[1.5,4.5,1.75,4.8125],"texture":"#1"},"east":{"uv":[1,4,1.3125,4.3125],"texture":"#1"},"south":{"uv":[1.875,4.5,2.125,4.8125],"texture":"#1"},"west":{"uv":[1.5,4,1.8125,4.3125],"texture":"#1"},"up":{"uv":[2.5,4.8125,2.25,4.5],"texture":"#1"},"down":{"uv":[4.75,2.25,4.5,2.5625],"texture":"#1"}}},{"from":[7.48995,14.73649,2.54164],"to":[8.48995,17.23649,8.04164],"rotation":{"angle":22.5,"axis":"x","origin":[7.98995,16.48649,5.29164]},"faces":{"north":{"uv":[5,2.875,5.125,3.1875],"texture":"#1"},"east":{"uv":[3.25,0.5,3.9375,0.8125],"texture":"#1"},"south":{"uv":[3.25,5,3.375,5.3125],"texture":"#1"},"west":{"uv":[2.375,3,3.0625,3.3125],"texture":"#1"},"up":{"uv":[3.125,4.8125,3,4.125],"texture":"#1"},"down":{"uv":[3.375,4.125,3.25,4.8125],"texture":"#1"}}},{"from":[7.51495,15.27455,-0.77433],"to":[8.46495,17.27455,3.72567],"rotation":{"angle":-22.5,"axis":"x","origin":[7.98995,16.02455,0.97567]},"faces":{"north":{"uv":[5,4.5,5.125,4.75],"texture":"#1"},"east":{"uv":[4.3125,2.625,3.75,2.875],"texture":"#1"},"south":{"uv":[4.875,5,5,5.25],"texture":"#1"},"west":{"uv":[3.75,2.625,4.3125,2.875],"texture":"#1"},"up":{"uv":[2.75,5.0625,2.625,4.5],"texture":"#1"},"down":{"uv":[4.625,2.75,4.5,3.3125],"texture":"#1"}}},{"from":[7.48995,14.73649,7.95836],"to":[8.48995,17.23649,13.45836],"rotation":{"angle":-22.5,"axis":"x","origin":[7.98995,16.48649,10.70836]},"faces":{"north":{"uv":[5,3.375,5.125,3.6875],"texture":"#1"},"east":{"uv":[3.9375,0.5,3.25,0.8125],"texture":"#1"},"south":{"uv":[3.5,5,3.625,5.3125],"texture":"#1"},"west":{"uv":[3.25,0.5,3.9375,0.8125],"texture":"#1"},"up":{"uv":[3.625,4.8125,3.5,4.125],"texture":"#1"},"down":{"uv":[4.375,3.375,4.25,4.0625],"texture":"#1"}}},{"from":[7.98995,9.95,-4.26005],"to":[7.98995,16.45,20.23995],"rotation":{"angle":0,"axis":"y","origin":[8.48995,12.7,11.48995]},"faces":{"north":{"uv":[0,5.375,0,6.1875],"texture":"#1"},"east":{"uv":[0,1,3.0625,1.8125],"texture":"#1"},"south":{"uv":[5.375,0,5.375,0.8125],"texture":"#1"},"west":{"uv":[0,1,3.0625,1.8125],"texture":"#1"},"up":{"uv":[0.125,8.4375,0.125,5.375],"texture":"#1"},"down":{"uv":[0.25,5.375,0.25,8.4375],"texture":"#1"}}},{"from":[7.51495,15.27455,12.27433],"to":[8.46495,17.27455,16.77433],"rotation":{"angle":22.5,"axis":"x","origin":[7.98995,16.02455,15.02433]},"faces":{"north":{"uv":[5.125,0,5.25,0.25],"texture":"#1"},"east":{"uv":[4.3125,3,3.75,3.25],"texture":"#1"},"south":{"uv":[5.125,0.375,5.25,0.625],"texture":"#1"},"west":{"uv":[3.75,3,4.3125,3.25],"texture":"#1"},"up":{"uv":[4.625,4.0625,4.5,3.5],"texture":"#1"},"down":{"uv":[4.75,0,4.625,0.5625],"texture":"#1"}}},{"from":[7.23995,13.95,5.7565],"to":[8.73995,17.45,9.2565],"rotation":{"angle":45,"axis":"x","origin":[7.98995,15.2,8.0065]},"faces":{"north":{"uv":[4.25,4.25,4.4375,4.6875],"texture":"#1"},"east":{"uv":[3.25,1,3.6875,1.4375],"texture":"#1"},"south":{"uv":[4.375,1,4.5625,1.4375],"texture":"#1"},"west":{"uv":[3.25,1.625,3.6875,2.0625],"texture":"#1"},"up":{"uv":[4.5625,2.0625,4.375,1.625],"texture":"#1"},"down":{"uv":[3.9375,4.375,3.75,4.8125],"texture":"#1"}}},{"from":[6.73995,14.45,6.2565],"to":[7.23995,16.95,8.7565],"rotation":{"angle":45,"axis":"x","origin":[6.48995,15.2,8.0065]},"faces":{"north":{"uv":[5.125,0.75,5.1875,1.0625],"texture":"#1"},"east":{"uv":[2,4,2.3125,4.3125],"texture":"#1"},"south":{"uv":[5.125,4.875,5.1875,5.1875],"texture":"#1"},"west":{"uv":[2.5,4,2.8125,4.3125],"texture":"#1"},"up":{"uv":[2.6875,5.5625,2.625,5.25],"texture":"#1"},"down":{"uv":[5.3125,2.875,5.25,3.1875],"texture":"#1"}}},{"from":[8.76005,14.45,6.2565],"to":[9.26005,16.95,8.7565],"rotation":{"angle":45,"axis":"x","origin":[9.51005,15.2,8.0065]},"faces":{"north":{"uv":[5.25,3.375,5.3125,3.6875],"texture":"#1"},"east":{"uv":[4.125,0,4.4375,0.3125],"texture":"#1"},"south":{"uv":[4.125,5.25,4.1875,5.5625],"texture":"#1"},"west":{"uv":[4.125,0.5,4.4375,0.8125],"texture":"#1"},"up":{"uv":[4.4375,5.5625,4.375,5.25],"texture":"#1"},"down":{"uv":[4.6875,5.25,4.625,5.5625],"texture":"#1"}}},{"from":[5.75,3.75,5],"to":[7.25,5.25,6.5],"rotation":{"angle":0,"axis":"y","origin":[2.75,5.75,4]},"faces":{"north":{"uv":[1.5,12.5,2.25,13.25],"texture":"#0"},"east":{"uv":[12.5,1.5,13.25,2.25],"texture":"#0"},"south":{"uv":[3,12.5,3.75,13.25],"texture":"#0"},"west":{"uv":[4.5,12.5,5.25,13.25],"texture":"#0"},"up":{"uv":[13.25,9.75,12.5,9],"texture":"#0"},"down":{"uv":[10.75,12.5,10,13.25],"texture":"#0"}}},{"from":[8.75,3.75,5],"to":[10.25,5.25,6.5],"rotation":{"angle":0,"axis":"y","origin":[13.25,5.75,4]},"faces":{"north":{"uv":[12.5,10.5,13.25,11.25],"texture":"#0"},"east":{"uv":[11.5,12.5,12.25,13.25],"texture":"#0"},"south":{"uv":[6,13,6.75,13.75],"texture":"#0"},"west":{"uv":[7.5,13,8.25,13.75],"texture":"#0"},"up":{"uv":[13.75,12.75,13,12],"texture":"#0"},"down":{"uv":[0.75,13.5,0,14.25],"texture":"#0"}}},{"from":[6.75,4.5,6.75],"to":[6.75,6.5,9.25],"rotation":{"angle":0,"axis":"y","origin":[5.25,4.5,4]},"faces":{"north":{"uv":[9,13,9,14],"texture":"#0"},"east":{"uv":[3,9.5,4.25,10.5],"texture":"#0"},"south":{"uv":[9.5,13,9.5,14],"texture":"#0"},"west":{"uv":[5,9.5,6.25,10.5],"texture":"#0"},"up":{"uv":[13,14.75,13,13.5],"texture":"#0"},"down":{"uv":[13.5,13.5,13.5,14.75],"texture":"#0"}}},{"from":[9.25,4.5,6.75],"to":[9.25,6.5,9.25],"rotation":{"angle":0,"axis":"y","origin":[10.75,4.5,4]},"faces":{"north":{"uv":[14,0,14,1],"texture":"#0"},"east":{"uv":[10,3.5,11.25,4.5],"texture":"#0"},"south":{"uv":[1.5,14,1.5,15],"texture":"#0"},"west":{"uv":[10,5,11.25,6],"texture":"#0"},"up":{"uv":[2,15.25,2,14],"texture":"#0"},"down":{"uv":[2.5,14,2.5,15.25],"texture":"#0"}}},{"from":[6.75,4.5,9.25],"to":[9.25,6.5,9.25],"rotation":{"angle":0,"axis":"y","origin":[10.5,4.5,4]},"faces":{"north":{"uv":[10,6.5,11.25,7.5],"texture":"#0"},"east":{"uv":[14,1.5,14,2.5],"texture":"#0"},"south":{"uv":[7,10,8.25,11],"texture":"#0"},"west":{"uv":[3,14,3,15],"texture":"#0"},"up":{"uv":[9.25,1.5,8,1.5],"texture":"#0"},"down":{"uv":[4.75,14,3.5,14],"texture":"#0"}}},{"from":[6.75,4.5,6.75],"to":[9.25,6.5,6.75],"rotation":{"angle":0,"axis":"y","origin":[10.5,4.5,1.5]},"faces":{"north":{"uv":[10,8,11.25,9],"texture":"#0"},"east":{"uv":[5.5,14,5.5,15],"texture":"#0"},"south":{"uv":[9,10,10.25,11],"texture":"#0"},"west":{"uv":[14,9,14,10],"texture":"#0"},"up":{"uv":[11.25,14,10,14],"texture":"#0"},"down":{"uv":[15.25,10.5,14,10.5],"texture":"#0"}}},{"from":[4.00733,0,7.99582],"to":[6.00733,1.5,10.99582],"rotation":{"angle":22.5,"axis":"y","origin":[3.50733,0,6.99582]},"faces":{"north":{"uv":[4,11,5,11.75],"texture":"#0"},"east":{"uv":[0,10.5,1.5,11.25],"texture":"#0"},"south":{"uv":[5.5,11,6.5,11.75],"texture":"#0"},"west":{"uv":[10.5,0,12,0.75],"texture":"#0"},"up":{"uv":[8,9.5,7,8],"texture":"#0"},"down":{"uv":[1,8.5,0,10],"texture":"#0"}}},{"from":[4.26956,0,5.34149],"to":[5.76956,1.5,7.34149],"rotation":{"angle":22.5,"axis":"y","origin":[3.76956,0,4.34149]},"faces":{"north":{"uv":[13.5,6,14.25,6.75],"texture":"#0"},"east":{"uv":[0,12,1,12.75],"texture":"#0"},"south":{"uv":[13.5,7.5,14.25,8.25],"texture":"#0"},"west":{"uv":[12,3,13,3.75],"texture":"#0"},"up":{"uv":[12.75,5.5,12,4.5],"texture":"#0"},"down":{"uv":[12.75,6,12,7],"texture":"#0"}}},{"from":[10.23044,0,5.34149],"to":[11.73044,1.5,7.34149],"rotation":{"angle":-22.5,"axis":"y","origin":[12.23044,0,4.34149]},"faces":{"north":{"uv":[13.5,3,14.25,3.75],"texture":"#0"},"east":{"uv":[11,9.5,12,10.25],"texture":"#0"},"south":{"uv":[13.5,4.5,14.25,5.25],"texture":"#0"},"west":{"uv":[11,11,12,11.75],"texture":"#0"},"up":{"uv":[7.75,12.5,7,11.5],"texture":"#0"},"down":{"uv":[9.25,11.5,8.5,12.5],"texture":"#0"}}},{"from":[9.99267,0,7.99582],"to":[11.99267,1.5,10.99582],"rotation":{"angle":-22.5,"axis":"y","origin":[12.49267,0,6.99582]},"faces":{"north":{"uv":[12,7.5,13,8.25],"texture":"#0"},"east":{"uv":[10.5,1.5,12,2.25],"texture":"#0"},"south":{"uv":[12.5,0,13.5,0.75],"texture":"#0"},"west":{"uv":[2,11,3.5,11.75],"texture":"#0"},"up":{"uv":[2.5,10,1.5,8.5],"texture":"#0"},"down":{"uv":[9.5,8,8.5,9.5],"texture":"#0"}}},{"from":[6,0.5,4],"to":[10,2.5,7],"rotation":{"angle":0,"axis":"y","origin":[5,1.5,4]},"faces":{"north":{"uv":[7.5,3.5,9.5,4.5],"texture":"#0"},"east":{"uv":[3,8,4.5,9],"texture":"#0"},"south":{"uv":[8,0,10,1],"texture":"#0"},"west":{"uv":[5,8,6.5,9],"texture":"#0"},"up":{"uv":[7,3.5,5,2],"texture":"#0"},"down":{"uv":[7,4,5,5.5],"texture":"#0"}}},{"from":[6.5,2.5,4.5],"to":[9.5,4.5,9.5],"rotation":{"angle":0,"axis":"y","origin":[5,2.5,4]},"faces":{"north":{"uv":[8,5,9.5,6],"texture":"#0"},"east":{"uv":[0,7,2.5,8],"texture":"#0"},"south":{"uv":[8,6.5,9.5,7.5],"texture":"#0"},"west":{"uv":[7.5,2,10,3],"texture":"#0"},"up":{"uv":[4.5,2.5,3,0],"texture":"#0"},"down":{"uv":[4.5,3,3,5.5],"texture":"#0"}}},{"from":[5.5,0.5,7],"to":[10.5,3.5,10.5],"rotation":{"angle":0,"axis":"y","origin":[5,2.5,6.5]},"faces":{"north":{"uv":[0,5,2.5,6.5],"texture":"#0"},"east":{"uv":[3,6,4.75,7.5],"texture":"#0"},"south":{"uv":[5,0,7.5,1.5],"texture":"#0"},"west":{"uv":[5.5,6,7.25,7.5],"texture":"#0"},"up":{"uv":[2.5,1.75,0,0],"texture":"#0"},"down":{"uv":[2.5,2.5,0,4.25],"texture":"#0"}}}],"gui_light":"front","display":{"thirdperson_righthand":{"translation":[0,9,1.5]},"thirdperson_lefthand":{"translation":[0,9,1.5]},"firstperson_righthand":{"rotation":[-22.5,0,0],"translation":[9.75,2.5,-10.25]},"firstperson_lefthand":{"rotation":[-22.5,0,0],"translation":[9.75,2.5,-10.25]},"ground":{"translation":[0,14,0],"scale":[0.9,0.9,0.9]},"gui":{"rotation":[-90,45,90],"translation":[-0.25,0,0],"scale":[0.6,0.6,0.6]},"fixed":{"rotation":[0,-90,0],"translation":[0,2,-4.5],"scale":[1.2,1.2,1.2]}},"groups":[{"name":"frog_pickaxe","origin":[8,8,8],"color":0,"children":[{"name":"pickaxe","origin":[9.51005,15.2,8.0065],"color":0,"children":[0,1,2,3,4,5,6,7,8,9,10,11,12,13,14,15,16]},{"name":"frog","origin":[12.49267,0,7.99582],"color":0,"children":[{"name":"eyes","origin":[13.25,5.75,5],"color":0,"children":[17,18]},{"name":"crown","origin":[10.5,4.5,2.5],"color":0,"children":[19,20,21,22]},{"name":"feet","origin":[12.49267,0,7.99582],"color":0,"children":[23,24,25,26]},{"name":"body","origin":[5,2.5,7.5],"color":0,"children":[27,28,29]}]}]}],"mcmodels":"9204aa0cb57852696a8cee80f6197a3f"}