{"credit":"This is SunWithFace copy!","texture_size":[64,64],"textures":{"0":"item/crates/frog/frog_texture","1":"item/crates/frog/frog_staff_texture","particle":"item/crates/frog/frog_texture"},"elements":[{"from":[7,13.5,7],"to":[9,16,9],"rotation":{"angle":0,"axis":"y","origin":[7,14,7]},"faces":{"north":{"uv":[4.25,5.25,4.75,5.875],"texture":"#1"},"east":{"uv":[5,5.25,5.5,5.875],"texture":"#1"},"south":{"uv":[0,5.5,0.5,6.125],"texture":"#1"},"west":{"uv":[0.75,5.5,1.25,6.125],"texture":"#1"},"up":{"uv":[6.25,2.5,5.75,2],"texture":"#1"},"down":{"uv":[6.25,2.75,5.75,3.25],"texture":"#1"}}},{"from":[7.28995,-5.55,7.3],"to":[8.68995,1.95,8.7],"rotation":{"angle":45,"axis":"y","origin":[7.98995,6.45,8]},"faces":{"north":{"uv":[1.25,0,1.625,1.875],"texture":"#1"},"east":{"uv":[2,0,2.375,1.875],"texture":"#1"},"south":{"uv":[1.25,2.25,1.625,4.125],"texture":"#1"},"west":{"uv":[2,2.25,2.375,4.125],"texture":"#1"},"up":{"uv":[7.375,6.625,7,6.25],"texture":"#1"},"down":{"uv":[7.375,7,7,7.375],"texture":"#1"}}},{"from":[7.28995,3.95,7.3],"to":[8.68995,5.45,8.7],"rotation":{"angle":45,"axis":"y","origin":[7.98995,8.95,8]},"faces":{"north":{"uv":[7.25,2.25,7.625,2.625],"texture":"#1"},"east":{"uv":[5.5,7.25,5.875,7.625],"texture":"#1"},"south":{"uv":[7.25,5.5,7.625,5.875],"texture":"#1"},"west":{"uv":[6.25,7.25,6.625,7.625],"texture":"#1"},"up":{"uv":[1.875,7.875,1.5,7.5],"texture":"#1"},"down":{"uv":[4.875,7.5,4.5,7.875],"texture":"#1"}}},{"from":[7.03995,-5.05,7.05],"to":[8.93995,-3.55,8.95],"rotation":{"angle":45,"axis":"y","origin":[7.98995,-4.05,8]},"faces":{"north":{"uv":[6.5,5.5,7,5.875],"texture":"#1"},"east":{"uv":[6.25,6.5,6.75,6.875],"texture":"#1"},"south":{"uv":[1.5,6.75,2,7.125],"texture":"#1"},"west":{"uv":[7,0,7.5,0.375],"texture":"#1"},"up":{"uv":[6.25,5.5,5.75,5],"texture":"#1"},"down":{"uv":[6.25,5.75,5.75,6.25],"texture":"#1"}}},{"from":[7.03995,-0.55,7.05],"to":[8.93995,0.95,8.95],"rotation":{"angle":45,"axis":"y","origin":[7.98995,0.45,8]},"faces":{"north":{"uv":[7,0.75,7.5,1.125],"texture":"#1"},"east":{"uv":[7,1.5,7.5,1.875],"texture":"#1"},"south":{"uv":[2.25,7,2.75,7.375],"texture":"#1"},"west":{"uv":[3,7,3.5,7.375],"texture":"#1"},"up":{"uv":[2.75,6.75,2.25,6.25],"texture":"#1"},"down":{"uv":[3.5,6.25,3,6.75],"texture":"#1"}}},{"from":[6.98995,4.95,6.7565],"to":[8.98995,7.45,9.2565],"rotation":{"angle":45,"axis":"x","origin":[7.98995,6.2,8.0065]},"faces":{"north":{"uv":[5.5,4,6,4.625],"texture":"#1"},"east":{"uv":[3.75,0,4.375,0.625],"texture":"#1"},"south":{"uv":[5.75,0,6.25,0.625],"texture":"#1"},"west":{"uv":[3.75,1,4.375,1.625],"texture":"#1"},"up":{"uv":[6.25,1.625,5.75,1],"texture":"#1"},"down":{"uv":[2,5.75,1.5,6.375],"texture":"#1"}}},{"from":[7.23995,5.95,5.7565],"to":[8.73995,9.45,9.2565],"rotation":{"angle":45,"axis":"x","origin":[7.98995,7.2,8.0065]},"faces":{"north":{"uv":[2,4.5,2.375,5.375],"texture":"#1"},"east":{"uv":[0,0,0.875,0.875],"texture":"#1"},"south":{"uv":[4.75,4,5.125,4.875],"texture":"#1"},"west":{"uv":[0,1.25,0.875,2.125],"texture":"#1"},"up":{"uv":[3.125,5.875,2.75,5],"texture":"#1"},"down":{"uv":[3.875,5,3.5,5.875],"texture":"#1"}}},{"from":[6.73995,6.45,6.2565],"to":[7.23995,8.95,8.7565],"rotation":{"angle":45,"axis":"x","origin":[6.48995,7.2,8.0065]},"faces":{"north":{"uv":[7.75,1,7.875,1.625],"texture":"#1"},"east":{"uv":[3.75,2,4.375,2.625],"texture":"#1"},"south":{"uv":[2.25,7.75,2.375,8.375],"texture":"#1"},"west":{"uv":[3.75,3,4.375,3.625],"texture":"#1"},"up":{"uv":[2.875,8.375,2.75,7.75],"texture":"#1"},"down":{"uv":[7.875,3,7.75,3.625],"texture":"#1"}}},{"from":[8.76005,6.45,6.2565],"to":[9.26005,8.95,8.7565],"rotation":{"angle":45,"axis":"x","origin":[9.51005,7.2,8.0065]},"faces":{"north":{"uv":[3.25,7.75,3.375,8.375],"texture":"#1"},"east":{"uv":[2.75,4,3.375,4.625],"texture":"#1"},"south":{"uv":[3.75,7.75,3.875,8.375],"texture":"#1"},"west":{"uv":[3.75,4,4.375,4.625],"texture":"#1"},"up":{"uv":[7.875,4.625,7.75,4],"texture":"#1"},"down":{"uv":[7.875,6.25,7.75,6.875],"texture":"#1"}}},{"from":[7.03995,-2.55,7.05],"to":[8.93995,-1.55,8.95],"rotation":{"angle":45,"axis":"y","origin":[7.98995,-1.55,8]},"faces":{"north":{"uv":[0,7.75,0.5,8],"texture":"#1"},"east":{"uv":[7.75,0,8.25,0.25],"texture":"#1"},"south":{"uv":[7.75,0.5,8.25,0.75],"texture":"#1"},"west":{"uv":[0.75,7.75,1.25,8],"texture":"#1"},"up":{"uv":[6.75,4,6.25,3.5],"texture":"#1"},"down":{"uv":[4.25,6.25,3.75,6.75],"texture":"#1"}}},{"from":[7.53995,-9.55,7.55],"to":[8.43995,-5.55,8.45],"rotation":{"angle":45,"axis":"y","origin":[7.98995,-11.55,8]},"faces":{"north":{"uv":[4.5,6.25,4.75,7.25],"texture":"#1"},"east":{"uv":[5,6.25,5.25,7.25],"texture":"#1"},"south":{"uv":[0,6.5,0.25,7.5],"texture":"#1"},"west":{"uv":[6.5,0,6.75,1],"texture":"#1"},"up":{"uv":[2.5,6,2.25,5.75],"texture":"#1"},"down":{"uv":[6,3.5,5.75,3.75],"texture":"#1"}}},{"from":[7.53995,1.95,7.55],"to":[8.43995,5.95,8.45],"rotation":{"angle":45,"axis":"y","origin":[7.98995,4.95,8]},"faces":{"north":{"uv":[0.5,6.5,0.75,7.5],"texture":"#1"},"east":{"uv":[1,6.5,1.25,7.5],"texture":"#1"},"south":{"uv":[6.5,1.25,6.75,2.25],"texture":"#1"},"west":{"uv":[6.5,4.25,6.75,5.25],"texture":"#1"},"up":{"uv":[8,5.25,7.75,5],"texture":"#1"},"down":{"uv":[7.25,7.75,7,8],"texture":"#1"}}},{"from":[7.03995,-11.05,7.05],"to":[8.93995,-9.55,8.95],"rotation":{"angle":0,"axis":"y","origin":[7.98995,-10.3,8]},"faces":{"north":{"uv":[7,3.25,7.5,3.625],"texture":"#1"},"east":{"uv":[3.75,7,4.25,7.375],"texture":"#1"},"south":{"uv":[7,4,7.5,4.375],"texture":"#1"},"west":{"uv":[7,4.75,7.5,5.125],"texture":"#1"},"up":{"uv":[7,3,6.5,2.5],"texture":"#1"},"down":{"uv":[6,6.5,5.5,7],"texture":"#1"}}},{"from":[6.73995,-13.03241,6.76464],"to":[9.23995,-10.53241,9.26464],"rotation":{"angle":45,"axis":"x","origin":[7.98995,-11.78241,7.96464]},"faces":{"north":{"uv":[0,4.5,0.625,5.125],"texture":"#1"},"east":{"uv":[1,4.5,1.625,5.125],"texture":"#1"},"south":{"uv":[4.75,0,5.375,0.625],"texture":"#1"},"west":{"uv":[4.75,1,5.375,1.625],"texture":"#1"},"up":{"uv":[5.375,2.625,4.75,2],"texture":"#1"},"down":{"uv":[5.375,3,4.75,3.625],"texture":"#1"}}},{"name":"pommel_outline","from":[6.48995,-13.28241,6.56464],"to":[9.48995,-10.28241,9.56464],"rotation":{"angle":45,"axis":"x","origin":[7.98995,-11.78241,8.01464]},"faces":{"north":{"uv":[0,2.5,0.75,3.25],"texture":"#1"},"east":{"uv":[2.75,0,3.5,0.75],"texture":"#1"},"south":{"uv":[2.75,1,3.5,1.75],"texture":"#1"},"west":{"uv":[2.75,2,3.5,2.75],"texture":"#1"},"up":{"uv":[3.5,3.75,2.75,3],"texture":"#1"},"down":{"uv":[0.75,3.5,0,4.25],"texture":"#1"}}},{"from":[5.75,12.75,5],"to":[7.25,14.25,6.5],"rotation":{"angle":0,"axis":"y","origin":[2.75,14.75,4]},"faces":{"north":{"uv":[1.5,12.5,2.25,13.25],"texture":"#0"},"east":{"uv":[12.5,1.5,13.25,2.25],"texture":"#0"},"south":{"uv":[3,12.5,3.75,13.25],"texture":"#0"},"west":{"uv":[4.5,12.5,5.25,13.25],"texture":"#0"},"up":{"uv":[13.25,9.75,12.5,9],"texture":"#0"},"down":{"uv":[10.75,12.5,10,13.25],"texture":"#0"}}},{"from":[8.75,12.75,5],"to":[10.25,14.25,6.5],"rotation":{"angle":0,"axis":"y","origin":[13.25,14.75,4]},"faces":{"north":{"uv":[12.5,10.5,13.25,11.25],"texture":"#0"},"east":{"uv":[11.5,12.5,12.25,13.25],"texture":"#0"},"south":{"uv":[6,13,6.75,13.75],"texture":"#0"},"west":{"uv":[7.5,13,8.25,13.75],"texture":"#0"},"up":{"uv":[13.75,12.75,13,12],"texture":"#0"},"down":{"uv":[0.75,13.5,0,14.25],"texture":"#0"}}},{"from":[6.75,13.5,6.75],"to":[6.75,15.5,9.25],"rotation":{"angle":0,"axis":"y","origin":[5.25,13.5,4]},"faces":{"north":{"uv":[9,13,9,14],"texture":"#0"},"east":{"uv":[3,9.5,4.25,10.5],"texture":"#0"},"south":{"uv":[9.5,13,9.5,14],"texture":"#0"},"west":{"uv":[5,9.5,6.25,10.5],"texture":"#0"},"up":{"uv":[13,14.75,13,13.5],"texture":"#0"},"down":{"uv":[13.5,13.5,13.5,14.75],"texture":"#0"}}},{"from":[9.25,13.5,6.75],"to":[9.25,15.5,9.25],"rotation":{"angle":0,"axis":"y","origin":[10.75,13.5,4]},"faces":{"north":{"uv":[14,0,14,1],"texture":"#0"},"east":{"uv":[10,3.5,11.25,4.5],"texture":"#0"},"south":{"uv":[1.5,14,1.5,15],"texture":"#0"},"west":{"uv":[10,5,11.25,6],"texture":"#0"},"up":{"uv":[2,15.25,2,14],"texture":"#0"},"down":{"uv":[2.5,14,2.5,15.25],"texture":"#0"}}},{"from":[6.75,13.5,9.25],"to":[9.25,15.5,9.25],"rotation":{"angle":0,"axis":"y","origin":[10.5,13.5,4]},"faces":{"north":{"uv":[10,6.5,11.25,7.5],"texture":"#0"},"east":{"uv":[14,1.5,14,2.5],"texture":"#0"},"south":{"uv":[7,10,8.25,11],"texture":"#0"},"west":{"uv":[3,14,3,15],"texture":"#0"},"up":{"uv":[9.25,1.5,8,1.5],"texture":"#0"},"down":{"uv":[4.75,14,3.5,14],"texture":"#0"}}},{"from":[6.75,13.5,6.75],"to":[9.25,15.5,6.75],"rotation":{"angle":0,"axis":"y","origin":[10.5,13.5,1.5]},"faces":{"north":{"uv":[10,8,11.25,9],"texture":"#0"},"east":{"uv":[5.5,14,5.5,15],"texture":"#0"},"south":{"uv":[9,10,10.25,11],"texture":"#0"},"west":{"uv":[14,9,14,10],"texture":"#0"},"up":{"uv":[11.25,14,10,14],"texture":"#0"},"down":{"uv":[15.25,10.5,14,10.5],"texture":"#0"}}},{"from":[4.00733,9,7.99582],"to":[6.00733,10.5,10.99582],"rotation":{"angle":22.5,"axis":"y","origin":[3.50733,9,6.99582]},"faces":{"north":{"uv":[4,11,5,11.75],"texture":"#0"},"east":{"uv":[0,10.5,1.5,11.25],"texture":"#0"},"south":{"uv":[5.5,11,6.5,11.75],"texture":"#0"},"west":{"uv":[10.5,0,12,0.75],"texture":"#0"},"up":{"uv":[8,9.5,7,8],"texture":"#0"},"down":{"uv":[1,8.5,0,10],"texture":"#0"}}},{"from":[4.26956,9,5.34149],"to":[5.76956,10.5,7.34149],"rotation":{"angle":22.5,"axis":"y","origin":[3.76956,9,4.34149]},"faces":{"north":{"uv":[13.5,6,14.25,6.75],"texture":"#0"},"east":{"uv":[0,12,1,12.75],"texture":"#0"},"south":{"uv":[13.5,7.5,14.25,8.25],"texture":"#0"},"west":{"uv":[12,3,13,3.75],"texture":"#0"},"up":{"uv":[12.75,5.5,12,4.5],"texture":"#0"},"down":{"uv":[12.75,6,12,7],"texture":"#0"}}},{"from":[10.23044,9,5.34149],"to":[11.73044,10.5,7.34149],"rotation":{"angle":-22.5,"axis":"y","origin":[12.23044,9,4.34149]},"faces":{"north":{"uv":[13.5,3,14.25,3.75],"texture":"#0"},"east":{"uv":[11,9.5,12,10.25],"texture":"#0"},"south":{"uv":[13.5,4.5,14.25,5.25],"texture":"#0"},"west":{"uv":[11,11,12,11.75],"texture":"#0"},"up":{"uv":[7.75,12.5,7,11.5],"texture":"#0"},"down":{"uv":[9.25,11.5,8.5,12.5],"texture":"#0"}}},{"from":[9.99267,9,7.99582],"to":[11.99267,10.5,10.99582],"rotation":{"angle":-22.5,"axis":"y","origin":[12.49267,9,6.99582]},"faces":{"north":{"uv":[12,7.5,13,8.25],"texture":"#0"},"east":{"uv":[10.5,1.5,12,2.25],"texture":"#0"},"south":{"uv":[12.5,0,13.5,0.75],"texture":"#0"},"west":{"uv":[2,11,3.5,11.75],"texture":"#0"},"up":{"uv":[2.5,10,1.5,8.5],"texture":"#0"},"down":{"uv":[9.5,8,8.5,9.5],"texture":"#0"}}},{"from":[6,9.5,4],"to":[10,11.5,7],"rotation":{"angle":0,"axis":"y","origin":[5,10.5,4]},"faces":{"north":{"uv":[7.5,3.5,9.5,4.5],"texture":"#0"},"east":{"uv":[3,8,4.5,9],"texture":"#0"},"south":{"uv":[8,0,10,1],"texture":"#0"},"west":{"uv":[5,8,6.5,9],"texture":"#0"},"up":{"uv":[7,3.5,5,2],"texture":"#0"},"down":{"uv":[7,4,5,5.5],"texture":"#0"}}},{"from":[6.5,11.5,4.5],"to":[9.5,13.5,9.5],"rotation":{"angle":0,"axis":"y","origin":[5,11.5,4]},"faces":{"north":{"uv":[8,5,9.5,6],"texture":"#0"},"east":{"uv":[0,7,2.5,8],"texture":"#0"},"south":{"uv":[8,6.5,9.5,7.5],"texture":"#0"},"west":{"uv":[7.5,2,10,3],"texture":"#0"},"up":{"uv":[4.5,2.5,3,0],"texture":"#0"},"down":{"uv":[4.5,3,3,5.5],"texture":"#0"}}},{"from":[5.5,9.5,7],"to":[10.5,12.5,10.5],"rotation":{"angle":0,"axis":"y","origin":[5,11.5,6.5]},"faces":{"north":{"uv":[0,5,2.5,6.5],"texture":"#0"},"east":{"uv":[3,6,4.75,7.5],"texture":"#0"},"south":{"uv":[5,0,7.5,1.5],"texture":"#0"},"west":{"uv":[5.5,6,7.25,7.5],"texture":"#0"},"up":{"uv":[2.5,1.75,0,0],"texture":"#0"},"down":{"uv":[2.5,2.5,0,4.25],"texture":"#0"}}}],"gui_light":"front","display":{"thirdperson_righthand":{"translation":[0,13.75,1.5]},"thirdperson_lefthand":{"translation":[0,13.75,1.5]},"firstperson_righthand":{"rotation":[-22.5,0,0],"translation":[12.5,4.25,-12.5]},"firstperson_lefthand":{"rotation":[-22.5,0,0],"translation":[12.5,4.25,-12.5]},"ground":{"translation":[0,18,0],"scale":[0.9,0.9,0.9]},"gui":{"rotation":[-90,45,90],"translation":[-2.5,2.75,0],"scale":[0.6,0.6,0.6]},"fixed":{"rotation":[0,-90,0],"translation":[0,7.5,-4.5],"scale":[1.2,1.2,1.2]}},"groups":[{"name":"frog_staff","origin":[8,8,8],"color":0,"children":[{"name":"staff","origin":[7.98995,-11.78241,8.01464],"color":0,"children":[0,1,2,3,4,5,6,7,8,9,10,11,12,13,14]},{"name":"frog","origin":[12.49267,0,7.99582],"color":0,"children":[{"name":"eyes","origin":[13.25,5.75,5],"color":0,"children":[15,16]},{"name":"crown","origin":[10.5,4.5,2.5],"color":0,"children":[17,18,19,20]},{"name":"feet","origin":[12.49267,0,7.99582],"color":0,"children":[21,22,23,24]},{"name":"body","origin":[5,2.5,7.5],"color":0,"children":[25,26,27]}]}]}],"mcmodels":"9204aa0cb57852696a8cee80f6197a3f"}