{
	"credit": "Modelled By: Herbert Richard",
	"texture_size": [64, 64],
	"textures": {
		"0": "item/crates/buzz/pickaxe_lightyear",
		"particle": "item/crates/buzz/pickaxe_lightyear"
	},
	"elements": [
		{
			"from": [6.5, -8, 6.5],
			"to": [9.5, -5, 9.5],
			"rotation": {"angle": 0, "axis": "y", "origin": [19, 1, 14]},
			"faces": {
				"north": {"uv": [5.75, 2.25, 6.5, 3], "texture": "#0"},
				"east": {"uv": [5.75, 2.25, 6.5, 3], "texture": "#0"},
				"south": {"uv": [5.75, 2.25, 6.5, 3], "texture": "#0"},
				"west": {"uv": [5.75, 2.25, 6.5, 3], "texture": "#0"},
				"up": {"uv": [5.75, 6.5, 5, 5.75], "texture": "#0"},
				"down": {"uv": [6.5, 5.75, 5.75, 6.5], "texture": "#0"}
			}
		},
		{
			"from": [6.5, 5, 6.5],
			"to": [9.5, 6, 9.5],
			"rotation": {"angle": 0, "axis": "y", "origin": [19, 1, 14]},
			"faces": {
				"north": {"uv": [6.5, 6, 7.25, 6.25], "texture": "#0"},
				"east": {"uv": [6.5, 6, 7.25, 6.25], "texture": "#0"},
				"south": {"uv": [6.5, 6, 7.25, 6.25], "texture": "#0"},
				"west": {"uv": [6.5, 6, 7.25, 6.25], "texture": "#0"},
				"up": {"uv": [4.25, 6.75, 3.5, 6], "texture": "#0"},
				"down": {"uv": [5, 6, 4.25, 6.75], "texture": "#0"}
			}
		},
		{
			"from": [6.5, -1, 6.5],
			"to": [9.5, 0, 9.5],
			"rotation": {"angle": 0, "axis": "y", "origin": [19, 1, 14]},
			"faces": {
				"north": {"uv": [6.5, 6, 7.25, 6.25], "texture": "#0"},
				"east": {"uv": [6.5, 6.25, 7.25, 6.5], "texture": "#0"},
				"south": {"uv": [2, 6.75, 2.75, 7], "texture": "#0"},
				"west": {"uv": [2.75, 6.75, 3.5, 7], "texture": "#0"},
				"up": {"uv": [4.25, 6.75, 3.5, 6], "texture": "#0"},
				"down": {"uv": [5, 6, 4.25, 6.75], "texture": "#0"}
			}
		},
		{
			"from": [6.5, 10, 6.5],
			"to": [9.5, 17, 9.5],
			"rotation": {"angle": 0, "axis": "y", "origin": [19, 1, 14]},
			"faces": {
				"north": {"uv": [4.25, 2, 5, 3.75], "texture": "#0"},
				"east": {"uv": [5, 3.75, 5.75, 5.5], "texture": "#0"},
				"south": {"uv": [5, 3.75, 5.75, 5.5], "texture": "#0"},
				"west": {"uv": [5, 3.75, 5.75, 5.5], "texture": "#0"},
				"up": {"uv": [7.25, 3, 6.5, 2.25], "texture": "#0"},
				"down": {"uv": [7.25, 3, 6.5, 3.75], "texture": "#0"}
			}
		},
		{
			"from": [7, 10, 6],
			"to": [9, 16, 10],
			"rotation": {"angle": 0, "axis": "y", "origin": [19.5, 1, 14.5]},
			"faces": {
				"north": {"uv": [1, 5.5, 1.5, 7], "texture": "#0"},
				"east": {"uv": [1, 4, 2, 5.5], "texture": "#0"},
				"south": {"uv": [1, 5.5, 1.5, 7], "texture": "#0"},
				"west": {"uv": [2, 4, 3, 5.5], "texture": "#0"},
				"up": {"uv": [7, 4.75, 6.5, 3.75], "texture": "#0"},
				"down": {"uv": [5.5, 6.5, 5, 7.5], "texture": "#0"}
			}
		},
		{
			"from": [7, -6, 7],
			"to": [9, 16, 9],
			"rotation": {"angle": 0, "axis": "y", "origin": [7.5, 1, 7.5]},
			"faces": {
				"north": {"uv": [3.25, 0, 3.75, 5.5], "texture": "#0"},
				"east": {"uv": [3.25, 0, 3.75, 5.5], "texture": "#0"},
				"south": {"uv": [3.25, 0, 3.75, 5.5], "texture": "#0"},
				"west": {"uv": [3.25, 0, 3.75, 5.5], "texture": "#0"},
				"up": {"uv": [7, 5.25, 6.5, 4.75], "texture": "#0"},
				"down": {"uv": [6, 6.5, 5.5, 7], "texture": "#0"}
			}
		},
		{
			"from": [8, 13.5, 7.5],
			"to": [20, 15.5, 8.5],
			"rotation": {"angle": -22.5, "axis": "z", "origin": [11, 14.5, 7]},
			"faces": {
				"north": {"uv": [4.25, 0, 7.25, 0.5], "texture": "#0"},
				"east": {"uv": [3, 4, 3.25, 4.5], "texture": "#0"},
				"south": {"uv": [7.25, 0, 4.25, 0.5], "texture": "#0"},
				"west": {"uv": [3, 4.5, 3.25, 5], "texture": "#0"},
				"up": {"uv": [5, 5.75, 2, 5.5], "texture": "#0"},
				"down": {"uv": [8, 5.5, 5, 5.75], "texture": "#0"}
			}
		},
		{
			"from": [9, 11.5, 8],
			"to": [22, 15.5, 8],
			"rotation": {"angle": -22.5, "axis": "z", "origin": [11, 14.5, 5.5]},
			"faces": {
				"north": {"uv": [0, 0, 3.25, 1], "texture": "#0"},
				"east": {"uv": [0, 0, 0, 1], "texture": "#0"},
				"south": {"uv": [3.25, 0, 0, 1], "texture": "#0"},
				"west": {"uv": [0, 0, 0, 1], "texture": "#0"},
				"up": {"uv": [3.25, 0, 0, 0], "texture": "#0"},
				"down": {"uv": [3.25, 0, 0, 0], "texture": "#0"}
			}
		},
		{
			"from": [-4, 13.5, 7.5],
			"to": [8, 15.5, 8.5],
			"rotation": {"angle": 22.5, "axis": "z", "origin": [5, 14.5, 7]},
			"faces": {
				"north": {"uv": [7.25, 0, 4.25, 0.5], "texture": "#0"},
				"east": {"uv": [3.25, 4.5, 3, 5], "texture": "#0"},
				"south": {"uv": [4.25, 0, 7.25, 0.5], "texture": "#0"},
				"west": {"uv": [3.25, 4, 3, 4.5], "texture": "#0"},
				"up": {"uv": [2, 5.75, 5, 5.5], "texture": "#0"},
				"down": {"uv": [5, 5.5, 8, 5.75], "texture": "#0"}
			}
		},
		{
			"from": [-6, 11.5, 8],
			"to": [7, 15.5, 8],
			"rotation": {"angle": 22.5, "axis": "z", "origin": [5, 14.5, 5.5]},
			"faces": {
				"north": {"uv": [3.25, 0, 0, 1], "texture": "#0"},
				"east": {"uv": [0, 0, 0, 1], "texture": "#0"},
				"south": {"uv": [0, 0, 3.25, 1], "texture": "#0"},
				"west": {"uv": [0, 0, 0, 1], "texture": "#0"},
				"up": {"uv": [0, 0, 3.25, 0], "texture": "#0"},
				"down": {"uv": [0, 0, 3.25, 0], "texture": "#0"}
			}
		}
	],
	"gui_light": "front",
	"display": {
		"thirdperson_righthand": {
			"rotation": [0, 90, 0],
			"translation": [0, 2.5, 1.25],
			"scale": [0.85, 0.85, 0.85]
		},
		"thirdperson_lefthand": {
			"rotation": [0, -90, 0],
			"translation": [0, 2.5, 1.25],
			"scale": [0.85, 0.85, 0.85]
		},
		"firstperson_righthand": {
			"rotation": [-24, 110, 0],
			"translation": [1.63, 3.95, 1.13],
			"scale": [0.38, 0.38, 0.38]
		},
		"firstperson_lefthand": {
			"rotation": [-24, -73, 0],
			"translation": [1.63, 3.95, 1.13],
			"scale": [0.38, 0.38, 0.38]
		},
		"ground": {
			"rotation": [-60, 0, 0],
			"scale": [0.3, 0.3, 0.3]
		},
		"gui": {
			"rotation": [0, 0, 45],
			"translation": [-0.75, 0.5, 0],
			"scale": [0.7, 0.7, 0.7]
		},
		"head": {
			"rotation": [0, 0, 53],
			"translation": [-3.75, -14, 5.25]
		},
		"fixed": {
			"rotation": [0, 0, 45],
			"translation": [-0.25, 0.5, -1],
			"scale": [0.8, 0.8, 0.8]
		}
	},
	"groups": [
		{
			"name": "root",
			"origin": [8, 8, 8],
			"color": 0,
			"children": [0, 1, 2, 3, 4, 5, 6, 7, 8, 9]
		}
	]
}