{
	"format_version": "1.21.6",
	"credit": "Made with Blockbench",
	"texture_size": [64, 64],
	"textures": {
		"2": "item/crates/autumn/autumpack_em_fallingleaves",
		"4": "item/crates/autumn/autummpack_em_axe",
		"particle": "item/crates/autumn/autummpack_em_axe"
	},
	"elements": [
		{
			"from": [7.50375, 22.19003, -3.49596],
			"to": [8.49375, 24.18003, 4.49404],
			"rotation": {"angle": 22.5, "axis": "x", "origin": [7.99875, 16.83287, 7.22224]},
			"faces": {
				"north": {"uv": [5.25, 7.5, 5.5, 8], "texture": "#4"},
				"east": {"uv": [8.25, 4.5, 10.25, 5], "texture": "#4"},
				"south": {"uv": [8.75, 2.5, 9, 3], "texture": "#4"},
				"west": {"uv": [8.25, 5, 10.25, 5.5], "texture": "#4"},
				"up": {"uv": [8.25, 11, 8, 9], "texture": "#4"},
				"down": {"uv": [8.5, 9, 8.25, 11], "texture": "#4"}
			}
		},
		{
			"from": [7.49125, 21.75, 2.54238],
			"to": [8.50125, 24.76, 7.55238],
			"rotation": {"angle": 0, "axis": "y", "origin": [8.00125, 17.01, 6.6025]},
			"faces": {
				"north": {"uv": [5.25, 9.75, 5.5, 10.5], "texture": "#4"},
				"east": {"uv": [8.75, 1, 10, 1.75], "texture": "#4"},
				"south": {"uv": [5.5, 9.75, 5.75, 10.5], "texture": "#4"},
				"west": {"uv": [8.75, 1.75, 10, 2.5], "texture": "#4"},
				"up": {"uv": [10, 4.5, 9.75, 3.25], "texture": "#4"},
				"down": {"uv": [4, 9.75, 3.75, 11], "texture": "#4"}
			}
		},
		{
			"from": [8.00375, 14.745, -1.45262],
			"to": [8.00375, 26.745, 6.54738],
			"rotation": {"angle": 0, "axis": "y", "origin": [7.49875, 17, 1.6025]},
			"faces": {
				"north": {"uv": [0, 0, 0, 3], "texture": "#4"},
				"east": {"uv": [5.5, 5, 7.5, 8], "texture": "#4"},
				"south": {"uv": [0, 0, 0, 3], "texture": "#4"},
				"west": {"uv": [6.75, 0, 8.75, 3], "texture": "#4"},
				"up": {"uv": [0, 2, 0, 0], "texture": "#4"},
				"down": {"uv": [0, 0, 0, 2], "texture": "#4"}
			}
		},
		{
			"from": [8, 17.75, 8.29762],
			"to": [8, 26.75, 16.29762],
			"rotation": {"angle": 0, "axis": "y", "origin": [7.495, 17.005, 13.2525]},
			"faces": {
				"north": {"uv": [0, 0, 0, 2.25], "texture": "#4"},
				"east": {"uv": [0, 7.5, 2, 9.75], "texture": "#4"},
				"south": {"uv": [0, 0, 0, 2.25], "texture": "#4"},
				"west": {"uv": [2, 7.5, 4, 9.75], "texture": "#4"},
				"up": {"uv": [0, 2, 0, 0], "texture": "#4"},
				"down": {"uv": [0, 0, 0, 2], "texture": "#4"}
			}
		},
		{
			"from": [7.49, 21.74, 8.28762],
			"to": [8.5, 24.75, 14.29762],
			"rotation": {"angle": 0, "axis": "y", "origin": [8, 17, 11.2475]},
			"faces": {
				"north": {"uv": [9.75, 5.5, 10, 6.25], "texture": "#4"},
				"east": {"uv": [6, 8, 7.5, 8.75], "texture": "#4"},
				"south": {"uv": [5.75, 9.75, 6, 10.5], "texture": "#4"},
				"west": {"uv": [8, 6.75, 9.5, 7.5], "texture": "#4"},
				"up": {"uv": [9.75, 10, 9.5, 8.5], "texture": "#4"},
				"down": {"uv": [0.25, 9.75, 0, 11.25], "texture": "#4"}
			}
		},
		{
			"from": [7, 18.03806, 6.5],
			"to": [9, 24.03806, 9.5],
			"rotation": {"angle": 0, "axis": "y", "origin": [8, 21.03806, 8]},
			"faces": {
				"north": {"uv": [7, 8.75, 7.5, 10.25], "texture": "#4"},
				"east": {"uv": [8, 7.5, 8.75, 9], "texture": "#4"},
				"south": {"uv": [8.75, 7.5, 9.25, 9], "texture": "#4"},
				"west": {"uv": [8.25, 3, 9, 4.5], "texture": "#4"},
				"up": {"uv": [10, 7.25, 9.5, 6.5], "texture": "#4"},
				"down": {"uv": [10.25, 0, 9.75, 0.75], "texture": "#4"}
			}
		},
		{
			"from": [6.85, 16.35, 6.55711],
			"to": [9.15, 19.65, 9.85711],
			"rotation": {"angle": 45, "axis": "x", "origin": [8, 18.5, 8.70711]},
			"faces": {
				"north": {"uv": [0.25, 9.75, 0.75, 10.5], "texture": "#4"},
				"east": {"uv": [9, 2.5, 9.75, 3.25], "texture": "#4"},
				"south": {"uv": [0.75, 9.75, 1.25, 10.5], "texture": "#4"},
				"west": {"uv": [9, 3.25, 9.75, 4], "texture": "#4"},
				"up": {"uv": [1.75, 10.5, 1.25, 9.75], "texture": "#4"},
				"down": {"uv": [2.25, 9.75, 1.75, 10.5], "texture": "#4"}
			}
		},
		{
			"from": [6.9, 6.4, 6.4],
			"to": [9.1, 13.6, 9.6],
			"rotation": {"angle": 0, "axis": "y", "origin": [9, 3.5, 7.5]},
			"faces": {
				"north": {"uv": [6, 8.75, 6.5, 10.5], "texture": "#4"},
				"east": {"uv": [6.75, 3, 7.5, 4.75], "texture": "#4"},
				"south": {"uv": [6.5, 8.75, 7, 10.5], "texture": "#4"},
				"west": {"uv": [5.25, 8, 6, 9.75], "texture": "#4"},
				"up": {"uv": [2.75, 10.5, 2.25, 9.75], "texture": "#4"},
				"down": {"uv": [10.25, 2.5, 9.75, 3.25], "texture": "#4"}
			}
		},
		{
			"from": [6.99, 3.49, 6.49],
			"to": [9.01, 18.51, 9.51],
			"rotation": {"angle": 0, "axis": "y", "origin": [9, 3.5, 7.5]},
			"faces": {
				"north": {"uv": [4.75, 7.5, 5.25, 11.25], "texture": "#4"},
				"east": {"uv": [7.5, 3, 8.25, 6.75], "texture": "#4"},
				"south": {"uv": [7.5, 6.75, 8, 10.5], "texture": "#4"},
				"west": {"uv": [4, 7.5, 4.75, 11.25], "texture": "#4"},
				"up": {"uv": [3.25, 10.5, 2.75, 9.75], "texture": "#4"},
				"down": {"uv": [3.75, 9.75, 3.25, 10.5], "texture": "#4"}
			}
		},
		{
			"from": [7, -0.5, 6],
			"to": [9, 3.5, 10],
			"rotation": {"angle": 0, "axis": "y", "origin": [9, 1.5, 8]},
			"faces": {
				"north": {"uv": [8.5, 9, 9, 10], "texture": "#4"},
				"east": {"uv": [8.25, 5.5, 9.25, 6.5], "texture": "#4"},
				"south": {"uv": [9, 9, 9.5, 10], "texture": "#4"},
				"west": {"uv": [8.75, 0, 9.75, 1], "texture": "#4"},
				"up": {"uv": [9.75, 6.5, 9.25, 5.5], "texture": "#4"},
				"down": {"uv": [9.75, 7.5, 9.25, 8.5], "texture": "#4"}
			}
		},
		{
			"name": "leaves",
			"from": [0, 13.53806, 8],
			"to": [16, 23.53806, 8],
			"rotation": {"angle": 0, "axis": "y", "origin": [8, 18.53806, 8]},
			"faces": {
				"north": {"uv": [0, 0, 4, 2.5], "texture": "#4"},
				"east": {"uv": [0, 0, 0, 2.5], "texture": "#4"},
				"south": {"uv": [0, 2.5, 4, 5], "texture": "#4"},
				"west": {"uv": [0, 0, 0, 2.5], "texture": "#4"},
				"up": {"uv": [4, 0, 0, 0], "texture": "#4"},
				"down": {"uv": [4, 0, 0, 0], "texture": "#4"}
			}
		},
		{
			"name": "leaves",
			"from": [2.5, -8.46194, 8],
			"to": [13.5, 1.53806, 8],
			"rotation": {"angle": 0, "axis": "y", "origin": [8, -3.46194, 8]},
			"faces": {
				"north": {"uv": [4, 0, 6.75, 2.5], "texture": "#4"},
				"east": {"uv": [0, 0, 0, 2.5], "texture": "#4"},
				"south": {"uv": [4, 2.5, 6.75, 5], "texture": "#4"},
				"west": {"uv": [0, 0, 0, 2.5], "texture": "#4"},
				"up": {"uv": [2.75, 0, 0, 0], "texture": "#4"},
				"down": {"uv": [2.75, 0, 0, 0], "texture": "#4"}
			}
		},
		{
			"name": "leaves",
			"from": [8, -8.46194, 2.5],
			"to": [8, 1.53806, 13.5],
			"rotation": {"angle": 0, "axis": "y", "origin": [8, -3.46194, 8]},
			"faces": {
				"north": {"uv": [0, 0, 0, 2.5], "texture": "#4"},
				"east": {"uv": [0, 5, 2.75, 7.5], "texture": "#4"},
				"south": {"uv": [0, 0, 0, 2.5], "texture": "#4"},
				"west": {"uv": [2.75, 5, 5.5, 7.5], "texture": "#4"},
				"up": {"uv": [0, 2.75, 0, 0], "texture": "#4"},
				"down": {"uv": [0, 0, 0, 2.75], "texture": "#4"}
			}
		},
		{
			"name": "movement",
			"from": [-4, -4.015, 8],
			"to": [20, 23.985, 8],
			"rotation": {"angle": 0, "axis": "y", "origin": [8, 11.985, 8]},
			"faces": {
				"north": {"uv": [0, 0, 6, 7], "texture": "#2"},
				"east": {"uv": [0, 0, 0, 3], "texture": "#missing"},
				"south": {"uv": [0, 0, 6, 7], "texture": "#2"},
				"west": {"uv": [0, 0, 0, 3], "texture": "#missing"},
				"up": {"uv": [0, 2, 0, 0], "rotation": 270, "texture": "#missing"},
				"down": {"uv": [0, 0, 0, 2], "rotation": 90, "texture": "#missing"}
			}
		}
	],
	"gui_light": "front",
	"display": {
		"thirdperson_righthand": {
			"translation": [0, -2.25, 0.5],
			"scale": [1.5, 1.5, 1.5]
		},
		"thirdperson_lefthand": {
			"translation": [0, -2.25, 0.5],
			"scale": [1.5, 1.5, 1.5]
		},
		"firstperson_righthand": {
			"rotation": [-16.75, 2.1, -8.27],
			"translation": [11.5, -6.75, -10.75],
			"scale": [1.5, 1.5, 1.5]
		},
		"firstperson_lefthand": {
			"rotation": [-16.75, 2.1, -8.27],
			"translation": [11.5, -6.75, -10.75],
			"scale": [1.5, 1.5, 1.5]
		},
		"ground": {
			"translation": [0, 5.5, 0],
			"scale": [1.5, 1.5, 1.5]
		},
		"gui": {
			"rotation": [90, 40, -90],
			"translation": [-2.25, -1.75, 0]
		},
		"head": {
			"rotation": [-88.39, -38.43, -88.97],
			"translation": [0, -15.25, 4.5],
			"scale": [2, 2, 2]
		},
		"fixed": {
			"rotation": [88.67, -40.69, 89.2],
			"translation": [2, -2.25, 0],
			"scale": [4, 4, 4]
		}
	},
	"groups": [
		{
			"name": "axe",
			"origin": [15.05012, 4.5, 16],
			"color": 0,
			"children": [0, 1, 2, 3, 4, 5, 6, 7, 8, 9, 10, 11, 12, 13]
		}
	]
}