{
	"format_version": "1.21.6",
	"credit": "Made with Blockbench",
	"texture_size": [64, 64],
	"textures": {
		"1": "item/crates/autumn/autumpack_em_fallingleaves",
		"3": "item/crates/autumn/autummpack_em_bow",
		"particle": "item/crates/autumn/autumpack_em_fallingleaves"
	},
	"elements": [
		{
			"name": "right_cord",
			"from": [8, -9.75, 10.95284],
			"to": [8, 8, 11.95284],
			"rotation": {"angle": 0, "axis": "y", "origin": [8, 8.125, 8]},
			"faces": {
				"north": {"uv": [0, 0, 0, 9], "rotation": 180, "texture": "#3"},
				"east": {"uv": [3, 6.5, 2.5, 15.5], "rotation": 180, "texture": "#3"},
				"south": {"uv": [0, 0, 0, 9], "rotation": 180, "texture": "#3"},
				"west": {"uv": [3.5, 6.5, 3, 15.5], "rotation": 180, "texture": "#3"},
				"up": {"uv": [0, 0, 0, 0.5], "rotation": 180, "texture": "#3"},
				"down": {"uv": [0, 0.5, 0, 0], "rotation": 180, "texture": "#3"}
			}
		},
		{
			"name": "left_cord",
			"from": [8, 8, 10.95284],
			"to": [8, 25.75, 11.95284],
			"rotation": {"angle": 0, "axis": "y", "origin": [8, 8.125, 8]},
			"faces": {
				"north": {"uv": [0, 0, 0, 9], "rotation": 180, "texture": "#3"},
				"east": {"uv": [4, 6.5, 3.5, 15.5], "rotation": 180, "texture": "#3"},
				"south": {"uv": [0, 0, 0, 9], "rotation": 180, "texture": "#3"},
				"west": {"uv": [4.5, 6.5, 4, 15.5], "rotation": 180, "texture": "#3"},
				"up": {"uv": [0, 0, 0, 0.5], "rotation": 180, "texture": "#3"},
				"down": {"uv": [0, 0.5, 0, 0], "rotation": 180, "texture": "#3"}
			}
		},
		{
			"from": [7.15, 1.95577, 7.07274],
			"to": [8.85, 4.65577, 8.77274],
			"rotation": {"angle": 45, "axis": "x", "origin": [8, 8.125, 8]},
			"faces": {
				"north": {"uv": [11.5, 11.5, 10.5, 13], "rotation": 180, "texture": "#3"},
				"east": {"uv": [12.5, 12, 11.5, 13.5], "rotation": 180, "texture": "#3"},
				"south": {"uv": [13.5, 0, 12.5, 1.5], "rotation": 180, "texture": "#3"},
				"west": {"uv": [13.5, 1.5, 12.5, 3], "rotation": 180, "texture": "#3"},
				"up": {"uv": [13.5, 0, 14.5, 1], "rotation": 180, "texture": "#3"},
				"down": {"uv": [10.5, 14, 11.5, 13], "rotation": 180, "texture": "#3"}
			}
		},
		{
			"from": [8, -8.15213, -3.31981],
			"to": [8, 4.84787, 1.68019],
			"rotation": {"angle": -22.5, "axis": "x", "origin": [8, 8.125, 8]},
			"faces": {
				"north": {"uv": [0, 0, 0, 6.5], "rotation": 180, "texture": "#3"},
				"east": {"uv": [2.5, 0, 0, 6.5], "rotation": 180, "texture": "#3"},
				"south": {"uv": [0, 0, 0, 6.5], "rotation": 180, "texture": "#3"},
				"west": {"uv": [5, 0, 2.5, 6.5], "rotation": 180, "texture": "#3"},
				"up": {"uv": [0, 0, 0, 2.5], "rotation": 180, "texture": "#3"},
				"down": {"uv": [0, 2.5, 0, 0], "rotation": 180, "texture": "#3"}
			}
		},
		{
			"from": [7.1, 1.10689, 3.07252],
			"to": [8.9, 4.90689, 4.87252],
			"rotation": {"angle": -22.5, "axis": "x", "origin": [8, 4.25741, 4.21991]},
			"faces": {
				"north": {"uv": [10.5, 10.5, 9.5, 12.5], "rotation": 180, "texture": "#3"},
				"east": {"uv": [11.5, 9.5, 10.5, 11.5], "rotation": 180, "texture": "#3"},
				"south": {"uv": [12.5, 0, 11.5, 2], "rotation": 180, "texture": "#3"},
				"west": {"uv": [12.5, 2, 11.5, 4], "rotation": 180, "texture": "#3"},
				"up": {"uv": [1, 13, 2, 14], "rotation": 180, "texture": "#3"},
				"down": {"uv": [0, 14, 1, 13], "rotation": 180, "texture": "#3"}
			}
		},
		{
			"from": [7, -5.69317, 4.3155],
			"to": [9, 1.30683, 6.3155],
			"rotation": {"angle": -22.5, "axis": "x", "origin": [8, 0.73019, 5.444]},
			"faces": {
				"north": {"uv": [8.5, 3.5, 7.5, 7], "rotation": 180, "texture": "#3"},
				"east": {"uv": [8.5, 7, 7.5, 10.5], "rotation": 180, "texture": "#3"},
				"south": {"uv": [9.5, 0, 8.5, 3.5], "rotation": 180, "texture": "#3"},
				"west": {"uv": [9.5, 3.5, 8.5, 7], "rotation": 180, "texture": "#3"},
				"up": {"uv": [6.5, 13.5, 7.5, 14.5], "rotation": 180, "texture": "#3"},
				"down": {"uv": [13.5, 7, 14.5, 6], "rotation": 180, "texture": "#3"}
			}
		},
		{
			"from": [7.5, -10.1464, 7.74268],
			"to": [8.5, -6.1464, 8.74268],
			"rotation": {"angle": 0, "axis": "y", "origin": [8, -5.57847, 7.38338]},
			"faces": {
				"north": {"uv": [2.5, 13, 2, 15], "rotation": 180, "texture": "#3"},
				"east": {"uv": [14, 3, 13.5, 5], "rotation": 180, "texture": "#3"},
				"south": {"uv": [5, 13.5, 4.5, 15.5], "rotation": 180, "texture": "#3"},
				"west": {"uv": [5.5, 13.5, 5, 15.5], "rotation": 180, "texture": "#3"},
				"up": {"uv": [14.5, 7.5, 15, 8], "rotation": 180, "texture": "#3"},
				"down": {"uv": [14.5, 7.5, 15, 7], "rotation": 180, "texture": "#3"}
			}
		},
		{
			"from": [7.1, -12.00927, 7.02112],
			"to": [8.9, -5.20927, 8.82112],
			"rotation": {"angle": -45, "axis": "x", "origin": [8, -5.57847, 7.38338]},
			"faces": {
				"north": {"uv": [5.5, 6.5, 4.5, 10], "rotation": 180, "texture": "#3"},
				"east": {"uv": [6.5, 6.5, 5.5, 10], "rotation": 180, "texture": "#3"},
				"south": {"uv": [7.5, 6.5, 6.5, 10], "rotation": 180, "texture": "#3"},
				"west": {"uv": [8.5, 0, 7.5, 3.5], "rotation": 180, "texture": "#3"},
				"up": {"uv": [13.5, 2, 14.5, 3], "rotation": 180, "texture": "#3"},
				"down": {"uv": [13.5, 2, 14.5, 1], "rotation": 180, "texture": "#3"}
			}
		},
		{
			"from": [7.15, -12.9964, 10.68018],
			"to": [8.85, -10.2964, 11.38018],
			"rotation": {"angle": 0, "axis": "y", "origin": [8, -5.57847, 7.38338]},
			"faces": {
				"north": {"uv": [13.5, 3, 12.5, 4.5], "rotation": 180, "texture": "#3"},
				"east": {"uv": [2, 14, 1.5, 15.5], "rotation": 180, "texture": "#3"},
				"south": {"uv": [13.5, 4.5, 12.5, 6], "rotation": 180, "texture": "#3"},
				"west": {"uv": [11, 14, 10.5, 15.5], "rotation": 180, "texture": "#3"},
				"up": {"uv": [14, 13.5, 15, 14], "rotation": 180, "texture": "#3"},
				"down": {"uv": [13.5, 14.5, 14.5, 14], "rotation": 180, "texture": "#3"}
			}
		},
		{
			"from": [7.15, -13.68032, 6.88585],
			"to": [8.85, -11.98032, 7.58585],
			"rotation": {"angle": -45, "axis": "x", "origin": [8, -5.57847, 7.38338]},
			"faces": {
				"north": {"uv": [14.5, 5, 13.5, 6], "rotation": 180, "texture": "#3"},
				"east": {"uv": [15, 0, 14.5, 1], "rotation": 180, "texture": "#3"},
				"south": {"uv": [6.5, 13.5, 5.5, 14.5], "rotation": 180, "texture": "#3"},
				"west": {"uv": [15, 1, 14.5, 2], "rotation": 180, "texture": "#3"},
				"up": {"uv": [14.5, 2.5, 15.5, 3], "rotation": 180, "texture": "#3"},
				"down": {"uv": [14.5, 2.5, 15.5, 2], "rotation": 180, "texture": "#3"}
			}
		},
		{
			"from": [7.15, 11.59423, 7.07274],
			"to": [8.85, 14.29423, 8.77274],
			"rotation": {"angle": -45, "axis": "x", "origin": [8, 8.125, 8]},
			"faces": {
				"north": {"uv": [11.5, 13, 10.5, 11.5], "rotation": 180, "texture": "#3"},
				"east": {"uv": [12.5, 13.5, 11.5, 12], "rotation": 180, "texture": "#3"},
				"south": {"uv": [13.5, 1.5, 12.5, 0], "rotation": 180, "texture": "#3"},
				"west": {"uv": [13.5, 3, 12.5, 1.5], "rotation": 180, "texture": "#3"},
				"up": {"uv": [10.5, 13, 11.5, 14], "rotation": 180, "texture": "#3"},
				"down": {"uv": [13.5, 1, 14.5, 0], "rotation": 180, "texture": "#3"}
			}
		},
		{
			"from": [8, 11.40213, -3.31981],
			"to": [8, 24.40213, 1.68019],
			"rotation": {"angle": 22.5, "axis": "x", "origin": [8, 8.125, 8]},
			"faces": {
				"north": {"uv": [0, 6.5, 0, 0], "rotation": 180, "texture": "#3"},
				"east": {"uv": [2.5, 6.5, 0, 0], "rotation": 180, "texture": "#3"},
				"south": {"uv": [0, 6.5, 0, 0], "rotation": 180, "texture": "#3"},
				"west": {"uv": [5, 6.5, 2.5, 0], "rotation": 180, "texture": "#3"},
				"up": {"uv": [0, 0, 0, 2.5], "rotation": 180, "texture": "#3"},
				"down": {"uv": [0, 2.5, 0, 0], "rotation": 180, "texture": "#3"}
			}
		},
		{
			"from": [7.1, 11.34311, 3.07252],
			"to": [8.9, 15.14311, 4.87252],
			"rotation": {"angle": 22.5, "axis": "x", "origin": [8, 11.99259, 4.21991]},
			"faces": {
				"north": {"uv": [10.5, 12.5, 9.5, 10.5], "rotation": 180, "texture": "#3"},
				"east": {"uv": [11.5, 11.5, 10.5, 9.5], "rotation": 180, "texture": "#3"},
				"south": {"uv": [12.5, 2, 11.5, 0], "rotation": 180, "texture": "#3"},
				"west": {"uv": [12.5, 4, 11.5, 2], "rotation": 180, "texture": "#3"},
				"up": {"uv": [0, 13, 1, 14], "rotation": 180, "texture": "#3"},
				"down": {"uv": [1, 14, 2, 13], "rotation": 180, "texture": "#3"}
			}
		},
		{
			"from": [7, 14.94317, 4.3155],
			"to": [9, 21.94317, 6.3155],
			"rotation": {"angle": 22.5, "axis": "x", "origin": [8, 15.51981, 5.444]},
			"faces": {
				"north": {"uv": [8.5, 7, 7.5, 3.5], "rotation": 180, "texture": "#3"},
				"east": {"uv": [8.5, 10.5, 7.5, 7], "rotation": 180, "texture": "#3"},
				"south": {"uv": [9.5, 3.5, 8.5, 0], "rotation": 180, "texture": "#3"},
				"west": {"uv": [9.5, 7, 8.5, 3.5], "rotation": 180, "texture": "#3"},
				"up": {"uv": [13.5, 6, 14.5, 7], "rotation": 180, "texture": "#3"},
				"down": {"uv": [6.5, 14.5, 7.5, 13.5], "rotation": 180, "texture": "#3"}
			}
		},
		{
			"from": [7.5, 22.3964, 7.74268],
			"to": [8.5, 26.3964, 8.74268],
			"rotation": {"angle": 0, "axis": "y", "origin": [8, 21.82847, 7.38338]},
			"faces": {
				"north": {"uv": [2.5, 15, 2, 13], "rotation": 180, "texture": "#3"},
				"east": {"uv": [14, 5, 13.5, 3], "rotation": 180, "texture": "#3"},
				"south": {"uv": [5, 15.5, 4.5, 13.5], "rotation": 180, "texture": "#3"},
				"west": {"uv": [5.5, 15.5, 5, 13.5], "rotation": 180, "texture": "#3"},
				"up": {"uv": [14.5, 7, 15, 7.5], "rotation": 180, "texture": "#3"},
				"down": {"uv": [14.5, 8, 15, 7.5], "rotation": 180, "texture": "#3"}
			}
		},
		{
			"from": [7.1, 21.45927, 7.02112],
			"to": [8.9, 28.25927, 8.82112],
			"rotation": {"angle": 45, "axis": "x", "origin": [8, 21.82847, 7.38338]},
			"faces": {
				"north": {"uv": [5.5, 10, 4.5, 6.5], "rotation": 180, "texture": "#3"},
				"east": {"uv": [6.5, 10, 5.5, 6.5], "rotation": 180, "texture": "#3"},
				"south": {"uv": [7.5, 10, 6.5, 6.5], "rotation": 180, "texture": "#3"},
				"west": {"uv": [8.5, 3.5, 7.5, 0], "rotation": 180, "texture": "#3"},
				"up": {"uv": [13.5, 1, 14.5, 2], "rotation": 180, "texture": "#3"},
				"down": {"uv": [13.5, 3, 14.5, 2], "rotation": 180, "texture": "#3"}
			}
		},
		{
			"from": [7.15, 26.5464, 10.68018],
			"to": [8.85, 29.2464, 11.38018],
			"rotation": {"angle": 0, "axis": "y", "origin": [8, 21.82847, 7.38338]},
			"faces": {
				"north": {"uv": [13.5, 4.5, 12.5, 3], "rotation": 180, "texture": "#3"},
				"east": {"uv": [2, 15.5, 1.5, 14], "rotation": 180, "texture": "#3"},
				"south": {"uv": [13.5, 6, 12.5, 4.5], "rotation": 180, "texture": "#3"},
				"west": {"uv": [11, 15.5, 10.5, 14], "rotation": 180, "texture": "#3"},
				"up": {"uv": [13.5, 14, 14.5, 14.5], "rotation": 180, "texture": "#3"},
				"down": {"uv": [14, 14, 15, 13.5], "rotation": 180, "texture": "#3"}
			}
		},
		{
			"from": [7.15, 28.23032, 6.88585],
			"to": [8.85, 29.93032, 7.58585],
			"rotation": {"angle": 45, "axis": "x", "origin": [8, 21.82847, 7.38338]},
			"faces": {
				"north": {"uv": [14.5, 6, 13.5, 5], "rotation": 180, "texture": "#3"},
				"east": {"uv": [15, 1, 14.5, 0], "rotation": 180, "texture": "#3"},
				"south": {"uv": [6.5, 14.5, 5.5, 13.5], "rotation": 180, "texture": "#3"},
				"west": {"uv": [15, 2, 14.5, 1], "rotation": 180, "texture": "#3"},
				"up": {"uv": [14.5, 2, 15.5, 2.5], "rotation": 180, "texture": "#3"},
				"down": {"uv": [14.5, 3, 15.5, 2.5], "rotation": 180, "texture": "#3"}
			}
		},
		{
			"name": "centrum_junior",
			"from": [7, 5.12547, 4.164],
			"to": [9, 11.12547, 6.164],
			"rotation": {"angle": 0, "axis": "y", "origin": [8, 8.125, 8]},
			"faces": {
				"north": {"uv": [11.5, 3.5, 10.5, 6.5], "rotation": 180, "texture": "#3"},
				"east": {"uv": [11.5, 6.5, 10.5, 9.5], "rotation": 180, "texture": "#3"},
				"south": {"uv": [8.5, 10.5, 7.5, 13.5], "rotation": 180, "texture": "#3"},
				"west": {"uv": [9.5, 10.5, 8.5, 13.5], "rotation": 180, "texture": "#3"},
				"up": {"uv": [9.5, 14, 10.5, 15], "rotation": 180, "texture": "#3"},
				"down": {"uv": [14, 5, 15, 4], "rotation": 180, "texture": "#3"}
			}
		},
		{
			"from": [4, 0, -4],
			"to": [12, 19, 4],
			"rotation": {"angle": 22.5, "axis": "x", "origin": [8, 9.5, 0]},
			"faces": {
				"north": {"uv": [8, 11.25, 6, 16], "texture": "#1"},
				"east": {"uv": [2, 11.25, 0, 16], "texture": "#1"},
				"south": {"uv": [4, 11.25, 2, 16], "texture": "#1"},
				"west": {"uv": [6, 11.25, 4, 16], "texture": "#1"},
				"up": {"uv": [14, 15.25, 16, 13.25], "rotation": 90, "texture": "#1"},
				"down": {"uv": [14, 9.25, 16, 11.25], "rotation": 270, "texture": "#1"}
			}
		},
		{
			"name": "cube inverted",
			"from": [12, 19, 4],
			"to": [4, 0, -4],
			"rotation": {"angle": 22.5, "axis": "x", "origin": [8, 9.5, 0]},
			"faces": {
				"north": {"uv": [4, 16, 2, 11.25], "texture": "#1"},
				"east": {"uv": [6, 16, 4, 11.25], "texture": "#1"},
				"south": {"uv": [8, 16, 6, 11.25], "texture": "#1"},
				"west": {"uv": [2, 16, 0, 11.25], "texture": "#1"},
				"up": {"uv": [16, 14, 14, 16], "rotation": 90, "texture": "#1"},
				"down": {"uv": [16, 16, 14, 14], "rotation": 270, "texture": "#1"}
			}
		},
		{
			"name": "cube inverted",
			"from": [12, 3, 4],
			"to": [4, -16, -4],
			"rotation": {"angle": 22.5, "axis": "x", "origin": [8, -6.5, 0]},
			"faces": {
				"north": {"uv": [4, 16, 6, 11.25], "texture": "#1"},
				"east": {"uv": [2, 16, 4, 11.25], "texture": "#1"},
				"south": {"uv": [0, 16, 2, 11.25], "texture": "#1"},
				"west": {"uv": [6, 16, 8, 11.25], "texture": "#1"},
				"up": {"uv": [14, 14, 16, 16], "texture": "#1"},
				"down": {"uv": [14, 16, 16, 14], "texture": "#1"}
			}
		},
		{
			"from": [4, -16, -4],
			"to": [12, 3, 4],
			"rotation": {"angle": 22.5, "axis": "x", "origin": [8, -6.5, 0]},
			"faces": {
				"north": {"uv": [0, 11.25, 2, 16], "texture": "#1"},
				"east": {"uv": [6, 11.25, 8, 16], "texture": "#1"},
				"south": {"uv": [4, 11.25, 6, 16], "texture": "#1"},
				"west": {"uv": [2, 11.25, 4, 16], "texture": "#1"},
				"up": {"uv": [16, 15.25, 14, 13.25], "texture": "#1"},
				"down": {"uv": [16, 9.25, 14, 11.25], "texture": "#1"}
			}
		}
	],
	"gui_light": "front",
	"display": {
		"thirdperson_righthand": {
			"translation": [0, -0.75, 1.25],
			"scale": [1.5, 1.5, 1.5]
		},
		"thirdperson_lefthand": {
			"translation": [0, -0.75, 1.25],
			"scale": [1.5, 1.5, 1.5]
		},
		"firstperson_righthand": {
			"rotation": [20, 28, 0],
			"translation": [2.25, 3.5, -1],
			"scale": [1.5, 1.5, 1.5]
		},
		"firstperson_lefthand": {
			"rotation": [20, 28, 0],
			"translation": [2.25, 3.5, -1],
			"scale": [1.5, 1.5, 1.5]
		},
		"ground": {
			"translation": [0, 4.25, 0],
			"scale": [1.5, 1.5, 1.5]
		},
		"gui": {
			"rotation": [90, 43.75, -90],
			"translation": [0, 0.25, 0]
		},
		"head": {
			"rotation": [-75.99, -51.1, -82.63],
			"translation": [3.75, -16.75, 5],
			"scale": [2, 2, 2]
		},
		"fixed": {
			"rotation": [-90, 51.5, 90],
			"translation": [-1.25, -1, -0.25],
			"scale": [4, 4, 4]
		}
	},
	"groups": [
		{
			"name": "bow",
			"origin": [2.09524, 4.5, 12.55772],
			"color": 0,
			"children": [
				0,
				1,
				{
					"name": "right_cosito",
					"origin": [-5.89487, 13.875, 7.38338],
					"color": 0,
					"children": [
						2,
						3,
						4,
						5,
						{
							"name": "group",
							"origin": [-5.89487, 13.875, 7.38338],
							"color": 0,
							"children": [6, 7, 8, 9]
						}
					]
				},
				{
					"name": "right_cosito",
					"origin": [-5.89487, 13.875, 7.38338],
					"color": 0,
					"children": [
						10,
						11,
						12,
						13,
						{
							"name": "group",
							"origin": [-5.89487, 13.875, 7.38338],
							"color": 0,
							"children": [14, 15, 16, 17]
						}
					]
				},
				18
			]
		},
		{
			"name": "vfx",
			"origin": [8, -6.5, 0],
			"color": 8,
			"children": [19, 20, 21, 22]
		}
	]
}