{
	"format_version": "1.21.6",
	"credit": "Made with Blockbench",
	"texture_size": [32, 32],
	"textures": {
		"0": "item/crates/autumn/em_arrow",
		"1": "item/crates/autumn/autumpack_em_fallingleaves",
		"3": "item/crates/autumn/autummpack_em_bow",
		"particle": "item/crates/autumn/autumpack_em_fallingleaves"
	},
	"elements": [
		{
			"name": "left_cord",
			"from": [8, 14, 16.95284],
			"to": [8, 21, 17.95284],
			"rotation": {"angle": -22.5, "axis": "x", "origin": [8, 14.125, 14]},
			"faces": {
				"north": {"uv": [0, 0, 0, 9], "rotation": 180, "texture": "#3"},
				"east": {"uv": [4, 6.5, 3.5, 15.5], "rotation": 180, "texture": "#3"},
				"south": {"uv": [0, 0, 0, 9], "rotation": 180, "texture": "#3"},
				"west": {"uv": [4.5, 6.5, 4, 15.5], "rotation": 180, "texture": "#3"},
				"up": {"uv": [0, 0, 0, 0.5], "rotation": 180, "texture": "#3"},
				"down": {"uv": [0, 0.5, 0, 0], "rotation": 180, "texture": "#3"}
			}
		},
		{
			"name": "left_cord",
			"from": [8, -5.7056, 16.95284],
			"to": [8, 1.2944, 17.95284],
			"rotation": {"angle": 22.5, "axis": "x", "origin": [8, 1.1694, 14]},
			"faces": {
				"north": {"uv": [0, 9, 0, 0], "rotation": 180, "texture": "#3"},
				"east": {"uv": [4, 15.5, 3.5, 6.5], "rotation": 180, "texture": "#3"},
				"south": {"uv": [0, 9, 0, 0], "rotation": 180, "texture": "#3"},
				"west": {"uv": [4.5, 15.5, 4, 6.5], "rotation": 180, "texture": "#3"},
				"up": {"uv": [0, 0, 0, 0.5], "rotation": 180, "texture": "#3"},
				"down": {"uv": [0, 0.5, 0, 0], "rotation": 180, "texture": "#3"}
			}
		},
		{
			"name": "left_cord",
			"from": [8, -0.2278, 16.69978],
			"to": [8, 15.5222, 17.69978],
			"rotation": {"angle": 0, "axis": "y", "origin": [8, 15.3972, 13.74694]},
			"faces": {
				"north": {"uv": [0, 9, 0, 0], "rotation": 180, "texture": "#3"},
				"east": {"uv": [4, 15.5, 3.5, 6.5], "rotation": 180, "texture": "#3"},
				"south": {"uv": [0, 9, 0, 0], "rotation": 180, "texture": "#3"},
				"west": {"uv": [4.5, 15.5, 4, 6.5], "rotation": 180, "texture": "#3"},
				"up": {"uv": [0, 0, 0, 0.5], "rotation": 180, "texture": "#3"},
				"down": {"uv": [0, 0.5, 0, 0], "rotation": 180, "texture": "#3"}
			}
		},
		{
			"from": [7.15, 0.28248, 2.14334],
			"to": [8.85, 2.98248, 3.84334],
			"rotation": {"angle": 22.5, "axis": "x", "origin": [8, -1.23083, 11.58144]},
			"faces": {
				"north": {"uv": [11.5, 11.5, 10.5, 13], "rotation": 180, "texture": "#3"},
				"east": {"uv": [12.5, 12, 11.5, 13.5], "rotation": 180, "texture": "#3"},
				"south": {"uv": [13.5, 0, 12.5, 1.5], "rotation": 180, "texture": "#3"},
				"west": {"uv": [13.5, 1.5, 12.5, 3], "rotation": 180, "texture": "#3"},
				"up": {"uv": [13.5, 0, 14.5, 1], "rotation": 180, "texture": "#3"},
				"down": {"uv": [10.5, 14, 11.5, 13], "rotation": 180, "texture": "#3"}
			}
		},
		{
			"from": [8, -8.70986, 4.0556],
			"to": [8, -3.70986, 17.0556],
			"rotation": {"angle": 45, "axis": "x", "origin": [8, -1.23083, 11.58144]},
			"faces": {
				"north": {"uv": [0, 0, 0, 2.5], "texture": "#3"},
				"east": {"uv": [2.5, 0, 0, 6.5], "rotation": 270, "texture": "#3"},
				"south": {"uv": [0, 2.5, 0, 0], "rotation": 180, "texture": "#3"},
				"west": {"uv": [5, 0, 2.5, 6.5], "rotation": 90, "texture": "#3"},
				"up": {"uv": [0, 0, 0, 6.5], "rotation": 180, "texture": "#3"},
				"down": {"uv": [0, 0, 0, 6.5], "texture": "#3"}
			}
		},
		{
			"from": [7.1, -3.50985, 2.2556],
			"to": [8.9, -1.70985, 6.0556],
			"rotation": {"angle": 45, "axis": "x", "origin": [8, -1.23083, 11.58144]},
			"faces": {
				"north": {"uv": [1, 13, 2, 14], "texture": "#3"},
				"east": {"uv": [11.5, 9.5, 10.5, 11.5], "rotation": 270, "texture": "#3"},
				"south": {"uv": [0, 14, 1, 13], "rotation": 180, "texture": "#3"},
				"west": {"uv": [12.5, 2, 11.5, 4], "rotation": 90, "texture": "#3"},
				"up": {"uv": [12.5, 0, 11.5, 2], "rotation": 180, "texture": "#3"},
				"down": {"uv": [10.5, 10.5, 9.5, 12.5], "texture": "#3"}
			}
		},
		{
			"from": [7, -3.70986, 6.0556],
			"to": [9, -1.70986, 13.0556],
			"rotation": {"angle": 45, "axis": "x", "origin": [8, -1.23083, 11.58144]},
			"faces": {
				"north": {"uv": [6.5, 13.5, 7.5, 14.5], "texture": "#3"},
				"east": {"uv": [8.5, 7, 7.5, 10.5], "rotation": 270, "texture": "#3"},
				"south": {"uv": [13.5, 7, 14.5, 6], "rotation": 180, "texture": "#3"},
				"west": {"uv": [9.5, 3.5, 8.5, 7], "rotation": 90, "texture": "#3"},
				"up": {"uv": [9.5, 0, 8.5, 3.5], "rotation": 180, "texture": "#3"},
				"down": {"uv": [8.5, 3.5, 7.5, 7], "texture": "#3"}
			}
		},
		{
			"from": [7.15, 13.23827, 2.22369],
			"to": [8.85, 15.93827, 3.92369],
			"rotation": {"angle": -22.5, "axis": "x", "origin": [8, 17.35583, 11.58144]},
			"faces": {
				"north": {"uv": [11.5, 13, 10.5, 11.5], "rotation": 180, "texture": "#3"},
				"east": {"uv": [12.5, 13.5, 11.5, 12], "rotation": 180, "texture": "#3"},
				"south": {"uv": [13.5, 1.5, 12.5, 0], "rotation": 180, "texture": "#3"},
				"west": {"uv": [13.5, 3, 12.5, 1.5], "rotation": 180, "texture": "#3"},
				"up": {"uv": [10.5, 13, 11.5, 14], "rotation": 180, "texture": "#3"},
				"down": {"uv": [13.5, 1, 14.5, 0], "rotation": 180, "texture": "#3"}
			}
		},
		{
			"from": [8, 9.94086, 4.0447],
			"to": [8, 22.94086, 9.0447],
			"rotation": {"angle": 45, "axis": "x", "origin": [8, 17.35583, 11.58144]},
			"faces": {
				"north": {"uv": [0, 6.5, 0, 0], "rotation": 180, "texture": "#3"},
				"east": {"uv": [2.5, 6.5, 0, 0], "rotation": 180, "texture": "#3"},
				"south": {"uv": [0, 6.5, 0, 0], "rotation": 180, "texture": "#3"},
				"west": {"uv": [5, 6.5, 2.5, 0], "rotation": 180, "texture": "#3"},
				"up": {"uv": [0, 0, 0, 2.5], "rotation": 180, "texture": "#3"},
				"down": {"uv": [0, 2.5, 0, 0], "rotation": 180, "texture": "#3"}
			}
		},
		{
			"from": [7.1, 8.14086, 9.24471],
			"to": [8.9, 11.94086, 11.04471],
			"rotation": {"angle": 45, "axis": "x", "origin": [8, 17.35583, 11.58144]},
			"faces": {
				"north": {"uv": [10.5, 12.5, 9.5, 10.5], "rotation": 180, "texture": "#3"},
				"east": {"uv": [11.5, 11.5, 10.5, 9.5], "rotation": 180, "texture": "#3"},
				"south": {"uv": [12.5, 2, 11.5, 0], "rotation": 180, "texture": "#3"},
				"west": {"uv": [12.5, 4, 11.5, 2], "rotation": 180, "texture": "#3"},
				"up": {"uv": [0, 13, 1, 14], "rotation": 180, "texture": "#3"},
				"down": {"uv": [1, 14, 2, 13], "rotation": 180, "texture": "#3"}
			}
		},
		{
			"from": [7, 11.94086, 9.0447],
			"to": [9, 18.94086, 11.0447],
			"rotation": {"angle": 45, "axis": "x", "origin": [8, 17.35583, 11.58144]},
			"faces": {
				"north": {"uv": [8.5, 7, 7.5, 3.5], "rotation": 180, "texture": "#3"},
				"east": {"uv": [8.5, 10.5, 7.5, 7], "rotation": 180, "texture": "#3"},
				"south": {"uv": [9.5, 3.5, 8.5, 0], "rotation": 180, "texture": "#3"},
				"west": {"uv": [9.5, 7, 8.5, 3.5], "rotation": 180, "texture": "#3"},
				"up": {"uv": [13.5, 6, 14.5, 7], "rotation": 180, "texture": "#3"},
				"down": {"uv": [6.5, 14.5, 7.5, 13.5], "rotation": 180, "texture": "#3"}
			}
		},
		{
			"from": [7.5, 21.08072, 11.84973],
			"to": [8.5, 25.08072, 12.84973],
			"rotation": {"angle": 0, "axis": "y", "origin": [8, 18.46833, 12.83144]},
			"faces": {
				"north": {"uv": [2.5, 15, 2, 13], "rotation": 180, "texture": "#3"},
				"east": {"uv": [14, 5, 13.5, 3], "rotation": 180, "texture": "#3"},
				"south": {"uv": [5, 15.5, 4.5, 13.5], "rotation": 180, "texture": "#3"},
				"west": {"uv": [5.5, 15.5, 5, 13.5], "rotation": 180, "texture": "#3"},
				"up": {"uv": [14.5, 7, 15, 7.5], "rotation": 180, "texture": "#3"},
				"down": {"uv": [14.5, 8, 15, 7.5], "rotation": 180, "texture": "#3"}
			}
		},
		{
			"from": [7.1, 18.30173, 12.36779],
			"to": [8.9, 20.10173, 19.16779],
			"rotation": {"angle": -45, "axis": "x", "origin": [8, 17.46833, 11.83144]},
			"faces": {
				"north": {"uv": [13.5, 3, 14.5, 2], "texture": "#3"},
				"east": {"uv": [6.5, 10, 5.5, 6.5], "rotation": 90, "texture": "#3"},
				"south": {"uv": [13.5, 1, 14.5, 2], "rotation": 180, "texture": "#3"},
				"west": {"uv": [8.5, 3.5, 7.5, 0], "rotation": 270, "texture": "#3"},
				"up": {"uv": [5.5, 10, 4.5, 6.5], "texture": "#3"},
				"down": {"uv": [7.5, 10, 6.5, 6.5], "rotation": 180, "texture": "#3"}
			}
		},
		{
			"from": [7.15, 23.23072, 14.78723],
			"to": [8.85, 25.93072, 15.48723],
			"rotation": {"angle": 0, "axis": "y", "origin": [8, 16.46833, 12.83144]},
			"faces": {
				"north": {"uv": [13.5, 4.5, 12.5, 3], "rotation": 180, "texture": "#3"},
				"east": {"uv": [2, 15.5, 1.5, 14], "rotation": 180, "texture": "#3"},
				"south": {"uv": [13.5, 6, 12.5, 4.5], "rotation": 180, "texture": "#3"},
				"west": {"uv": [11, 15.5, 10.5, 14], "rotation": 180, "texture": "#3"},
				"up": {"uv": [13.5, 14, 14.5, 14.5], "rotation": 180, "texture": "#3"},
				"down": {"uv": [14, 14, 15, 13.5], "rotation": 180, "texture": "#3"}
			}
		},
		{
			"from": [7.15, 23.64492, 15.62157],
			"to": [8.85, 24.34492, 17.32157],
			"rotation": {"angle": -45, "axis": "x", "origin": [8, 23.99492, 16.47157]},
			"faces": {
				"north": {"uv": [14.5, 3, 15.5, 2.5], "texture": "#3"},
				"east": {"uv": [14.5, 0, 15, 1], "rotation": 270, "texture": "#3"},
				"south": {"uv": [14.5, 2, 15.5, 2.5], "rotation": 180, "texture": "#3"},
				"west": {"uv": [14.5, 1, 15, 2], "rotation": 90, "texture": "#3"},
				"up": {"uv": [14.5, 6, 13.5, 5], "texture": "#3"},
				"down": {"uv": [6.5, 14.5, 5.5, 13.5], "rotation": 180, "texture": "#3"}
			}
		},
		{
			"from": [7.5, -9.08072, 11.84973],
			"to": [8.5, -5.08072, 12.84973],
			"rotation": {"angle": 0, "axis": "y", "origin": [8, -2.46833, 12.83144]},
			"faces": {
				"north": {"uv": [2.5, 13, 2, 15], "rotation": 180, "texture": "#3"},
				"east": {"uv": [14, 3, 13.5, 5], "rotation": 180, "texture": "#3"},
				"south": {"uv": [5, 13.5, 4.5, 15.5], "rotation": 180, "texture": "#3"},
				"west": {"uv": [5.5, 13.5, 5, 15.5], "rotation": 180, "texture": "#3"},
				"up": {"uv": [14.5, 7.5, 15, 8], "rotation": 180, "texture": "#3"},
				"down": {"uv": [14.5, 7.5, 15, 7], "rotation": 180, "texture": "#3"}
			}
		},
		{
			"from": [7.1, -4.10173, 12.36779],
			"to": [8.9, -2.30173, 19.16779],
			"rotation": {"angle": 45, "axis": "x", "origin": [8, -1.46833, 11.83144]},
			"faces": {
				"north": {"uv": [13.5, 2, 14.5, 3], "texture": "#3"},
				"east": {"uv": [5.5, 10, 6.5, 6.5], "rotation": 90, "texture": "#3"},
				"south": {"uv": [13.5, 2, 14.5, 1], "rotation": 180, "texture": "#3"},
				"west": {"uv": [7.5, 3.5, 8.5, 0], "rotation": 270, "texture": "#3"},
				"up": {"uv": [7.5, 6.5, 6.5, 10], "rotation": 180, "texture": "#3"},
				"down": {"uv": [5.5, 6.5, 4.5, 10], "texture": "#3"}
			}
		},
		{
			"from": [7.15, -9.93072, 14.78723],
			"to": [8.85, -7.23072, 15.48723],
			"rotation": {"angle": 0, "axis": "y", "origin": [8, -0.46833, 12.83144]},
			"faces": {
				"north": {"uv": [13.5, 3, 12.5, 4.5], "rotation": 180, "texture": "#3"},
				"east": {"uv": [2, 14, 1.5, 15.5], "rotation": 180, "texture": "#3"},
				"south": {"uv": [13.5, 4.5, 12.5, 6], "rotation": 180, "texture": "#3"},
				"west": {"uv": [11, 14, 10.5, 15.5], "rotation": 180, "texture": "#3"},
				"up": {"uv": [14, 13.5, 15, 14], "rotation": 180, "texture": "#3"},
				"down": {"uv": [13.5, 14.5, 14.5, 14], "rotation": 180, "texture": "#3"}
			}
		},
		{
			"from": [7.15, -8.34492, 15.62157],
			"to": [8.85, -7.64492, 17.32157],
			"rotation": {"angle": 45, "axis": "x", "origin": [8, -7.99492, 16.47157]},
			"faces": {
				"north": {"uv": [14.5, 2.5, 15.5, 3], "texture": "#3"},
				"east": {"uv": [15, 0, 14.5, 1], "rotation": 270, "texture": "#3"},
				"south": {"uv": [14.5, 2.5, 15.5, 2], "rotation": 180, "texture": "#3"},
				"west": {"uv": [15, 1, 14.5, 2], "rotation": 90, "texture": "#3"},
				"up": {"uv": [6.5, 13.5, 5.5, 14.5], "rotation": 180, "texture": "#3"},
				"down": {"uv": [14.5, 5, 13.5, 6], "texture": "#3"}
			}
		},
		{
			"name": "centrum_junior",
			"from": [7, 5.12547, 4.164],
			"to": [9, 11.12547, 6.164],
			"rotation": {"angle": 0, "axis": "y", "origin": [8, 8.125, 8]},
			"faces": {
				"north": {"uv": [11.5, 3.5, 10.5, 6.5], "rotation": 180, "texture": "#3"},
				"east": {"uv": [11.5, 6.5, 10.5, 9.5], "rotation": 180, "texture": "#3"},
				"south": {"uv": [8.5, 10.5, 7.5, 13.5], "rotation": 180, "texture": "#3"},
				"west": {"uv": [9.5, 10.5, 8.5, 13.5], "rotation": 180, "texture": "#3"},
				"up": {"uv": [9.5, 14, 10.5, 15], "rotation": 180, "texture": "#3"},
				"down": {"uv": [14, 5, 15, 4], "rotation": 180, "texture": "#3"}
			}
		},
		{
			"from": [4, -16, 1],
			"to": [12, 3, 9],
			"rotation": {"angle": -45, "axis": "x", "origin": [8, -6.5, 5]},
			"faces": {
				"north": {"uv": [0, 11.25, 2, 16], "texture": "#1"},
				"east": {"uv": [6, 11.25, 8, 16], "texture": "#1"},
				"south": {"uv": [4, 11.25, 6, 16], "texture": "#1"},
				"west": {"uv": [2, 11.25, 4, 16], "texture": "#1"},
				"up": {"uv": [16, 15.25, 14, 13.25], "texture": "#1"},
				"down": {"uv": [16, 9.25, 14, 11.25], "texture": "#1"}
			}
		},
		{
			"from": [4, 6, -2],
			"to": [12, 25, 6],
			"rotation": {"angle": 45, "axis": "x", "origin": [8, 15.5, 2]},
			"faces": {
				"north": {"uv": [8, 11.25, 6, 16], "texture": "#1"},
				"east": {"uv": [2, 11.25, 0, 16], "texture": "#1"},
				"south": {"uv": [4, 11.25, 2, 16], "texture": "#1"},
				"west": {"uv": [6, 11.25, 4, 16], "texture": "#1"},
				"up": {"uv": [14, 15.25, 16, 13.25], "rotation": 90, "texture": "#1"},
				"down": {"uv": [14, 9.25, 16, 11.25], "rotation": 270, "texture": "#1"}
			}
		},
		{
			"name": "cube inverted",
			"from": [12, 25, 6],
			"to": [4, 6, -2],
			"rotation": {"angle": 45, "axis": "x", "origin": [8, 15.5, 2]},
			"faces": {
				"north": {"uv": [4, 16, 2, 11.25], "texture": "#1"},
				"east": {"uv": [6, 16, 4, 11.25], "texture": "#1"},
				"south": {"uv": [8, 16, 6, 11.25], "texture": "#1"},
				"west": {"uv": [2, 16, 0, 11.25], "texture": "#1"},
				"up": {"uv": [14, 11.25, 16, 9.25], "rotation": 270, "texture": "#1"},
				"down": {"uv": [14, 13.25, 16, 15.25], "rotation": 90, "texture": "#1"}
			}
		},
		{
			"name": "cube inverted",
			"from": [12, 3, 9],
			"to": [4, -16, 1],
			"rotation": {"angle": -45, "axis": "x", "origin": [8, -6.5, 5]},
			"faces": {
				"north": {"uv": [4, 16, 6, 11.25], "texture": "#1"},
				"east": {"uv": [2, 16, 4, 11.25], "texture": "#1"},
				"south": {"uv": [0, 16, 2, 11.25], "texture": "#1"},
				"west": {"uv": [6, 16, 8, 11.25], "texture": "#1"},
				"up": {"uv": [14, 9.25, 16, 11.25], "texture": "#1"},
				"down": {"uv": [14, 15.25, 16, 13.25], "texture": "#1"}
			}
		},
		{
			"name": "flechum",
			"from": [4, 8, 1],
			"to": [9, 8, 17],
			"rotation": {"angle": 0, "axis": "y", "origin": [7.45, 8, -0.75]},
			"faces": {
				"north": {"uv": [0, 0, 0.625, 0], "rotation": 180, "texture": "#0"},
				"east": {"uv": [0, 0, 0, 2], "rotation": 270, "texture": "#0"},
				"south": {"uv": [0, 0, 0.625, 0], "texture": "#0"},
				"west": {"uv": [0, 0, 0, 2], "rotation": 90, "texture": "#0"},
				"up": {"uv": [0, 2.5, 8, 0], "rotation": 270, "texture": "#0"},
				"down": {"uv": [0, 0, 8, 2.5], "rotation": 90, "texture": "#0"}
			}
		},
		{
			"name": "flechum",
			"from": [6.5, 5.5, 1],
			"to": [6.5, 10.5, 17],
			"rotation": {"angle": 0, "axis": "y", "origin": [7.45, 8, -0.75]},
			"faces": {
				"north": {"uv": [0, 0, 0.625, 0], "rotation": 270, "texture": "#0"},
				"east": {"uv": [0, 0, 8, 2.5], "texture": "#0"},
				"south": {"uv": [0, 0, 0.625, 0], "rotation": 270, "texture": "#0"},
				"west": {"uv": [0, 2.5, 8, 0], "rotation": 180, "texture": "#0"},
				"up": {"uv": [0, 0, 0, 2], "rotation": 180, "texture": "#0"},
				"down": {"uv": [0, 0, 0, 2], "texture": "#0"}
			}
		},
		{
			"name": "flechum",
			"from": [4, 5.5, 16],
			"to": [9, 10.5, 16],
			"rotation": {"angle": 0, "axis": "y", "origin": [7.45, 8, -0.75]},
			"faces": {
				"north": {"uv": [0, 5, 2.5, 2.5], "rotation": 270, "texture": "#0"},
				"east": {"uv": [0, 0, 0, 2], "rotation": 270, "texture": "#0"},
				"south": {"uv": [0, 5, 2.5, 2.5], "rotation": 90, "texture": "#0"},
				"west": {"uv": [0, 0, 0, 2], "rotation": 90, "texture": "#0"},
				"up": {"uv": [0, 5, 2.5, 2.5], "rotation": 270, "texture": "#0"},
				"down": {"uv": [0, 0, 8, 2.5], "rotation": 90, "texture": "#0"}
			}
		}
	],
	"gui_light": "front",
	"display": {
		"thirdperson_righthand": {
			"translation": [0, -0.75, 1.25],
			"scale": [1.5, 1.5, 1.5]
		},
		"thirdperson_lefthand": {
			"translation": [0, -0.75, 1.25],
			"scale": [1.5, 1.5, 1.5]
		},
		"firstperson_righthand": {
			"rotation": [20, 28, 0],
			"translation": [2.25, 3.5, -1],
			"scale": [1.5, 1.5, 1.5]
		},
		"firstperson_lefthand": {
			"rotation": [20, 28, 0],
			"translation": [2.25, 3.5, -1],
			"scale": [1.5, 1.5, 1.5]
		},
		"ground": {
			"translation": [0, 4.25, 0],
			"scale": [1.5, 1.5, 1.5]
		},
		"gui": {
			"rotation": [90, 43.75, -90],
			"translation": [0, 0.25, 0],
			"scale": [1.5, 1.5, 1.5]
		},
		"head": {
			"rotation": [-75.99, -51.1, -82.63],
			"translation": [3.75, -16.75, 5],
			"scale": [2, 2, 2]
		},
		"fixed": {
			"rotation": [-90, 51.5, 90],
			"translation": [-1.25, -1, -0.25],
			"scale": [4, 4, 4]
		}
	},
	"groups": [
		{
			"name": "bow",
			"origin": [2.09524, 4.5, 12.55772],
			"color": 0,
			"children": [
				0,
				1,
				2,
				{
					"name": "right_cosito",
					"origin": [-5.89487, 13.875, 7.38338],
					"color": 0,
					"children": [3, 4, 5, 6]
				},
				{
					"name": "right_cosito",
					"origin": [-5.89487, 13.875, 7.38338],
					"color": 0,
					"children": [
						7,
						8,
						9,
						10,
						{
							"name": "group",
							"origin": [-5.89487, 13.875, 7.38338],
							"color": 0,
							"children": [11, 12, 13, 14]
						},
						{
							"name": "group",
							"origin": [-5.89487, 13.875, 7.38338],
							"color": 0,
							"children": [15, 16, 17, 18]
						}
					]
				},
				19
			]
		},
		{
			"name": "vfx",
			"origin": [8, -6.5, 0],
			"color": 8,
			"children": [20, 21, 22, 23]
		},
		{
			"name": "flechum",
			"origin": [0, 0, 0],
			"color": 0,
			"children": [24, 25, 26]
		}
	]
}