{
	"format_version": "1.21.6",
	"credit": "Made with Blockbench",
	"texture_size": [64, 64],
	"textures": {
		"2": "item/crates/autumn/autumpack_em_fallingleaves",
		"6": "item/crates/autumn/autummpack_em_fishing_rod_cast"
	},
	"elements": [
		{
			"from": [6.9, 12.8, 7.93332],
			"to": [9.1, 20, 10.13332],
			"rotation": {"angle": 0, "axis": "y", "origin": [8.1, 26.25, 10.0832]},
			"faces": {
				"north": {"uv": [7.5, 7.5, 8, 9.25], "texture": "#6"},
				"east": {"uv": [0, 8, 0.5, 9.75], "texture": "#6"},
				"south": {"uv": [0.5, 8, 1, 9.75], "texture": "#6"},
				"west": {"uv": [1, 8, 1.5, 9.75], "texture": "#6"},
				"up": {"uv": [9.75, 4.75, 9.25, 4.25], "texture": "#6"},
				"down": {"uv": [9.75, 8, 9.25, 8.5], "texture": "#6"}
			}
		},
		{
			"from": [6.5, 14.9, 6.03332],
			"to": [9.5, 14.9, 8.03332],
			"rotation": {"angle": 0, "axis": "y", "origin": [8.6, 25.25, 8.0832]},
			"faces": {
				"north": {"uv": [0, 0, 0.75, 0], "texture": "#6"},
				"east": {"uv": [0, 0, 0.5, 0], "texture": "#6"},
				"south": {"uv": [0, 0, 0.75, 0], "texture": "#6"},
				"west": {"uv": [0, 0, 0.5, 0], "texture": "#6"},
				"up": {"uv": [9.75, 1, 9, 0.5], "texture": "#6"},
				"down": {"uv": [9.75, 1, 9, 1.5], "texture": "#6"}
			}
		},
		{
			"from": [6.5, 19.9, 6.03332],
			"to": [9.5, 19.9, 8.03332],
			"rotation": {"angle": 0, "axis": "y", "origin": [8.6, 30.25, 8.0832]},
			"faces": {
				"north": {"uv": [0, 0, 0.75, 0], "texture": "#6"},
				"east": {"uv": [0, 0, 0.5, 0], "texture": "#6"},
				"south": {"uv": [0, 0, 0.75, 0], "texture": "#6"},
				"west": {"uv": [0, 0, 0.5, 0], "texture": "#6"},
				"up": {"uv": [9.75, 2, 9, 1.5], "texture": "#6"},
				"down": {"uv": [9.75, 2, 9, 2.5], "texture": "#6"}
			}
		},
		{
			"from": [6.5, 25.0125, 4.03332],
			"to": [9.5, 25.0125, 6.03332],
			"rotation": {"angle": -22.5, "axis": "x", "origin": [8, 25.0125, 5.03332]},
			"faces": {
				"north": {"uv": [0, 0, 0.75, 0], "texture": "#6"},
				"east": {"uv": [0, 0, 0.5, 0], "texture": "#6"},
				"south": {"uv": [0, 0, 0.75, 0], "texture": "#6"},
				"west": {"uv": [0, 0, 0.5, 0], "texture": "#6"},
				"up": {"uv": [9.75, 3, 9, 2.5], "texture": "#6"},
				"down": {"uv": [9.75, 3, 9, 3.5], "texture": "#6"}
			}
		},
		{
			"from": [6.5, 28.0125, 1.03332],
			"to": [9.5, 28.0125, 3.03332],
			"rotation": {"angle": -22.5, "axis": "x", "origin": [8, 28.0125, 2.03332]},
			"faces": {
				"north": {"uv": [0, 0, 0.75, 0], "texture": "#6"},
				"east": {"uv": [0, 0, 0.5, 0], "texture": "#6"},
				"south": {"uv": [0, 0, 0.75, 0], "texture": "#6"},
				"west": {"uv": [0, 0, 0.5, 0], "texture": "#6"},
				"up": {"uv": [9.75, 5.25, 9, 4.75], "texture": "#6"},
				"down": {"uv": [9.75, 5.25, 9, 5.75], "texture": "#6"}
			}
		},
		{
			"from": [7.1, 19, 6.88332],
			"to": [8.9, 25.8, 8.68332],
			"rotation": {"angle": -22.5, "axis": "x", "origin": [8, 22.4, 7.78332]},
			"faces": {
				"north": {"uv": [1.5, 8, 2, 9.75], "texture": "#6"},
				"east": {"uv": [2, 8, 2.5, 9.75], "texture": "#6"},
				"south": {"uv": [2.5, 8, 3, 9.75], "texture": "#6"},
				"west": {"uv": [3, 8, 3.5, 9.75], "texture": "#6"},
				"up": {"uv": [8.75, 9.75, 8.25, 9.25], "texture": "#6"},
				"down": {"uv": [9.75, 8.5, 9.25, 9], "texture": "#6"}
			}
		},
		{
			"from": [7.4, 24.1375, 3.68332],
			"to": [8.6, 30.3375, 4.88332],
			"rotation": {"angle": -45, "axis": "x", "origin": [7.5, 27.7375, 4.78332]},
			"faces": {
				"north": {"uv": [9, 5.75, 9.25, 7.25], "texture": "#6"},
				"east": {"uv": [9, 8, 9.25, 9.5], "texture": "#6"},
				"south": {"uv": [9.25, 5.75, 9.5, 7.25], "texture": "#6"},
				"west": {"uv": [7.5, 9.25, 7.75, 10.75], "texture": "#6"},
				"up": {"uv": [9, 5, 8.75, 4.75], "texture": "#6"},
				"down": {"uv": [9, 8, 8.75, 8.25], "texture": "#6"}
			}
		},
		{
			"from": [3.92, 8.98, 13.01332],
			"to": [5.12, 12.18, 14.21332],
			"rotation": {"angle": -22.5, "axis": "x", "origin": [4.52, 10.58, 13.61332]},
			"faces": {
				"north": {"uv": [2.75, 9.75, 3, 10.5], "texture": "#6"},
				"east": {"uv": [3, 9.75, 3.25, 10.5], "texture": "#6"},
				"south": {"uv": [9.75, 3, 10, 3.75], "texture": "#6"},
				"west": {"uv": [3.25, 9.75, 3.5, 10.5], "texture": "#6"},
				"up": {"uv": [9.25, 3.75, 9, 3.5], "texture": "#6"},
				"down": {"uv": [9, 9.25, 8.75, 9.5], "texture": "#6"}
			}
		},
		{
			"from": [5.02, 10.08, 13.11332],
			"to": [7.02, 11.08, 14.11332],
			"rotation": {"angle": 0, "axis": "y", "origin": [7.52, 11.08, 14.11332]},
			"faces": {
				"north": {"uv": [8.25, 4.75, 8.75, 5], "texture": "#6"},
				"east": {"uv": [9.75, 5.5, 10, 5.75], "texture": "#6"},
				"south": {"uv": [9, 7.25, 9.5, 7.5], "texture": "#6"},
				"west": {"uv": [9.75, 7.5, 10, 7.75], "texture": "#6"},
				"up": {"uv": [10, 7.5, 9.5, 7.25], "texture": "#6"},
				"down": {"uv": [10.25, 3.75, 9.75, 4], "texture": "#6"}
			}
		},
		{
			"from": [6.9, 7.9, 7.93332],
			"to": [9.1, 9.1, 10.13332],
			"rotation": {"angle": 0, "axis": "y", "origin": [8, 5.25, 9.9832]},
			"faces": {
				"north": {"uv": [4, 9.75, 4.5, 10], "texture": "#6"},
				"east": {"uv": [9.75, 4, 10.25, 4.25], "texture": "#6"},
				"south": {"uv": [9.75, 4.25, 10.25, 4.5], "texture": "#6"},
				"west": {"uv": [4.5, 9.75, 5, 10], "texture": "#6"},
				"up": {"uv": [9.75, 9.5, 9.25, 9], "texture": "#6"},
				"down": {"uv": [10, 5.75, 9.5, 6.25], "texture": "#6"}
			}
		},
		{
			"from": [7.08, -2.92, 8.11332],
			"to": [8.92, 15.92, 9.95332],
			"rotation": {"angle": 0, "axis": "y", "origin": [8, 4.5, 9.03332]},
			"faces": {
				"north": {"uv": [5.5, 7.5, 6, 12.25], "texture": "#6"},
				"east": {"uv": [6, 7.5, 6.5, 12.25], "texture": "#6"},
				"south": {"uv": [6.5, 7.5, 7, 12.25], "texture": "#6"},
				"west": {"uv": [7, 7.5, 7.5, 12.25], "texture": "#6"},
				"up": {"uv": [10.25, 1, 9.75, 0.5], "texture": "#6"},
				"down": {"uv": [1.5, 9.75, 1, 10.25], "texture": "#6"}
			}
		},
		{
			"from": [7, 9.08, 12.11332],
			"to": [9, 13.08, 14.11332],
			"rotation": {"angle": 0, "axis": "y", "origin": [7.92, 11, 13.03332]},
			"faces": {
				"north": {"uv": [8.25, 3.75, 8.75, 4.75], "texture": "#6"},
				"east": {"uv": [8, 8.25, 8.5, 9.25], "texture": "#6"},
				"south": {"uv": [8.5, 8.25, 9, 9.25], "texture": "#6"},
				"west": {"uv": [8.75, 3.75, 9.25, 4.75], "texture": "#6"},
				"up": {"uv": [10.25, 1.5, 9.75, 1], "texture": "#6"},
				"down": {"uv": [2, 9.75, 1.5, 10.25], "texture": "#6"}
			}
		},
		{
			"from": [7.58, 9.08, 9.11332],
			"to": [8.42, 10.92, 12.95332],
			"rotation": {"angle": -22.5, "axis": "x", "origin": [8, 10, 11.03332]},
			"faces": {
				"north": {"uv": [9.75, 4.5, 10, 5], "texture": "#6"},
				"east": {"uv": [8.75, 7.5, 9.75, 8], "texture": "#6"},
				"south": {"uv": [5, 9.75, 5.25, 10.25], "texture": "#6"},
				"west": {"uv": [9, 0, 10, 0.5], "texture": "#6"},
				"up": {"uv": [10, 2.5, 9.75, 1.5], "texture": "#6"},
				"down": {"uv": [2.25, 9.75, 2, 10.75], "texture": "#6"}
			}
		},
		{
			"from": [6.5, 8.8125, 7],
			"to": [9.5, 11.8125, 10],
			"rotation": {"angle": 45, "axis": "x", "origin": [8, 9.8125, 9]},
			"faces": {
				"north": {"uv": [8, 7.5, 8.75, 8.25], "texture": "#6"},
				"east": {"uv": [8.25, 0, 9, 0.75], "texture": "#6"},
				"south": {"uv": [8.25, 0.75, 9, 1.5], "texture": "#6"},
				"west": {"uv": [8.25, 1.5, 9, 2.25], "texture": "#6"},
				"up": {"uv": [9, 3, 8.25, 2.25], "texture": "#6"},
				"down": {"uv": [9, 3, 8.25, 3.75], "texture": "#6"}
			}
		},
		{
			"from": [7.5, 9.08, 13.11332],
			"to": [8.5, 12.08, 15.11332],
			"rotation": {"angle": 22.5, "axis": "x", "origin": [7.92, 10, 14.03332]},
			"faces": {
				"north": {"uv": [3.5, 9.75, 3.75, 10.5], "texture": "#6"},
				"east": {"uv": [9.25, 3.5, 9.75, 4.25], "texture": "#6"},
				"south": {"uv": [3.75, 9.75, 4, 10.5], "texture": "#6"},
				"west": {"uv": [7.75, 9.25, 8.25, 10], "texture": "#6"},
				"up": {"uv": [10, 5.5, 9.75, 5], "texture": "#6"},
				"down": {"uv": [5.5, 9.75, 5.25, 10.25], "texture": "#6"}
			}
		},
		{
			"name": "string",
			"from": [8, 7, -0.96668],
			"to": [8, 29, 10.03332],
			"rotation": {"angle": 0, "axis": "y", "origin": [7, 15, 8.03332]},
			"faces": {
				"north": {"uv": [0, 0, 0, 5.5], "texture": "#6"},
				"east": {"uv": [0, 0, 2.75, 5.5], "texture": "#6"},
				"south": {"uv": [0, 0, 0, 5.5], "texture": "#6"},
				"west": {"uv": [2.75, 0, 0, 5.5], "texture": "#6"},
				"up": {"uv": [0, 2.75, 0, 0], "texture": "#6"},
				"down": {"uv": [0, 0, 0, 2.75], "texture": "#6"}
			}
		},
		{
			"name": "string_cast",
			"from": [8, 7, -0.96668],
			"to": [8, 29, 10.03332],
			"rotation": {"angle": 0, "axis": "y", "origin": [7, 15, 8.03332]},
			"faces": {
				"north": {"uv": [0, 0, 0, 5.5], "texture": "#6"},
				"east": {"uv": [5.5, 0, 2.75, 5.5], "texture": "#6"},
				"south": {"uv": [0, 0, 0, 5.5], "texture": "#6"},
				"west": {"uv": [2.75, 0, 5.5, 5.5], "texture": "#6"},
				"up": {"uv": [0, 2.75, 0, 0], "texture": "#6"},
				"down": {"uv": [0, 0, 0, 2.75], "texture": "#6"}
			}
		},
		{
			"name": "leaves",
			"from": [8, -10.46194, 3.5],
			"to": [8, -0.46194, 14.5],
			"rotation": {"angle": 0, "axis": "y", "origin": [8, -5.46194, 9]},
			"faces": {
				"north": {"uv": [0, 0, 0, 2.5], "texture": "#6"},
				"east": {"uv": [0, 5.5, 2.75, 8], "texture": "#6"},
				"south": {"uv": [0, 0, 0, 2.5], "texture": "#6"},
				"west": {"uv": [5.5, 0, 8.25, 2.5], "texture": "#6"},
				"up": {"uv": [0, 2.75, 0, 0], "texture": "#6"},
				"down": {"uv": [0, 0, 0, 2.75], "texture": "#6"}
			}
		},
		{
			"name": "leaves",
			"from": [2.5, -10.46194, 9],
			"to": [13.5, -0.46194, 9],
			"rotation": {"angle": 0, "axis": "y", "origin": [8, -5.46194, 9]},
			"faces": {
				"north": {"uv": [5.5, 2.5, 8.25, 5], "texture": "#6"},
				"east": {"uv": [0, 0, 0, 2.5], "texture": "#6"},
				"south": {"uv": [2.75, 5.5, 5.5, 8], "texture": "#6"},
				"west": {"uv": [0, 0, 0, 2.5], "texture": "#6"},
				"up": {"uv": [2.75, 0, 0, 0], "texture": "#6"},
				"down": {"uv": [2.75, 0, 0, 0], "texture": "#6"}
			}
		},
		{
			"name": "leaves",
			"from": [8, 0.53806, 1],
			"to": [8, 10.53806, 8],
			"rotation": {"angle": 0, "axis": "y", "origin": [8, 5.53806, 9]},
			"faces": {
				"north": {"uv": [0, 0, 0, 2.5], "texture": "#6"},
				"east": {"uv": [5.5, 5, 7.25, 7.5], "texture": "#6"},
				"south": {"uv": [0, 0, 0, 2.5], "texture": "#6"},
				"west": {"uv": [7.25, 5, 9, 7.5], "texture": "#6"},
				"up": {"uv": [0, 1.75, 0, 0], "texture": "#6"},
				"down": {"uv": [0, 0, 0, 1.75], "texture": "#6"}
			}
		},
		{
			"from": [6.9, -0.6, 7.9],
			"to": [9.1, 6.6, 10.1],
			"rotation": {"angle": 0, "axis": "y", "origin": [9, -3.5, 9]},
			"faces": {
				"north": {"uv": [3.5, 8, 4, 9.75], "texture": "#6"},
				"east": {"uv": [4, 8, 4.5, 9.75], "texture": "#6"},
				"south": {"uv": [4.5, 8, 5, 9.75], "texture": "#6"},
				"west": {"uv": [5, 8, 5.5, 9.75], "texture": "#6"},
				"up": {"uv": [2.75, 10.25, 2.25, 9.75], "texture": "#6"},
				"down": {"uv": [10.25, 2.5, 9.75, 3], "texture": "#6"}
			}
		},
		{
			"name": "movement",
			"from": [8, -15.015, -4],
			"to": [8, 12.985, 8],
			"rotation": {"angle": 0, "axis": "y", "origin": [8, 0.985, 8]},
			"faces": {
				"north": {"uv": [0, 0, 0, 7], "texture": "#missing"},
				"east": {"uv": [0.25, 0, 3.25, 7], "texture": "#2"},
				"south": {"uv": [0, 0, 0, 7], "texture": "#missing"},
				"west": {"uv": [0.25, 0, 3.25, 7], "texture": "#2"},
				"up": {"uv": [0, 3, 0, 0], "texture": "#missing"},
				"down": {"uv": [0, 0, 0, 3], "texture": "#missing"}
			}
		}
	],
	"gui_light": "front",
	"display": {
		"thirdperson_righthand": {
			"translation": [0, 1, -0.25],
			"scale": [0.6, 0.6, 0.6]
		},
		"thirdperson_lefthand": {
			"translation": [0, 1, -0.25],
			"scale": [0.6, 0.6, 0.6]
		},
		"firstperson_righthand": {
			"rotation": [-27.75, 0, 0],
			"translation": [1.25, -0.5, 0.25],
			"scale": [0.62, 0.62, 0.62]
		},
		"firstperson_lefthand": {
			"rotation": [-27.75, 0, 0],
			"translation": [1.25, -0.5, 0.25],
			"scale": [0.62, 0.62, 0.62]
		},
		"ground": {
			"translation": [0, 5.5, 0],
			"scale": [0.2, 0.2, 0.2]
		},
		"gui": {
			"rotation": [90, 40, -90],
			"translation": [-0.75, -1.5, 0],
			"scale": [0.46, 0.46, 0.46]
		},
		"head": {
			"rotation": [-88.39, -38.43, -88.97],
			"translation": [0, -15.25, 4.5]
		},
		"fixed": {
			"rotation": [88.67, -40.69, 89.2],
			"translation": [2, -2.25, 0],
			"scale": [2, 2, 2]
		}
	},
	"groups": [
		{
			"name": "fishing_rod",
			"origin": [2.03524, 4.5, 13.9882],
			"color": 0,
			"children": [0, 1, 2, 3, 4, 5, 6, 7, 8, 9, 10, 11, 12, 13, 14, 15, 16, 17, 18, 19, 20, 21]
		}
	]
}