{
	"format_version": "1.21.6",
	"credit": "Made with Blockbench",
	"texture_size": [64, 64],
	"textures": {
		"2": "item/crates/autumn/autumpack_em_fallingleaves",
		"3": "item/crates/autumn/autummpack_em_hoe"
	},
	"elements": [
		{
			"from": [8.0025, 14.63686, -5.54166],
			"to": [8.0025, 23.63686, 9.45834],
			"rotation": {"angle": 0, "axis": "y", "origin": [7.5025, 20.63686, 0.45834]},
			"faces": {
				"north": {"uv": [0, 0, 0, 2.25], "texture": "#3"},
				"east": {"uv": [0, 5, 3.75, 7.25], "texture": "#3"},
				"south": {"uv": [0, 0, 0, 2.25], "texture": "#3"},
				"west": {"uv": [3.75, 5, 7.5, 7.25], "texture": "#3"},
				"up": {"uv": [0, 3.75, 0, 0], "texture": "#3"},
				"down": {"uv": [0, 0, 0, 3.75], "texture": "#3"}
			}
		},
		{
			"from": [7.4875, 18.64921, 4.45036],
			"to": [8.5075, 21.66921, 12.47036],
			"rotation": {"angle": 0, "axis": "y", "origin": [8.0025, 13.91421, 7.51548]},
			"faces": {
				"north": {"uv": [10.25, 7.75, 10.5, 8.5], "texture": "#3"},
				"east": {"uv": [9.5, 2.5, 11.5, 3.25], "texture": "#3"},
				"south": {"uv": [4.5, 10.5, 4.75, 11.25], "texture": "#3"},
				"west": {"uv": [9.5, 3.25, 11.5, 4], "texture": "#3"},
				"up": {"uv": [5.75, 11.75, 5.5, 9.75], "texture": "#3"},
				"down": {"uv": [6, 9.75, 5.75, 11.75], "texture": "#3"}
			}
		},
		{
			"from": [7.4975, 14.745, 8.83904],
			"to": [8.4975, 19.745, 10.83904],
			"rotation": {"angle": 45, "axis": "x", "origin": [7.9975, 17.245, 10.33904]},
			"faces": {
				"north": {"uv": [4, 10.5, 4.25, 11.75], "texture": "#3"},
				"east": {"uv": [3, 9.75, 3.5, 11], "texture": "#3"},
				"south": {"uv": [4.25, 10.5, 4.5, 11.75], "texture": "#3"},
				"west": {"uv": [3.5, 9.75, 4, 11], "texture": "#3"},
				"up": {"uv": [7.75, 7.25, 7.5, 6.75], "texture": "#3"},
				"down": {"uv": [8, 6.75, 7.75, 7.25], "texture": "#3"}
			}
		},
		{
			"from": [8.0025, 14.53806, 1.54166],
			"to": [8.0025, 24.53806, 18.54166],
			"rotation": {"angle": 0, "axis": "y", "origin": [9.0025, 21.03806, 9.54166]},
			"faces": {
				"north": {"uv": [0, 0, 0, 2.5], "texture": "#3"},
				"east": {"uv": [0, 0, 4.25, 2.5], "texture": "#3"},
				"south": {"uv": [0, 0, 0, 2.5], "texture": "#3"},
				"west": {"uv": [0, 2.5, 4.25, 5], "texture": "#3"},
				"up": {"uv": [0, 4.25, 0, 0], "texture": "#3"},
				"down": {"uv": [0, 0, 0, 4.25], "texture": "#3"}
			}
		},
		{
			"from": [6.8525, 9.35, 7.54601],
			"to": [9.1525, 12.65, 10.84601],
			"rotation": {"angle": 45, "axis": "x", "origin": [8.0025, 11.5, 9.69601]},
			"faces": {
				"north": {"uv": [9.5, 9.75, 10, 10.5], "texture": "#3"},
				"east": {"uv": [4, 9.75, 4.75, 10.5], "texture": "#3"},
				"south": {"uv": [8, 10, 8.5, 10.75], "texture": "#3"},
				"west": {"uv": [4.75, 9.75, 5.5, 10.5], "texture": "#3"},
				"up": {"uv": [9, 10.75, 8.5, 10], "texture": "#3"},
				"down": {"uv": [9.5, 10, 9, 10.75], "texture": "#3"}
			}
		},
		{
			"from": [7.0025, -7.5, 6.9889],
			"to": [9.0025, -3.5, 10.9889],
			"rotation": {"angle": 0, "axis": "y", "origin": [9.0025, -5.5, 8.9889]},
			"faces": {
				"north": {"uv": [6, 9.75, 6.5, 10.75], "texture": "#3"},
				"east": {"uv": [9.5, 8.75, 10.5, 9.75], "texture": "#3"},
				"south": {"uv": [6.5, 9.75, 7, 10.75], "texture": "#3"},
				"west": {"uv": [0, 9.75, 1, 10.75], "texture": "#3"},
				"up": {"uv": [7.5, 10.75, 7, 9.75], "texture": "#3"},
				"down": {"uv": [8, 9.75, 7.5, 10.75], "texture": "#3"}
			}
		},
		{
			"name": "leaves",
			"from": [8, -15.46194, 3.5],
			"to": [8, -5.46194, 14.5],
			"rotation": {"angle": 0, "axis": "y", "origin": [8, -10.46194, 9]},
			"faces": {
				"north": {"uv": [0, 0, 0, 2.5], "texture": "#3"},
				"east": {"uv": [0, 7.25, 2.75, 9.75], "texture": "#3"},
				"south": {"uv": [0, 0, 0, 2.5], "texture": "#3"},
				"west": {"uv": [2.75, 7.25, 5.5, 9.75], "texture": "#3"},
				"up": {"uv": [0, 2.75, 0, 0], "texture": "#3"},
				"down": {"uv": [0, 0, 0, 2.75], "texture": "#3"}
			}
		},
		{
			"name": "leaves",
			"from": [2.5, -15.46194, 9],
			"to": [13.5, -5.46194, 9],
			"rotation": {"angle": 0, "axis": "y", "origin": [8, -10.46194, 9]},
			"faces": {
				"north": {"uv": [5.5, 7.25, 8.25, 9.75], "texture": "#3"},
				"east": {"uv": [0, 0, 0, 2.5], "texture": "#3"},
				"south": {"uv": [8.25, 0, 11, 2.5], "texture": "#3"},
				"west": {"uv": [0, 0, 0, 2.5], "texture": "#3"},
				"up": {"uv": [2.75, 0, 0, 0], "texture": "#3"},
				"down": {"uv": [2.75, 0, 0, 0], "texture": "#3"}
			}
		},
		{
			"name": "leaves",
			"from": [0, 6.53806, 9],
			"to": [16, 16.53806, 9],
			"rotation": {"angle": 0, "axis": "y", "origin": [8, 11.53806, 9]},
			"faces": {
				"north": {"uv": [4.25, 0, 8.25, 2.5], "texture": "#3"},
				"east": {"uv": [0, 0, 0, 2.5], "texture": "#3"},
				"south": {"uv": [4.25, 2.5, 8.25, 5], "texture": "#3"},
				"west": {"uv": [0, 0, 0, 2.5], "texture": "#3"},
				"up": {"uv": [4, 0, 0, 0], "texture": "#3"},
				"down": {"uv": [4, 0, 0, 0], "texture": "#3"}
			}
		},
		{
			"from": [7, 11.03806, 7.5],
			"to": [9, 17.03806, 10.5],
			"rotation": {"angle": 0, "axis": "y", "origin": [8, 14.03806, 9]},
			"faces": {
				"north": {"uv": [2, 9.75, 2.5, 11.25], "texture": "#3"},
				"east": {"uv": [9.5, 5.75, 10.25, 7.25], "texture": "#3"},
				"south": {"uv": [2.5, 9.75, 3, 11.25], "texture": "#3"},
				"west": {"uv": [9.5, 7.25, 10.25, 8.75], "texture": "#3"},
				"up": {"uv": [10.5, 10.5, 10, 9.75], "texture": "#3"},
				"down": {"uv": [10.75, 4, 10.25, 4.75], "texture": "#3"}
			}
		},
		{
			"from": [6.9, -0.6, 7.4],
			"to": [9.1, 6.6, 10.6],
			"rotation": {"angle": 0, "axis": "y", "origin": [9, -3.5, 8.5]},
			"faces": {
				"north": {"uv": [1, 9.75, 1.5, 11.5], "texture": "#3"},
				"east": {"uv": [7.5, 5, 8.25, 6.75], "texture": "#3"},
				"south": {"uv": [1.5, 9.75, 2, 11.5], "texture": "#3"},
				"west": {"uv": [9.5, 4, 10.25, 5.75], "texture": "#3"},
				"up": {"uv": [10.75, 5.5, 10.25, 4.75], "texture": "#3"},
				"down": {"uv": [10.75, 5.5, 10.25, 6.25], "texture": "#3"}
			}
		},
		{
			"from": [6.99, -3.51, 7.49],
			"to": [9.01, 11.51, 10.51],
			"rotation": {"angle": 0, "axis": "y", "origin": [9, -3.5, 8.5]},
			"faces": {
				"north": {"uv": [9, 2.5, 9.5, 6.25], "texture": "#3"},
				"east": {"uv": [8.25, 2.5, 9, 6.25], "texture": "#3"},
				"south": {"uv": [9, 6.25, 9.5, 10], "texture": "#3"},
				"west": {"uv": [8.25, 6.25, 9, 10], "texture": "#3"},
				"up": {"uv": [10.75, 7, 10.25, 6.25], "texture": "#3"},
				"down": {"uv": [10.75, 7, 10.25, 7.75], "texture": "#3"}
			}
		},
		{
			"name": "movement",
			"from": [-4, -11.015, 9],
			"to": [20, 16.985, 9],
			"rotation": {"angle": 0, "axis": "y", "origin": [8, 4.985, 9]},
			"faces": {
				"north": {"uv": [0, 0, 6, 7], "texture": "#2"},
				"east": {"uv": [0, 0, 0, 3], "texture": "#missing"},
				"south": {"uv": [0, 0, 6, 7], "texture": "#2"},
				"west": {"uv": [0, 0, 0, 3], "texture": "#missing"},
				"up": {"uv": [0, 2, 0, 0], "rotation": 270, "texture": "#missing"},
				"down": {"uv": [0, 0, 0, 2], "rotation": 90, "texture": "#missing"}
			}
		},
		{
			"name": "movement",
			"from": [8, -3.015, 9],
			"to": [8, 24.985, 22],
			"rotation": {"angle": 0, "axis": "y", "origin": [8, 2.985, 9]},
			"faces": {
				"north": {"uv": [0, 0, 0, 3], "texture": "#missing"},
				"east": {"uv": [6, 0, 2.75, 7], "texture": "#2"},
				"south": {"uv": [0, 0, 0, 3], "texture": "#missing"},
				"west": {"uv": [2.75, 0, 6, 7], "texture": "#2"},
				"up": {"uv": [0, 2, 0, 0], "texture": "#missing"},
				"down": {"uv": [0, 0, 0, 2], "texture": "#missing"}
			}
		}
	],
	"gui_light": "front",
	"display": {
		"thirdperson_righthand": {
			"translation": [0, 2.25, 0],
			"scale": [1.5, 1.5, 1.5]
		},
		"thirdperson_lefthand": {
			"translation": [0, 2.25, 0],
			"scale": [1.5, 1.5, 1.5]
		},
		"firstperson_righthand": {
			"rotation": [-14.89, 5.49, 2.96],
			"translation": [9.25, -1.75, -10.75],
			"scale": [1.5, 1.5, 1.5]
		},
		"firstperson_lefthand": {
			"rotation": [-14.89, 5.49, 2.96],
			"translation": [9.25, -1.75, -10.75],
			"scale": [1.5, 1.5, 1.5]
		},
		"ground": {
			"translation": [0, 5.5, 0],
			"scale": [1.5, 1.5, 1.5]
		},
		"gui": {
			"rotation": [90, 40, -90],
			"translation": [0.25, -0.5, 0],
			"scale": [1.5, 1.5, 1.5]
		},
		"head": {
			"rotation": [96.82, 41.6, -92.77],
			"translation": [3.25, -10.5, 4.25],
			"scale": [2, 2, 2]
		},
		"fixed": {
			"rotation": [88.67, -40.69, 89.2],
			"translation": [-0.25, -1, 0],
			"scale": [4, 4, 4]
		}
	},
	"groups": [
		{
			"name": "axe",
			"origin": [16.60538, 4.5, 18.59442],
			"color": 0,
			"children": [0, 1, 2, 3, 4, 5, 6, 7, 8, 9, 10, 11, 12, 13]
		}
	]
}