{
	"format_version": "1.21.6",
	"credit": "Made with Blockbench",
	"texture_size": [64, 64],
	"textures": {
		"2": "item/crates/autumn/autumpack_em_fallingleaves",
		"3": "item/crates/autumn/autummpack_em_pickaxe",
		"particle": "item/crates/autumn/autummpack_em_pickaxe"
	},
	"elements": [
		{
			"from": [8.00375, 12.995, -4],
			"to": [8.00375, 24.995, 20],
			"rotation": {"angle": 0, "axis": "y", "origin": [7.49875, 15.25, 3.05512]},
			"faces": {
				"north": {"uv": [0, 0, 0, 3], "texture": "#3"},
				"east": {"uv": [0, 0, 6, 3], "texture": "#3"},
				"south": {"uv": [0, 0, 0, 3], "texture": "#3"},
				"west": {"uv": [0, 0, 6, 3], "texture": "#3"},
				"up": {"uv": [0, 6, 0, 0], "texture": "#3"},
				"down": {"uv": [0, 0, 0, 6], "texture": "#3"}
			}
		},
		{
			"from": [7, 16.03806, 6.5],
			"to": [9, 22.03806, 9.5],
			"rotation": {"angle": 0, "axis": "y", "origin": [8, 19.03806, 8]},
			"faces": {
				"north": {"uv": [8, 4, 8.5, 5.5], "texture": "#3"},
				"east": {"uv": [2, 8, 2.75, 9.5], "texture": "#3"},
				"south": {"uv": [8.5, 4, 8, 5.5], "texture": "#3"},
				"west": {"uv": [8, 2.5, 8.75, 4], "texture": "#3"},
				"up": {"uv": [8.75, 8.25, 8.25, 7.5], "texture": "#3"},
				"down": {"uv": [8.75, 8.25, 8.25, 9], "texture": "#3"}
			}
		},
		{
			"from": [6.85, 14.35, 6.55711],
			"to": [9.15, 17.65, 9.85711],
			"rotation": {"angle": 45, "axis": "x", "origin": [8, 16.5, 8.70711]},
			"faces": {
				"north": {"uv": [8.5, 4, 9, 4.75], "texture": "#3"},
				"east": {"uv": [6.75, 8, 7.5, 8.75], "texture": "#3"},
				"south": {"uv": [8.5, 4.75, 9, 5.5], "texture": "#3"},
				"west": {"uv": [7.5, 8, 8.25, 8.75], "texture": "#3"},
				"up": {"uv": [9.25, 0.75, 8.75, 0], "texture": "#3"},
				"down": {"uv": [9.25, 0.75, 8.75, 1.5], "texture": "#3"}
			}
		},
		{
			"from": [6.9, 4.4, 6.9],
			"to": [9.1, 11.6, 9.1],
			"rotation": {"angle": 0, "axis": "y", "origin": [9, 1.5, 7.5]},
			"faces": {
				"north": {"uv": [2.75, 8, 3.25, 9.75], "texture": "#3"},
				"east": {"uv": [3.25, 8, 3.75, 9.75], "texture": "#3"},
				"south": {"uv": [3.75, 8, 4.25, 9.75], "texture": "#3"},
				"west": {"uv": [4.25, 8, 4.75, 9.75], "texture": "#3"},
				"up": {"uv": [6.5, 3, 6, 2.5], "texture": "#3"},
				"down": {"uv": [7, 2.5, 6.5, 3], "texture": "#3"}
			}
		},
		{
			"from": [6.99, 1.49, 6.99],
			"to": [9.01, 16.51, 9.01],
			"rotation": {"angle": 0, "axis": "y", "origin": [9, 1.5, 7.5]},
			"faces": {
				"north": {"uv": [0, 8, 0.5, 11.75], "texture": "#3"},
				"east": {"uv": [0.5, 8, 1, 11.75], "texture": "#3"},
				"south": {"uv": [1, 8, 1.5, 11.75], "texture": "#3"},
				"west": {"uv": [1.5, 8, 2, 11.75], "texture": "#3"},
				"up": {"uv": [7.5, 3, 7, 2.5], "texture": "#3"},
				"down": {"uv": [8, 2.5, 7.5, 3], "texture": "#3"}
			}
		},
		{
			"from": [7, -2.5, 6.5],
			"to": [9, 1.5, 9.5],
			"rotation": {"angle": 0, "axis": "y", "origin": [9, -0.5, 8]},
			"faces": {
				"north": {"uv": [8.25, 5.5, 8.75, 6.5], "texture": "#3"},
				"east": {"uv": [5.25, 8, 6, 9], "texture": "#3"},
				"south": {"uv": [8.25, 6.5, 8.75, 7.5], "texture": "#3"},
				"west": {"uv": [6, 8, 6.75, 9], "texture": "#3"},
				"up": {"uv": [9.25, 2.25, 8.75, 1.5], "texture": "#3"},
				"down": {"uv": [9.25, 2.25, 8.75, 3], "texture": "#3"}
			}
		},
		{
			"name": "leaves",
			"from": [0, 11.53806, 8],
			"to": [16, 21.53806, 8],
			"rotation": {"angle": 0, "axis": "y", "origin": [8, 16.53806, 8]},
			"faces": {
				"north": {"uv": [0.025, 3.025, 3.975, 5.475], "texture": "#3"},
				"east": {"uv": [0.025, 0.025, 0.025, 2.475], "texture": "#3"},
				"south": {"uv": [4.025, 3.025, 7.975, 5.475], "texture": "#3"},
				"west": {"uv": [0.025, 0.025, 0.025, 2.475], "texture": "#3"},
				"up": {"uv": [3.975, 0.025, 0.025, 0.025], "texture": "#3"},
				"down": {"uv": [3.975, 0.025, 0.025, 0.025], "texture": "#3"}
			}
		},
		{
			"name": "leaves",
			"from": [2.5, -10.46194, 8],
			"to": [13.5, -0.46194, 8],
			"rotation": {"angle": 0, "axis": "y", "origin": [8, -5.46194, 8]},
			"faces": {
				"north": {"uv": [0, 5.5, 2.75, 8], "texture": "#3"},
				"east": {"uv": [0, 0, 0, 2.5], "texture": "#3"},
				"south": {"uv": [2.75, 5.5, 5.5, 8], "texture": "#3"},
				"west": {"uv": [0, 0, 0, 2.5], "texture": "#3"},
				"up": {"uv": [2.75, 0, 0, 0], "texture": "#3"},
				"down": {"uv": [2.75, 0, 0, 0], "texture": "#3"}
			}
		},
		{
			"name": "leaves",
			"from": [8, -10.46194, 2.5],
			"to": [8, -0.46194, 13.5],
			"rotation": {"angle": 0, "axis": "y", "origin": [8, -5.46194, 8]},
			"faces": {
				"north": {"uv": [0, 0, 0, 2.5], "texture": "#3"},
				"east": {"uv": [5.5, 5.5, 8.25, 8], "texture": "#3"},
				"south": {"uv": [0, 0, 0, 2.5], "texture": "#3"},
				"west": {"uv": [6, 0, 8.75, 2.5], "texture": "#3"},
				"up": {"uv": [0, 2.75, 0, 0], "texture": "#3"},
				"down": {"uv": [0, 0, 0, 2.75], "texture": "#3"}
			}
		},
		{
			"name": "movement",
			"from": [-4, -8.015, 8],
			"to": [20, 19.985, 8],
			"rotation": {"angle": 0, "axis": "y", "origin": [8, 7.985, 8]},
			"faces": {
				"north": {"uv": [0, 0, 6, 7], "texture": "#2"},
				"east": {"uv": [0, 0, 0, 3.5], "texture": "#missing"},
				"south": {"uv": [0, 0, 6, 7], "texture": "#2"},
				"west": {"uv": [0, 0, 0, 3.5], "texture": "#missing"},
				"up": {"uv": [3, 0, 0, 0], "texture": "#missing"},
				"down": {"uv": [3, 0, 0, 0], "texture": "#missing"}
			}
		}
	],
	"gui_light": "front",
	"display": {
		"thirdperson_righthand": {
			"translation": [0, -0.75, 0.5],
			"scale": [1.5, 1.5, 1.5]
		},
		"thirdperson_lefthand": {
			"translation": [0, -0.75, 0.5],
			"scale": [1.5, 1.5, 1.5]
		},
		"firstperson_righthand": {
			"rotation": [-4.91, -8.93, -2.5],
			"translation": [0.25, 1.75, -1.25],
			"scale": [1.5, 1.5, 1.5]
		},
		"firstperson_lefthand": {
			"rotation": [-4.91, -8.93, -2.5],
			"translation": [0.25, 1.75, -1.25],
			"scale": [1.5, 1.5, 1.5]
		},
		"ground": {
			"translation": [0, 5.5, 0],
			"scale": [1.5, 1.5, 1.5]
		},
		"gui": {
			"rotation": [90, 40, -90],
			"translation": [-0.75, -1, 0],
			"scale": [1.5, 1.5, 1.5]
		},
		"head": {
			"rotation": [-88.59, -27.43, -89.3],
			"translation": [0, -17, 4.5],
			"scale": [2, 2, 2]
		},
		"fixed": {
			"rotation": [88.67, -40.69, 89.2],
			"translation": [1.75, -1, 0],
			"scale": [4, 4, 4]
		}
	},
	"groups": [
		{
			"name": "pickaxe",
			"origin": [15.05012, 4.5, 16],
			"color": 0,
			"children": [0, 1, 2, 3, 4, 5, 6, 7, 8]
		},
		9
	]
}