{
	"format_version": "1.21.6",
	"credit": "Made with Blockbench",
	"texture_size": [64, 64],
	"textures": {
		"2": "item/crates/autumn/autumpack_em_fallingleaves",
		"3": "item/crates/autumn/autummpack_em_shovel"
	},
	"elements": [
		{
			"name": "filum",
			"from": [5, 12.80996, 7.95],
			"to": [11, 21.80996, 8.95],
			"rotation": {"angle": 0, "axis": "y", "origin": [8, 19.30996, 7.45]},
			"faces": {
				"north": {"uv": [11.25, 0, 12.75, 2.25], "texture": "#3"},
				"east": {"uv": [6.75, 2.25, 7, 4.5], "texture": "#3"},
				"south": {"uv": [10.75, 2.5, 12.25, 4.75], "texture": "#3"},
				"west": {"uv": [4, 7.5, 4.25, 9.75], "texture": "#3"},
				"up": {"uv": [9.75, 0.25, 8.25, 0], "texture": "#3"},
				"down": {"uv": [9.75, 0.25, 8.25, 0.5], "texture": "#3"}
			}
		},
		{
			"name": "filum",
			"from": [4.01846, 12.80996, 7.05],
			"to": [5.01846, 21.80996, 8.05],
			"rotation": {"angle": 0, "axis": "y", "origin": [4.51846, 17.30996, 7.55]},
			"faces": {
				"north": {"uv": [13.5, 0, 13.75, 2.25], "texture": "#3"},
				"east": {"uv": [13, 0, 13.25, 2.25], "texture": "#3"},
				"south": {"uv": [10.25, 2.5, 10.5, 4.75], "texture": "#3"},
				"west": {"uv": [14.25, 0, 14.5, 2.25], "texture": "#3"},
				"up": {"uv": [7, 4.75, 6.75, 4.5], "texture": "#3"},
				"down": {"uv": [7, 4.75, 6.75, 5], "texture": "#3"}
			}
		},
		{
			"name": "filum",
			"from": [10.98154, 12.80996, 7.05],
			"to": [11.98154, 21.80996, 8.05],
			"rotation": {"angle": 0, "axis": "y", "origin": [7.98154, 19.30996, 7.55]},
			"faces": {
				"north": {"uv": [10.25, 0, 10.5, 2.25], "texture": "#3"},
				"east": {"uv": [9.75, 0, 10, 2.25], "texture": "#3"},
				"south": {"uv": [12.5, 2.5, 12.75, 4.75], "texture": "#3"},
				"west": {"uv": [10.75, 0, 11, 2.25], "texture": "#3"},
				"up": {"uv": [8.5, 2.25, 8.25, 2], "texture": "#3"},
				"down": {"uv": [8.75, 2, 8.5, 2.25], "texture": "#3"}
			}
		},
		{
			"from": [6, -7.5, 7],
			"to": [10, -3.5, 9],
			"rotation": {"angle": 0, "axis": "y", "origin": [8, -5.5, 9]},
			"faces": {
				"north": {"uv": [1.5, 7.5, 2.5, 8.5], "texture": "#3"},
				"east": {"uv": [8, 5.25, 8.5, 6.25], "texture": "#3"},
				"south": {"uv": [2.5, 7.5, 3.5, 8.5], "texture": "#3"},
				"west": {"uv": [8, 6.25, 8.5, 7.25], "texture": "#3"},
				"up": {"uv": [9, 7.75, 8, 7.25], "texture": "#3"},
				"down": {"uv": [9, 7.75, 8, 8.25], "texture": "#3"}
			}
		},
		{
			"from": [6.99, -3.51, 6.99],
			"to": [9.01, 11.51, 9.01],
			"rotation": {"angle": 0, "axis": "y", "origin": [8.5, -3.5, 9]},
			"faces": {
				"north": {"uv": [7, 2.25, 7.5, 6], "texture": "#3"},
				"east": {"uv": [5.5, 7.25, 6, 11], "texture": "#3"},
				"south": {"uv": [7, 6, 7.5, 9.75], "texture": "#3"},
				"west": {"uv": [6, 7.25, 6.5, 11], "texture": "#3"},
				"up": {"uv": [9, 1, 8.25, 0.5], "texture": "#3"},
				"down": {"uv": [8.75, 1, 8.25, 1.5], "texture": "#3"}
			}
		},
		{
			"from": [6.9, -0.6, 6.9],
			"to": [9.1, 6.6, 9.1],
			"rotation": {"angle": 0, "axis": "y", "origin": [8.5, -3.5, 9]},
			"faces": {
				"north": {"uv": [0, 7.5, 0.5, 9.25], "texture": "#3"},
				"east": {"uv": [6.5, 7.25, 7, 9], "texture": "#3"},
				"south": {"uv": [0.75, 7.5, 1.25, 9.25], "texture": "#3"},
				"west": {"uv": [3.5, 7.5, 4, 9.25], "texture": "#3"},
				"up": {"uv": [8.75, 2, 8.25, 1.5], "texture": "#3"},
				"down": {"uv": [8.5, 8.25, 8, 8.75], "texture": "#3"}
			}
		},
		{
			"from": [6.14289, 9.35, 6.85],
			"to": [9.44289, 12.65, 9.15],
			"rotation": {"angle": 45, "axis": "z", "origin": [7.29289, 11.5, 8]},
			"faces": {
				"north": {"uv": [8, 2.25, 8.75, 3], "texture": "#3"},
				"east": {"uv": [1.5, 8.5, 2, 9.25], "texture": "#3"},
				"south": {"uv": [8, 3, 8.75, 3.75], "texture": "#3"},
				"west": {"uv": [2, 8.5, 2.5, 9.25], "texture": "#3"},
				"up": {"uv": [3.25, 9, 2.5, 8.5], "texture": "#3"},
				"down": {"uv": [9.25, 5.25, 8.5, 5.75], "texture": "#3"}
			}
		},
		{
			"from": [6.5, 11.03806, 7],
			"to": [9.5, 14.03806, 9],
			"rotation": {"angle": 0, "axis": "y", "origin": [8, 14.03806, 8]},
			"faces": {
				"north": {"uv": [8, 3.75, 8.75, 4.5], "texture": "#3"},
				"east": {"uv": [8.5, 5.75, 9, 6.5], "texture": "#3"},
				"south": {"uv": [8, 4.5, 8.75, 5.25], "texture": "#3"},
				"west": {"uv": [8.5, 6.5, 9, 7.25], "texture": "#3"},
				"up": {"uv": [9.5, 2.5, 8.75, 2], "texture": "#3"},
				"down": {"uv": [9.5, 2.5, 8.75, 3], "texture": "#3"}
			}
		},
		{
			"name": "leaves",
			"from": [0, 3.53806, 8],
			"to": [16, 13.53806, 8],
			"rotation": {"angle": 0, "axis": "y", "origin": [8, 8.53806, 8]},
			"faces": {
				"north": {"uv": [0, 0, 4, 2.5], "texture": "#3"},
				"east": {"uv": [0, 0, 0, 2.5], "texture": "#3"},
				"south": {"uv": [0, 2.5, 4, 5], "texture": "#3"},
				"west": {"uv": [0, 0, 0, 2.5], "texture": "#3"},
				"up": {"uv": [4, 0, 0, 0], "texture": "#3"},
				"down": {"uv": [4, 0, 0, 0], "texture": "#3"}
			}
		},
		{
			"name": "leaves",
			"from": [8, -15.46194, 2.5],
			"to": [8, -5.46194, 13.5],
			"rotation": {"angle": 0, "axis": "y", "origin": [8, -10.46194, 8]},
			"faces": {
				"north": {"uv": [0, 0, 0, 2.5], "texture": "#3"},
				"east": {"uv": [4, 0, 6.75, 2.5], "texture": "#3"},
				"south": {"uv": [0, 0, 0, 2.5], "texture": "#3"},
				"west": {"uv": [4, 2.5, 6.75, 5], "texture": "#3"},
				"up": {"uv": [0, 2.75, 0, 0], "texture": "#3"},
				"down": {"uv": [0, 0, 0, 2.75], "texture": "#3"}
			}
		},
		{
			"name": "leaves",
			"from": [2.5, -15.46194, 8],
			"to": [13.5, -5.46194, 8],
			"rotation": {"angle": 0, "axis": "y", "origin": [8, -10.46194, 8]},
			"faces": {
				"north": {"uv": [2.75, 5, 0, 7.5], "texture": "#3"},
				"east": {"uv": [0, 0, 0, 2.5], "texture": "#3"},
				"south": {"uv": [2.75, 5, 5.5, 7.5], "texture": "#3"},
				"west": {"uv": [0, 0, 0, 2.5], "texture": "#3"},
				"up": {"uv": [2.75, 0, 0, 0], "texture": "#3"},
				"down": {"uv": [2.75, 0, 0, 0], "texture": "#3"}
			}
		},
		{
			"name": "movement",
			"from": [-4, -14.015, 8],
			"to": [20, 13.985, 8],
			"rotation": {"angle": 0, "axis": "y", "origin": [8, 1.985, 8]},
			"faces": {
				"north": {"uv": [0, 0, 6, 7], "texture": "#2"},
				"east": {"uv": [0, 0, 0, 3], "texture": "#missing"},
				"south": {"uv": [0, 0, 6, 7], "texture": "#2"},
				"west": {"uv": [0, 0, 0, 3], "texture": "#missing"},
				"up": {"uv": [0, 2, 0, 0], "rotation": 90, "texture": "#missing"},
				"down": {"uv": [0, 0, 0, 2], "rotation": 270, "texture": "#missing"}
			}
		}
	],
	"gui_light": "front",
	"display": {
		"thirdperson_righthand": {
			"rotation": [163, 0, -180],
			"translation": [0, 2.25, -1.25],
			"scale": [0.6, 0.6, 0.6]
		},
		"thirdperson_lefthand": {
			"rotation": [163, 0, -180],
			"translation": [0, 2.25, -1.25],
			"scale": [0.6, 0.6, 0.6]
		},
		"firstperson_righthand": {
			"rotation": [159.5, 0, 178],
			"translation": [9.25, -1.75, -8],
			"scale": [0.89, 0.89, 0.89]
		},
		"firstperson_lefthand": {
			"rotation": [159.5, 0, 178],
			"translation": [9.25, -1.75, -8],
			"scale": [0.89, 0.89, 0.89]
		},
		"ground": {
			"translation": [0, 5.5, 0],
			"scale": [0.25, 0.25, 0.25]
		},
		"gui": {
			"rotation": [168.9, 6.38, -132.55],
			"translation": [1, 0.5, 0],
			"scale": [0.54, 0.54, 0.54]
		},
		"head": {
			"rotation": [-179.71, 5.42, -127.07],
			"translation": [5.25, -14, 5],
			"scale": [0.94, 0.94, 0.94]
		},
		"fixed": {
			"rotation": [-0.72, 2.19, 43.95],
			"translation": [-1.5, 1.75, 0],
			"scale": [2, 2, 2]
		}
	},
	"groups": [
		{
			"name": "group",
			"origin": [-2.85964, 4.5, 7.55],
			"color": 0,
			"children": [0, 1, 2, 3, 4, 5, 6, 7, 8, 9, 10, 11]
		}
	]
}