{
	"format_version": "1.21.6",
	"credit": "Made with Blockbench",
	"texture_size": [64, 64],
	"textures": {
		"2": "item/crates/autumn/autumpack_em_fallingleaves",
		"3": "item/crates/autumn/autummpack_em_sword"
	},
	"elements": [
		{
			"from": [6, -5.25, 7.0125],
			"to": [10, -1.25, 9.0125],
			"rotation": {"angle": 0, "axis": "y", "origin": [8, -3.25, 9.0125]},
			"faces": {
				"north": {"uv": [7, 1, 8, 2], "texture": "#3"},
				"east": {"uv": [2.5, 7.25, 3, 8.25], "texture": "#3"},
				"south": {"uv": [7, 2, 8, 3], "texture": "#3"},
				"west": {"uv": [3, 7.25, 3.5, 8.25], "texture": "#3"},
				"up": {"uv": [8.25, 8, 7.25, 7.5], "texture": "#3"},
				"down": {"uv": [2, 7.75, 1, 8.25], "texture": "#3"}
			}
		},
		{
			"from": [6.49, -1.26, 7.0025],
			"to": [9.51, 4.76, 9.0225],
			"rotation": {"angle": 0, "axis": "y", "origin": [8.5, -1.25, 9.0125]},
			"faces": {
				"north": {"uv": [6.25, 0.25, 7, 1.75], "texture": "#3"},
				"east": {"uv": [6.25, 7, 6.75, 8.5], "texture": "#3"},
				"south": {"uv": [6.25, 1.75, 7, 3.25], "texture": "#3"},
				"west": {"uv": [6.75, 7, 7.25, 8.5], "texture": "#3"},
				"up": {"uv": [8.75, 2.5, 8, 2], "texture": "#3"},
				"down": {"uv": [8.75, 2.5, 8, 3], "texture": "#3"}
			}
		},
		{
			"from": [6.4, -1.35, 6.9125],
			"to": [9.6, 4.85, 9.1125],
			"rotation": {"angle": 0, "axis": "y", "origin": [8.5, -1.25, 9.0125]},
			"faces": {
				"north": {"uv": [6.25, 3.25, 7, 4.75], "texture": "#3"},
				"east": {"uv": [0, 7.25, 0.5, 8.75], "texture": "#3"},
				"south": {"uv": [6.25, 4.75, 7, 6.25], "texture": "#3"},
				"west": {"uv": [0.5, 7.25, 1, 8.75], "texture": "#3"},
				"up": {"uv": [8.75, 3.5, 8, 3], "texture": "#3"},
				"down": {"uv": [8.75, 3.5, 8, 4], "texture": "#3"}
			}
		},
		{
			"from": [5.64289, 2.1, 6.8625],
			"to": [9.94289, 6.4, 9.1625],
			"rotation": {"angle": 45, "axis": "z", "origin": [7.29289, 4.75, 8.0125]},
			"faces": {
				"north": {"uv": [7, 3, 8, 4], "texture": "#3"},
				"east": {"uv": [2, 7.75, 2.5, 8.75], "texture": "#3"},
				"south": {"uv": [8, 3, 7, 4], "texture": "#3"},
				"west": {"uv": [7.75, 6, 8.25, 7], "texture": "#3"},
				"up": {"uv": [9, 1.5, 8, 1], "texture": "#3"},
				"down": {"uv": [9, 1.5, 8, 2], "texture": "#3"}
			}
		},
		{
			"from": [5.5, 5.25, 7.5125],
			"to": [10.5, 28.25, 8.5125],
			"rotation": {"angle": 0, "axis": "y", "origin": [8, 10.75, 7.5125]},
			"faces": {
				"north": {"uv": [3.5, 2.5, 4.75, 8.25], "texture": "#3"},
				"east": {"uv": [6, 0, 6.25, 5.75], "texture": "#3"},
				"south": {"uv": [4.75, 2.5, 6, 8.25], "texture": "#3"},
				"west": {"uv": [6, 5.75, 6.25, 11.5], "texture": "#3"},
				"up": {"uv": [9.25, 5, 8, 4.75], "texture": "#3"},
				"down": {"uv": [3.75, 8.25, 2.5, 8.5], "texture": "#3"}
			}
		},
		{
			"from": [2, 3.75, 7.0125],
			"to": [8, 6.75, 9.0125],
			"rotation": {"angle": -22.5, "axis": "z", "origin": [5, 5.75, 8.0125]},
			"faces": {
				"north": {"uv": [6.25, 6.25, 7.75, 7], "texture": "#3"},
				"east": {"uv": [8, 4, 8.5, 4.75], "texture": "#3"},
				"south": {"uv": [7, 0.25, 8.5, 1], "texture": "#3"},
				"west": {"uv": [7.25, 8, 7.75, 8.75], "texture": "#3"},
				"up": {"uv": [8.5, 5.5, 7, 5], "texture": "#3"},
				"down": {"uv": [8.5, 5.5, 7, 6], "texture": "#3"}
			}
		},
		{
			"from": [8, 3.75, 7.0125],
			"to": [14, 6.75, 9.0125],
			"rotation": {"angle": 22.5, "axis": "z", "origin": [11, 5.75, 8.0125]},
			"faces": {
				"north": {"uv": [7, 0.25, 8.5, 1], "texture": "#3"},
				"east": {"uv": [7.75, 8, 8.25, 8.75], "texture": "#3"},
				"south": {"uv": [6.25, 6.25, 7.75, 7], "texture": "#3"},
				"west": {"uv": [1, 8.25, 1.5, 9], "texture": "#3"},
				"up": {"uv": [2.5, 7.75, 1, 7.25], "texture": "#3"},
				"down": {"uv": [8.75, 7, 7.25, 7.5], "texture": "#3"}
			}
		},
		{
			"from": [-3.5, -1.21194, 7.9625],
			"to": [19.5, 8.78806, 8.0125],
			"rotation": {"angle": 0, "axis": "y", "origin": [5.5, 5.28806, 9.0125]},
			"faces": {
				"north": {"uv": [0, 0, 5.75, 2.5], "texture": "#3"},
				"east": {"uv": [5.75, 0, 6, 2.5], "texture": "#3"},
				"south": {"uv": [0, 0, 5.75, 2.5], "texture": "#3"},
				"west": {"uv": [5.75, 0, 6, 2.5], "texture": "#3"},
				"up": {"uv": [12, 0.25, 6.25, 0], "texture": "#3"},
				"down": {"uv": [12, 0, 6.25, 0.25], "texture": "#3"}
			}
		},
		{
			"from": [4.5, 12.78806, 8.0125],
			"to": [11.5, 31.78806, 8.0125],
			"rotation": {"angle": 0, "axis": "y", "origin": [5.5, 28.28806, 9.0125]},
			"faces": {
				"north": {"uv": [0, 2.5, 1.75, 7.25], "texture": "#3"},
				"east": {"uv": [0, 0, 0, 4.75], "texture": "#3"},
				"south": {"uv": [1.75, 2.5, 3.5, 7.25], "texture": "#3"},
				"west": {"uv": [0, 0, 0, 4.75], "texture": "#3"},
				"up": {"uv": [1.75, 0, 0, 0], "texture": "#3"},
				"down": {"uv": [1.75, 0, 0, 0], "texture": "#3"}
			}
		},
		{
			"name": "movement",
			"from": [-4, -15.015, 8.0125],
			"to": [20, 12.985, 8.0125],
			"rotation": {"angle": 0, "axis": "y", "origin": [8, 0.985, 8.0125]},
			"faces": {
				"north": {"uv": [0, 0, 6, 7], "texture": "#2"},
				"east": {"uv": [0, 0, 0, 3], "texture": "#missing"},
				"south": {"uv": [0, 0, 6, 7], "texture": "#2"},
				"west": {"uv": [0, 0, 0, 3], "texture": "#missing"},
				"up": {"uv": [0, 2, 0, 0], "rotation": 90, "texture": "#missing"},
				"down": {"uv": [0, 0, 0, 2], "rotation": 270, "texture": "#missing"}
			}
		}
	],
	"gui_light": "front",
	"display": {
		"thirdperson_righthand": {
			"rotation": [0, 90, 0],
			"translation": [0, 3.75, 1],
			"scale": [0.6, 0.6, 0.6]
		},
		"thirdperson_lefthand": {
			"rotation": [0, -90, 0],
			"translation": [0, 3.75, 1],
			"scale": [0.6, 0.6, 0.6]
		},
		"firstperson_righthand": {
			"rotation": [9.25, 88, -20],
			"translation": [2.75, 2, -0.75],
			"scale": [0.4, 0.4, 0.4]
		},
		"firstperson_lefthand": {
			"rotation": [9.25, 88, -20],
			"translation": [2.75, 2, -0.75],
			"scale": [0.4, 0.4, 0.4]
		},
		"ground": {
			"translation": [0, 5.5, 0],
			"scale": [0.2, 0.2, 0.2]
		},
		"gui": {
			"rotation": [0, 0, -48.75],
			"translation": [-2.25, -1.75, 0],
			"scale": [0.52, 0.52, 0.52]
		},
		"head": {
			"rotation": [1, -4, -53],
			"translation": [0.5, -18, 5],
			"scale": [1.11, 1.11, 1.11]
		},
		"fixed": {
			"rotation": [0, 0, 44],
			"translation": [2, -2.25, 0],
			"scale": [2, 2, 2]
		}
	},
	"groups": [
		{
			"name": "group",
			"origin": [8, 0, 7],
			"color": 0,
			"children": [0, 1, 2, 3, 4, 5, 6, 7, 8, 9]
		}
	]
}