{
	"providers": [{
		"type": "bitmap",
		"file": "font/ui/logo.png",
		"ascent": 20,
		"height": 40,
		"chars": ["ᯀᯁᯂᯃᯄᯅ", "􀀀􀀀􀀀􀀀􀀀􀀀"]
	}, {
		"type": "bitmap",
		"file": "font/ui/logo.png",
		"ascent": -20,
		"height": 40,
		"chars": ["􀀀􀀀􀀀􀀀􀀀􀀀", "ᯆᯇᯈᯉᯊᯋ"]
	}, {
		"type": "bitmap",
		"file": "font/ui/logo.png",
		"ascent": 20,
		"height": 30,
		"chars": ["切度拓糖宅洞", "並况全侀充冀"]
	}, {
		"type": "bitmap",
		"file": "font/ui/logo.png",
		"ascent": -10,
		"height": 30,
		"chars": ["婢嬨廒廙彩徭", "塚﨑晴﨓﨔凞"]
	}, {
		"type": "bitmap",
		"file": "font/space_split.png",
		"ascent": -32768,
		"height": -3,
		"chars": [""]
	}, {
		"type": "bitmap",
		"file": "font/space_split.png",
		"ascent": -32768,
		"height": -4,
		"chars": [""]
	}, {
		"type": "bitmap",
		"file": "font/space_split.png",
		"ascent": -32768,
		"height": -5,
		"chars": [""]
	}, {
		"type": "bitmap",
		"file": "font/space_split.png",
		"ascent": -32768,
		"height": -6,
		"chars": [""]
	}, {
		"type": "bitmap",
		"file": "font/space_split.png",
		"ascent": -32768,
		"height": -7,
		"chars": [""]
	}, {
		"type": "bitmap",
		"file": "font/space_split.png",
		"ascent": -32768,
		"height": -8,
		"chars": [""]
	}, {
		"type": "bitmap",
		"file": "font/space_split.png",
		"ascent": -32768,
		"height": -9,
		"chars": [""]
	}, {
		"type": "bitmap",
		"file": "font/space_split.png",
		"ascent": -32768,
		"height": -10,
		"chars": [""]
	}, {
		"type": "bitmap",
		"file": "font/space_split.png",
		"ascent": -32768,
		"height": -18,
		"chars": [""]
	}, {
		"type": "bitmap",
		"file": "font/space_split.png",
		"ascent": -32768,
		"height": -34,
		"chars": [""]
	}, {
		"type": "bitmap",
		"file": "font/space_split.png",
		"ascent": -32768,
		"height": -66,
		"chars": [""]
	}, {
		"type": "bitmap",
		"file": "font/space_split.png",
		"ascent": -32768,
		"height": -130,
		"chars": [""]
	}, {
		"type": "bitmap",
		"file": "font/space_split.png",
		"ascent": -32768,
		"height": -258,
		"chars": [""]
	}, {
		"type": "bitmap",
		"file": "font/space_split.png",
		"ascent": -32768,
		"height": -514,
		"chars": [""]
	}, {
		"type": "bitmap",
		"file": "font/space_split.png",
		"ascent": -32768,
		"height": -1026,
		"chars": [""]
	}, {
		"type": "bitmap",
		"file": "font/space_split.png",
		"ascent": -65536,
		"height": -32770,
		"chars": [""]
	}, {
		"type": "bitmap",
		"file": "font/space_split.png",
		"ascent": -32768,
		"height": 0,
		"chars": [""]
	}, {
		"type": "bitmap",
		"file": "font/space_split.png",
		"ascent": -32768,
		"height": 1,
		"chars": [""]
	}, {
		"type": "bitmap",
		"file": "font/space_split.png",
		"ascent": -32768,
		"height": 2,
		"chars": [""]
	}, {
		"type": "bitmap",
		"file": "font/space_split.png",
		"ascent": -32768,
		"height": 3,
		"chars": [""]
	}, {
		"type": "bitmap",
		"file": "font/space_split.png",
		"ascent": -32768,
		"height": 4,
		"chars": [""]
	}, {
		"type": "bitmap",
		"file": "font/space_split.png",
		"ascent": -32768,
		"height": 5,
		"chars": [""]
	}, {
		"type": "bitmap",
		"file": "font/space_split.png",
		"ascent": -32768,
		"height": 6,
		"chars": [""]
	}, {
		"type": "bitmap",
		"file": "font/space_split.png",
		"ascent": -32768,
		"height": 7,
		"chars": [""]
	}, {
		"type": "bitmap",
		"file": "font/space_split.png",
		"ascent": -32768,
		"height": 15,
		"chars": [""]
	}, {
		"type": "bitmap",
		"file": "font/space_split.png",
		"ascent": -32768,
		"height": 31,
		"chars": [""]
	}, {
		"type": "bitmap",
		"file": "font/space_split.png",
		"ascent": -32768,
		"height": 63,
		"chars": [""]
	}, {
		"type": "bitmap",
		"file": "font/space_split.png",
		"ascent": -32768,
		"height": 127,
		"chars": [""]
	}, {
		"type": "bitmap",
		"file": "font/space_split.png",
		"ascent": -32768,
		"height": 255,
		"chars": [""]
	}, {
		"type": "bitmap",
		"file": "font/space_split.png",
		"ascent": -32768,
		"height": 511,
		"chars": [""]
	}]
}