{"credit":"Made with Blockbench","texture_size":[128,128],"textures":{"1":"item/furniture/basic/acacia","particle":"item/furniture/basic/acacia"},"elements":[{"from":[-10.5,14.5,1.2],"to":[26.5,15.5,11.2],"rotation":{"angle":0,"axis":"y","origin":[4.5,15,6.2]},"faces":{"north":{"uv":[12.25,0.375,14.5625,0.4375],"texture":"#1"},"east":{"uv":[14.0625,10.3125,14.6875,10.375],"texture":"#1"},"south":{"uv":[12.4375,8.5,14.75,8.5625],"texture":"#1"},"west":{"uv":[14.0625,10.4375,14.6875,10.5],"texture":"#1"},"up":{"uv":[7.75,2,5.4375,1.375],"texture":"#1"},"down":{"uv":[7.875,2.0625,5.5625,2.6875],"texture":"#1"}}},{"from":[-11,11.5,1],"to":[27,14.5,11],"rotation":{"angle":0,"axis":"y","origin":[5,13,6]},"faces":{"north":{"uv":[9.75,4.125,12.125,4.3125],"texture":"#1"},"east":{"uv":[12.625,12.875,13.25,13.0625],"texture":"#1"},"south":{"uv":[9.75,4.375,12.125,4.5625],"texture":"#1"},"west":{"uv":[0.5,12.9375,1.125,13.125],"texture":"#1"},"up":{"uv":[7.8125,0.625,5.4375,0],"texture":"#1"},"down":{"uv":[7.8125,0.6875,5.4375,1.3125],"texture":"#1"}}},{"from":[-10.025,13.07612,6.11732],"to":[25.975,21.07612,7.11732],"rotation":{"angle":22.5,"axis":"x","origin":[5.975,17.07612,6.61732]},"faces":{"north":{"uv":[6.625,6.9375,8.875,7.4375],"texture":"#1"},"east":{"uv":[8.875,14.4375,8.9375,14.9375],"texture":"#1"},"south":{"uv":[1.0625,7.25,3.3125,7.75],"texture":"#1"},"west":{"uv":[9,14.4375,9.0625,14.9375],"texture":"#1"},"up":{"uv":[14.6875,11.9375,12.4375,11.875],"texture":"#1"},"down":{"uv":[14.6875,12,12.4375,12.0625],"texture":"#1"}}},{"from":[2.5,18.2,7.55],"to":[13.5,26.2,8.55],"rotation":{"angle":22.5,"axis":"x","origin":[8.5,25.2,8.05]},"faces":{"north":{"uv":[4.75,10.5,5.4375,11],"texture":"#1"},"east":{"uv":[9.125,14.4375,9.1875,14.9375],"texture":"#1"},"south":{"uv":[0.5625,10.5625,1.25,11.0625],"texture":"#1"},"west":{"uv":[9.5625,14.4375,9.625,14.9375],"texture":"#1"},"up":{"uv":[14.6875,12.9375,14,12.875],"texture":"#1"},"down":{"uv":[14.6875,13.8125,14,13.875],"texture":"#1"}}},{"from":[1.3,18,7.45],"to":[14.7,19.4,9.85],"rotation":{"angle":22.5,"axis":"x","origin":[8.5,25.2,8.15]},"faces":{"north":{"uv":[13.9375,12.625,14.75,12.6875],"texture":"#1"},"east":{"uv":[14.6875,1.5,14.8125,1.5625],"texture":"#1"},"south":{"uv":[13.9375,13.9375,14.75,14],"texture":"#1"},"west":{"uv":[14.6875,4.25,14.8125,4.3125],"texture":"#1"},"up":{"uv":[13.9375,9.9375,13.125,9.8125],"texture":"#1"},"down":{"uv":[13.625,13.125,12.8125,13.25],"texture":"#1"}}},{"from":[-10.025,19.83644,7.02089],"to":[26.075,21.93644,8.72089],"rotation":{"angle":22.5,"axis":"x","origin":[5.975,20.88644,7.87089]},"faces":{"north":{"uv":[10.5625,2.8125,12.8125,2.9375],"texture":"#1"},"east":{"uv":[14.625,10.5625,14.75,10.6875],"texture":"#1"},"south":{"uv":[10.9375,3.6875,13.1875,3.8125],"texture":"#1"},"west":{"uv":[14.625,10.75,14.75,10.875],"texture":"#1"},"up":{"uv":[13.1875,8.4375,10.9375,8.3125],"texture":"#1"},"down":{"uv":[13.375,9.625,11.125,9.75],"texture":"#1"}}},{"from":[-12.5,10.5,0],"to":[-9.5,17.5,8],"rotation":{"angle":0,"axis":"y","origin":[-15.5,14,5.5]},"faces":{"north":{"uv":[2.75,13.4375,2.9375,13.875],"texture":"#1"},"east":{"uv":[1.25,11.6875,1.75,12.125],"texture":"#1"},"south":{"uv":[11.1875,13.4375,11.375,13.875],"texture":"#1"},"west":{"uv":[3.9375,11.6875,4.4375,12.125],"texture":"#1"},"up":{"uv":[8.5,13.8125,8.3125,13.3125],"texture":"#1"},"down":{"uv":[8.75,13.3125,8.5625,13.8125],"texture":"#1"}}},{"from":[25.5,0,0],"to":[28.5,3.5,9],"rotation":{"angle":0,"axis":"y","origin":[31.5,1.75,4.5]},"faces":{"north":{"uv":[6.375,7.1875,6.5625,7.4375],"texture":"#1"},"east":{"uv":[0.5,12.5625,1.0625,12.8125],"texture":"#1"},"south":{"uv":[9.0625,6.125,9.25,6.375],"texture":"#1"},"west":{"uv":[12.5625,10.5,13.125,10.75],"texture":"#1"},"up":{"uv":[0.375,13.5625,0.1875,13],"texture":"#1"},"down":{"uv":[6.4375,13,6.25,13.5625],"texture":"#1"}}},{"from":[25.5,3.5,2],"to":[28.5,10.5,5],"rotation":{"angle":0,"axis":"y","origin":[31.5,7,3.5]},"faces":{"north":{"uv":[11.4375,13.4375,11.625,13.875],"texture":"#1"},"east":{"uv":[4.1875,13.5,4.375,13.9375],"texture":"#1"},"south":{"uv":[5.5,13.5,5.6875,13.9375],"texture":"#1"},"west":{"uv":[13.5,10,13.6875,10.4375],"texture":"#1"},"up":{"uv":[14.5625,13.3125,14.375,13.125],"texture":"#1"},"down":{"uv":[13.5,14.375,13.3125,14.5625],"texture":"#1"}}},{"from":[25.5,10.5,0],"to":[28.5,17.5,8],"rotation":{"angle":0,"axis":"y","origin":[31.5,14,5.5]},"faces":{"north":{"uv":[0.4375,13.5625,0.625,14],"texture":"#1"},"east":{"uv":[8.4375,11.6875,8.9375,12.125],"texture":"#1"},"south":{"uv":[13.5625,0.8125,13.75,1.25],"texture":"#1"},"west":{"uv":[10.25,11.6875,10.75,12.125],"texture":"#1"},"up":{"uv":[9,13.8125,8.8125,13.3125],"texture":"#1"},"down":{"uv":[9.25,13.3125,9.0625,13.8125],"texture":"#1"}}},{"from":[-12.5,3.5,2],"to":[-9.5,10.5,5],"rotation":{"angle":0,"axis":"y","origin":[-15.5,7,3.5]},"faces":{"north":{"uv":[1.4375,13.5625,1.625,14],"texture":"#1"},"east":{"uv":[2.25,13.5625,2.4375,14],"texture":"#1"},"south":{"uv":[13.5625,2.5,13.75,2.9375],"texture":"#1"},"west":{"uv":[13.5625,13.3125,13.75,13.75],"texture":"#1"},"up":{"uv":[1,14.625,0.8125,14.4375],"texture":"#1"},"down":{"uv":[14.625,0.875,14.4375,1.0625],"texture":"#1"}}},{"from":[-12.5,0,0],"to":[-9.5,3.5,9],"rotation":{"angle":0,"axis":"y","origin":[-15.5,1.75,4.5]},"faces":{"north":{"uv":[7.25,14.0625,7.4375,14.3125],"texture":"#1"},"east":{"uv":[1.125,12.625,1.6875,12.875],"texture":"#1"},"south":{"uv":[14.0625,7.625,14.25,7.875],"texture":"#1"},"west":{"uv":[12.625,5.5625,13.1875,5.8125],"texture":"#1"},"up":{"uv":[13.25,1.375,13.0625,0.8125],"texture":"#1"},"down":{"uv":[9.5625,13.0625,9.375,13.625],"texture":"#1"}}},{"from":[-13,21.9,14.5],"to":[29,27,15.5],"rotation":{"angle":0,"axis":"y","origin":[3,13.45,11.75]},"faces":{"north":{"uv":[7.75,5,10.375,5.3125],"texture":"#1"},"east":{"uv":[3.8125,11.8125,3.875,12.125],"texture":"#1"},"south":{"uv":[7.9375,2.125,10.5625,2.4375],"texture":"#1"},"west":{"uv":[3.375,14.5,3.4375,14.8125],"texture":"#1"},"up":{"uv":[14.1875,1.9375,11.5625,1.875],"texture":"#1"},"down":{"uv":[14.3125,0.5,11.6875,0.5625],"texture":"#1"}}},{"from":[-13,3.9,14.5],"to":[-9,21.9,15.5],"rotation":{"angle":0,"axis":"y","origin":[3,13.45,11.75]},"faces":{"north":{"uv":[2.5,10.875,2.75,12],"texture":"#1"},"east":{"uv":[11.6875,13.4375,11.75,14.5625],"texture":"#1"},"south":{"uv":[9.9375,10.9375,10.1875,12.0625],"texture":"#1"},"west":{"uv":[10.1875,13.5,10.25,14.625],"texture":"#1"},"up":{"uv":[14.75,4.8125,14.5,4.75],"texture":"#1"},"down":{"uv":[14.75,5.875,14.5,5.9375],"texture":"#1"}}},{"from":[25,3.9,14.5],"to":[29,21.9,15.5],"rotation":{"angle":0,"axis":"y","origin":[41,13.45,11.75]},"faces":{"north":{"uv":[0,11,0.25,12.125],"texture":"#1"},"east":{"uv":[0.6875,13.5625,0.75,14.6875],"texture":"#1"},"south":{"uv":[0.3125,11.125,0.5625,12.25],"texture":"#1"},"west":{"uv":[6.625,13.625,6.6875,14.75],"texture":"#1"},"up":{"uv":[14.875,0.4375,14.625,0.375],"texture":"#1"},"down":{"uv":[14.875,1.75,14.625,1.8125],"texture":"#1"}}},{"from":[16,3.9,14.5],"to":[19,21.9,15.5],"rotation":{"angle":0,"axis":"y","origin":[31,13.45,11.75]},"faces":{"north":{"uv":[5.6875,11.625,5.875,12.75],"texture":"#1"},"east":{"uv":[7.5625,13.625,7.625,14.75],"texture":"#1"},"south":{"uv":[2.25,11.75,2.4375,12.875],"texture":"#1"},"west":{"uv":[9.3125,13.6875,9.375,14.8125],"texture":"#1"},"up":{"uv":[14.8125,12.3125,14.625,12.25],"texture":"#1"},"down":{"uv":[14.8125,12.375,14.625,12.4375],"texture":"#1"}}},{"from":[7,3.9,14.5],"to":[10,21.9,15.5],"rotation":{"angle":0,"axis":"y","origin":[22,13.45,11.75]},"faces":{"north":{"uv":[2.8125,11.75,3,12.875],"texture":"#1"},"east":{"uv":[9.4375,13.6875,9.5,14.8125],"texture":"#1"},"south":{"uv":[3.0625,11.75,3.25,12.875],"texture":"#1"},"west":{"uv":[11.8125,13.6875,11.875,14.8125],"texture":"#1"},"up":{"uv":[13,14.6875,12.8125,14.625],"texture":"#1"},"down":{"uv":[13.25,14.625,13.0625,14.6875],"texture":"#1"}}},{"from":[0,3.9,14.5],"to":[3,21.9,15.5],"rotation":{"angle":0,"axis":"y","origin":[15,13.45,11.75]},"faces":{"north":{"uv":[10.8125,11.75,11,12.875],"texture":"#1"},"east":{"uv":[11.9375,13.6875,12,14.8125],"texture":"#1"},"south":{"uv":[11.0625,11.75,11.25,12.875],"texture":"#1"},"west":{"uv":[12.0625,13.6875,12.125,14.8125],"texture":"#1"},"up":{"uv":[14.8125,13.1875,14.625,13.125],"texture":"#1"},"down":{"uv":[14.8125,13.25,14.625,13.3125],"texture":"#1"}}},{"from":[-6,3.9,14.5],"to":[-3,21.9,15.5],"rotation":{"angle":0,"axis":"y","origin":[9,13.45,11.75]},"faces":{"north":{"uv":[3.3125,11.8125,3.5,12.9375],"texture":"#1"},"east":{"uv":[12.1875,13.6875,12.25,14.8125],"texture":"#1"},"south":{"uv":[3.5625,11.8125,3.75,12.9375],"texture":"#1"},"west":{"uv":[12.3125,13.6875,12.375,14.8125],"texture":"#1"},"up":{"uv":[13.5,14.6875,13.3125,14.625],"texture":"#1"},"down":{"uv":[14.8125,13.375,14.625,13.4375],"texture":"#1"}}},{"from":[-13,-0.1,14.5],"to":[29,4,15.5],"rotation":{"angle":0,"axis":"y","origin":[3,-7.55,11.75]},"faces":{"north":{"uv":[8.875,1.75,11.5,2],"texture":"#1"},"east":{"uv":[0.5625,14.625,0.625,14.875],"texture":"#1"},"south":{"uv":[8.9375,6.9375,11.5625,7.1875],"texture":"#1"},"west":{"uv":[2,14.625,2.0625,14.875],"texture":"#1"},"up":{"uv":[14.75,8.1875,12.125,8.125],"texture":"#1"},"down":{"uv":[14.75,9.25,12.125,9.3125],"texture":"#1"}}},{"from":[-13,-0.1,8],"to":[29,27,14.5],"rotation":{"angle":0,"axis":"y","origin":[3,13.45,11.75]},"faces":{"north":{"uv":[0,0,2.625,1.6875],"texture":"#1"},"east":{"uv":[9.25,8.625,8.8125,10.3125],"texture":"#1"},"south":{"uv":[0,1.75,2.625,3.4375],"texture":"#1"},"west":{"uv":[8.8125,8.625,9.25,10.3125],"texture":"#1"},"up":{"uv":[8.625,4.9375,6,4.5],"texture":"#1"},"down":{"uv":[9.25,6.4375,6.625,6.875],"texture":"#1"}}},{"from":[2.5,0.5,4],"to":[7.5,2,11],"rotation":{"angle":0,"axis":"y","origin":[7.5,1.5,7.5]},"faces":{"north":{"uv":[14.0625,10.5625,14.375,10.6875],"texture":"#1"},"east":{"uv":[13.875,9.375,14.3125,9.5],"texture":"#1"},"south":{"uv":[14.0625,10.75,14.375,10.875],"texture":"#1"},"west":{"uv":[13.9375,6.5,14.375,6.625],"texture":"#1"},"up":{"uv":[12.9375,6.9375,12.625,6.5],"texture":"#1"},"down":{"uv":[10,12.625,9.6875,13.0625],"texture":"#1"}}},{"from":[8.5,0.5,4],"to":[13.5,2,11],"rotation":{"angle":0,"axis":"y","origin":[7.5,1.5,7.5]},"faces":{"north":{"uv":[14.0625,10.9375,14.375,11.0625],"texture":"#1"},"east":{"uv":[13.9375,6.6875,14.375,6.8125],"texture":"#1"},"south":{"uv":[13.9375,14.0625,14.25,14.1875],"texture":"#1"},"west":{"uv":[13.9375,12.3125,14.375,12.4375],"texture":"#1"},"up":{"uv":[12.9375,12.8125,12.625,12.375],"texture":"#1"},"down":{"uv":[7.625,12.6875,7.3125,13.125],"texture":"#1"}}},{"from":[-14,27,7.5],"to":[30,29,16],"rotation":{"angle":0,"axis":"y","origin":[2,28,11.75]},"faces":{"north":{"uv":[9.875,0.625,12.625,0.75],"texture":"#1"},"east":{"uv":[13.4375,4.5625,14,4.6875],"texture":"#1"},"south":{"uv":[10.0625,3.9375,12.8125,4.0625],"texture":"#1"},"west":{"uv":[13.4375,9.5625,14,9.6875],"texture":"#1"},"up":{"uv":[4.875,5.5625,2.125,5],"texture":"#1"},"down":{"uv":[7.6875,5,4.9375,5.5625],"texture":"#1"}}}],"gui_light":"front","display":{"thirdperson_righthand":{"rotation":[75,45,0],"translation":[0,2.5,0],"scale":[0.25,0.25,0.25]},"thirdperson_lefthand":{"rotation":[75,45,0],"translation":[0,2.5,0],"scale":[0.25,0.25,0.25]},"firstperson_righthand":{"rotation":[0,45,0],"scale":[0.2,0.2,0.2]},"firstperson_lefthand":{"rotation":[0,225,0],"scale":[0.2,0.2,0.2]},"ground":{"translation":[0,3,0],"scale":[0.25,0.25,0.25]},"gui":{"rotation":[15,145,0],"translation":[0,-2.25,0],"scale":[0.33,0.33,0.33]},"fixed":{"rotation":[-90,0,0],"translation":[0,0,-16],"scale":[2,2,2]}},"groups":[{"name":"piano","origin":[-2.06667,13.05629,-1.48569],"color":0,"children":[0,1,2,3,4,5,6,7,8,9,10,11,12,13,14,15,16,17,18,19,20,21,22,23]}],"mcmodels":"175f334c99c447e9681cb9b03b4ab6a6"}