{"format_version":"1.9.0","credit":"This is SunWithFace copy! \u00a9 2025 iPlexity LLC. All Rights Reserved.","texture_size":[64,64],"textures":{"0":"item/cosmetics/autumn/acorn_beanie_hat_texture","particle":"item/cosmetics/autumn/acorn_beanie_hat_texture"},"elements":[{"from":[2,0,2],"to":[14,3,14],"rotation":{"angle":0,"axis":"y","origin":[3,1,5]},"faces":{"north":{"uv":[6,4.5,9,5.25],"texture":"#0"},"east":{"uv":[6,5.5,9,6.25],"texture":"#0"},"south":{"uv":[0,6.5,3,7.25],"texture":"#0"},"west":{"uv":[6,6.5,9,7.25],"texture":"#0"},"up":{"uv":[3,3,0,0],"texture":"#0"},"down":{"uv":[3,3.25,0,6.25],"texture":"#0"}}},{"from":[3,3,3],"to":[13,8,13],"rotation":{"angle":0,"axis":"y","origin":[3,3,5]},"faces":{"north":{"uv":[3.25,5.5,5.75,6.75],"texture":"#0"},"east":{"uv":[6,0,8.5,1.25],"texture":"#0"},"south":{"uv":[6,1.5,8.5,2.75],"texture":"#0"},"west":{"uv":[6,3,8.5,4.25],"texture":"#0"},"up":{"uv":[5.75,2.5,3.25,0],"texture":"#0"},"down":{"uv":[5.75,2.75,3.25,5.25],"texture":"#0"}}},{"from":[6,7,6.5],"to":[10,11,10.5],"rotation":{"angle":22.5,"axis":"x","origin":[8,9,8.5]},"faces":{"north":{"uv":[3.25,7,4.25,8],"texture":"#0"},"east":{"uv":[4.5,7,5.5,8],"texture":"#0"},"south":{"uv":[0,7.5,1,8.5],"texture":"#0"},"west":{"uv":[1.25,7.5,2.25,8.5],"texture":"#0"},"up":{"uv":[6.75,8.5,5.75,7.5],"texture":"#0"},"down":{"uv":[8,7.5,7,8.5],"texture":"#0"}}}],"gui_light":"front","display":{"thirdperson_righthand":{"rotation":[11.75,45,0],"translation":[0,4,-2.75],"scale":[0.8,0.8,0.8]},"thirdperson_lefthand":{"rotation":[11.75,45,0],"translation":[0,4,-2.75],"scale":[0.8,0.8,0.8]},"firstperson_righthand":{"rotation":[11.75,-45,0],"translation":[10,0,-12.25]},"firstperson_lefthand":{"rotation":[11.75,-45,0],"translation":[10,0,-12.25]},"ground":{"translation":[0,4,0],"scale":[0.8,0.8,0.8]},"gui":{"rotation":[35,45,0],"translation":[0,3.5,0],"scale":[0.94,0.94,0.94]},"head":{"translation":[0,14.5,0],"scale":[1.6,1.6,1.6]},"fixed":{"rotation":[-90,0,0],"translation":[0,0,-16],"scale":[2,2,2]}},"groups":[{"name":"acorn_hat","origin":[3,5,5],"color":0,"children":[0,1,2]}],"mcmodels":"e3dbc04be350749cc00694dac55f299d"}