{"format_version":"1.9.0","credit":"This is SunWithFace copy! \u00a9 2025 iPlexity LLC. All Rights Reserved.","texture_size":[64,64],"textures":{"0":"item/cosmetics/autumn/squirrel_and_acorn_hat_texture","particle":"item/cosmetics/autumn/squirrel_and_acorn_hat_texture"},"elements":[{"from":[5.5,2.81195,1.72716],"to":[10.5,4.81195,6.72716],"rotation":{"angle":-22.5,"axis":"x","origin":[8,2.06195,4.22716]},"faces":{"north":{"uv":[4.5,6.25,5.75,6.75],"texture":"#0"},"east":{"uv":[6.25,5.25,7.5,5.75],"texture":"#0"},"south":{"uv":[6,6.25,7.25,6.75],"texture":"#0"},"west":{"uv":[1.5,6.5,2.75,7],"texture":"#0"},"up":{"uv":[1.25,1.25,0,0],"texture":"#0"},"down":{"uv":[1.25,1.5,0,2.75],"texture":"#0"}}},{"from":[7.5,4.81195,3.72716],"to":[8.5,6.81195,4.72716],"rotation":{"angle":-22.5,"axis":"x","origin":[8,2.06195,4.22716]},"faces":{"north":{"uv":[8.75,0,9,0.5],"texture":"#0"},"east":{"uv":[0.75,8.75,1,9.25],"texture":"#0"},"south":{"uv":[8.75,0.75,9,1.25],"texture":"#0"},"west":{"uv":[1.25,8.75,1.5,9.25],"texture":"#0"},"up":{"uv":[4.75,6,4.5,5.75],"texture":"#0"},"down":{"uv":[9.5,6.75,9.25,7],"texture":"#0"}}},{"from":[4.5,4.81195,3.72716],"to":[7.5,7.81195,3.72716],"rotation":{"angle":-22.5,"axis":"x","origin":[7,2.06195,4.22716]},"faces":{"north":{"uv":[5.25,7,6,7.75],"texture":"#0"},"east":{"uv":[2.75,7.25,2.75,8],"texture":"#0"},"south":{"uv":[6.25,7,7,7.75],"texture":"#0"},"west":{"uv":[7.5,4.25,7.5,5],"texture":"#0"},"up":{"uv":[6,2.25,5.25,2.25],"texture":"#0"},"down":{"uv":[0.75,5.5,0,5.5],"texture":"#0"}}},{"from":[6,-1.18805,2.22716],"to":[10,2.81195,6.22716],"rotation":{"angle":-22.5,"axis":"x","origin":[8,2.06195,4.22716]},"faces":{"north":{"uv":[1.5,2,2.5,3],"texture":"#0"},"east":{"uv":[2.75,2,3.75,3],"texture":"#0"},"south":{"uv":[0,3,1,4],"texture":"#0"},"west":{"uv":[3.25,0,4.25,1],"texture":"#0"},"up":{"uv":[2.25,4.25,1.25,3.25],"texture":"#0"},"down":{"uv":[3.5,3.25,2.5,4.25],"texture":"#0"}}},{"from":[5,0,6],"to":[7,1,11],"rotation":{"angle":0,"axis":"y","origin":[5,0,6]},"faces":{"north":{"uv":[5.75,0.75,6.25,1],"texture":"#0"},"east":{"uv":[8,7.75,9.25,8],"texture":"#0"},"south":{"uv":[8.5,7.25,9,7.5],"texture":"#0"},"west":{"uv":[0,8.25,1.25,8.5],"texture":"#0"},"up":{"uv":[0.5,8,0,6.75],"texture":"#0"},"down":{"uv":[1.25,6.75,0.75,8],"texture":"#0"}}},{"from":[5,3.5,5],"to":[6,5.5,9],"rotation":{"angle":-22.5,"axis":"x","origin":[5,4.5,8]},"faces":{"north":{"uv":[8.75,1.5,9,2],"texture":"#0"},"east":{"uv":[1.5,7.25,2.5,7.75],"texture":"#0"},"south":{"uv":[1.75,8.75,2,9.25],"texture":"#0"},"west":{"uv":[7.25,7,8.25,7.5],"texture":"#0"},"up":{"uv":[7,9,6.75,8],"texture":"#0"},"down":{"uv":[4.25,8.25,4,9.25],"texture":"#0"}}},{"from":[10,3.5,5],"to":[11,5.5,9],"rotation":{"angle":-22.5,"axis":"x","origin":[11,4.5,8]},"faces":{"north":{"uv":[2.25,8.75,2.5,9.25],"texture":"#0"},"east":{"uv":[7.5,0,8.5,0.5],"texture":"#0"},"south":{"uv":[8.75,2.25,9,2.75],"texture":"#0"},"west":{"uv":[7.5,0.75,8.5,1.25],"texture":"#0"},"up":{"uv":[8.25,9.25,8,8.25],"texture":"#0"},"down":{"uv":[8.75,3.5,8.5,4.5],"texture":"#0"}}},{"from":[5,1,8],"to":[11,3,11],"rotation":{"angle":0,"axis":"y","origin":[11,1,6]},"faces":{"north":{"uv":[5.75,0,7.25,0.5],"texture":"#0"},"east":{"uv":[4,2.5,4.75,3],"texture":"#0"},"south":{"uv":[1.5,5.75,3,6.25],"texture":"#0"},"west":{"uv":[1.5,8,2.25,8.5],"texture":"#0"},"up":{"uv":[3,0.75,1.5,0],"texture":"#0"},"down":{"uv":[3,1,1.5,1.75],"texture":"#0"}}},{"from":[6,3,7],"to":[10,6,11],"rotation":{"angle":0,"axis":"y","origin":[7,1,6]},"faces":{"north":{"uv":[3.25,5.75,4.25,6.5],"texture":"#0"},"east":{"uv":[6.25,2.25,7.25,3],"texture":"#0"},"south":{"uv":[6.25,3.25,7.25,4],"texture":"#0"},"west":{"uv":[6.25,4.25,7.25,5],"texture":"#0"},"up":{"uv":[4.75,4.25,3.75,3.25],"texture":"#0"},"down":{"uv":[5,1.25,4,2.25],"texture":"#0"}}},{"from":[6,1,7],"to":[10,3,8],"rotation":{"angle":0,"axis":"y","origin":[7,-1,6]},"faces":{"north":{"uv":[7.5,1.5,8.5,2],"texture":"#0"},"east":{"uv":[2.75,8.75,3,9.25],"texture":"#0"},"south":{"uv":[7.5,2.25,8.5,2.75],"texture":"#0"},"west":{"uv":[3.25,8.75,3.5,9.25],"texture":"#0"},"up":{"uv":[9.5,5,8.5,4.75],"texture":"#0"},"down":{"uv":[9.5,5.25,8.5,5.5],"texture":"#0"}}},{"from":[7,1,11],"to":[9,4,16],"rotation":{"angle":0,"axis":"y","origin":[7,1,10]},"faces":{"north":{"uv":[5.25,8,5.75,8.75],"texture":"#0"},"east":{"uv":[5.25,1.25,6.5,2],"texture":"#0"},"south":{"uv":[6,8,6.5,8.75],"texture":"#0"},"west":{"uv":[0,5.75,1.25,6.5],"texture":"#0"},"up":{"uv":[7.25,2,6.75,0.75],"texture":"#0"},"down":{"uv":[3.5,6.75,3,8],"texture":"#0"}}},{"from":[7,4,12],"to":[9,8,16],"rotation":{"angle":0,"axis":"y","origin":[7,4,10]},"faces":{"north":{"uv":[7.5,3,8,4],"texture":"#0"},"east":{"uv":[0,4.25,1,5.25],"texture":"#0"},"south":{"uv":[7.75,4.25,8.25,5.25],"texture":"#0"},"west":{"uv":[4.5,0,5.5,1],"texture":"#0"},"up":{"uv":[8.25,6.5,7.75,5.5],"texture":"#0"},"down":{"uv":[7.75,7.75,7.25,8.75],"texture":"#0"}}},{"from":[6,6,6],"to":[10,10,10],"rotation":{"angle":0,"axis":"y","origin":[7,5,6]},"faces":{"north":{"uv":[1.25,4.5,2.25,5.5],"texture":"#0"},"east":{"uv":[2.5,4.5,3.5,5.5],"texture":"#0"},"south":{"uv":[3.75,4.5,4.75,5.5],"texture":"#0"},"west":{"uv":[5,2.5,6,3.5],"texture":"#0"},"up":{"uv":[6,4.75,5,3.75],"texture":"#0"},"down":{"uv":[6,5,5,6],"texture":"#0"}}},{"from":[5,9,8],"to":[7,11,9],"rotation":{"angle":22.5,"axis":"z","origin":[6,10,8.5]},"faces":{"north":{"uv":[3.25,1.25,3.75,1.75],"texture":"#0"},"east":{"uv":[9,3.5,9.25,4],"texture":"#0"},"south":{"uv":[4.5,8.5,5,9],"texture":"#0"},"west":{"uv":[5.25,9,5.5,9.5],"texture":"#0"},"up":{"uv":[9.5,4.5,9,4.25],"texture":"#0"},"down":{"uv":[6.25,9,5.75,9.25],"texture":"#0"}}},{"from":[9,9,8],"to":[11,11,9],"rotation":{"angle":-22.5,"axis":"z","origin":[10,10,8.5]},"faces":{"north":{"uv":[8.5,5.75,9,6.25],"texture":"#0"},"east":{"uv":[7.25,9,7.5,9.5],"texture":"#0"},"south":{"uv":[8.5,6.5,9,7],"texture":"#0"},"west":{"uv":[8.5,9,8.75,9.5],"texture":"#0"},"up":{"uv":[9.5,9.25,9,9],"texture":"#0"},"down":{"uv":[9.75,0,9.25,0.25],"texture":"#0"}}},{"from":[7,6,5],"to":[9,8,6],"rotation":{"angle":0,"axis":"y","origin":[7,4,3]},"faces":{"north":{"uv":[8.5,8.25,9,8.75],"texture":"#0"},"east":{"uv":[9.25,0.5,9.5,1],"texture":"#0"},"south":{"uv":[0,8.75,0.5,9.25],"texture":"#0"},"west":{"uv":[9.25,1.25,9.5,1.75],"texture":"#0"},"up":{"uv":[9.75,2.25,9.25,2],"texture":"#0"},"down":{"uv":[9.75,2.5,9.25,2.75],"texture":"#0"}}},{"from":[7,5,5],"to":[9,6,5],"rotation":{"angle":0,"axis":"y","origin":[7,2,3]},"faces":{"north":{"uv":[4.5,9.25,5,9.5],"texture":"#0"},"east":{"uv":[6.5,0.75,6.5,1],"texture":"#0"},"south":{"uv":[9.25,5.75,9.75,6],"texture":"#0"},"west":{"uv":[7.5,6,7.5,6.25],"texture":"#0"},"up":{"uv":[6.75,6,6.25,6],"texture":"#0"},"down":{"uv":[8,6.75,7.5,6.75],"texture":"#0"}}},{"from":[9,0,6],"to":[11,1,11],"rotation":{"angle":0,"axis":"y","origin":[11,0,6]},"faces":{"north":{"uv":[9.25,6.25,9.75,6.5],"texture":"#0"},"east":{"uv":[2.5,8.25,3.75,8.5],"texture":"#0"},"south":{"uv":[6.5,9.25,7,9.5],"texture":"#0"},"west":{"uv":[8.25,3,9.5,3.25],"texture":"#0"},"up":{"uv":[4.25,8,3.75,6.75],"texture":"#0"},"down":{"uv":[5,7,4.5,8.25],"texture":"#0"}}}],"gui_light":"front","display":{"thirdperson_righthand":{"rotation":[22.5,0,0],"translation":[0,0.25,-0.25],"scale":[0.9,0.9,0.9]},"thirdperson_lefthand":{"rotation":[22.5,0,0],"translation":[0,0.25,-0.25],"scale":[0.9,0.9,0.9]},"firstperson_righthand":{"rotation":[-11.75,0,0],"translation":[5.5,0,-8]},"firstperson_lefthand":{"rotation":[-11.75,0,0],"translation":[5.5,0,-8]},"ground":{"translation":[0,5.5,0],"scale":[0.8,0.8,0.8]},"gui":{"rotation":[22.5,137,0],"translation":[0,3.5,0]},"head":{"translation":[0,19.25,0],"scale":[1.6,1.6,1.6]},"fixed":{"rotation":[-90,0,0],"translation":[0,-2,-16],"scale":[2,2,2]}},"groups":[{"name":"squirrel_hat","origin":[5,8,6],"color":0,"children":[{"name":"acorn","origin":[8,10.06195,4.22716],"color":0,"children":[0,1,2,3]},4,5,6,7,8,9,10,11,12,13,14,15,16,17]}],"mcmodels":"e3dbc04be350749cc00694dac55f299d"}