{
    "model": {
        "type": "range_dispatch",
        "property": "custom_model_data",
        "fallback": {
            "type": "model",
            "model": "minecraft:item/brick"
        },
        "entries": [
            {
                "threshold": 7000,
                "model": {
                    "type": "model",
                    "model": "oneblocky/furniture/autumn/field_basket"
                }
            },
            {
                "threshold": 7001,
                "model": {
                    "type": "model",
                    "model": "oneblocky/furniture/autumn/field_birdhouse"
                }
            },
            {
                "threshold": 7002,
                "model": {
                    "type": "model",
                    "model": "oneblocky/furniture/autumn/field_chair"
                }
            },
            {
                "threshold": 7003,
                "model": {
                    "type": "model",
                    "model": "oneblocky/furniture/autumn/field_haystack"
                }
            },
            {
                "threshold": 7004,
                "model": {
                    "type": "model",
                    "model": "oneblocky/furniture/autumn/field_lantern_ceiling"
                }
            },
            {
                "threshold": 7005,
                "model": {
                    "type": "model",
                    "model": "oneblocky/furniture/autumn/field_lantern_floor"
                }
            },
            {
                "threshold": 7006,
                "model": {
                    "type": "model",
                    "model": "oneblocky/furniture/autumn/field_scarecrow"
                }
            },
            {
                "threshold": 7007,
                "model": {
                    "type": "model",
                    "model": "oneblocky/furniture/autumn/field_signpost"
                }
            },
            {
                "threshold": 7008,
                "model": {
                    "type": "model",
                    "model": "oneblocky/furniture/autumn/field_table"
                }
            },
            {
                "threshold": 7009,
                "model": {
                    "type": "model",
                    "model": "oneblocky/furniture/autumn/field_windmill"
                }
            },
            {
                "threshold": 7010,
                "model": {
                    "type": "model",
                    "model": "oneblocky/furniture/autumn/field_windmill_still"
                }
            },
            {
                "threshold": 7011,
                "model": {
                    "type": "model",
                    "model": "oneblocky/furniture/autumn/large_crop_streamer"
                }
            },
            {
                "threshold": 7012,
                "model": {
                    "type": "model",
                    "model": "oneblocky/furniture/autumn/small_crop_streamer"
                }
            },
            {
                "threshold": 100000,
                "model": {
                    "type": "model",
                    "model": "oneblocky/furniture/basic/acacia/1"
                }
            },
            {
                "threshold": 100001,
                "model": {
                    "type": "model",
                    "model": "oneblocky/furniture/basic/acacia/2"
                }
            },
            {
                "threshold": 100002,
                "model": {
                    "type": "model",
                    "model": "oneblocky/furniture/basic/acacia/3"
                }
            },
            {
                "threshold": 100003,
                "model": {
                    "type": "model",
                    "model": "oneblocky/furniture/basic/acacia/4"
                }
            },
            {
                "threshold": 100004,
                "model": {
                    "type": "model",
                    "model": "oneblocky/furniture/basic/acacia/5"
                }
            },
            {
                "threshold": 100005,
                "model": {
                    "type": "model",
                    "model": "oneblocky/furniture/basic/acacia/6"
                }
            },
            {
                "threshold": 100006,
                "model": {
                    "type": "model",
                    "model": "oneblocky/furniture/basic/acacia/7"
                }
            },
            {
                "threshold": 100007,
                "model": {
                    "type": "model",
                    "model": "oneblocky/furniture/basic/acacia/8"
                }
            },
            {
                "threshold": 100008,
                "model": {
                    "type": "model",
                    "model": "oneblocky/furniture/basic/acacia/9"
                }
            },
            {
                "threshold": 100009,
                "model": {
                    "type": "model",
                    "model": "oneblocky/furniture/basic/acacia/10"
                }
            },
            {
                "threshold": 100010,
                "model": {
                    "type": "model",
                    "model": "oneblocky/furniture/basic/acacia/11"
                }
            },
            {
                "threshold": 100011,
                "model": {
                    "type": "model",
                    "model": "oneblocky/furniture/basic/bamboo/1"
                }
            },
            {
                "threshold": 100012,
                "model": {
                    "type": "model",
                    "model": "oneblocky/furniture/basic/bamboo/2"
                }
            },
            {
                "threshold": 100013,
                "model": {
                    "type": "model",
                    "model": "oneblocky/furniture/basic/bamboo/3"
                }
            },
            {
                "threshold": 100014,
                "model": {
                    "type": "model",
                    "model": "oneblocky/furniture/basic/bamboo/4"
                }
            },
            {
                "threshold": 100015,
                "model": {
                    "type": "model",
                    "model": "oneblocky/furniture/basic/bamboo/5"
                }
            },
            {
                "threshold": 100016,
                "model": {
                    "type": "model",
                    "model": "oneblocky/furniture/basic/bamboo/6"
                }
            },
            {
                "threshold": 100017,
                "model": {
                    "type": "model",
                    "model": "oneblocky/furniture/basic/bamboo/7"
                }
            },
            {
                "threshold": 100018,
                "model": {
                    "type": "model",
                    "model": "oneblocky/furniture/basic/bamboo/8"
                }
            },
            {
                "threshold": 100019,
                "model": {
                    "type": "model",
                    "model": "oneblocky/furniture/basic/bamboo/9"
                }
            },
            {
                "threshold": 100020,
                "model": {
                    "type": "model",
                    "model": "oneblocky/furniture/basic/bamboo/10"
                }
            },
            {
                "threshold": 100021,
                "model": {
                    "type": "model",
                    "model": "oneblocky/furniture/basic/bamboo/11"
                }
            },
            {
                "threshold": 100022,
                "model": {
                    "type": "model",
                    "model": "oneblocky/furniture/basic/birch/1"
                }
            },
            {
                "threshold": 100023,
                "model": {
                    "type": "model",
                    "model": "oneblocky/furniture/basic/birch/2"
                }
            },
            {
                "threshold": 100024,
                "model": {
                    "type": "model",
                    "model": "oneblocky/furniture/basic/birch/3"
                }
            },
            {
                "threshold": 100025,
                "model": {
                    "type": "model",
                    "model": "oneblocky/furniture/basic/birch/4"
                }
            },
            {
                "threshold": 100026,
                "model": {
                    "type": "model",
                    "model": "oneblocky/furniture/basic/birch/5"
                }
            },
            {
                "threshold": 100027,
                "model": {
                    "type": "model",
                    "model": "oneblocky/furniture/basic/birch/6"
                }
            },
            {
                "threshold": 100028,
                "model": {
                    "type": "model",
                    "model": "oneblocky/furniture/basic/birch/7"
                }
            },
            {
                "threshold": 100029,
                "model": {
                    "type": "model",
                    "model": "oneblocky/furniture/basic/birch/8"
                }
            },
            {
                "threshold": 100030,
                "model": {
                    "type": "model",
                    "model": "oneblocky/furniture/basic/birch/9"
                }
            },
            {
                "threshold": 100031,
                "model": {
                    "type": "model",
                    "model": "oneblocky/furniture/basic/birch/10"
                }
            },
            {
                "threshold": 100032,
                "model": {
                    "type": "model",
                    "model": "oneblocky/furniture/basic/birch/11"
                }
            },
            {
                "threshold": 100033,
                "model": {
                    "type": "model",
                    "model": "oneblocky/furniture/basic/cherry/1"
                }
            },
            {
                "threshold": 100034,
                "model": {
                    "type": "model",
                    "model": "oneblocky/furniture/basic/cherry/2"
                }
            },
            {
                "threshold": 100035,
                "model": {
                    "type": "model",
                    "model": "oneblocky/furniture/basic/cherry/3"
                }
            },
            {
                "threshold": 100036,
                "model": {
                    "type": "model",
                    "model": "oneblocky/furniture/basic/cherry/4"
                }
            },
            {
                "threshold": 100037,
                "model": {
                    "type": "model",
                    "model": "oneblocky/furniture/basic/cherry/5"
                }
            },
            {
                "threshold": 100038,
                "model": {
                    "type": "model",
                    "model": "oneblocky/furniture/basic/cherry/6"
                }
            },
            {
                "threshold": 100039,
                "model": {
                    "type": "model",
                    "model": "oneblocky/furniture/basic/cherry/7"
                }
            },
            {
                "threshold": 100040,
                "model": {
                    "type": "model",
                    "model": "oneblocky/furniture/basic/cherry/8"
                }
            },
            {
                "threshold": 100041,
                "model": {
                    "type": "model",
                    "model": "oneblocky/furniture/basic/cherry/9"
                }
            },
            {
                "threshold": 100042,
                "model": {
                    "type": "model",
                    "model": "oneblocky/furniture/basic/cherry/10"
                }
            },
            {
                "threshold": 100043,
                "model": {
                    "type": "model",
                    "model": "oneblocky/furniture/basic/cherry/11"
                }
            },
            {
                "threshold": 100044,
                "model": {
                    "type": "model",
                    "model": "oneblocky/furniture/basic/crimson/1"
                }
            },
            {
                "threshold": 100045,
                "model": {
                    "type": "model",
                    "model": "oneblocky/furniture/basic/crimson/2"
                }
            },
            {
                "threshold": 100046,
                "model": {
                    "type": "model",
                    "model": "oneblocky/furniture/basic/crimson/3"
                }
            },
            {
                "threshold": 100047,
                "model": {
                    "type": "model",
                    "model": "oneblocky/furniture/basic/crimson/4"
                }
            },
            {
                "threshold": 100048,
                "model": {
                    "type": "model",
                    "model": "oneblocky/furniture/basic/crimson/5"
                }
            },
            {
                "threshold": 100049,
                "model": {
                    "type": "model",
                    "model": "oneblocky/furniture/basic/crimson/6"
                }
            },
            {
                "threshold": 100050,
                "model": {
                    "type": "model",
                    "model": "oneblocky/furniture/basic/crimson/7"
                }
            },
            {
                "threshold": 100051,
                "model": {
                    "type": "model",
                    "model": "oneblocky/furniture/basic/crimson/8"
                }
            },
            {
                "threshold": 100052,
                "model": {
                    "type": "model",
                    "model": "oneblocky/furniture/basic/crimson/9"
                }
            },
            {
                "threshold": 100053,
                "model": {
                    "type": "model",
                    "model": "oneblocky/furniture/basic/crimson/10"
                }
            },
            {
                "threshold": 100054,
                "model": {
                    "type": "model",
                    "model": "oneblocky/furniture/basic/crimson/11"
                }
            },
            {
                "threshold": 100055,
                "model": {
                    "type": "model",
                    "model": "oneblocky/furniture/basic/dark/1"
                }
            },
            {
                "threshold": 100056,
                "model": {
                    "type": "model",
                    "model": "oneblocky/furniture/basic/dark/2"
                }
            },
            {
                "threshold": 100057,
                "model": {
                    "type": "model",
                    "model": "oneblocky/furniture/basic/dark/3"
                }
            },
            {
                "threshold": 100058,
                "model": {
                    "type": "model",
                    "model": "oneblocky/furniture/basic/dark/4"
                }
            },
            {
                "threshold": 100059,
                "model": {
                    "type": "model",
                    "model": "oneblocky/furniture/basic/dark/5"
                }
            },
            {
                "threshold": 100060,
                "model": {
                    "type": "model",
                    "model": "oneblocky/furniture/basic/dark/6"
                }
            },
            {
                "threshold": 100061,
                "model": {
                    "type": "model",
                    "model": "oneblocky/furniture/basic/dark/7"
                }
            },
            {
                "threshold": 100062,
                "model": {
                    "type": "model",
                    "model": "oneblocky/furniture/basic/dark/8"
                }
            },
            {
                "threshold": 100063,
                "model": {
                    "type": "model",
                    "model": "oneblocky/furniture/basic/dark/9"
                }
            },
            {
                "threshold": 100064,
                "model": {
                    "type": "model",
                    "model": "oneblocky/furniture/basic/dark/10"
                }
            },
            {
                "threshold": 100065,
                "model": {
                    "type": "model",
                    "model": "oneblocky/furniture/basic/dark/11"
                }
            },
            {
                "threshold": 100066,
                "model": {
                    "type": "model",
                    "model": "oneblocky/furniture/basic/jungle/1"
                }
            },
            {
                "threshold": 100067,
                "model": {
                    "type": "model",
                    "model": "oneblocky/furniture/basic/jungle/2"
                }
            },
            {
                "threshold": 100068,
                "model": {
                    "type": "model",
                    "model": "oneblocky/furniture/basic/jungle/3"
                }
            },
            {
                "threshold": 100069,
                "model": {
                    "type": "model",
                    "model": "oneblocky/furniture/basic/jungle/4"
                }
            },
            {
                "threshold": 100070,
                "model": {
                    "type": "model",
                    "model": "oneblocky/furniture/basic/jungle/5"
                }
            },
            {
                "threshold": 100071,
                "model": {
                    "type": "model",
                    "model": "oneblocky/furniture/basic/jungle/6"
                }
            },
            {
                "threshold": 100072,
                "model": {
                    "type": "model",
                    "model": "oneblocky/furniture/basic/jungle/7"
                }
            },
            {
                "threshold": 100073,
                "model": {
                    "type": "model",
                    "model": "oneblocky/furniture/basic/jungle/8"
                }
            },
            {
                "threshold": 100074,
                "model": {
                    "type": "model",
                    "model": "oneblocky/furniture/basic/jungle/9"
                }
            },
            {
                "threshold": 100075,
                "model": {
                    "type": "model",
                    "model": "oneblocky/furniture/basic/jungle/10"
                }
            },
            {
                "threshold": 100076,
                "model": {
                    "type": "model",
                    "model": "oneblocky/furniture/basic/jungle/11"
                }
            },
            {
                "threshold": 100077,
                "model": {
                    "type": "model",
                    "model": "oneblocky/furniture/basic/mangrove/1"
                }
            },
            {
                "threshold": 100078,
                "model": {
                    "type": "model",
                    "model": "oneblocky/furniture/basic/mangrove/2"
                }
            },
            {
                "threshold": 100079,
                "model": {
                    "type": "model",
                    "model": "oneblocky/furniture/basic/mangrove/3"
                }
            },
            {
                "threshold": 100080,
                "model": {
                    "type": "model",
                    "model": "oneblocky/furniture/basic/mangrove/4"
                }
            },
            {
                "threshold": 100081,
                "model": {
                    "type": "model",
                    "model": "oneblocky/furniture/basic/mangrove/5"
                }
            },
            {
                "threshold": 100082,
                "model": {
                    "type": "model",
                    "model": "oneblocky/furniture/basic/mangrove/6"
                }
            },
            {
                "threshold": 100083,
                "model": {
                    "type": "model",
                    "model": "oneblocky/furniture/basic/mangrove/7"
                }
            },
            {
                "threshold": 100084,
                "model": {
                    "type": "model",
                    "model": "oneblocky/furniture/basic/mangrove/8"
                }
            },
            {
                "threshold": 100085,
                "model": {
                    "type": "model",
                    "model": "oneblocky/furniture/basic/mangrove/9"
                }
            },
            {
                "threshold": 100086,
                "model": {
                    "type": "model",
                    "model": "oneblocky/furniture/basic/mangrove/10"
                }
            },
            {
                "threshold": 100087,
                "model": {
                    "type": "model",
                    "model": "oneblocky/furniture/basic/mangrove/11"
                }
            },
            {
                "threshold": 100088,
                "model": {
                    "type": "model",
                    "model": "oneblocky/furniture/basic/oak/1"
                }
            },
            {
                "threshold": 100089,
                "model": {
                    "type": "model",
                    "model": "oneblocky/furniture/basic/oak/2"
                }
            },
            {
                "threshold": 100090,
                "model": {
                    "type": "model",
                    "model": "oneblocky/furniture/basic/oak/3"
                }
            },
            {
                "threshold": 100091,
                "model": {
                    "type": "model",
                    "model": "oneblocky/furniture/basic/oak/4"
                }
            },
            {
                "threshold": 100092,
                "model": {
                    "type": "model",
                    "model": "oneblocky/furniture/basic/oak/5"
                }
            },
            {
                "threshold": 100093,
                "model": {
                    "type": "model",
                    "model": "oneblocky/furniture/basic/oak/6"
                }
            },
            {
                "threshold": 100094,
                "model": {
                    "type": "model",
                    "model": "oneblocky/furniture/basic/oak/7"
                }
            },
            {
                "threshold": 100095,
                "model": {
                    "type": "model",
                    "model": "oneblocky/furniture/basic/oak/8"
                }
            },
            {
                "threshold": 100096,
                "model": {
                    "type": "model",
                    "model": "oneblocky/furniture/basic/oak/9"
                }
            },
            {
                "threshold": 100097,
                "model": {
                    "type": "model",
                    "model": "oneblocky/furniture/basic/oak/10"
                }
            },
            {
                "threshold": 100098,
                "model": {
                    "type": "model",
                    "model": "oneblocky/furniture/basic/oak/11"
                }
            },
            {
                "threshold": 100099,
                "model": {
                    "type": "model",
                    "model": "oneblocky/furniture/basic/pale/1"
                }
            },
            {
                "threshold": 100100,
                "model": {
                    "type": "model",
                    "model": "oneblocky/furniture/basic/pale/2"
                }
            },
            {
                "threshold": 100101,
                "model": {
                    "type": "model",
                    "model": "oneblocky/furniture/basic/pale/3"
                }
            },
            {
                "threshold": 100102,
                "model": {
                    "type": "model",
                    "model": "oneblocky/furniture/basic/pale/4"
                }
            },
            {
                "threshold": 100103,
                "model": {
                    "type": "model",
                    "model": "oneblocky/furniture/basic/pale/5"
                }
            },
            {
                "threshold": 100104,
                "model": {
                    "type": "model",
                    "model": "oneblocky/furniture/basic/pale/6"
                }
            },
            {
                "threshold": 100105,
                "model": {
                    "type": "model",
                    "model": "oneblocky/furniture/basic/pale/7"
                }
            },
            {
                "threshold": 100106,
                "model": {
                    "type": "model",
                    "model": "oneblocky/furniture/basic/pale/8"
                }
            },
            {
                "threshold": 100107,
                "model": {
                    "type": "model",
                    "model": "oneblocky/furniture/basic/pale/9"
                }
            },
            {
                "threshold": 100108,
                "model": {
                    "type": "model",
                    "model": "oneblocky/furniture/basic/pale/10"
                }
            },
            {
                "threshold": 100109,
                "model": {
                    "type": "model",
                    "model": "oneblocky/furniture/basic/pale/11"
                }
            },
            {
                "threshold": 100110,
                "model": {
                    "type": "model",
                    "model": "oneblocky/furniture/basic/spruce/1"
                }
            },
            {
                "threshold": 100111,
                "model": {
                    "type": "model",
                    "model": "oneblocky/furniture/basic/spruce/2"
                }
            },
            {
                "threshold": 100112,
                "model": {
                    "type": "model",
                    "model": "oneblocky/furniture/basic/spruce/3"
                }
            },
            {
                "threshold": 100113,
                "model": {
                    "type": "model",
                    "model": "oneblocky/furniture/basic/spruce/4"
                }
            },
            {
                "threshold": 100114,
                "model": {
                    "type": "model",
                    "model": "oneblocky/furniture/basic/spruce/5"
                }
            },
            {
                "threshold": 100115,
                "model": {
                    "type": "model",
                    "model": "oneblocky/furniture/basic/spruce/6"
                }
            },
            {
                "threshold": 100116,
                "model": {
                    "type": "model",
                    "model": "oneblocky/furniture/basic/spruce/7"
                }
            },
            {
                "threshold": 100117,
                "model": {
                    "type": "model",
                    "model": "oneblocky/furniture/basic/spruce/8"
                }
            },
            {
                "threshold": 100118,
                "model": {
                    "type": "model",
                    "model": "oneblocky/furniture/basic/spruce/9"
                }
            },
            {
                "threshold": 100119,
                "model": {
                    "type": "model",
                    "model": "oneblocky/furniture/basic/spruce/10"
                }
            },
            {
                "threshold": 100120,
                "model": {
                    "type": "model",
                    "model": "oneblocky/furniture/basic/spruce/11"
                }
            },
            {
                "threshold": 100121,
                "model": {
                    "type": "model",
                    "model": "oneblocky/furniture/basic/warped/1"
                }
            },
            {
                "threshold": 100122,
                "model": {
                    "type": "model",
                    "model": "oneblocky/furniture/basic/warped/2"
                }
            },
            {
                "threshold": 100123,
                "model": {
                    "type": "model",
                    "model": "oneblocky/furniture/basic/warped/3"
                }
            },
            {
                "threshold": 100124,
                "model": {
                    "type": "model",
                    "model": "oneblocky/furniture/basic/warped/4"
                }
            },
            {
                "threshold": 100125,
                "model": {
                    "type": "model",
                    "model": "oneblocky/furniture/basic/warped/5"
                }
            },
            {
                "threshold": 100126,
                "model": {
                    "type": "model",
                    "model": "oneblocky/furniture/basic/warped/6"
                }
            },
            {
                "threshold": 100127,
                "model": {
                    "type": "model",
                    "model": "oneblocky/furniture/basic/warped/7"
                }
            },
            {
                "threshold": 100128,
                "model": {
                    "type": "model",
                    "model": "oneblocky/furniture/basic/warped/8"
                }
            },
            {
                "threshold": 100129,
                "model": {
                    "type": "model",
                    "model": "oneblocky/furniture/basic/warped/9"
                }
            },
            {
                "threshold": 100130,
                "model": {
                    "type": "model",
                    "model": "oneblocky/furniture/basic/warped/10"
                }
            },
            {
                "threshold": 100131,
                "model": {
                    "type": "model",
                    "model": "oneblocky/furniture/basic/warped/11"
                }
            }
        ]
    }
}