{
    "model": {
        "type": "range_dispatch",
        "property": "custom_model_data",
        "fallback": {
            "type": "minecraft:condition",
            "property": "minecraft:fishing_rod/cast",
            "on_false": {
                "type": "minecraft:model",
                "model": "minecraft:item/fishing_rod"
            },
            "on_true": {
                "type": "minecraft:model",
                "model": "minecraft:item/fishing_rod_cast"
            }
        },
        "entries": [
            {
                "threshold": 1,
                "model": {
                    "type": "minecraft:condition",
                    "property": "minecraft:fishing_rod/cast",
                    "on_false": {
                        "type": "minecraft:model",
                        "model": "oneblocky/fishing/rods/amethyst_fishing_rod"
                    },
                    "on_true": {
                        "type": "minecraft:model",
                        "model": "oneblocky/fishing/rods/amethyst_fishing_rod_cast"
                    }
                }
            },
            {
                "threshold": 2,
                "model": {
                    "type": "minecraft:condition",
                    "property": "minecraft:fishing_rod/cast",
                    "on_false": {
                        "type": "minecraft:model",
                        "model": "oneblocky/fishing/rods/copper_fishing_rod"
                    },
                    "on_true": {
                        "type": "minecraft:model",
                        "model": "oneblocky/fishing/rods/copper_fishing_rod_cast"
                    }
                }
            },
            {
                "threshold": 3,
                "model": {
                    "type": "minecraft:condition",
                    "property": "minecraft:fishing_rod/cast",
                    "on_false": {
                        "type": "minecraft:model",
                        "model": "oneblocky/fishing/rods/coral_fishing_rod"
                    },
                    "on_true": {
                        "type": "minecraft:model",
                        "model": "oneblocky/fishing/rods/coral_fishing_rod_cast"
                    }
                }
            },
            {
                "threshold": 4,
                "model": {
                    "type": "minecraft:condition",
                    "property": "minecraft:fishing_rod/cast",
                    "on_false": {
                        "type": "minecraft:model",
                        "model": "oneblocky/fishing/rods/diamond_fishing_rod"
                    },
                    "on_true": {
                        "type": "minecraft:model",
                        "model": "oneblocky/fishing/rods/diamond_fishing_rod_cast"
                    }
                }
            },
            {
                "threshold": 5,
                "model": {
                    "type": "minecraft:condition",
                    "property": "minecraft:fishing_rod/cast",
                    "on_false": {
                        "type": "minecraft:model",
                        "model": "oneblocky/fishing/rods/end_fishing_rod"
                    },
                    "on_true": {
                        "type": "minecraft:model",
                        "model": "oneblocky/fishing/rods/end_fishing_rod_cast"
                    }
                }
            },
            {
                "threshold": 6,
                "model": {
                    "type": "minecraft:condition",
                    "property": "minecraft:fishing_rod/cast",
                    "on_false": {
                        "type": "minecraft:model",
                        "model": "oneblocky/fishing/rods/gemstone_fishing_rod"
                    },
                    "on_true": {
                        "type": "minecraft:model",
                        "model": "oneblocky/fishing/rods/gemstone_fishing_rod_cast"
                    }
                }
            },
            {
                "threshold": 7,
                "model": {
                    "type": "minecraft:condition",
                    "property": "minecraft:fishing_rod/cast",
                    "on_false": {
                        "type": "minecraft:model",
                        "model": "oneblocky/fishing/rods/golden_fishing_rod"
                    },
                    "on_true": {
                        "type": "minecraft:model",
                        "model": "oneblocky/fishing/rods/golden_fishing_rod_cast"
                    }
                }
            },
            {
                "threshold": 8,
                "model": {
                    "type": "minecraft:condition",
                    "property": "minecraft:fishing_rod/cast",
                    "on_false": {
                        "type": "minecraft:model",
                        "model": "oneblocky/fishing/rods/ice_fishing_rod"
                    },
                    "on_true": {
                        "type": "minecraft:model",
                        "model": "oneblocky/fishing/rods/ice_fishing_rod_cast"
                    }
                }
            },
            {
                "threshold": 9,
                "model": {
                    "type": "minecraft:condition",
                    "property": "minecraft:fishing_rod/cast",
                    "on_false": {
                        "type": "minecraft:model",
                        "model": "oneblocky/fishing/rods/iron_fishing_rod"
                    },
                    "on_true": {
                        "type": "minecraft:model",
                        "model": "oneblocky/fishing/rods/iron_fishing_rod_cast"
                    }
                }
            },
            {
                "threshold": 10,
                "model": {
                    "type": "minecraft:condition",
                    "property": "minecraft:fishing_rod/cast",
                    "on_false": {
                        "type": "minecraft:model",
                        "model": "oneblocky/fishing/rods/magma_fishing_rod"
                    },
                    "on_true": {
                        "type": "minecraft:model",
                        "model": "oneblocky/fishing/rods/magma_fishing_rod_cast"
                    }
                }
            },
            {
                "threshold": 11,
                "model": {
                    "type": "minecraft:condition",
                    "property": "minecraft:fishing_rod/cast",
                    "on_false": {
                        "type": "minecraft:model",
                        "model": "oneblocky/fishing/rods/molten_fishing_rod"
                    },
                    "on_true": {
                        "type": "minecraft:model",
                        "model": "oneblocky/fishing/rods/molten_fishing_rod_cast"
                    }
                }
            },
            {
                "threshold": 12,
                "model": {
                    "type": "minecraft:condition",
                    "property": "minecraft:fishing_rod/cast",
                    "on_false": {
                        "type": "minecraft:model",
                        "model": "oneblocky/fishing/rods/nether_fishing_rod"
                    },
                    "on_true": {
                        "type": "minecraft:model",
                        "model": "oneblocky/fishing/rods/nether_fishing_rod_cast"
                    }
                }
            },
            {
                "threshold": 13,
                "model": {
                    "type": "minecraft:condition",
                    "property": "minecraft:fishing_rod/cast",
                    "on_false": {
                        "type": "minecraft:model",
                        "model": "oneblocky/fishing/rods/netherite_fishing_rod"
                    },
                    "on_true": {
                        "type": "minecraft:model",
                        "model": "oneblocky/fishing/rods/netherite_fishing_rod_cast"
                    }
                }
            },
            {
                "threshold": 14,
                "model": {
                    "type": "minecraft:condition",
                    "property": "minecraft:fishing_rod/cast",
                    "on_false": {
                        "type": "minecraft:model",
                        "model": "oneblocky/fishing/rods/prismarine_fishing_rod"
                    },
                    "on_true": {
                        "type": "minecraft:model",
                        "model": "oneblocky/fishing/rods/prismarine_fishing_rod_cast"
                    }
                }
            },
            {
                "threshold": 15,
                "model": {
                    "type": "minecraft:condition",
                    "property": "minecraft:fishing_rod/cast",
                    "on_false": {
                        "type": "minecraft:model",
                        "model": "oneblocky/fishing/rods/sculk_fishing_rod"
                    },
                    "on_true": {
                        "type": "minecraft:model",
                        "model": "oneblocky/fishing/rods/sculk_fishing_rod_cast"
                    }
                }
            },
            {
                "threshold": 16,
                "model": {
                    "type": "minecraft:condition",
                    "property": "minecraft:fishing_rod/cast",
                    "on_false": {
                        "type": "minecraft:model",
                        "model": "oneblocky/fishing/rods/slime_fishing_rod"
                    },
                    "on_true": {
                        "type": "minecraft:model",
                        "model": "oneblocky/fishing/rods/slime_fishing_rod_cast"
                    }
                }
            },
            {
                "threshold": 1000,
                "model": {
                    "type": "minecraft:condition",
                    "property": "minecraft:fishing_rod/cast",
                    "on_false": {
                        "type": "minecraft:model",
                        "model": "oneblocky/crates/ocean/fishing_rod"
                    },
                    "on_true": {
                        "type": "minecraft:model",
                        "model": "oneblocky/crates/ocean/fishing_rod_cast"
                    }
                }
            },
            {
                "threshold": 2000,
                "model": {
                    "type": "minecraft:condition",
                    "property": "minecraft:fishing_rod/cast",
                    "on_false": {
                        "type": "minecraft:model",
                        "model": "oneblocky/crates/frog/fishing_rod"
                    },
                    "on_true": {
                        "type": "minecraft:model",
                        "model": "oneblocky/crates/frog/fishing_rod_cast"
                    }
                }
            },
            {
                "threshold": 2100,
                "model": {
                    "type": "minecraft:condition",
                    "property": "minecraft:fishing_rod/cast",
                    "on_false": {
                        "type": "minecraft:model",
                        "model": "oneblocky/crates/frog/fishing_rod_mega"
                    },
                    "on_true": {
                        "type": "minecraft:model",
                        "model": "oneblocky/crates/frog/fishing_rod_cast_mega"
                    }
                }
            },
            {
                "threshold": 3000,
                "model": {
                    "type": "minecraft:condition",
                    "property": "minecraft:fishing_rod/cast",
                    "on_false": {
                        "type": "minecraft:model",
                        "model": "oneblocky/crates/summer/fishing_rod"
                    },
                    "on_true": {
                        "type": "minecraft:model",
                        "model": "oneblocky/crates/summer/fishing_rod_cast"
                    }
                }
            },
            {
                "threshold": 3100,
                "model": {
                    "type": "minecraft:condition",
                    "property": "minecraft:fishing_rod/cast",
                    "on_false": {
                        "type": "minecraft:model",
                        "model": "oneblocky/crates/summer/fishing_rod_mega"
                    },
                    "on_true": {
                        "type": "minecraft:model",
                        "model": "oneblocky/crates/summer/fishing_rod_cast_mega"
                    }
                }
            },
            {
                "threshold": 5000,
                "model": {
                    "type": "minecraft:condition",
                    "property": "minecraft:fishing_rod/cast",
                    "on_false": {
                        "type": "minecraft:model",
                        "model": "oneblocky/crates/pale-garden/fishing_rod"
                    },
                    "on_true": {
                        "type": "minecraft:model",
                        "model": "oneblocky/crates/pale-garden/fishing_rod_cast"
                    }
                }
            },
            {
                "threshold": 5100,
                "model": {
                    "type": "minecraft:condition",
                    "property": "minecraft:fishing_rod/cast",
                    "on_false": {
                        "type": "minecraft:model",
                        "model": "oneblocky/crates/pale-garden/fishing_rod_mega"
                    },
                    "on_true": {
                        "type": "minecraft:model",
                        "model": "oneblocky/crates/pale-garden/fishing_rod_cast_mega"
                    }
                }
            },
            {
                "threshold": 6000,
                "model": {
                    "type": "minecraft:condition",
                    "property": "minecraft:fishing_rod/cast",
                    "on_false": {
                        "type": "minecraft:model",
                        "model": "oneblocky/crates/pyrosoul/fishing_rod"
                    },
                    "on_true": {
                        "type": "minecraft:model",
                        "model": "oneblocky/crates/pyrosoul/fishing_rod_cast"
                    }
                }
            },
            {
                "threshold": 6100,
                "model": {
                    "type": "minecraft:condition",
                    "property": "minecraft:fishing_rod/cast",
                    "on_false": {
                        "type": "minecraft:model",
                        "model": "oneblocky/crates/pyrosoul/fishing_rod-mega"
                    },
                    "on_true": {
                        "type": "minecraft:model",
                        "model": "oneblocky/crates/pyrosoul/fishing_rod_cast-mega"
                    }
                }
            },
            {
                "threshold": 7000,
                "model": {
                    "type": "minecraft:condition",
                    "property": "minecraft:fishing_rod/cast",
                    "on_false": {
                        "type": "minecraft:model",
                        "model": "oneblocky/crates/autumn/fishing_rod"
                    },
                    "on_true": {
                        "type": "minecraft:model",
                        "model": "oneblocky/crates/autumn/fishing_rod_cast"
                    }
                }
            },
            {
                "threshold": 7100,
                "model": {
                    "type": "minecraft:condition",
                    "property": "minecraft:fishing_rod/cast",
                    "on_false": {
                        "type": "minecraft:model",
                        "model": "oneblocky/crates/autumn/fishing_rod-mega"
                    },
                    "on_true": {
                        "type": "minecraft:model",
                        "model": "oneblocky/crates/autumn/fishing_rod_cast-mega"
                    }
                }
            },
            {
                "threshold": 8000,
                "model": {
                    "type": "minecraft:condition",
                    "property": "minecraft:fishing_rod/cast",
                    "on_false": {
                        "type": "minecraft:model",
                        "model": "oneblocky/crates/necromancer/fishing_rod"
                    },
                    "on_true": {
                        "type": "minecraft:model",
                        "model": "oneblocky/crates/necromancer/fishing_rod_cast"
                    }
                }
            },
            {
                "threshold": 8100,
                "model": {
                    "type": "minecraft:condition",
                    "property": "minecraft:fishing_rod/cast",
                    "on_false": {
                        "type": "minecraft:model",
                        "model": "oneblocky/crates/necromancer/fishing_rod-mega"
                    },
                    "on_true": {
                        "type": "minecraft:model",
                        "model": "oneblocky/crates/necromancer/fishing_rod_cast-mega"
                    }
                }
            }
        ]
    }
}