{
    "model": {
        "type": "range_dispatch",
        "property": "custom_model_data",
        "fallback": {
            "type": "model",
            "model": "minecraft:item/netherite_hoe"
        },
        "entries": [
            {
                "threshold": 1000,
                "model": {
                    "type": "model",
                    "model": "oneblocky/crates/ocean/hoe"
                }
            },
            {
                "threshold": 2000,
                "model": {
                    "type": "model",
                    "model": "oneblocky/crates/frog/hoe"
                }
            },
            {
                "threshold": 2100,
                "model": {
                    "type": "model",
                    "model": "oneblocky/crates/frog/hoe_mega"
                }
            },
            {
                "threshold": 3000,
                "model": {
                    "type": "model",
                    "model": "oneblocky/crates/summer/hoe"
                }
            },
            {
                "threshold": 3100,
                "model": {
                    "type": "model",
                    "model": "oneblocky/crates/summer/hoe_mega"
                }
            },
            {
                "threshold": 5000,
                "model": {
                    "type": "model",
                    "model": "oneblocky/crates/pale-garden/hoe"
                }
            },
            {
                "threshold": 5100,
                "model": {
                    "type": "model",
                    "model": "oneblocky/crates/pale-garden/hoe_mega"
                }
            },
            {
                "threshold": 6000,
                "model": {
                    "type": "model",
                    "model": "oneblocky/crates/pyrosoul/hoe"
                }
            },
            {
                "threshold": 6100,
                "model": {
                    "type": "model",
                    "model": "oneblocky/crates/pyrosoul/hoe-mega"
                }
            },
            {
                "threshold": 7000,
                "model": {
                    "type": "model",
                    "model": "oneblocky/crates/autumn/hoe"
                }
            },
            {
                "threshold": 7100,
                "model": {
                    "type": "model",
                    "model": "oneblocky/crates/autumn/hoe-mega"
                }
            },
            {
                "threshold": 8000,
                "model": {
                    "type": "model",
                    "model": "oneblocky/crates/necromancer/hoe"
                }
            },
            {
                "threshold": 8100,
                "model": {
                    "type": "model",
                    "model": "oneblocky/crates/necromancer/hoe-mega"
                }
            }
        ]
    }
}