{
    "model": {
        "type": "range_dispatch",
        "property": "custom_model_data",
        "fallback": {
            "type": "model",
            "model": "minecraft:item/netherite_shovel"
        },
        "entries": [
            {
                "threshold": 100,
                "model": {
                    "type": "model",
                    "model": "oneblocky/pvp/retro/pacman_shovel"
                }
            },
            {
                "threshold": 1000,
                "model": {
                    "type": "model",
                    "model": "oneblocky/crates/ocean/shovel"
                }
            },
            {
                "threshold": 2000,
                "model": {
                    "type": "model",
                    "model": "oneblocky/crates/frog/shovel"
                }
            },
            {
                "threshold": 2100,
                "model": {
                    "type": "model",
                    "model": "oneblocky/crates/frog/shovel_mega"
                }
            },
            {
                "threshold": 3000,
                "model": {
                    "type": "model",
                    "model": "oneblocky/crates/summer/shovel"
                }
            },
            {
                "threshold": 3100,
                "model": {
                    "type": "model",
                    "model": "oneblocky/crates/summer/shovel_mega"
                }
            },
            {
                "threshold": 4000,
                "model": {
                    "type": "model",
                    "model": "oneblocky/crates/buzz/shovel_lightyear"
                }
            },
            {
                "threshold": 5000,
                "model": {
                    "type": "model",
                    "model": "oneblocky/crates/pale-garden/shovel"
                }
            },
            {
                "threshold": 5100,
                "model": {
                    "type": "model",
                    "model": "oneblocky/crates/pale-garden/shovel_mega"
                }
            },
            {
                "threshold": 6000,
                "model": {
                    "type": "model",
                    "model": "oneblocky/crates/pyrosoul/shovel"
                }
            },
            {
                "threshold": 6100,
                "model": {
                    "type": "model",
                    "model": "oneblocky/crates/pyrosoul/shovel_mega"
                }
            },
            {
                "threshold": 7000,
                "model": {
                    "type": "model",
                    "model": "oneblocky/crates/autumn/shovel"
                }
            },
            {
                "threshold": 7100,
                "model": {
                    "type": "model",
                    "model": "oneblocky/crates/autumn/shovel-mega"
                }
            },
            {
                "threshold": 8000,
                "model": {
                    "type": "model",
                    "model": "oneblocky/crates/necromancer/shovel"
                }
            },
            {
                "threshold": 8100,
                "model": {
                    "type": "model",
                    "model": "oneblocky/crates/necromancer/shovel-mega"
                }
            }
        ]
    }
}