{
    "model": {
        "type": "range_dispatch",
        "property": "custom_model_data",
        "fallback": {
            "type": "model",
            "model": "minecraft:item/slime_ball"
        },
        "entries": [
            {
                "threshold": 7000,
                "model": {
                    "type": "model",
                    "model": "oneblocky/cosmetics/autumn/wings"
                }
            },
            {
                "threshold": 8000,
                "model": {
                    "type": "model",
                    "model": "oneblocky/cosmetics/necromancer/wings"
                }
            }
        ]
    }
}