{
	"format_version": "1.9.0",
	"credit": "Pologony Creation Co.,Ltd.",
	"textures": {
		"1": "item/crates/pyrosoul/animated/fire_animated_3",
		"2": "item/crates/pyrosoul/animated/fire_animated_5",
		"4": "item/crates/pyrosoul/hoe",
		"particle": "item/crates/pyrosoul/animated/fire_animated_3"
	},
	"elements": [
		{
			"from": [7.5, -0.25, 7.5],
			"to": [8.5, 1.75, 9.5],
			"rotation": {"angle": -45, "axis": "x", "origin": [7.5, 0.25, 8]},
			"faces": {
				"north": {"uv": [10.22222, 2.66667, 10.66667, 3.55556], "texture": "#4"},
				"east": {"uv": [6.66667, 0, 7.55556, 0.88889], "texture": "#4"},
				"south": {"uv": [10.22222, 4, 10.66667, 4.88889], "texture": "#4"},
				"west": {"uv": [6.66667, 1.33333, 7.55556, 2.22222], "texture": "#4"},
				"up": {"uv": [10.66667, 6.22222, 10.22222, 5.33333], "texture": "#4"},
				"down": {"uv": [10.66667, 6.66667, 10.22222, 7.55556], "texture": "#4"}
			}
		},
		{
			"from": [7.25, 0, 7.75],
			"to": [8.75, 1.5, 9.25],
			"rotation": {"angle": -45, "axis": "x", "origin": [7.5, 0.25, 8]},
			"faces": {
				"north": {"uv": [4.88889, 9.33333, 5.55556, 10], "texture": "#4"},
				"east": {"uv": [6.22222, 9.33333, 6.88889, 10], "texture": "#4"},
				"south": {"uv": [7.55556, 9.33333, 8.22222, 10], "texture": "#4"},
				"west": {"uv": [9.33333, 8, 10, 8.66667], "texture": "#4"},
				"up": {"uv": [9.55556, 10, 8.88889, 9.33333], "texture": "#4"},
				"down": {"uv": [0.66667, 9.77778, 0, 10.44444], "texture": "#4"}
			}
		},
		{
			"from": [7.29289, 3.12132, 7.92678],
			"to": [8.54289, 4.37132, 9.17678],
			"rotation": {"angle": 45, "axis": "y", "origin": [7.29289, 3.12132, 8.17678]},
			"faces": {
				"north": {"uv": [11.11111, 6.22222, 11.66667, 6.77778], "texture": "#4"},
				"east": {"uv": [10.22222, 11.11111, 10.77778, 11.66667], "texture": "#4"},
				"south": {"uv": [1.33333, 11.55556, 1.88889, 12.11111], "texture": "#4"},
				"west": {"uv": [4, 11.55556, 4.55556, 12.11111], "texture": "#4"},
				"up": {"uv": [5.88889, 12.11111, 5.33333, 11.55556], "texture": "#4"}
			}
		},
		{
			"from": [7.29289, 4.37132, 8],
			"to": [8.29289, 5.62132, 9],
			"rotation": {"angle": 45, "axis": "y", "origin": [7.29289, 4.37132, 8]},
			"faces": {
				"north": {"uv": [12, 7.55556, 12.44444, 8.11111], "texture": "#4"},
				"east": {"uv": [12.44444, 1.77778, 12.88889, 2.33333], "texture": "#4"},
				"south": {"uv": [12.44444, 3.11111, 12.88889, 3.66667], "texture": "#4"},
				"west": {"uv": [12.44444, 4.44444, 12.88889, 5], "texture": "#4"}
			}
		},
		{
			"from": [7.29289, 5.62132, 7.92678],
			"to": [8.54289, 6.87132, 9.17678],
			"rotation": {"angle": 45, "axis": "y", "origin": [7.29289, 5.62132, 8.17678]},
			"faces": {
				"north": {"uv": [6.66667, 11.55556, 7.22222, 12.11111], "texture": "#4"},
				"east": {"uv": [8, 11.55556, 8.55556, 12.11111], "texture": "#4"},
				"south": {"uv": [11.55556, 8.88889, 12.11111, 9.44444], "texture": "#4"},
				"west": {"uv": [11.55556, 10.22222, 12.11111, 10.77778], "texture": "#4"},
				"down": {"uv": [12.11111, 11.55556, 11.55556, 12.11111], "texture": "#4"}
			}
		},
		{
			"from": [7.04289, 6.87132, 7.67678],
			"to": [8.79289, 10.87132, 9.42678],
			"rotation": {"angle": 45, "axis": "y", "origin": [7.29289, 6.87132, 8.17678]},
			"faces": {
				"north": {"uv": [5.33333, 0, 6.11111, 1.77778], "texture": "#4"},
				"east": {"uv": [3.11111, 5.77778, 3.88889, 7.55556], "texture": "#4"},
				"south": {"uv": [0, 6.22222, 0.77778, 8], "texture": "#4"},
				"west": {"uv": [1.33333, 6.22222, 2.11111, 8], "texture": "#4"},
				"down": {"uv": [2.55556, 9.33333, 1.77778, 10.11111], "texture": "#4"}
			}
		},
		{
			"from": [6.79289, 11.87132, 7.5],
			"to": [8.79289, 12.37132, 9.5],
			"rotation": {"angle": 45, "axis": "y", "origin": [7.29289, 11.87132, 8]},
			"faces": {
				"north": {"uv": [7.11111, 12.88889, 8, 13.11111], "texture": "#4"},
				"east": {"uv": [12.88889, 7.11111, 13.77778, 7.33333], "texture": "#4"},
				"south": {"uv": [12.88889, 8, 13.77778, 8.22222], "texture": "#4"},
				"west": {"uv": [12.88889, 8.88889, 13.77778, 9.11111], "texture": "#4"},
				"up": {"uv": [7.55556, 3.55556, 6.66667, 2.66667], "texture": "#4"},
				"down": {"uv": [7.55556, 4, 6.66667, 4.88889], "texture": "#4"}
			}
		},
		{
			"from": [7.04289, 11.37132, 7.75],
			"to": [8.54289, 11.87132, 9.25],
			"rotation": {"angle": 45, "axis": "y", "origin": [7.29289, 11.37132, 8]},
			"faces": {
				"north": {"uv": [3.55556, 14.22222, 4.22222, 14.44444], "texture": "#4"},
				"east": {"uv": [4.88889, 14.22222, 5.55556, 14.44444], "texture": "#4"},
				"south": {"uv": [14.22222, 7.11111, 14.88889, 7.33333], "texture": "#4"},
				"west": {"uv": [14.22222, 8, 14.88889, 8.22222], "texture": "#4"}
			}
		},
		{
			"from": [6.79289, 10.87132, 7.5],
			"to": [8.79289, 11.37132, 9.5],
			"rotation": {"angle": 45, "axis": "y", "origin": [7.29289, 10.87132, 8]},
			"faces": {
				"north": {"uv": [12.88889, 9.77778, 13.77778, 10], "texture": "#4"},
				"east": {"uv": [12.88889, 10.66667, 13.77778, 10.88889], "texture": "#4"},
				"south": {"uv": [11.11111, 12.88889, 12, 13.11111], "texture": "#4"},
				"west": {"uv": [12.88889, 11.55556, 13.77778, 11.77778], "texture": "#4"},
				"up": {"uv": [5.33333, 7.55556, 4.44444, 6.66667], "texture": "#4"},
				"down": {"uv": [7.55556, 5.33333, 6.66667, 6.22222], "texture": "#4"}
			}
		},
		{
			"from": [7.0035, 11.75707, 5.53492],
			"to": [8.9965, 12.68207, 7.53492],
			"rotation": {"angle": -22.5, "axis": "x", "origin": [7.0035, 11.68207, 5.53492]},
			"faces": {
				"north": {"uv": [5.33333, 2.22222, 6.22222, 2.66667], "texture": "#4"},
				"east": {"uv": [10.22222, 9.33333, 11.11111, 9.77778], "texture": "#4"},
				"west": {"uv": [10.22222, 10.22222, 11.11111, 10.66667], "texture": "#4"},
				"up": {"uv": [6.66667, 7.55556, 5.77778, 6.66667], "texture": "#4"},
				"down": {"uv": [8, 6.66667, 7.11111, 7.55556], "texture": "#4"}
			}
		},
		{
			"from": [7, 12.37132, 7],
			"to": [9, 13.37132, 9],
			"rotation": {"angle": 0, "axis": "y", "origin": [8, 12.87132, 8]},
			"faces": {
				"north": {"uv": [1.33333, 10.66667, 2.22222, 11.11111], "texture": "#4"},
				"east": {"uv": [4.88889, 10.66667, 5.77778, 11.11111], "texture": "#4"},
				"south": {"uv": [6.22222, 10.66667, 7.11111, 11.11111], "texture": "#4"},
				"west": {"uv": [7.55556, 10.66667, 8.44444, 11.11111], "texture": "#4"},
				"up": {"uv": [8.88889, 0.88889, 8, 0], "texture": "#4"},
				"down": {"uv": [8.88889, 1.33333, 8, 2.22222], "texture": "#4"}
			}
		},
		{
			"from": [7.0035, 12.68207, 5.53492],
			"to": [8.9965, 13.68207, 6.03492],
			"rotation": {"angle": -22.5, "axis": "x", "origin": [7.0035, 11.68207, 5.53492]},
			"faces": {
				"north": {"uv": [10.66667, 8, 11.55556, 8.44444], "texture": "#4"},
				"east": {"uv": [14.22222, 11.55556, 14.44444, 12], "texture": "#4"},
				"south": {"uv": [8.88889, 10.66667, 9.77778, 11.11111], "texture": "#4"},
				"west": {"uv": [13.77778, 14.22222, 14, 14.66667], "texture": "#4"},
				"up": {"uv": [13.33333, 13.11111, 12.44444, 12.88889], "texture": "#4"}
			}
		},
		{
			"from": [6.79289, 12.87132, 7.5],
			"to": [8.79289, 13.87132, 9.5],
			"rotation": {"angle": 45, "axis": "y", "origin": [7.29289, 11.87132, 8]},
			"faces": {
				"north": {"uv": [0, 11.11111, 0.88889, 11.55556], "texture": "#4"},
				"east": {"uv": [11.11111, 0, 12, 0.44444], "texture": "#4"},
				"south": {"uv": [11.11111, 0.88889, 12, 1.33333], "texture": "#4"},
				"west": {"uv": [11.11111, 1.77778, 12, 2.22222], "texture": "#4"},
				"up": {"uv": [3.55556, 8.88889, 2.66667, 8], "texture": "#4"},
				"down": {"uv": [8.88889, 2.66667, 8, 3.55556], "texture": "#4"}
			}
		},
		{
			"from": [7.0035, 13.18207, 6.03492],
			"to": [8.9965, 13.68207, 6.53492],
			"rotation": {"angle": -22.5, "axis": "x", "origin": [7.0035, 11.68207, 5.53492]},
			"faces": {
				"east": {"uv": [7.11111, 14.66667, 7.33333, 14.88889], "texture": "#4"},
				"south": {"uv": [13.33333, 0, 14.22222, 0.22222], "texture": "#4"},
				"west": {"uv": [9.77778, 14.66667, 10, 14.88889], "texture": "#4"},
				"up": {"uv": [14.22222, 1.11111, 13.33333, 0.88889], "texture": "#4"},
				"down": {"uv": [14.22222, 1.77778, 13.33333, 2], "texture": "#4"}
			}
		},
		{
			"from": [7.75, 12.70711, 8],
			"to": [8.25, 15.45711, 10.75],
			"rotation": {"angle": -45, "axis": "x", "origin": [7.75, 12.70711, 8]},
			"faces": {
				"north": {"uv": [9.33333, 11.55556, 9.55556, 12.77778], "texture": "#4"},
				"east": {"uv": [4.88889, 3.11111, 6.11111, 4.33333], "texture": "#4"},
				"south": {"uv": [0, 12, 0.22222, 13.22222], "texture": "#4"},
				"west": {"uv": [4.88889, 4.88889, 6.11111, 6.11111], "texture": "#4"},
				"up": {"uv": [2.88889, 13.22222, 2.66667, 12], "texture": "#4"},
				"down": {"uv": [12.66667, 0, 12.44444, 1.22222], "texture": "#4"}
			}
		},
		{
			"from": [7.995, -3.11289, 5.04523],
			"to": [8.005, 1.63711, 7.79523],
			"rotation": {"angle": 0, "axis": "y", "origin": [7.995, -1.48789, 6.54523]},
			"faces": {
				"east": {"uv": [4.33333, 3.11111, 3.11111, 5.22222], "texture": "#4"},
				"west": {"uv": [3.11111, 3.11111, 4.33333, 5.22222], "texture": "#4"}
			}
		},
		{
			"from": [7.995, -3.11289, 8.20477],
			"to": [8.005, 1.63711, 10.95477],
			"rotation": {"angle": 0, "axis": "y", "origin": [7.995, -1.48789, 9.45477]},
			"faces": {
				"east": {"uv": [3.11111, 3.11111, 4.33333, 5.22222], "texture": "#4"},
				"west": {"uv": [4.33333, 3.11111, 3.11111, 5.22222], "texture": "#4"}
			}
		},
		{
			"from": [6.79289, 2.62132, 7.5],
			"to": [8.79289, 3.12132, 9.5],
			"rotation": {"angle": 45, "axis": "y", "origin": [7.29289, 2.62132, 8]},
			"faces": {
				"north": {"uv": [13.33333, 2.66667, 14.22222, 2.88889], "texture": "#4"},
				"east": {"uv": [13.33333, 3.55556, 14.22222, 3.77778], "texture": "#4"},
				"south": {"uv": [13.33333, 4.44444, 14.22222, 4.66667], "texture": "#4"},
				"west": {"uv": [13.33333, 5.33333, 14.22222, 5.55556], "texture": "#4"},
				"up": {"uv": [4.88889, 8.88889, 4, 8], "texture": "#4"},
				"down": {"uv": [8.88889, 4, 8, 4.88889], "texture": "#4"}
			}
		},
		{
			"from": [7.04289, 2.12132, 7.75],
			"to": [8.54289, 2.62132, 9.25],
			"rotation": {"angle": 45, "axis": "y", "origin": [7.29289, 2.12132, 8]},
			"faces": {
				"north": {"uv": [8.44444, 14.22222, 9.11111, 14.44444], "texture": "#4"},
				"east": {"uv": [14.22222, 8.88889, 14.88889, 9.11111], "texture": "#4"},
				"south": {"uv": [14.22222, 9.77778, 14.88889, 10], "texture": "#4"},
				"west": {"uv": [14.22222, 10.66667, 14.88889, 10.88889], "texture": "#4"}
			}
		},
		{
			"from": [6.79289, 1.62132, 7.5],
			"to": [8.79289, 2.12132, 9.5],
			"rotation": {"angle": 45, "axis": "y", "origin": [7.29289, 1.62132, 8]},
			"faces": {
				"north": {"uv": [13.33333, 6.22222, 14.22222, 6.44444], "texture": "#4"},
				"east": {"uv": [8.44444, 13.33333, 9.33333, 13.55556], "texture": "#4"},
				"south": {"uv": [7.11111, 13.77778, 8, 14], "texture": "#4"},
				"west": {"uv": [9.77778, 13.77778, 10.66667, 14], "texture": "#4"},
				"up": {"uv": [6.22222, 8.88889, 5.33333, 8], "texture": "#4"},
				"down": {"uv": [8.88889, 5.33333, 8, 6.22222], "texture": "#4"}
			}
		},
		{
			"from": [7.5035, 14.68207, 5.03492],
			"to": [8.4965, 15.18207, 5.53492],
			"rotation": {"angle": -22.5, "axis": "x", "origin": [7.0035, 11.68207, 5.53492]},
			"faces": {
				"east": {"uv": [10.66667, 14.66667, 10.88889, 14.88889], "texture": "#4"},
				"south": {"uv": [14.66667, 0, 15.11111, 0.22222], "texture": "#4"},
				"west": {"uv": [11.55556, 14.66667, 11.77778, 14.88889], "texture": "#4"},
				"up": {"uv": [15.11111, 1.11111, 14.66667, 0.88889], "texture": "#4"},
				"down": {"uv": [15.11111, 1.77778, 14.66667, 2], "texture": "#4"}
			}
		},
		{
			"from": [7.5035, 13.93207, 4.28492],
			"to": [8.4965, 15.18207, 5.03492],
			"rotation": {"angle": -22.5, "axis": "x", "origin": [7.0035, 11.68207, 5.53492]},
			"faces": {
				"north": {"uv": [12.44444, 5.77778, 12.88889, 6.33333], "texture": "#4"},
				"east": {"uv": [0, 13.77778, 0.33333, 14.33333], "texture": "#4"},
				"south": {"uv": [10.22222, 12.44444, 10.66667, 13], "texture": "#4"},
				"west": {"uv": [2.66667, 13.77778, 3, 14.33333], "texture": "#4"},
				"up": {"uv": [2.22222, 8.77778, 1.77778, 8.44444], "texture": "#4"}
			}
		},
		{
			"from": [7.5035, 12.68207, 4.28492],
			"to": [8.4965, 13.93207, 6.78492],
			"rotation": {"angle": -22.5, "axis": "x", "origin": [7.0035, 11.68207, 5.53492]},
			"faces": {
				"north": {"uv": [0.88889, 12.88889, 1.33333, 13.44444], "texture": "#4"},
				"east": {"uv": [0, 8.44444, 1.11111, 9], "texture": "#4"},
				"south": {"uv": [1.77778, 12.88889, 2.22222, 13.44444], "texture": "#4"},
				"west": {"uv": [8.44444, 6.66667, 9.55556, 7.22222], "texture": "#4"},
				"up": {"uv": [9.77778, 3.77778, 9.33333, 2.66667], "texture": "#4"},
				"down": {"uv": [3.55556, 9.33333, 3.11111, 10.44444], "texture": "#4"}
			}
		},
		{
			"from": [7, 13.87132, 10],
			"to": [8.993, 14.37132, 10.5],
			"rotation": {"angle": 0, "axis": "x", "origin": [7.9965, 14.3481, 10.82544]},
			"faces": {
				"north": {"uv": [12.44444, 13.77778, 13.33333, 14], "texture": "#4"},
				"east": {"uv": [0, 15.11111, 0.22222, 15.33333], "texture": "#4"},
				"west": {"uv": [2.66667, 15.11111, 2.88889, 15.33333], "texture": "#4"},
				"up": {"uv": [14.66667, 12.66667, 13.77778, 12.44444], "texture": "#4"},
				"down": {"uv": [14.66667, 13.33333, 13.77778, 13.55556], "texture": "#4"}
			}
		},
		{
			"from": [7, 13.37132, 10.5],
			"to": [8.993, 14.37132, 11],
			"rotation": {"angle": 0, "axis": "x", "origin": [7.9965, 14.3481, 10.82544]},
			"faces": {
				"north": {"uv": [11.11111, 4.44444, 12, 4.88889], "texture": "#4"},
				"east": {"uv": [14.66667, 5.33333, 14.88889, 5.77778], "texture": "#4"},
				"south": {"uv": [11.11111, 5.33333, 12, 5.77778], "texture": "#4"},
				"west": {"uv": [14.66667, 6.22222, 14.88889, 6.66667], "texture": "#4"},
				"up": {"uv": [12, 14, 11.11111, 13.77778], "texture": "#4"}
			}
		},
		{
			"from": [7, 12.37132, 9],
			"to": [8.993, 13.37132, 11],
			"rotation": {"angle": 0, "axis": "x", "origin": [7.9965, 14.2731, 10.82544]},
			"faces": {
				"east": {"uv": [2.66667, 11.11111, 3.55556, 11.55556], "texture": "#4"},
				"south": {"uv": [11.11111, 2.66667, 12, 3.11111], "texture": "#4"},
				"west": {"uv": [11.11111, 3.55556, 12, 4], "texture": "#4"},
				"up": {"uv": [7.55556, 8.88889, 6.66667, 8], "texture": "#4"},
				"down": {"uv": [8.88889, 8, 8, 8.88889], "texture": "#4"}
			}
		},
		{
			"from": [7.5, 12.87132, 9.75],
			"to": [8.493, 14.12132, 12.25],
			"rotation": {"angle": 0, "axis": "x", "origin": [7.9965, 14.3481, 10.82544]},
			"faces": {
				"north": {"uv": [5.33333, 12.88889, 5.77778, 13.44444], "texture": "#4"},
				"east": {"uv": [9.33333, 0, 10.44444, 0.55556], "texture": "#4"},
				"south": {"uv": [6.22222, 12.88889, 6.66667, 13.44444], "texture": "#4"},
				"west": {"uv": [9.33333, 1.33333, 10.44444, 1.88889], "texture": "#4"},
				"up": {"uv": [4.44444, 10.44444, 4, 9.33333], "texture": "#4"},
				"down": {"uv": [9.77778, 4.44444, 9.33333, 5.55556], "texture": "#4"}
			}
		},
		{
			"from": [7.5, 14.12132, 11.5],
			"to": [8.493, 15.37132, 12.25],
			"rotation": {"angle": 0, "axis": "x", "origin": [7.9965, 14.3481, 10.82544]},
			"faces": {
				"north": {"uv": [3.55556, 12.88889, 4, 13.44444], "texture": "#4"},
				"east": {"uv": [0.88889, 14.22222, 1.22222, 14.77778], "texture": "#4"},
				"south": {"uv": [4.44444, 12.88889, 4.88889, 13.44444], "texture": "#4"},
				"west": {"uv": [1.77778, 14.22222, 2.11111, 14.77778], "texture": "#4"},
				"up": {"uv": [6.66667, 14.55556, 6.22222, 14.22222], "texture": "#4"}
			}
		},
		{
			"from": [7.5, 14.87132, 11],
			"to": [8.493, 15.37132, 11.5],
			"rotation": {"angle": 0, "axis": "x", "origin": [7.9965, 14.3481, 10.82544]},
			"faces": {
				"north": {"uv": [14.66667, 2.66667, 15.11111, 2.88889], "texture": "#4"},
				"east": {"uv": [12.44444, 14.66667, 12.66667, 14.88889], "texture": "#4"},
				"west": {"uv": [14.66667, 14.22222, 14.88889, 14.44444], "texture": "#4"},
				"up": {"uv": [15.11111, 3.77778, 14.66667, 3.55556], "texture": "#4"},
				"down": {"uv": [15.11111, 4.44444, 14.66667, 4.66667], "texture": "#4"}
			}
		},
		{
			"from": [7.995, 7.68406, -3.26656],
			"to": [8.005, 13.43406, 7.73344],
			"rotation": {"angle": -22.5, "axis": "x", "origin": [7.995, 10.05906, -0.01656]},
			"faces": {
				"east": {"uv": [4.88889, 0, 0, 2.55556], "texture": "#4"},
				"west": {"uv": [0, 0, 4.88889, 2.55556], "texture": "#4"}
			}
		},
		{
			"from": [7.995, 11.47132, 10.5],
			"to": [8.005, 16.72132, 16.5],
			"rotation": {"angle": 0, "axis": "x", "origin": [7.995, 16.99632, 14.25]},
			"faces": {
				"east": {"uv": [2.66667, 3.11111, 0, 5.44444], "texture": "#4"},
				"west": {"uv": [0, 3.11111, 2.66667, 5.44444], "texture": "#4"}
			}
		},
		{
			"from": [5.56079, -2, 6.975],
			"to": [9.61079, 1, 11.025],
			"rotation": {"angle": 45, "axis": "y", "origin": [6.58579, 0, 8]},
			"faces": {
				"north": {"uv": [8, 0, 12, 3], "texture": "#1"},
				"east": {"uv": [4, 0, 8, 3], "texture": "#1"},
				"south": {"uv": [0, 0, 4, 3], "texture": "#1"},
				"west": {"uv": [12, 0, 16, 3], "texture": "#1"}
			}
		},
		{
			"name": "cube inverted",
			"from": [9.5, 16.54191, 5.79955],
			"to": [6.5, 12.54191, -6.20045],
			"rotation": {"angle": -22.5, "axis": "x", "origin": [8, 18.04191, 7.54955]},
			"faces": {
				"east": {"uv": [7, 0, 3, 12], "rotation": 90, "texture": "#2"},
				"west": {"uv": [14, 0, 10, 12], "rotation": 270, "texture": "#2"},
				"up": {"uv": [10, 0, 7, 12], "texture": "#2"},
				"down": {"uv": [3, 0, 0, 12], "rotation": 180, "texture": "#2"}
			}
		},
		{
			"from": [6.475, 12.51691, -6.20045],
			"to": [9.525, 16.56691, 5.79955],
			"rotation": {"angle": -22.5, "axis": "x", "origin": [8, 18.04191, 7.54955]},
			"faces": {
				"east": {"uv": [10, 0, 14, 12], "rotation": 270, "texture": "#2"},
				"west": {"uv": [3, 0, 7, 12], "rotation": 90, "texture": "#2"},
				"up": {"uv": [0, 0, 3, 12], "rotation": 180, "texture": "#2"},
				"down": {"uv": [7, 0, 10, 12], "texture": "#2"}
			}
		},
		{
			"from": [6.06079, -5, 7.475],
			"to": [9.11079, -2, 10.525],
			"rotation": {"angle": 45, "axis": "y", "origin": [6.58579, -3, 8]},
			"faces": {
				"north": {"uv": [8, 3, 11, 6], "texture": "#1"},
				"east": {"uv": [5, 3, 8, 6], "texture": "#1"},
				"south": {"uv": [2, 3, 5, 6], "texture": "#1"},
				"west": {"uv": [11, 3, 14, 6], "texture": "#1"}
			}
		},
		{
			"name": "cube inverted",
			"from": [9.08579, -2, 10.5],
			"to": [6.08579, -5, 7.5],
			"rotation": {"angle": 45, "axis": "y", "origin": [6.58579, -3, 8]},
			"faces": {
				"north": {"uv": [2, 6, 5, 3], "texture": "#1"},
				"east": {"uv": [11, 6, 14, 3], "texture": "#1"},
				"south": {"uv": [8, 6, 11, 3], "texture": "#1"},
				"west": {"uv": [5, 6, 8, 3], "texture": "#1"}
			}
		},
		{
			"name": "cube inverted",
			"from": [9.58579, 1, 11],
			"to": [5.58579, -2, 7],
			"rotation": {"angle": 45, "axis": "y", "origin": [6.58579, 0, 8]},
			"faces": {
				"north": {"uv": [0, 3, 4, 0], "texture": "#1"},
				"east": {"uv": [12, 3, 16, 0], "texture": "#1"},
				"south": {"uv": [8, 3, 12, 0], "texture": "#1"},
				"west": {"uv": [4, 3, 8, 0], "texture": "#1"}
			}
		}
	],
	"gui_light": "front",
	"display": {
		"thirdperson_righthand": {
			"translation": [0, 1, 0.75],
			"scale": [2, 2, 2]
		},
		"thirdperson_lefthand": {
			"translation": [0, 1, 0.75],
			"scale": [2, 2, 2]
		},
		"firstperson_righthand": {
			"rotation": [5, 0, 0],
			"translation": [1.75, 1.5, 0],
			"scale": [2, 2, 2]
		},
		"firstperson_lefthand": {
			"rotation": [5, 0, 0],
			"translation": [1.75, 1.5, 0],
			"scale": [2, 2, 2]
		},
		"ground": {
			"rotation": [45, 0, 0],
			"translation": [0, 5, 0],
			"scale": [1.4, 1.4, 1.4]
		},
		"gui": {
			"rotation": [-90, 135, 90],
			"translation": [-1.25, -0.25, 0],
			"scale": [1.9, 1.9, 1.9]
		},
		"head": {
			"rotation": [0, 90, 0],
			"scale": [2, 2, 2]
		},
		"fixed": {
			"rotation": [0, -90, 0],
			"translation": [0, 0, -1],
			"scale": [4, 4, 4]
		}
	},
	"groups": [
		{
			"name": "hoe",
			"origin": [7.5, 0.25, 8],
			"color": 0,
			"children": [0, 1, 2, 3, 4, 5, 6, 7, 8, 9, 10, 11, 12, 13, 14, 15, 16, 17, 18, 19, 20, 21, 22, 23, 24, 25, 26, 27, 28, 29, 30, 31, 32, 33, 34, 35, 36]
		}
	],
	"mcmodels": "cb5cb31a0c878d1d93b80038368e17bb"
}