{
	"format_version": "1.9.0",
	"credit": "Pologony Creation Co.,Ltd.",
	"textures": {
		"1": "item/crates/pyrosoul/animated/fire_animated_6",
		"2": "item/crates/pyrosoul/animated/fire_animated_2",
		"3": "item/crates/pyrosoul/shield",
		"particle": "item/crates/pyrosoul/animated/fire_animated_6"
	},
	"elements": [
		{
			"from": [11.22033, 2.77967, 9.6375],
			"to": [13.22033, 4.77967, 10.6375],
			"rotation": {"angle": -45, "axis": "z", "origin": [8, 8, 8]},
			"faces": {
				"north": {"uv": [5.6, 10.4, 6.4, 11.2], "texture": "#3"},
				"east": {"uv": [12.4, 3.6, 12.8, 4.4], "texture": "#3"},
				"south": {"uv": [9.6, 7.2, 10.4, 8], "texture": "#3"},
				"west": {"uv": [12.4, 4.8, 12.8, 5.6], "texture": "#3"},
				"up": {"uv": [12.8, 12.8, 12.4, 12], "rotation": 90, "texture": "#3"},
				"down": {"uv": [0.4, 12.8, 0, 13.6], "rotation": 270, "texture": "#3"}
			}
		},
		{
			"from": [11.47033, 3.02967, 9.3875],
			"to": [12.97033, 4.52967, 10.8875],
			"rotation": {"angle": -45, "axis": "z", "origin": [8, 8, 8]},
			"faces": {
				"north": {"uv": [12.4, 0, 13, 0.6], "texture": "#3"},
				"east": {"uv": [12, 7.2, 12.6, 7.8], "texture": "#3"},
				"south": {"uv": [10, 12, 10.6, 12.6], "texture": "#3"},
				"west": {"uv": [11.2, 12, 11.8, 12.6], "texture": "#3"},
				"up": {"uv": [13, 1.8, 12.4, 1.2], "rotation": 90, "texture": "#3"},
				"down": {"uv": [13, 2.4, 12.4, 3], "rotation": 270, "texture": "#3"}
			}
		},
		{
			"from": [5.86356, 4.19944, 8.88644],
			"to": [7.11356, 5.44944, 10.13644],
			"rotation": {"angle": 45, "axis": "y", "origin": [8, 8, 8]},
			"faces": {
				"north": {"uv": [11.2, 13.2, 11.7, 13.7], "texture": "#3"},
				"east": {"uv": [13.2, 7.6, 13.7, 8.1], "texture": "#3"},
				"south": {"uv": [13.2, 8.8, 13.7, 9.3], "texture": "#3"},
				"west": {"uv": [10, 13.2, 10.5, 13.7], "texture": "#3"},
				"up": {"uv": [13.7, 12.1, 13.2, 11.6], "rotation": 90, "texture": "#3"}
			}
		},
		{
			"from": [5.98856, 5.44944, 9.01144],
			"to": [6.98856, 6.69944, 10.01144],
			"rotation": {"angle": 45, "axis": "y", "origin": [8, 8, 8]},
			"faces": {
				"north": {"uv": [13.6, 12.8, 14, 13.3], "texture": "#3"},
				"east": {"uv": [3.2, 12.8, 3.6, 13.3], "texture": "#3"},
				"south": {"uv": [7.6, 12.8, 8, 13.3], "texture": "#3"},
				"west": {"uv": [13.6, 2.4, 14, 2.9], "texture": "#3"}
			}
		},
		{
			"from": [5.86356, 6.69944, 8.88644],
			"to": [7.11356, 7.94944, 10.13644],
			"rotation": {"angle": 45, "axis": "y", "origin": [8, 8, 8]},
			"faces": {
				"north": {"uv": [13.6, 1.2, 14.1, 1.7], "texture": "#3"},
				"east": {"uv": [12.4, 13.2, 12.9, 13.7], "texture": "#3"},
				"south": {"uv": [13.6, 0, 14.1, 0.5], "texture": "#3"},
				"west": {"uv": [0.8, 13.6, 1.3, 14.1], "texture": "#3"},
				"down": {"uv": [2.5, 13.6, 2, 14.1], "rotation": 270, "texture": "#3"}
			}
		},
		{
			"from": [5.48856, 8.94944, 8.51144],
			"to": [7.48856, 9.44944, 10.51144],
			"rotation": {"angle": 45, "axis": "y", "origin": [8, 8, 8]},
			"faces": {
				"north": {"uv": [13.6, 14, 14.4, 14.2], "texture": "#3"},
				"east": {"uv": [13.2, 10, 14, 10.2], "texture": "#3"},
				"south": {"uv": [14, 6, 14.8, 6.2], "texture": "#3"},
				"west": {"uv": [14, 10.8, 14.8, 11], "texture": "#3"},
				"up": {"uv": [11.2, 9.2, 10.4, 8.4], "rotation": 90, "texture": "#3"},
				"down": {"uv": [11.2, 9.6, 10.4, 10.4], "rotation": 270, "texture": "#3"}
			}
		},
		{
			"from": [5.73856, 8.44944, 8.76144],
			"to": [7.23856, 8.94944, 10.26144],
			"rotation": {"angle": 45, "axis": "y", "origin": [8, 8, 8]},
			"faces": {
				"north": {"uv": [2, 14.8, 2.6, 15], "texture": "#3"},
				"east": {"uv": [14.4, 13.2, 15, 13.4], "texture": "#3"},
				"south": {"uv": [0.8, 14.8, 1.4, 15], "texture": "#3"},
				"west": {"uv": [14.8, 1.2, 15.4, 1.4], "texture": "#3"}
			}
		},
		{
			"from": [5.48856, 7.94944, 8.51144],
			"to": [7.48856, 8.44944, 10.51144],
			"rotation": {"angle": 45, "axis": "y", "origin": [8, 8, 8]},
			"faces": {
				"north": {"uv": [14.4, 4.8, 15.2, 5], "texture": "#3"},
				"east": {"uv": [14.4, 2.4, 15.2, 2.6], "texture": "#3"},
				"south": {"uv": [14.4, 3.2, 15.2, 3.4], "texture": "#3"},
				"west": {"uv": [14.4, 4, 15.2, 4.2], "texture": "#3"},
				"up": {"uv": [3.2, 11.6, 2.4, 10.8], "rotation": 90, "texture": "#3"},
				"down": {"uv": [4.4, 10.8, 3.6, 11.6], "rotation": 270, "texture": "#3"}
			}
		},
		{
			"from": [6.4572, 13.41279, 5.141],
			"to": [8.4572, 14.33779, 7.134],
			"rotation": {"angle": -22.5, "axis": "z", "origin": [8, 8, 8]},
			"faces": {
				"north": {"uv": [12.8, 6, 13.6, 6.4], "texture": "#3"},
				"east": {"uv": [0.8, 12.8, 1.6, 13.2], "texture": "#3"},
				"south": {"uv": [2, 12.8, 2.8, 13.2], "texture": "#3"},
				"up": {"uv": [11.6, 8, 10.8, 7.2], "rotation": 90, "texture": "#3"},
				"down": {"uv": [9.6, 10.8, 8.8, 11.6], "rotation": 270, "texture": "#3"}
			}
		},
		{
			"from": [7, 13.44576, 5.1375],
			"to": [9, 14.44576, 7.1375],
			"rotation": {"angle": 0, "axis": "y", "origin": [8, 8, 8]},
			"faces": {
				"north": {"uv": [13.2, 5.2, 14, 5.6], "texture": "#3"},
				"east": {"uv": [12.8, 10.8, 13.6, 11.2], "texture": "#3"},
				"south": {"uv": [13.2, 3.6, 14, 4], "texture": "#3"},
				"west": {"uv": [13.2, 4.4, 14, 4.8], "texture": "#3"},
				"up": {"uv": [10.8, 11.6, 10, 10.8], "rotation": 90, "texture": "#3"},
				"down": {"uv": [12, 0, 11.2, 0.8], "rotation": 270, "texture": "#3"}
			}
		},
		{
			"from": [7.9572, 14.33779, 5.141],
			"to": [8.4572, 15.33779, 7.134],
			"rotation": {"angle": -22.5, "axis": "z", "origin": [8, 8, 8]},
			"faces": {
				"north": {"uv": [3.2, 15.2, 3.4, 15.6], "texture": "#3"},
				"east": {"uv": [5.6, 13.2, 6.4, 13.6], "texture": "#3"},
				"south": {"uv": [0, 15.2, 0.2, 15.6], "texture": "#3"},
				"west": {"uv": [13.2, 6.8, 14, 7.2], "texture": "#3"},
				"up": {"uv": [7.2, 14.6, 6.4, 14.4], "rotation": 90, "texture": "#3"}
			}
		},
		{
			"from": [7.4572, 14.83779, 5.141],
			"to": [7.9572, 15.33779, 7.134],
			"rotation": {"angle": -22.5, "axis": "z", "origin": [8, 8, 8]},
			"faces": {
				"north": {"uv": [10, 15.2, 10.2, 15.4], "texture": "#3"},
				"south": {"uv": [9.2, 15.2, 9.4, 15.4], "texture": "#3"},
				"west": {"uv": [14.4, 6.8, 15.2, 7], "texture": "#3"},
				"up": {"uv": [15.2, 7.8, 14.4, 7.6], "rotation": 90, "texture": "#3"},
				"down": {"uv": [9.2, 14.4, 8.4, 14.6], "rotation": 270, "texture": "#3"}
			}
		},
		{
			"from": [7.2072, 14.33779, 5.641],
			"to": [9.7072, 15.58779, 6.634],
			"rotation": {"angle": -22.5, "axis": "z", "origin": [8, 8, 8]},
			"faces": {
				"north": {"uv": [11.2, 10.8, 12.2, 11.3], "texture": "#3"},
				"east": {"uv": [0, 14, 0.4, 14.5], "texture": "#3"},
				"south": {"uv": [11.2, 6, 12.2, 6.5], "texture": "#3"},
				"west": {"uv": [3.2, 14, 3.6, 14.5], "texture": "#3"},
				"up": {"uv": [8, 12.2, 7.6, 11.2], "rotation": 90, "texture": "#3"},
				"down": {"uv": [6, 11.6, 5.6, 12.6], "rotation": 270, "texture": "#3"}
			}
		},
		{
			"from": [8.9572, 15.58779, 5.641],
			"to": [9.7072, 16.83779, 6.634],
			"rotation": {"angle": -22.5, "axis": "z", "origin": [8, 8, 8]},
			"faces": {
				"north": {"uv": [14.8, 0, 15.1, 0.5], "texture": "#3"},
				"east": {"uv": [5.6, 14, 6, 14.5], "texture": "#3"},
				"south": {"uv": [4, 14.4, 4.3, 14.9], "texture": "#3"},
				"west": {"uv": [7.6, 14, 8, 14.5], "texture": "#3"},
				"up": {"uv": [13.6, 15.1, 13.2, 14.8], "rotation": 90, "texture": "#3"}
			}
		},
		{
			"from": [8.4572, 16.33779, 5.641],
			"to": [8.9572, 16.83779, 6.634],
			"rotation": {"angle": -22.5, "axis": "z", "origin": [8, 8, 8]},
			"faces": {
				"north": {"uv": [15.2, 10.8, 15.4, 11], "texture": "#3"},
				"south": {"uv": [10.8, 15.2, 11, 15.4], "texture": "#3"},
				"west": {"uv": [6.8, 15.2, 7.2, 15.4], "texture": "#3"},
				"up": {"uv": [8, 15.4, 7.6, 15.2], "rotation": 90, "texture": "#3"},
				"down": {"uv": [8.8, 15.2, 8.4, 15.4], "rotation": 270, "texture": "#3"}
			}
		},
		{
			"from": [8.70719, 13.83779, 6.1325],
			"to": [11.20719, 19.08779, 6.1425],
			"rotation": {"angle": -22.5, "axis": "z", "origin": [8, 8, 8]},
			"faces": {
				"north": {"uv": [7.2, 8.4, 8.2, 10.5], "texture": "#3"},
				"south": {"uv": [8.2, 8.4, 7.2, 10.5], "texture": "#3"}
			}
		},
		{
			"from": [4.79281, 13.83779, 6.1325],
			"to": [7.29281, 19.08779, 6.1425],
			"rotation": {"angle": 22.5, "axis": "z", "origin": [8, 8, 8]},
			"faces": {
				"north": {"uv": [8.2, 8.4, 7.2, 10.5], "texture": "#3"},
				"south": {"uv": [7.2, 8.4, 8.2, 10.5], "texture": "#3"}
			}
		},
		{
			"from": [7.0428, 16.33779, 5.641],
			"to": [7.5428, 16.83779, 6.634],
			"rotation": {"angle": 22.5, "axis": "z", "origin": [8, 8, 8]},
			"faces": {
				"north": {"uv": [15.4, 10.8, 15.2, 11], "texture": "#3"},
				"east": {"uv": [7.2, 15.2, 6.8, 15.4], "texture": "#3"},
				"south": {"uv": [11, 15.2, 10.8, 15.4], "texture": "#3"},
				"up": {"uv": [8, 15.2, 7.6, 15.4], "rotation": 90, "texture": "#3"},
				"down": {"uv": [8.8, 15.4, 8.4, 15.2], "rotation": 270, "texture": "#3"}
			}
		},
		{
			"from": [6.2928, 15.58779, 5.641],
			"to": [7.0428, 16.83779, 6.634],
			"rotation": {"angle": 22.5, "axis": "z", "origin": [8, 8, 8]},
			"faces": {
				"north": {"uv": [15.1, 0, 14.8, 0.5], "texture": "#3"},
				"east": {"uv": [8, 14, 7.6, 14.5], "texture": "#3"},
				"south": {"uv": [4.3, 14.4, 4, 14.9], "texture": "#3"},
				"west": {"uv": [6, 14, 5.6, 14.5], "texture": "#3"},
				"up": {"uv": [13.6, 14.8, 13.2, 15.1], "rotation": 90, "texture": "#3"}
			}
		},
		{
			"from": [6.2928, 14.33779, 5.641],
			"to": [8.7928, 15.58779, 6.634],
			"rotation": {"angle": 22.5, "axis": "z", "origin": [8, 8, 8]},
			"faces": {
				"north": {"uv": [12.2, 10.8, 11.2, 11.3], "texture": "#3"},
				"east": {"uv": [3.6, 14, 3.2, 14.5], "texture": "#3"},
				"south": {"uv": [12.2, 6, 11.2, 6.5], "texture": "#3"},
				"west": {"uv": [0.4, 14, 0, 14.5], "texture": "#3"},
				"up": {"uv": [8, 11.2, 7.6, 12.2], "rotation": 90, "texture": "#3"},
				"down": {"uv": [6, 12.6, 5.6, 11.6], "rotation": 270, "texture": "#3"}
			}
		},
		{
			"from": [7.5428, 14.33779, 5.141],
			"to": [8.0428, 15.33779, 7.134],
			"rotation": {"angle": 22.5, "axis": "z", "origin": [8, 8, 8]},
			"faces": {
				"north": {"uv": [3.4, 15.2, 3.2, 15.6], "texture": "#3"},
				"east": {"uv": [14, 6.8, 13.2, 7.2], "texture": "#3"},
				"south": {"uv": [0.2, 15.2, 0, 15.6], "texture": "#3"},
				"west": {"uv": [6.4, 13.2, 5.6, 13.6], "texture": "#3"},
				"up": {"uv": [7.2, 14.4, 6.4, 14.6], "rotation": 90, "texture": "#3"}
			}
		},
		{
			"from": [8.0428, 14.83779, 5.141],
			"to": [8.5428, 15.33779, 7.134],
			"rotation": {"angle": 22.5, "axis": "z", "origin": [8, 8, 8]},
			"faces": {
				"north": {"uv": [10.2, 15.2, 10, 15.4], "texture": "#3"},
				"east": {"uv": [15.2, 6.8, 14.4, 7], "texture": "#3"},
				"south": {"uv": [9.4, 15.2, 9.2, 15.4], "texture": "#3"},
				"up": {"uv": [15.2, 7.6, 14.4, 7.8], "rotation": 90, "texture": "#3"},
				"down": {"uv": [9.2, 14.6, 8.4, 14.4], "rotation": 270, "texture": "#3"}
			}
		},
		{
			"from": [7.5428, 13.41279, 5.141],
			"to": [9.5428, 14.33779, 7.134],
			"rotation": {"angle": 22.5, "axis": "z", "origin": [8, 8, 8]},
			"faces": {
				"north": {"uv": [13.6, 6, 12.8, 6.4], "texture": "#3"},
				"south": {"uv": [2.8, 12.8, 2, 13.2], "texture": "#3"},
				"west": {"uv": [1.6, 12.8, 0.8, 13.2], "texture": "#3"},
				"up": {"uv": [11.6, 7.2, 10.8, 8], "rotation": 90, "texture": "#3"},
				"down": {"uv": [9.6, 11.6, 8.8, 10.8], "rotation": 270, "texture": "#3"}
			}
		},
		{
			"from": [8.20477, -2.03845, 10.1325],
			"to": [10.95477, 2.71155, 10.1425],
			"rotation": {"angle": 0, "axis": "y", "origin": [8, 8, 8]},
			"faces": {
				"north": {"uv": [8.8, 8.4, 9.9, 10.3], "texture": "#3"},
				"south": {"uv": [9.9, 8.4, 8.8, 10.3], "texture": "#3"}
			}
		},
		{
			"from": [5.04523, -2.03845, 10.1325],
			"to": [7.79523, 2.71155, 10.1425],
			"rotation": {"angle": 0, "axis": "y", "origin": [8, 8, 8]},
			"faces": {
				"north": {"uv": [9.9, 8.4, 8.8, 10.3], "texture": "#3"},
				"south": {"uv": [8.8, 8.4, 9.9, 10.3], "texture": "#3"}
			}
		},
		{
			"from": [8.74718, 8.74718, 9.3875],
			"to": [10.24718, 10.24718, 10.8875],
			"rotation": {"angle": 45, "axis": "z", "origin": [8, 8, 8]},
			"faces": {
				"north": {"uv": [12.4, 0.6, 13, 0], "texture": "#3"},
				"east": {"uv": [12, 7.8, 12.6, 7.2], "texture": "#3"},
				"south": {"uv": [10, 12.6, 10.6, 12], "texture": "#3"},
				"west": {"uv": [11.2, 12.6, 11.8, 12], "texture": "#3"},
				"up": {"uv": [13, 3, 12.4, 2.4], "rotation": 90, "texture": "#3"},
				"down": {"uv": [13, 1.2, 12.4, 1.8], "rotation": 270, "texture": "#3"}
			}
		},
		{
			"from": [8.49718, 8.49718, 9.6375],
			"to": [10.49718, 10.49718, 10.6375],
			"rotation": {"angle": 45, "axis": "z", "origin": [8, 8, 8]},
			"faces": {
				"north": {"uv": [5.6, 11.2, 6.4, 10.4], "texture": "#3"},
				"east": {"uv": [12.4, 4.4, 12.8, 3.6], "texture": "#3"},
				"south": {"uv": [9.6, 8, 10.4, 7.2], "texture": "#3"},
				"west": {"uv": [12.4, 5.6, 12.8, 4.8], "texture": "#3"},
				"up": {"uv": [0.4, 13.6, 0, 12.8], "rotation": 90, "texture": "#3"},
				"down": {"uv": [12.8, 12, 12.4, 12.8], "rotation": 270, "texture": "#3"}
			}
		},
		{
			"from": [8.20477, 9.43733, 10.1325],
			"to": [10.95477, 14.18733, 10.1425],
			"rotation": {"angle": 0, "axis": "y", "origin": [8, 8, 8]},
			"faces": {
				"north": {"uv": [8.8, 10.3, 9.9, 8.4], "texture": "#3"},
				"south": {"uv": [9.9, 10.3, 8.8, 8.4], "texture": "#3"}
			}
		},
		{
			"from": [5.04523, 9.43733, 10.1325],
			"to": [7.79523, 14.18733, 10.1425],
			"rotation": {"angle": 0, "axis": "y", "origin": [8, 8, 8]},
			"faces": {
				"north": {"uv": [9.9, 10.3, 8.8, 8.4], "texture": "#3"},
				"south": {"uv": [8.8, 10.3, 9.9, 8.4], "texture": "#3"}
			}
		},
		{
			"from": [8.99718, 8.99718, 6.3875],
			"to": [9.99718, 9.99718, 9.3875],
			"rotation": {"angle": 45, "axis": "z", "origin": [8, 8, 8]},
			"faces": {
				"east": {"uv": [11.6, 8.4, 12.8, 8.8], "texture": "#3"},
				"west": {"uv": [11.6, 9.2, 12.8, 9.6], "texture": "#3"},
				"up": {"uv": [12.8, 10.4, 11.6, 10], "rotation": 90, "texture": "#3"},
				"down": {"uv": [3.6, 12, 2.4, 12.4], "rotation": 270, "texture": "#3"}
			}
		},
		{
			"from": [11.72033, 3.27967, 6.3875],
			"to": [12.72033, 4.27967, 9.3875],
			"rotation": {"angle": -45, "axis": "z", "origin": [8, 8, 8]},
			"faces": {
				"east": {"uv": [11.6, 8.8, 12.8, 8.4], "texture": "#3"},
				"west": {"uv": [11.6, 9.6, 12.8, 9.2], "texture": "#3"},
				"up": {"uv": [3.6, 12.4, 2.4, 12], "rotation": 90, "texture": "#3"},
				"down": {"uv": [12.8, 10, 11.6, 10.4], "rotation": 270, "texture": "#3"}
			}
		},
		{
			"from": [5.48856, 3.69944, 8.51144],
			"to": [7.48856, 4.19944, 10.51144],
			"rotation": {"angle": 45, "axis": "y", "origin": [8, 8, 8]},
			"faces": {
				"north": {"uv": [14.4, 10, 15.2, 10.2], "texture": "#3"},
				"east": {"uv": [14.4, 8.4, 15.2, 8.6], "texture": "#3"},
				"south": {"uv": [14.4, 9.2, 15.2, 9.4], "texture": "#3"},
				"west": {"uv": [9.6, 14.4, 10.4, 14.6], "texture": "#3"},
				"up": {"uv": [12, 2, 11.2, 1.2], "rotation": 90, "texture": "#3"},
				"down": {"uv": [12, 2.4, 11.2, 3.2], "rotation": 270, "texture": "#3"}
			}
		},
		{
			"from": [5.73856, 3.19944, 8.76144],
			"to": [7.23856, 3.69944, 10.26144],
			"rotation": {"angle": 45, "axis": "y", "origin": [8, 8, 8]},
			"faces": {
				"north": {"uv": [15.2, 5.6, 15.8, 5.8], "texture": "#3"},
				"east": {"uv": [14, 14.8, 14.6, 15], "texture": "#3"},
				"south": {"uv": [14.8, 14, 15.4, 14.2], "texture": "#3"},
				"west": {"uv": [5.6, 15.2, 6.2, 15.4], "texture": "#3"}
			}
		},
		{
			"from": [5.48856, 2.69944, 8.51144],
			"to": [7.48856, 3.19944, 10.51144],
			"rotation": {"angle": 45, "axis": "y", "origin": [8, 8, 8]},
			"faces": {
				"north": {"uv": [14.4, 12.4, 15.2, 12.6], "texture": "#3"},
				"east": {"uv": [10.8, 14.4, 11.6, 14.6], "texture": "#3"},
				"south": {"uv": [14.4, 11.6, 15.2, 11.8], "texture": "#3"},
				"west": {"uv": [12, 14.4, 12.8, 14.6], "texture": "#3"},
				"up": {"uv": [12, 4.4, 11.2, 3.6], "rotation": 90, "texture": "#3"},
				"down": {"uv": [12, 4.8, 11.2, 5.6], "rotation": 270, "texture": "#3"}
			}
		},
		{
			"from": [5.5, -2.92556, 5.8875],
			"to": [10.5, 14.07444, 6.3875],
			"rotation": {"angle": 0, "axis": "y", "origin": [8, 8, 8]},
			"faces": {
				"north": {"uv": [0, 5.6, 2, 12.4], "texture": "#3"},
				"east": {"uv": [9.6, 0, 9.8, 6.8], "texture": "#3"},
				"south": {"uv": [4.8, 0, 6.8, 6.8], "texture": "#3"},
				"west": {"uv": [10.4, 0, 10.6, 6.8], "texture": "#3"},
				"up": {"uv": [4.2, 14, 4, 12], "rotation": 90, "texture": "#3"},
				"down": {"uv": [8.6, 12, 8.4, 14], "rotation": 270, "texture": "#3"}
			}
		},
		{
			"from": [2.875, -0.92556, 5.8625],
			"to": [13.125, 11.82444, 5.8625],
			"rotation": {"angle": 0, "axis": "y", "origin": [8, 8, 8]},
			"faces": {
				"north": {"uv": [0, 0, 4.1, 5.1], "texture": "#3"}
			}
		},
		{
			"from": [9.74073, -1.13719, 5.891],
			"to": [14.49073, 10.86281, 6.384],
			"rotation": {"angle": -22.5, "axis": "z", "origin": [8, 8, 8]},
			"faces": {
				"north": {"uv": [7.2, 0, 9.1, 4.8], "texture": "#3"},
				"east": {"uv": [4.8, 10.4, 5, 15.2], "texture": "#3"},
				"south": {"uv": [2.4, 5.6, 4.3, 10.4], "texture": "#3"},
				"up": {"uv": [9.4, 13.9, 9.2, 12], "rotation": 90, "texture": "#3"}
			}
		},
		{
			"from": [9.86395, 5.43468, 5.901],
			"to": [14.61395, 12.28468, 6.374],
			"rotation": {"angle": 22.5, "axis": "z", "origin": [8, 8, 8]},
			"faces": {
				"north": {"uv": [7.2, 5.2, 9.1, 7.9], "texture": "#3"},
				"east": {"uv": [6.8, 11.2, 7, 13.9], "texture": "#3"},
				"south": {"uv": [4.8, 7.2, 6.7, 9.9], "texture": "#3"}
			}
		},
		{
			"from": [1.38605, 5.43468, 5.901],
			"to": [6.13605, 12.28468, 6.374],
			"rotation": {"angle": -22.5, "axis": "z", "origin": [8, 8, 8]},
			"faces": {
				"north": {"uv": [9.1, 5.2, 7.2, 7.9], "texture": "#3"},
				"south": {"uv": [6.7, 7.2, 4.8, 9.9], "texture": "#3"},
				"west": {"uv": [7, 11.2, 6.8, 13.9], "texture": "#3"}
			}
		},
		{
			"from": [1.50927, -1.13719, 5.891],
			"to": [6.25927, 10.86281, 6.384],
			"rotation": {"angle": 22.5, "axis": "z", "origin": [8, 8, 8]},
			"faces": {
				"north": {"uv": [9.1, 0, 7.2, 4.8], "texture": "#3"},
				"south": {"uv": [4.3, 5.6, 2.4, 10.4], "texture": "#3"},
				"west": {"uv": [5, 10.4, 4.8, 15.2], "texture": "#3"},
				"up": {"uv": [9.4, 12, 9.2, 13.9], "rotation": 90, "texture": "#3"}
			}
		},
		{
			"from": [14.40842, -2, 6.57603],
			"to": [17.40842, 13, 6.58603],
			"rotation": {"angle": -45, "axis": "y", "origin": [15.90842, 5.5, 6.57603]},
			"faces": {
				"north": {"uv": [0, 0, 3, 15], "texture": "#1"},
				"south": {"uv": [3, 0, 0, 15], "texture": "#1"}
			}
		},
		{
			"from": [12.8097, -2, 5.70671],
			"to": [14.8097, 13, 5.71671],
			"rotation": {"angle": -22.5, "axis": "y", "origin": [15.3097, 5.5, 5.70671]},
			"faces": {
				"north": {"uv": [3, 0, 5, 15], "texture": "#1"},
				"south": {"uv": [5, 0, 3, 15], "texture": "#1"}
			}
		},
		{
			"from": [8, -2, 4.75],
			"to": [13, 13, 4.76],
			"rotation": {"angle": 0, "axis": "y", "origin": [-7.5, -2, 5.75]},
			"faces": {
				"north": {"uv": [5, 0, 9.75, 15], "texture": "#1"},
				"south": {"uv": [9.75, 0, 5, 15], "texture": "#1"}
			}
		},
		{
			"from": [3, -2, 4.75],
			"to": [8, 13, 4.76],
			"rotation": {"angle": 0, "axis": "y", "origin": [23.5, -2, 5.75]},
			"faces": {
				"north": {"uv": [9.75, 0, 5, 15], "texture": "#1"},
				"south": {"uv": [5, 0, 9.75, 15], "texture": "#1"}
			}
		},
		{
			"from": [1.1903, -2, 5.70671],
			"to": [3.1903, 13, 5.71671],
			"rotation": {"angle": 22.5, "axis": "y", "origin": [0.6903, 5.5, 5.70671]},
			"faces": {
				"north": {"uv": [5, 0, 3, 15], "texture": "#1"},
				"south": {"uv": [3, 0, 5, 15], "texture": "#1"}
			}
		},
		{
			"from": [-1.40842, -2, 6.57603],
			"to": [1.59158, 13, 6.58603],
			"rotation": {"angle": 45, "axis": "y", "origin": [0.09158, 5.5, 6.57603]},
			"faces": {
				"north": {"uv": [3, 0, 0, 15], "texture": "#1"},
				"south": {"uv": [0, 0, 3, 15], "texture": "#1"}
			}
		},
		{
			"from": [12.35, 11.25, 5.475],
			"to": [14.65, 18.25, 6.775],
			"rotation": {"angle": 0, "axis": "y", "origin": [8, 10.5, 2.625]},
			"faces": {
				"north": {"uv": [1.25, 0, 3.5, 7], "texture": "#2"},
				"east": {"uv": [0, 0, 1.25, 7], "texture": "#2"},
				"south": {"uv": [4.75, 0, 7, 7], "texture": "#2"},
				"west": {"uv": [3.5, 0, 4.75, 7], "texture": "#2"}
			}
		},
		{
			"name": "cube inverted",
			"from": [14.625, 18.25, 6.75],
			"to": [12.375, 11.25, 5.5],
			"rotation": {"angle": 0, "axis": "y", "origin": [8, 10.5, 2.625]},
			"faces": {
				"north": {"uv": [4.75, 7, 7, 0], "texture": "#2"},
				"east": {"uv": [3.5, 7, 4.75, 0], "texture": "#2"},
				"south": {"uv": [1.25, 7, 3.5, 0], "texture": "#2"},
				"west": {"uv": [0, 7, 1.25, 0], "texture": "#2"}
			}
		},
		{
			"from": [1.35, 11.25, 5.475],
			"to": [3.65, 18.25, 6.775],
			"rotation": {"angle": 0, "axis": "y", "origin": [8, 10.5, 2.625]},
			"faces": {
				"north": {"uv": [3.5, 0, 1.25, 7], "texture": "#2"},
				"east": {"uv": [4.75, 0, 3.5, 7], "texture": "#2"},
				"south": {"uv": [7, 0, 4.75, 7], "texture": "#2"},
				"west": {"uv": [1.25, 0, 0, 7], "texture": "#2"}
			}
		},
		{
			"name": "cube inverted",
			"from": [3.625, 18.25, 6.75],
			"to": [1.375, 11.25, 5.5],
			"rotation": {"angle": 0, "axis": "y", "origin": [8, 10.5, 2.625]},
			"faces": {
				"north": {"uv": [7, 7, 4.75, 0], "texture": "#2"},
				"east": {"uv": [1.25, 7, 0, 0], "texture": "#2"},
				"south": {"uv": [3.5, 7, 1.25, 0], "texture": "#2"},
				"west": {"uv": [4.75, 7, 3.5, 0], "texture": "#2"}
			}
		}
	],
	"gui_light": "front",
	"display": {
		"thirdperson_righthand": {
			"rotation": [0, -70, 0],
			"translation": [2, -0.25, 0.25],
			"scale": [2, 2, 2]
		},
		"thirdperson_lefthand": {
			"rotation": [0, -70, 0],
			"translation": [2, -0.25, 0.25],
			"scale": [2, 2, 2]
		},
		"firstperson_righthand": {
			"rotation": [0, 0, 9],
			"translation": [1.75, 3, 1],
			"scale": [1.6, 1.6, 1.6]
		},
		"firstperson_lefthand": {
			"rotation": [0, 0, 9],
			"translation": [1.75, 3, 1],
			"scale": [1.6, 1.6, 1.6]
		},
		"ground": {
			"rotation": [45, 0, 0],
			"translation": [0, 5, 0],
			"scale": [1.4, 1.4, 1.4]
		},
		"gui": {
			"rotation": [0, -180, 45],
			"translation": [-0.25, -0.25, 0],
			"scale": [2, 2, 2]
		},
		"head": {
			"scale": [2, 2, 2]
		},
		"fixed": {
			"translation": [0, 3.5, -1],
			"scale": [4, 4, 4]
		}
	},
	"groups": [
		{
			"name": "shield",
			"origin": [7.5, 0.25, 8],
			"color": 0,
			"children": [
				0,
				1,
				2,
				3,
				4,
				5,
				6,
				7,
				8,
				9,
				10,
				11,
				12,
				13,
				14,
				15,
				16,
				17,
				18,
				19,
				20,
				21,
				22,
				23,
				24,
				25,
				26,
				27,
				28,
				29,
				30,
				31,
				32,
				33,
				34,
				35,
				36,
				37,
				38,
				39,
				40,
				41,
				42,
				43,
				44,
				45,
				46,
				47,
				48,
				49
			]
		}
	],
	"mcmodels": "cb5cb31a0c878d1d93b80038368e17bb"
}