{
	"format_version": "1.21.6",
	"credit": "Made with Blockbench",
	"texture_size": [64, 64],
	"textures": {
		"1": "item/crates/autumn/autummpack_em_shield",
		"2": "item/crates/autumn/autumpack_em_fallingleaves",
		"particle": "item/crates/autumn/autumpack_em_fallingleaves"
	},
	"elements": [
		{
			"from": [10, 3, 6],
			"to": [13, 15, 8],
			"rotation": {"angle": 0, "axis": "y", "origin": [7, 0, 6]},
			"faces": {
				"north": {"uv": [2, 7, 2.75, 10], "texture": "#1"},
				"east": {"uv": [6, 8.25, 5.5, 11.25], "texture": "#1"},
				"south": {"uv": [2.75, 7, 3.5, 10], "texture": "#1"},
				"west": {"uv": [8.25, 8, 8.75, 11], "texture": "#1"},
				"up": {"uv": [10, 9.5, 9.25, 9], "texture": "#1"},
				"down": {"uv": [10.25, 3, 9.5, 3.5], "texture": "#1"}
			}
		},
		{
			"from": [7.5, 6.5, 12.6533],
			"to": [8.5, 14.5, 13.6533],
			"rotation": {"angle": 0, "axis": "y", "origin": [8.01, 13.01, 24.4133]},
			"faces": {
				"north": {"uv": [7.25, 9.75, 7.5, 11], "texture": "#1"},
				"east": {"uv": [7.5, 9.75, 7.75, 11], "texture": "#1"},
				"south": {"uv": [7.75, 9.75, 8, 11], "texture": "#1"},
				"west": {"uv": [8, 9.75, 8.25, 11], "texture": "#1"},
				"up": {"uv": [4.75, 8.25, 4.5, 8], "texture": "#1"},
				"down": {"uv": [5, 8, 4.75, 8.25], "texture": "#1"}
			}
		},
		{
			"from": [6, 4.5, 7.6533],
			"to": [10, 13.5, 8.6533],
			"rotation": {"angle": 0, "axis": "y", "origin": [8.49, 11.01, 19.4133]},
			"faces": {
				"north": {"uv": [3.5, 7, 4.5, 9.25], "texture": "#1"},
				"east": {"uv": [3.75, 9.25, 4, 11.5], "texture": "#1"},
				"south": {"uv": [7.25, 2.75, 8.25, 5], "texture": "#1"},
				"west": {"uv": [3.75, 9.25, 4, 11.5], "texture": "#1"},
				"up": {"uv": [10.75, 0.25, 9.75, 0], "texture": "#1"},
				"down": {"uv": [10.75, 0.25, 9.75, 0.5], "texture": "#1"}
			}
		},
		{
			"from": [7.5, 13.5, 7.6533],
			"to": [8.5, 14.5, 12.6533],
			"rotation": {"angle": 0, "axis": "y", "origin": [8, 14, 9.1533]},
			"faces": {
				"north": {"uv": [8.25, 4.5, 8.5, 4.75], "texture": "#1"},
				"east": {"uv": [9.75, 0.5, 10.75, 0.75], "texture": "#1"},
				"south": {"uv": [8.25, 4.75, 8.5, 5], "texture": "#1"},
				"west": {"uv": [9.75, 0.75, 10.75, 1], "texture": "#1"},
				"up": {"uv": [10, 9, 9.75, 8], "texture": "#1"},
				"down": {"uv": [0.25, 10, 0, 11], "texture": "#1"}
			}
		},
		{
			"from": [7.5, 6.5, 7.6533],
			"to": [8.5, 7.5, 12.6533],
			"rotation": {"angle": 0, "axis": "y", "origin": [8, 7, 9.1533]},
			"faces": {
				"north": {"uv": [6, 8.25, 6.25, 8.5], "texture": "#1"},
				"east": {"uv": [0.25, 10, 1.25, 10.25], "texture": "#1"},
				"south": {"uv": [8.5, 4.5, 8.75, 4.75], "texture": "#1"},
				"west": {"uv": [10, 1, 11, 1.25], "texture": "#1"},
				"up": {"uv": [1.5, 11, 1.25, 10], "texture": "#1"},
				"down": {"uv": [10.25, 1.25, 10, 2.25], "texture": "#1"}
			}
		},
		{
			"from": [6.54866, 12.738, 5.988],
			"to": [10.56466, 19.754, 8.004],
			"rotation": {"angle": 45, "axis": "z", "origin": [9.06066, 16.75, 7]},
			"faces": {
				"north": {"uv": [7.5, 0, 8.5, 1.75], "texture": "#1"},
				"east": {"uv": [8.5, 1.75, 9, 0], "texture": "#1"},
				"south": {"uv": [8.5, 0, 7.5, 1.75], "texture": "#1"},
				"west": {"uv": [6.5, 8.75, 7, 10.5], "texture": "#1"},
				"up": {"uv": [10.25, 6, 9.25, 6.5], "texture": "#1"},
				"down": {"uv": [10.25, 6.5, 9.25, 7], "texture": "#1"}
			}
		},
		{
			"from": [3.543, 15.73234, 5.988],
			"to": [6.559, 19.74834, 8.004],
			"rotation": {"angle": 45, "axis": "z", "origin": [9.055, 16.74434, 7]},
			"faces": {
				"north": {"uv": [7.5, 1.75, 8.25, 2.75], "texture": "#1"},
				"east": {"uv": [4.5, 7, 5, 8], "texture": "#1"},
				"south": {"uv": [8.25, 1.75, 7.5, 2.75], "texture": "#1"},
				"west": {"uv": [8.25, 3.5, 8.75, 4.5], "texture": "#1"},
				"up": {"uv": [10.25, 4, 9.5, 3.5], "texture": "#1"},
				"down": {"uv": [10.25, 4, 9.5, 4.5], "texture": "#1"}
			}
		},
		{
			"from": [6.54866, -1.754, 5.988],
			"to": [10.56466, 5.262, 8.004],
			"rotation": {"angle": -45, "axis": "z", "origin": [9.06066, 1.25, 7]},
			"faces": {
				"north": {"uv": [8.25, 1.75, 9.25, 3.5], "texture": "#1"},
				"east": {"uv": [8.75, 6.5, 9.25, 8.25], "texture": "#1"},
				"south": {"uv": [9.25, 1.75, 8.25, 3.5], "texture": "#1"},
				"west": {"uv": [8.75, 8.25, 9.25, 10], "texture": "#1"},
				"up": {"uv": [10.25, 7.5, 9.25, 7], "texture": "#1"},
				"down": {"uv": [10.25, 7.5, 9.25, 8], "texture": "#1"}
			}
		},
		{
			"from": [3.543, -1.74834, 5.988],
			"to": [6.559, 2.26766, 8.004],
			"rotation": {"angle": -45, "axis": "z", "origin": [9.055, 1.25566, 7]},
			"faces": {
				"north": {"uv": [9.25, 1, 10, 2], "texture": "#1"},
				"east": {"uv": [4, 9.25, 4.5, 10.25], "texture": "#1"},
				"south": {"uv": [10, 1, 9.25, 2], "texture": "#1"},
				"west": {"uv": [9.25, 8, 9.75, 9], "texture": "#1"},
				"up": {"uv": [10.25, 5, 9.5, 4.5], "texture": "#1"},
				"down": {"uv": [10.25, 5, 9.5, 5.5], "texture": "#1"}
			}
		},
		{
			"from": [6, 3, 7],
			"to": [10, 15, 8],
			"rotation": {"angle": 0, "axis": "y", "origin": [7, 0, 6]},
			"faces": {
				"north": {"uv": [6.25, 2.75, 7.25, 5.75], "texture": "#1"},
				"east": {"uv": [7, 8.75, 7.25, 11.75], "texture": "#1"},
				"south": {"uv": [6.25, 5.75, 7.25, 8.75], "texture": "#1"},
				"west": {"uv": [9.25, 3, 9.5, 6], "texture": "#1"},
				"up": {"uv": [2.5, 10.25, 1.5, 10], "texture": "#1"},
				"down": {"uv": [11, 2.25, 10, 2.5], "texture": "#1"}
			}
		},
		{
			"from": [3, 3, 6],
			"to": [6, 15, 8],
			"rotation": {"angle": 0, "axis": "y", "origin": [9, 0, 6]},
			"faces": {
				"north": {"uv": [7.25, 5, 8, 8], "texture": "#1"},
				"east": {"uv": [8.75, 3.5, 9.25, 6.5], "texture": "#1"},
				"south": {"uv": [8, 5, 8.75, 8], "texture": "#1"},
				"west": {"uv": [6.5, 8.75, 6, 11.75], "texture": "#1"},
				"up": {"uv": [10.25, 6, 9.5, 5.5], "texture": "#1"},
				"down": {"uv": [10, 9.5, 9.25, 10], "texture": "#1"}
			}
		},
		{
			"name": "transparent",
			"from": [6, 3, 6.75],
			"to": [10, 15, 6.75],
			"rotation": {"angle": 0, "axis": "y", "origin": [13, 0, 6.75]},
			"faces": {
				"north": {"uv": [0, 7, 1, 10], "texture": "#1"},
				"east": {"uv": [0, 0, 0, 3], "texture": "#1"},
				"south": {"uv": [1, 7, 2, 10], "texture": "#1"},
				"west": {"uv": [0, 0, 0, 3], "texture": "#1"},
				"up": {"uv": [1, 0, 0, 0], "texture": "#1"},
				"down": {"uv": [1, 0, 0, 0], "texture": "#1"}
			}
		},
		{
			"from": [8, 0, 6.25],
			"to": [20, 20, 6.25],
			"rotation": {"angle": -22.5, "axis": "y", "origin": [8, 10, 6.25]},
			"faces": {
				"north": {"uv": [10, 11, 13, 16], "texture": "#1"},
				"east": {"uv": [0, 0, 0, 3], "texture": "#1"},
				"south": {"uv": [13, 11, 10, 16], "texture": "#1"},
				"west": {"uv": [0, 0, 0, 3], "texture": "#1"},
				"up": {"uv": [1.25, 0, 0, 0], "texture": "#1"},
				"down": {"uv": [1.25, 0, 0, 0], "texture": "#1"}
			}
		},
		{
			"from": [-4, 0, 6.25],
			"to": [8, 20, 6.25],
			"rotation": {"angle": 22.5, "axis": "y", "origin": [8, 10, 6.25]},
			"faces": {
				"north": {"uv": [13, 11, 10, 16], "texture": "#1"},
				"east": {"uv": [0, 0, 0, 3], "texture": "#1"},
				"south": {"uv": [10, 11, 13, 16], "texture": "#1"},
				"west": {"uv": [0, 0, 0, 3], "texture": "#1"},
				"up": {"uv": [0, 0, 1.25, 0], "texture": "#1"},
				"down": {"uv": [0, 0, 1.25, 0], "texture": "#1"}
			}
		},
		{
			"name": "movement",
			"from": [-3, -13.015, 7.8],
			"to": [19, 14.985, 7.8],
			"rotation": {"angle": 0, "axis": "y", "origin": [8, 0.985, 7.8]},
			"faces": {
				"north": {"uv": [0.5, 0, 6, 7], "texture": "#2"},
				"east": {"uv": [0, 0, 0, 7], "texture": "#2"},
				"south": {"uv": [0.5, 0, 6, 7], "texture": "#2"},
				"west": {"uv": [0, 0, 0, 3], "texture": "#2"},
				"up": {"uv": [0, 2, 0, 0], "rotation": 90, "texture": "#2"},
				"down": {"uv": [0, 0, 0, 2], "rotation": 270, "texture": "#2"}
			}
		}
	],
	"gui_light": "front",
	"display": {
		"thirdperson_righthand": {
			"rotation": [-22.5, -74.5, -22.5],
			"translation": [2.25, -4, 1],
			"scale": [1.5, 1.5, 1.5]
		},
		"thirdperson_lefthand": {
			"rotation": [-22.5, -74.5, -22.5],
			"translation": [2.25, -4, 1],
			"scale": [1.5, 1.5, 1.5]
		},
		"firstperson_righthand": {
			"rotation": [3.26, -39.98, 16.96],
			"translation": [3.5, -3.25, 0],
			"scale": [1.5, 1.5, 1.5]
		},
		"firstperson_lefthand": {
			"rotation": [0, -40, 15],
			"translation": [3.5, -3.25, 0],
			"scale": [1.5, 1.5, 1.5]
		},
		"ground": {
			"translation": [0, 2.25, -0.5],
			"scale": [1.5, 1.5, 1.5]
		},
		"gui": {
			"rotation": [-180, 0, -180],
			"translation": [-0.25, -0.5, 0],
			"scale": [1.5, 1.5, 1.5]
		},
		"head": {
			"rotation": [-180, 0, -135.75],
			"translation": [0.5, -17.75, 4.25],
			"scale": [2, 2, 2]
		},
		"fixed": {
			"translation": [0, -0.5, -0.5],
			"scale": [4, 4, 4]
		}
	},
	"groups": [
		{
			"name": "group",
			"origin": [10, 0, 0],
			"color": 0,
			"children": [0, 1, 2, 3, 4, 5, 6, 7, 8, 9, 10, 11, 12, 13]
		},
		14
	]
}