{"credit":"Made with Blockbench","texture_size":[128,128],"textures":{"0":"item/crates/ocean/seaturtle_texture_01","1":"item/crates/ocean/seaturtle_animation_01","2":"item/crates/ocean/seaturtle_animation_02","3":"item/crates/ocean/seaturtle_animation_03","particle":"item/crates/ocean/seaturtle_texture_01"},"elements":[{"from":[7,12,7.5],"to":[9,14,10.5],"rotation":{"angle":0,"axis":"y","origin":[0,11,1]},"faces":{"north":{"uv":[0.75,2.875,1,3.125],"texture":"#0"},"east":{"uv":[1.375,2.75,1,3],"texture":"#0"},"south":{"uv":[0.75,2.875,1,3.125],"texture":"#0"},"west":{"uv":[1,2.75,1.375,3],"texture":"#0"},"up":{"uv":[2.5,1.625,2.75,2],"texture":"#0"},"down":{"uv":[2.5,1.625,2.75,2],"texture":"#0"}}},{"from":[7,3,7.5],"to":[9,5,10.5],"rotation":{"angle":0,"axis":"y","origin":[0,11,1]},"faces":{"north":{"uv":[0.75,2.875,1,3.125],"texture":"#0"},"east":{"uv":[1.375,2.75,1,3],"texture":"#0"},"south":{"uv":[0.75,2.875,1,3.125],"texture":"#0"},"west":{"uv":[1,2.75,1.375,3],"texture":"#0"},"up":{"uv":[2.5,1.625,2.75,2],"texture":"#0"},"down":{"uv":[2.5,1.625,2.75,2],"texture":"#0"}}},{"from":[7,9.9,7.5],"to":[9,11.4,9.5],"rotation":{"angle":0,"axis":"y","origin":[0,11,1]},"faces":{"north":{"uv":[2.75,1.25,3,1.4375],"texture":"#0"},"east":{"uv":[3,1.4375,2.75,1.625],"texture":"#0"},"south":{"uv":[2.75,1.25,3,1.4375],"texture":"#0"},"west":{"uv":[2.75,1.4375,3,1.625],"texture":"#0"},"up":{"uv":[2.75,1.625,3,1.875],"texture":"#0"},"down":{"uv":[2.75,1.875,3,1.625],"texture":"#0"}}},{"from":[7,5.7,7.5],"to":[9,7.2,9.5],"rotation":{"angle":0,"axis":"y","origin":[0,11,1]},"faces":{"north":{"uv":[2.75,1.25,3,1.4375],"texture":"#0"},"east":{"uv":[3,1.4375,2.75,1.625],"texture":"#0"},"south":{"uv":[2.75,1.25,3,1.4375],"texture":"#0"},"west":{"uv":[2.75,1.4375,3,1.625],"texture":"#0"},"up":{"uv":[2.75,1.625,3,1.875],"texture":"#0"},"down":{"uv":[2.75,1.875,3,1.625],"texture":"#0"}}},{"from":[8.6,13.5,5.5],"to":[8.6,22.5,13.5],"rotation":{"angle":22.5,"axis":"x","origin":[8.6,13.5,14.5]},"faces":{"north":{"uv":[0,0,0,6],"texture":"#missing"},"east":{"uv":[2.8125,14.875,1.8125,16],"texture":"#0"},"south":{"uv":[0,0,0,6],"texture":"#missing"},"west":{"uv":[1.8125,14.875,2.8125,16],"texture":"#0"},"up":{"uv":[0,0,0,5],"texture":"#missing"},"down":{"uv":[0,0,0,5],"texture":"#missing"}}},{"from":[5.8,14.5,10],"to":[8.8,17,12.5],"rotation":{"angle":45,"axis":"x","origin":[8,18,9]},"faces":{"north":{"uv":[1.6875,3,1.3125,3.3125],"texture":"#0"},"east":{"uv":[1.3125,3,1,3.3125],"texture":"#0"},"south":{"uv":[1.6875,3,1.3125,3.3125],"texture":"#0"},"west":{"uv":[1,3,1.3125,3.3125],"texture":"#0"},"up":{"uv":[2.0625,3,1.6875,3.3125],"texture":"#0"},"down":{"uv":[2.0625,3,1.6875,3.3125],"texture":"#0"}}},{"from":[9,19,12.5],"to":[9,28,21],"rotation":{"angle":-22.5,"axis":"x","origin":[0,-1,1]},"faces":{"north":{"uv":[0,0,0,9],"texture":"#missing"},"east":{"uv":[4,14.875,2.9375,16],"texture":"#0"},"south":{"uv":[0,0,0,9],"texture":"#missing"},"west":{"uv":[2.9375,14.875,4,16],"texture":"#0"},"up":{"uv":[0,0,0,7],"texture":"#missing"},"down":{"uv":[0,0,0,7],"texture":"#missing"}}},{"from":[6.6,14.56323,4.81566],"to":[9.4,18.56323,6.81566],"rotation":{"angle":22.5,"axis":"x","origin":[8,17.00457,4.5276]},"faces":{"north":{"uv":[0,2.375,0.375,1.875],"texture":"#0"},"east":{"uv":[1,2.5625,0.75,2.0625],"texture":"#0"},"south":{"uv":[0,2.375,0.375,1.875],"texture":"#0"},"west":{"uv":[0.75,2.5625,1,2.0625],"texture":"#0"},"up":{"uv":[0.375,2.875,0,3.125],"texture":"#0"},"down":{"uv":[0,3.125,0.375,2.875],"texture":"#0"}}},{"from":[6.6,-1.56323,4.81566],"to":[9.4,2.43677,6.81566],"rotation":{"angle":-22.5,"axis":"x","origin":[8,-0.00457,4.5276]},"faces":{"north":{"uv":[0,1.875,0.375,2.375],"texture":"#0"},"east":{"uv":[1,2.0625,0.75,2.5625],"texture":"#0"},"south":{"uv":[0,1.875,0.375,2.375],"texture":"#0"},"west":{"uv":[0.75,2.0625,1,2.5625],"texture":"#0"},"up":{"uv":[0,2.875,0.375,3.125],"texture":"#0"},"down":{"uv":[0.375,3.125,0,2.875],"texture":"#0"}}},{"from":[5,13.5,3.81566],"to":[11,21.5,4.81566],"rotation":{"angle":22.5,"axis":"x","origin":[8,17.00457,4.5276]},"faces":{"north":{"uv":[1.5,1,2.25,0],"texture":"#0"},"east":{"uv":[2.75,1,2.625,0],"texture":"#0"},"south":{"uv":[1.6875,1.1875,2.4375,0.1875],"texture":"#0"},"west":{"uv":[2.625,1,2.75,0],"texture":"#0"},"up":{"uv":[1.5,1.625,2.25,1.5],"texture":"#0"},"down":{"uv":[1.5,1.625,2.25,1.5],"texture":"#0"}}},{"from":[5.5,14,0.73954],"to":[10.5,21,4.73954],"rotation":{"angle":22.5,"axis":"x","origin":[8,17.00457,4.5276]},"faces":{"north":{"uv":[0,1.125,0.625,0.25],"texture":"#0"},"east":{"uv":[1.0625,1.375,0.5625,0.5],"texture":"#0"},"south":{"uv":[0,0.875,0.625,0],"texture":"#0"},"west":{"uv":[1,0.875,1.5,0],"texture":"#0"},"up":{"uv":[1.5,1.625,2.125,2.125],"texture":"#0"},"down":{"uv":[0,1.875,0.625,1.375],"texture":"#0"}}},{"from":[5,-4.5,3.81566],"to":[11,3.5,4.81566],"rotation":{"angle":-22.5,"axis":"x","origin":[8,-0.00457,4.5276]},"faces":{"north":{"uv":[1.5,0,2.25,1],"texture":"#0"},"east":{"uv":[2.75,0,2.625,1],"texture":"#0"},"south":{"uv":[1.6875,0.1875,2.4375,1.1875],"texture":"#0"},"west":{"uv":[2.625,0,2.75,1],"texture":"#0"},"up":{"uv":[1.5,1.5,2.25,1.625],"texture":"#0"},"down":{"uv":[1.5,1.5,2.25,1.625],"texture":"#0"}}},{"from":[7.1,-7,1.5],"to":[7.1,-2,6.5],"rotation":{"angle":22.5,"axis":"x","origin":[0.3,-1,1]},"faces":{"north":{"uv":[0,0,0,6],"rotation":180,"texture":"#missing"},"east":{"uv":[1,15.375,1.625,16],"rotation":180,"texture":"#0"},"south":{"uv":[0,0,0,6],"rotation":180,"texture":"#missing"},"west":{"uv":[1.625,15.375,1,16],"rotation":180,"texture":"#0"},"up":{"uv":[0,0,0,5],"texture":"#missing"},"down":{"uv":[0,0,0,5],"texture":"#missing"}}},{"from":[9.1,-7,6.5],"to":[9.1,-2,11.5],"rotation":{"angle":22.5,"axis":"x","origin":[0.3,-1,1]},"faces":{"north":{"uv":[0,0,0,6],"rotation":180,"texture":"#missing"},"east":{"uv":[1,15.375,1.625,16],"rotation":180,"texture":"#0"},"south":{"uv":[0,0,0,6],"rotation":180,"texture":"#missing"},"west":{"uv":[1.625,15.375,1,16],"rotation":180,"texture":"#0"},"up":{"uv":[0,0,0,5],"texture":"#missing"},"down":{"uv":[0,0,0,5],"texture":"#missing"}}},{"from":[8.1,-8,3.5],"to":[8.1,-3,8.5],"rotation":{"angle":22.5,"axis":"x","origin":[0.3,-1,1]},"faces":{"north":{"uv":[0,0,0,6],"rotation":180,"texture":"#missing"},"east":{"uv":[1.625,15.375,1,16],"rotation":180,"texture":"#0"},"south":{"uv":[0,0,0,6],"rotation":180,"texture":"#missing"},"west":{"uv":[1,15.375,1.625,16],"rotation":180,"texture":"#0"},"up":{"uv":[0,0,0,5],"texture":"#missing"},"down":{"uv":[0,0,0,5],"texture":"#missing"}}},{"from":[5.5,-4,0.73954],"to":[10.5,3,4.73954],"rotation":{"angle":-22.5,"axis":"x","origin":[8,-0.00457,4.5276]},"faces":{"north":{"uv":[0,0.25,0.625,1.125],"texture":"#0"},"east":{"uv":[1.0625,0.5,0.5625,1.375],"texture":"#0"},"south":{"uv":[0,0,0.625,0.875],"texture":"#0"},"west":{"uv":[1,0,1.5,0.875],"texture":"#0"},"up":{"uv":[0,1.375,0.625,1.875],"texture":"#0"},"down":{"uv":[1.5,2.125,2.125,1.625],"texture":"#0"}}},{"from":[6.5,15,5.5],"to":[9.5,18,8.5],"rotation":{"angle":-45,"axis":"x","origin":[8,16.5,8]},"faces":{"north":{"uv":[1.875,2.5,2.25,2.125],"rotation":180,"texture":"#0"},"east":{"uv":[1.5,2.5,1.875,2.125],"rotation":180,"texture":"#0"},"south":{"uv":[1.875,2.5,2.25,2.125],"rotation":180,"texture":"#0"},"west":{"uv":[1.5,2.5,1.875,2.125],"rotation":180,"texture":"#0"},"up":{"uv":[1.5,2.875,1.875,2.5],"texture":"#0"},"down":{"uv":[1.875,2.9375,2.25,2.5625],"texture":"#0"}}},{"from":[6.3,13.5,9],"to":[8,17.5,13],"rotation":{"angle":45,"axis":"x","origin":[8,17.64645,9]},"faces":{"north":{"uv":[2.9375,2.25,2.75,2.75],"texture":"#0"},"east":{"uv":[2.25,2.25,2.75,2.75],"texture":"#0"},"south":{"uv":[2.75,2.25,2.9375,2.75],"texture":"#0"},"west":{"uv":[2.25,2.25,2.75,2.75],"texture":"#0"},"up":{"uv":[3.125,2.25,2.9375,2.75],"texture":"#0"},"down":{"uv":[3.125,2.25,2.9375,2.75],"texture":"#0"}}},{"from":[7.2,14.5,10],"to":[10.2,17,12.5],"rotation":{"angle":45,"axis":"x","origin":[8,18,9]},"faces":{"north":{"uv":[1.3125,3,1.6875,3.3125],"texture":"#0"},"east":{"uv":[1.3125,3,1,3.3125],"texture":"#0"},"south":{"uv":[1.3125,3,1.6875,3.3125],"texture":"#0"},"west":{"uv":[1,3,1.3125,3.3125],"texture":"#0"},"up":{"uv":[1.6875,3,2.0625,3.3125],"texture":"#0"},"down":{"uv":[1.6875,3,2.0625,3.3125],"texture":"#0"}}},{"from":[8,13.5,9],"to":[9.7,17.5,13],"rotation":{"angle":45,"axis":"x","origin":[8,17.64645,9]},"faces":{"north":{"uv":[2.75,2.25,2.9375,2.75],"texture":"#0"},"east":{"uv":[2.75,2.25,2.25,2.75],"texture":"#0"},"south":{"uv":[2.9375,2.25,2.75,2.75],"texture":"#0"},"west":{"uv":[2.75,2.25,2.25,2.75],"texture":"#0"},"up":{"uv":[2.9375,2.25,3.125,2.75],"texture":"#0"},"down":{"uv":[2.9375,2.25,3.125,2.75],"texture":"#0"}}},{"from":[6.5,-1,5.5],"to":[9.5,2,8.5],"rotation":{"angle":45,"axis":"x","origin":[8,0.5,8]},"faces":{"north":{"uv":[1.875,2.125,2.25,2.5],"rotation":180,"texture":"#0"},"east":{"uv":[1.5,2.125,1.875,2.5],"rotation":180,"texture":"#0"},"south":{"uv":[1.875,2.125,2.25,2.5],"rotation":180,"texture":"#0"},"west":{"uv":[1.5,2.125,1.875,2.5],"rotation":180,"texture":"#0"},"up":{"uv":[1.875,2.5625,2.25,2.9375],"texture":"#0"},"down":{"uv":[1.5,2.5,1.875,2.875],"texture":"#0"}}},{"from":[6.3,-0.5,9],"to":[8,3.5,13],"rotation":{"angle":-45,"axis":"x","origin":[8,-0.64645,9]},"faces":{"north":{"uv":[2.9375,2.75,2.75,2.25],"texture":"#0"},"east":{"uv":[2.25,2.75,2.75,2.25],"texture":"#0"},"south":{"uv":[2.75,2.75,2.9375,2.25],"texture":"#0"},"west":{"uv":[2.25,2.75,2.75,2.25],"texture":"#0"},"up":{"uv":[3.125,2.75,2.9375,2.25],"texture":"#0"},"down":{"uv":[3.125,2.75,2.9375,2.25],"texture":"#0"}}},{"from":[5.8,0,10],"to":[8.8,2.5,12.5],"rotation":{"angle":-45,"axis":"x","origin":[8,-1,9]},"faces":{"north":{"uv":[1.6875,3.3125,1.3125,3],"texture":"#0"},"east":{"uv":[1.3125,3.3125,1,3],"texture":"#0"},"south":{"uv":[1.6875,3.3125,1.3125,3],"texture":"#0"},"west":{"uv":[1,3.3125,1.3125,3],"texture":"#0"},"up":{"uv":[2.0625,3.3125,1.6875,3],"texture":"#0"},"down":{"uv":[2.0625,3.3125,1.6875,3],"texture":"#0"}}},{"from":[8,-0.5,9],"to":[9.7,3.5,13],"rotation":{"angle":-45,"axis":"x","origin":[8,-0.64645,9]},"faces":{"north":{"uv":[2.75,2.75,2.9375,2.25],"texture":"#0"},"east":{"uv":[2.75,2.75,2.25,2.25],"texture":"#0"},"south":{"uv":[2.9375,2.75,2.75,2.25],"texture":"#0"},"west":{"uv":[2.75,2.75,2.25,2.25],"texture":"#0"},"up":{"uv":[2.9375,2.75,3.125,2.25],"texture":"#0"},"down":{"uv":[2.9375,2.75,3.125,2.25],"texture":"#0"}}},{"from":[7.2,0,10],"to":[10.2,2.5,12.5],"rotation":{"angle":-45,"axis":"x","origin":[8,-1,9]},"faces":{"north":{"uv":[1.3125,3.3125,1.6875,3],"texture":"#0"},"east":{"uv":[1.3125,3.3125,1,3],"texture":"#0"},"south":{"uv":[1.3125,3.3125,1.6875,3],"texture":"#0"},"west":{"uv":[1,3.3125,1.3125,3],"texture":"#0"},"up":{"uv":[1.6875,3.3125,2.0625,3],"texture":"#0"},"down":{"uv":[1.6875,3.3125,2.0625,3],"texture":"#0"}}},{"from":[7.2,5,8],"to":[8.8,12,10],"rotation":{"angle":0,"axis":"y","origin":[0,11,1]},"faces":{"north":{"uv":[2.75,0,2.95,0.875],"texture":"#0"},"east":{"uv":[2.75,0,3,0.875],"texture":"#0"},"south":{"uv":[2.75,0,2.95,0.875],"texture":"#0"},"west":{"uv":[2.75,0,3,0.875],"texture":"#0"},"up":{"uv":[2.75,0,2.95,0.25],"texture":"#0"},"down":{"uv":[2.75,0,2.95,0.25],"texture":"#0"}}},{"from":[7.25,18.5,13],"to":[8.75,20,20],"rotation":{"angle":-22.5,"axis":"x","origin":[0,9,0]},"faces":{"north":{"uv":[2.75,0,2.9375,0.1875],"rotation":180,"texture":"#0"},"east":{"uv":[2.75,0,2.9375,0.875],"rotation":270,"texture":"#0"},"south":{"uv":[2.75,0,2.9375,0.1875],"texture":"#0"},"west":{"uv":[2.75,0,2.9375,0.875],"rotation":90,"texture":"#0"},"up":{"uv":[2.75,0,2.9375,0.875],"rotation":180,"texture":"#0"},"down":{"uv":[2.75,0,2.9375,0.875],"texture":"#0"}}},{"from":[6.5,16.5,-12],"to":[9.5,24.5,-9],"rotation":{"angle":45,"axis":"x","origin":[0,0,1]},"faces":{"north":{"uv":[3.125,0,4.125,0.375],"rotation":90,"texture":"#0"},"east":{"uv":[3.125,0,4.125,0.375],"rotation":90,"texture":"#0"},"south":{"uv":[3.125,0.375,4.125,0],"rotation":90,"texture":"#0"},"west":{"uv":[3.125,0,4.125,0.375],"rotation":90,"texture":"#0"},"up":{"uv":[4.6875,0,5.0625,0.375],"rotation":180,"texture":"#0"},"down":{"uv":[4.6875,0,5.0625,0.375],"rotation":180,"texture":"#0"}}},{"from":[6.5,-7.5,-12],"to":[9.5,0.5,-9],"rotation":{"angle":-45,"axis":"x","origin":[0,17,1]},"faces":{"north":{"uv":[4.125,0,3.125,0.375],"rotation":90,"texture":"#0"},"east":{"uv":[4.125,0,3.125,0.375],"rotation":90,"texture":"#0"},"south":{"uv":[4.125,0.375,3.125,0],"rotation":90,"texture":"#0"},"west":{"uv":[4.125,0,3.125,0.375],"rotation":90,"texture":"#0"},"up":{"uv":[4.6875,0.375,5.0625,0],"rotation":180,"texture":"#0"},"down":{"uv":[4.6875,0.375,5.0625,0],"rotation":180,"texture":"#0"}}},{"from":[7.25,-3,13],"to":[8.75,-1.5,20],"rotation":{"angle":22.5,"axis":"x","origin":[0,8,0]},"faces":{"north":{"uv":[2.75,0.1875,2.9375,0],"rotation":180,"texture":"#0"},"east":{"uv":[2.9375,0,2.75,0.875],"rotation":270,"texture":"#0"},"south":{"uv":[2.75,0.1875,2.9375,0],"texture":"#0"},"west":{"uv":[2.9375,0,2.75,0.875],"rotation":90,"texture":"#0"},"up":{"uv":[2.75,0.875,2.9375,0],"texture":"#0"},"down":{"uv":[2.75,0.875,2.9375,0],"rotation":180,"texture":"#0"}}},{"from":[0,0,-4],"to":[5,0,1],"rotation":{"angle":22.5,"axis":"z","origin":[4.5,18,-2]},"faces":{"north":{"uv":[4,0,0,0],"texture":"#missing"},"east":{"uv":[1.1875,13.5,0.6875,13.5],"texture":"#0"},"south":{"uv":[4,0,0,0],"texture":"#missing"},"west":{"uv":[4,0,0,0],"texture":"#missing"},"up":{"uv":[0,13.625,0.625,14.25],"texture":"#0"},"down":{"uv":[0,14.25,0.625,13.625],"texture":"#0"}}},{"from":[0,0.2,-4],"to":[5,0.2,1],"rotation":{"angle":22.5,"axis":"z","origin":[4.5,18,-2]},"faces":{"north":{"uv":[4,0,0,0],"texture":"#missing"},"east":{"uv":[1.1875,13.5,0.6875,13.5],"texture":"#0"},"south":{"uv":[4,0,0,0],"texture":"#missing"},"west":{"uv":[4,0,0,0],"texture":"#missing"},"up":{"uv":[0,13.625,0.625,14.25],"texture":"#0"},"down":{"uv":[0,14.25,0.625,13.625],"texture":"#0"}}},{"from":[-2,-1,-2],"to":[3,-1,3],"rotation":{"angle":22.5,"axis":"z","origin":[4.5,18,-2]},"faces":{"north":{"uv":[1.1875,13.5,0.6875,13.5],"texture":"#0"},"east":{"uv":[4,0,0,0],"texture":"#missing"},"south":{"uv":[4,0,0,0],"texture":"#missing"},"west":{"uv":[4,0,0,0],"texture":"#missing"},"up":{"uv":[0,14.25,0.625,13.625],"rotation":90,"texture":"#0"},"down":{"uv":[0,13.625,0.625,14.25],"rotation":270,"texture":"#0"}}},{"from":[-2,-0.8,-2],"to":[3,-0.8,3],"rotation":{"angle":22.5,"axis":"z","origin":[4.5,18,-2]},"faces":{"north":{"uv":[1.1875,13.5,0.6875,13.5],"texture":"#0"},"east":{"uv":[4,0,0,0],"texture":"#missing"},"south":{"uv":[4,0,0,0],"texture":"#missing"},"west":{"uv":[4,0,0,0],"texture":"#missing"},"up":{"uv":[0,14.25,0.625,13.625],"rotation":90,"texture":"#0"},"down":{"uv":[0,13.625,0.625,14.25],"rotation":270,"texture":"#0"}}},{"from":[7,24.5,14.25],"to":[9,27.5,16.25],"rotation":{"angle":-22.5,"axis":"x","origin":[8,26.75,14]},"faces":{"north":{"uv":[2.5,2,2.75,1.625],"rotation":180,"texture":"#0"},"east":{"uv":[1,2.75,1.375,3],"rotation":90,"texture":"#0"},"south":{"uv":[2.5,2,2.75,1.625],"texture":"#0"},"west":{"uv":[1.375,2.75,1,3],"rotation":270,"texture":"#0"},"up":{"uv":[0.75,3.125,1,2.875],"rotation":180,"texture":"#0"},"down":{"uv":[0.75,3.125,1,2.875],"texture":"#0"}}},{"from":[7.25,25.05,16.25],"to":[8.75,27.05,17.25],"rotation":{"angle":-22.5,"axis":"x","origin":[8,26.75,14]},"faces":{"north":{"uv":[2.5,2.25,2.6875,2],"rotation":180,"texture":"#0"},"east":{"uv":[2.5,2.125,2.25,2.25],"rotation":90,"texture":"#0"},"south":{"uv":[2.5,2.25,2.6875,2],"texture":"#0"},"west":{"uv":[2.5,2.125,2.25,2.25],"rotation":270,"texture":"#0"},"up":{"uv":[2.75,2,2.9375,1.875],"rotation":180,"texture":"#0"},"down":{"uv":[2.75,2,2.9375,1.875],"texture":"#0"}}},{"from":[7.25,-10.05,16.25],"to":[8.75,-8.05,17.25],"rotation":{"angle":22.5,"axis":"x","origin":[8,-9.75,14]},"faces":{"north":{"uv":[2.5,2,2.6875,2.25],"rotation":180,"texture":"#0"},"east":{"uv":[2.25,2.125,2.5,2.25],"rotation":90,"texture":"#0"},"south":{"uv":[2.5,2,2.6875,2.25],"texture":"#0"},"west":{"uv":[2.25,2.125,2.5,2.25],"rotation":270,"texture":"#0"},"up":{"uv":[2.75,1.875,2.9375,2],"texture":"#0"},"down":{"uv":[2.75,1.875,2.9375,2],"rotation":180,"texture":"#0"}}},{"from":[7,-10.5,14.25],"to":[9,-7.5,16.25],"rotation":{"angle":22.5,"axis":"x","origin":[8,-9.75,14]},"faces":{"north":{"uv":[2.5,1.625,2.75,2],"rotation":180,"texture":"#0"},"east":{"uv":[1.375,2.75,1,3],"rotation":90,"texture":"#0"},"south":{"uv":[2.5,1.625,2.75,2],"texture":"#0"},"west":{"uv":[1,2.75,1.375,3],"rotation":270,"texture":"#0"},"up":{"uv":[0.75,2.875,1,3.125],"texture":"#0"},"down":{"uv":[0.75,2.875,1,3.125],"rotation":180,"texture":"#0"}}},{"from":[5.4,15,6],"to":[5.4,26,12],"rotation":{"angle":0,"axis":"y","origin":[0,-13,1]},"faces":{"north":{"uv":[0,0,0,11],"texture":"#1"},"east":{"uv":[6,0,0,11],"texture":"#1"},"south":{"uv":[0,0,0,11],"texture":"#1"},"west":{"uv":[0,0,6,11],"texture":"#1"},"up":{"uv":[0,6,0,0],"texture":"#1"},"down":{"uv":[0,0,0,6],"texture":"#1"}}},{"from":[8,9,0.5],"to":[8,20,6.5],"rotation":{"angle":0,"axis":"y","origin":[0,-13,17.5]},"faces":{"north":{"uv":[0,0,0,11],"texture":"#1"},"east":{"uv":[6,0,0,11],"texture":"#1"},"south":{"uv":[0,0,0,11],"texture":"#1"},"west":{"uv":[0,0,6,11],"texture":"#1"},"up":{"uv":[0,6,0,0],"texture":"#1"},"down":{"uv":[0,0,0,6],"texture":"#1"}}},{"from":[8.4,-8,15],"to":[8.4,3,21],"rotation":{"angle":0,"axis":"y","origin":[0,-13,1]},"faces":{"north":{"uv":[0,0,0,11],"texture":"#1"},"east":{"uv":[6,0,0,11],"texture":"#1"},"south":{"uv":[0,0,0,11],"texture":"#1"},"west":{"uv":[0,0,6,11],"texture":"#1"},"up":{"uv":[0,6,0,0],"texture":"#1"},"down":{"uv":[0,0,0,6],"texture":"#1"}}},{"from":[10.6,15,6],"to":[10.6,26,12],"rotation":{"angle":0,"axis":"y","origin":[16,-13,1]},"faces":{"north":{"uv":[0,0,0,11],"texture":"#1"},"east":{"uv":[6,0,0,11],"texture":"#1"},"south":{"uv":[0,0,0,11],"texture":"#1"},"west":{"uv":[0,0,6,11],"texture":"#1"},"up":{"uv":[0,6,0,0],"texture":"#1"},"down":{"uv":[0,0,0,6],"texture":"#1"}}},{"from":[8,-13,17],"to":[8,-7,23],"rotation":{"angle":-22.5,"axis":"x","origin":[8,-10,17]},"faces":{"north":{"uv":[0,0,0,5],"rotation":180,"texture":"#missing"},"east":{"uv":[1,14.625,1.75,15.375],"rotation":90,"texture":"#0"},"south":{"uv":[0,0,0,5],"texture":"#missing"},"west":{"uv":[1.75,14.625,1,15.375],"rotation":270,"texture":"#0"},"up":{"uv":[0,0,0,6],"texture":"#missing"},"down":{"uv":[0,0,0,6],"rotation":180,"texture":"#missing"}}},{"from":[8,24,17],"to":[8,30,23],"rotation":{"angle":22.5,"axis":"x","origin":[8,27,17]},"faces":{"north":{"uv":[0,5,0,0],"rotation":180,"texture":"#missing"},"east":{"uv":[1.75,14.625,1,15.375],"rotation":90,"texture":"#0"},"south":{"uv":[0,5,0,0],"texture":"#missing"},"west":{"uv":[1,14.625,1.75,15.375],"rotation":270,"texture":"#0"},"up":{"uv":[0,6,0,0],"rotation":180,"texture":"#missing"},"down":{"uv":[0,6,0,0],"texture":"#missing"}}},{"from":[6,14.8,10],"to":[6,18.8,14],"rotation":{"angle":-22.5,"axis":"x","origin":[5,7.8,8]},"faces":{"north":{"uv":[0,0,4,0],"rotation":90,"texture":"#missing"},"east":{"uv":[0,14.8125,0.5,14.3125],"rotation":90,"texture":"#0"},"south":{"uv":[0,0,4,0],"rotation":270,"texture":"#missing"},"west":{"uv":[0,14.3125,0.5,14.8125],"rotation":90,"texture":"#0"},"up":{"uv":[4,0,0,0],"rotation":90,"texture":"#missing"},"down":{"uv":[1.1875,13.5,0.6875,13.5],"rotation":90,"texture":"#0"}}},{"from":[10,10.8,6],"to":[10,14.8,10],"rotation":{"angle":-22.5,"axis":"x","origin":[9,9.8,5]},"faces":{"north":{"uv":[4,0,0,0],"rotation":270,"texture":"#missing"},"east":{"uv":[0,14.8125,0.5,14.3125],"rotation":270,"texture":"#0"},"south":{"uv":[4,0,0,0],"rotation":90,"texture":"#missing"},"west":{"uv":[0,14.3125,0.5,14.8125],"rotation":270,"texture":"#0"},"up":{"uv":[0.6875,13.5,1.1875,13.5],"rotation":270,"texture":"#0"},"down":{"uv":[0,0,4,0],"rotation":270,"texture":"#missing"}}},{"from":[6.2,13.3,9],"to":[6.2,18.3,14],"rotation":{"angle":-22.5,"axis":"x","origin":[6.2,15.8,11.5]},"faces":{"north":{"uv":[4,0,0,0],"rotation":270,"texture":"#missing"},"east":{"uv":[0,13.625,0.625,14.25],"rotation":270,"texture":"#0"},"south":{"uv":[4,0,0,0],"rotation":90,"texture":"#missing"},"west":{"uv":[0.625,14.25,0,13.625],"rotation":270,"texture":"#0"},"up":{"uv":[0.6875,13.5,1.1875,13.5],"rotation":270,"texture":"#0"},"down":{"uv":[0,0,4,0],"rotation":270,"texture":"#missing"}}},{"from":[6.2,0.7,3],"to":[6.2,5.7,8],"rotation":{"angle":22.5,"axis":"x","origin":[6.2,0.2,6.5]},"faces":{"north":{"uv":[0,0,4,0],"rotation":90,"texture":"#missing"},"east":{"uv":[0.625,14.25,0,13.625],"rotation":270,"texture":"#0"},"south":{"uv":[0,0,4,0],"rotation":270,"texture":"#missing"},"west":{"uv":[0,13.625,0.625,14.25],"rotation":270,"texture":"#0"},"up":{"uv":[0,0,4,0],"rotation":270,"texture":"#missing"},"down":{"uv":[0.6875,13.5,1.1875,13.5],"rotation":270,"texture":"#0"}}},{"from":[10,1.2,8],"to":[10,5.2,12],"rotation":{"angle":-22.5,"axis":"x","origin":[9,6.2,13]},"faces":{"north":{"uv":[0,0,4,0],"rotation":90,"texture":"#missing"},"east":{"uv":[0.5,14.3125,0,14.8125],"rotation":270,"texture":"#0"},"south":{"uv":[0,0,4,0],"rotation":270,"texture":"#missing"},"west":{"uv":[0.5,14.8125,0,14.3125],"rotation":270,"texture":"#0"},"up":{"uv":[0,0,4,0],"rotation":270,"texture":"#missing"},"down":{"uv":[0.6875,13.5,1.1875,13.5],"rotation":270,"texture":"#0"}}},{"from":[7.3,20.8,2.2],"to":[7.3,28.8,10.2],"rotation":{"angle":-22.5,"axis":"x","origin":[7.3,10,7.5]},"faces":{"north":{"uv":[0,0,0,6],"texture":"#missing"},"east":{"uv":[1,15,0,16],"texture":"#0"},"south":{"uv":[0,0,0,6],"texture":"#missing"},"west":{"uv":[0,15,1,16],"texture":"#0"},"up":{"uv":[0,0,0,5],"texture":"#missing"},"down":{"uv":[0,0,0,5],"texture":"#missing"}}},{"from":[8.3,-4.2,11.2],"to":[8.3,3.8,19.2],"rotation":{"angle":22.5,"axis":"x","origin":[7.3,10,7.5]},"faces":{"north":{"uv":[0,0,0,6],"texture":"#missing"},"east":{"uv":[0,15,1,16],"texture":"#0"},"south":{"uv":[0,0,0,6],"texture":"#missing"},"west":{"uv":[1,15,0,16],"texture":"#0"},"up":{"uv":[0,0,0,5],"texture":"#missing"},"down":{"uv":[0,0,0,5],"texture":"#missing"}}},{"from":[6.8,12.3,10.4],"to":[6.8,19.3,17.4],"rotation":{"angle":-45,"axis":"x","origin":[0,0,1]},"faces":{"north":{"uv":[0,0,0,7],"texture":"#missing"},"east":{"uv":[5.0625,15.125,4.1875,16],"texture":"#0"},"south":{"uv":[0,0,0,7],"texture":"#missing"},"west":{"uv":[4.1875,15.125,5.0625,16],"texture":"#0"},"up":{"uv":[0,0,0,7],"texture":"#missing"},"down":{"uv":[0,0,0,7],"texture":"#missing"}}},{"from":[6,-4,10],"to":[6,0,15],"rotation":{"angle":0,"axis":"y","origin":[0,0,17]},"faces":{"east":{"uv":[4,2,9,6],"texture":"#3"},"west":{"uv":[9,2,4,6],"texture":"#3"}}},{"from":[4.9,11,-2],"to":[4.9,17,7],"rotation":{"angle":0,"axis":"y","origin":[0,0,1]},"faces":{"east":{"uv":[9,0,0,6],"texture":"#3"},"west":{"uv":[0,0,9,6],"texture":"#3"}}},{"from":[11,3,2],"to":[11,9,11],"rotation":{"angle":0,"axis":"y","origin":[16,0,17]},"faces":{"east":{"uv":[0,0,9,6],"texture":"#3"},"west":{"uv":[9,0,0,6],"texture":"#3"}}},{"from":[6,3,3.5],"to":[11,8.5,3.5],"rotation":{"angle":-45,"axis":"y","origin":[8.5,5.75,3.5]},"faces":{"north":{"uv":[0,0,10,11],"texture":"#2"},"south":{"uv":[0,0,10,11],"texture":"#2"}}},{"from":[7.75,1.4,15.5],"to":[8.25,25.5,16],"rotation":{"angle":-45,"axis":"x","origin":[8,25.25,15.75]},"faces":{"north":{"uv":[3.625,0.5,3.6875,2.625],"texture":"#0"},"east":{"uv":[3.625,0.5,3.6875,2.625],"texture":"#0"},"south":{"uv":[3.625,0.5,3.6875,2.625],"texture":"#0"},"west":{"uv":[3.625,0.5,3.6875,2.625],"texture":"#0"},"up":{"uv":[3.625,0.5,3.6875,0.5625],"texture":"#0"},"down":{"uv":[3.625,0.5,3.6875,0.5625],"texture":"#0"}}},{"from":[7.75,-8.5,15.5],"to":[8.25,15.6,16],"rotation":{"angle":45,"axis":"x","origin":[8,-8.25,15.75]},"faces":{"north":{"uv":[3.625,2.625,3.6875,0.5],"texture":"#0"},"east":{"uv":[3.625,2.625,3.6875,0.5],"texture":"#0"},"south":{"uv":[3.625,2.625,3.6875,0.5],"texture":"#0"},"west":{"uv":[3.625,2.625,3.6875,0.5],"texture":"#0"},"up":{"uv":[3.625,0.5625,3.6875,0.5],"texture":"#0"},"down":{"uv":[3.625,0.5625,3.6875,0.5],"texture":"#0"}}},{"from":[5.75,8.5,2],"to":[10.25,8.5,32],"rotation":{"angle":45,"axis":"z","origin":[8,8.5,18.125]},"faces":{"north":{"uv":[0,0,0,0.0625],"rotation":270,"texture":"#missing"},"east":{"uv":[0,0,2.875,0],"rotation":180,"texture":"#missing"},"south":{"uv":[0,0,0,0.0625],"rotation":90,"texture":"#missing"},"west":{"uv":[0,0,2.875,0],"texture":"#missing"},"up":{"uv":[7.5625,0,11.3125,0.5625],"rotation":90,"texture":"#0"},"down":{"uv":[11.3125,0,7.5625,0.5625],"rotation":90,"texture":"#0"}}},{"from":[8,6.25,2],"to":[8,10.75,32],"rotation":{"angle":45,"axis":"z","origin":[8,8.5,18.125]},"faces":{"north":{"uv":[0,0,0,0.0625],"texture":"#missing"},"east":{"uv":[11.3125,0,7.5625,0.5625],"texture":"#0"},"south":{"uv":[0,0,0,0.0625],"texture":"#missing"},"west":{"uv":[7.5625,0,11.3125,0.5625],"texture":"#0"},"up":{"uv":[0,0,2.875,0],"rotation":90,"texture":"#missing"},"down":{"uv":[0,0,2.875,0],"rotation":270,"texture":"#missing"}}}],"gui_light":"front","display":{"thirdperson_righthand":{"translation":[0,-2.5,0.25],"scale":[0.55,0.55,0.55]},"thirdperson_lefthand":{"translation":[0,-2.5,0.25],"scale":[0.55,0.55,0.55]},"firstperson_righthand":{"rotation":[19.75,0,0],"translation":[2.25,4.5,2.25],"scale":[0.25,0.25,0.25]},"firstperson_lefthand":{"rotation":[19.75,0,0],"translation":[2.25,4.5,2.25],"scale":[0.25,0.25,0.25]},"ground":{"rotation":[45,0,0],"translation":[0,9,0],"scale":[0.4,0.4,0.4]},"gui":{"rotation":[-90,135,-90],"translation":[-0.5,1.25,-1.5],"scale":[0.34766,0.34766,0.34766]},"head":{"scale":[0,0,0]},"fixed":{"rotation":[-90,-90,-90],"translation":[10.5,-0.75,-2],"scale":[1.3,1.3,1.3]}},"mcmodels":"a829502a9c27af5a1fa25c86dd639713"}