{"credit":"MadewithBlockbench","texture_size":[128,128],"textures":{"0":"item/crates/ocean/seaturtle_texture_01","1":"item/crates/ocean/seaturtle_animation_01","2":"item/crates/ocean/seaturtle_animation_02","3":"item/crates/ocean/seaturtle_animation_03","particle":"item/crates/ocean/seaturtle_texture_01"},"elements":[{"from":[11.5,10.5,6.5],"to":[14.5,13,9],"rotation":{"angle":-45,"axis":"x","origin":[13,12,8]},"faces":{"north":{"uv":[1.3125,3,1.6875,3.3125],"texture":"#0"},"east":{"uv":[1,3,1.3125,3.3125],"texture":"#0"},"south":{"uv":[1.3125,3,1.6875,3.3125],"texture":"#0"},"west":{"uv":[1.3125,3,1,3.3125],"texture":"#0"},"up":{"uv":[1.6875,3,2.0625,3.3125],"rotation":180,"texture":"#0"},"down":{"uv":[1.6875,3,2.0625,3.3125],"rotation":180,"texture":"#0"}}},{"from":[12.25,9.64645,6],"to":[13.75,13.64645,10],"rotation":{"angle":-45,"axis":"x","origin":[13,11.64645,8]},"faces":{"north":{"uv":[2.75,2.25,2.9375,2.75],"texture":"#0"},"east":{"uv":[2.25,2.25,2.75,2.75],"texture":"#0"},"south":{"uv":[2.75,2.25,2.9375,2.75],"texture":"#0"},"west":{"uv":[2.25,2.25,2.75,2.75],"texture":"#0"},"up":{"uv":[2.9375,2.25,3.125,2.75],"rotation":180,"texture":"#0"},"down":{"uv":[2.9375,2.25,3.125,2.75],"rotation":180,"texture":"#0"}}},{"from":[10.5,6.5,9],"to":[12.5,17.5,13],"rotation":{"angle":0,"axis":"y","origin":[10,-14,0]},"faces":{"north":{"uv":[1,0,1.25,1.375],"texture":"#0"},"east":{"uv":[0.0625,0,0.5625,1.375],"texture":"#0"},"south":{"uv":[1.25,1.375,1,2.75],"texture":"#0"},"west":{"uv":[0,0,0.5,1.375],"texture":"#0"},"up":{"uv":[0,1.375,0.5,1.625],"rotation":90,"texture":"#0"},"down":{"uv":[1.5,1.875,2,1.625],"rotation":270,"texture":"#0"}}},{"from":[10.5,6.5,4],"to":[12.5,17.5,9],"rotation":{"angle":0,"axis":"y","origin":[10,-14,0]},"faces":{"north":{"uv":[1,0,1.25,1.375],"texture":"#0"},"east":{"uv":[0.375,0,1,1.375],"texture":"#0"},"south":{"uv":[1.25,1.375,1,2.75],"texture":"#0"},"west":{"uv":[0.3125,0,0.9375,1.375],"texture":"#0"},"up":{"uv":[0,1.375,0.625,1.625],"rotation":90,"texture":"#0"},"down":{"uv":[1.5,1.875,2.125,1.625],"rotation":270,"texture":"#0"}}},{"from":[10.3,17.8,2.8],"to":[10.3,25.8,10.8],"rotation":{"angle":22.5,"axis":"x","origin":[7.3,6,9.5]},"faces":{"north":{"uv":[0,0,0,6],"texture":"#missing"},"east":{"uv":[1,15,0,16],"texture":"#0"},"south":{"uv":[0,0,0,6],"texture":"#missing"},"west":{"uv":[0,15,1,16],"texture":"#0"},"up":{"uv":[0,5,0,0],"texture":"#missing"},"down":{"uv":[0,5,0,0],"texture":"#missing"}}},{"from":[11.3,7.8,3.2],"to":[11.3,15.8,11.2],"rotation":{"angle":-45,"axis":"x","origin":[7.3,6,6.5]},"faces":{"north":{"uv":[0,0,0,6],"texture":"#missing"},"east":{"uv":[0,15,1,16],"texture":"#0"},"south":{"uv":[0,0,0,6],"texture":"#missing"},"west":{"uv":[1,15,0,16],"texture":"#0"},"up":{"uv":[0,0,0,5],"texture":"#missing"},"down":{"uv":[0,0,0,5],"texture":"#missing"}}},{"from":[12.2,15.5,2.5],"to":[12.2,20.5,7.5],"rotation":{"angle":0,"axis":"y","origin":[0,-5,0]},"faces":{"north":{"uv":[0,0,0,6],"texture":"#missing"},"east":{"uv":[1.625,15.375,1,16],"texture":"#0"},"south":{"uv":[0,0,0,6],"texture":"#missing"},"west":{"uv":[1,15.375,1.625,16],"texture":"#0"},"up":{"uv":[0,0,0,5],"texture":"#missing"},"down":{"uv":[0,0,0,5],"texture":"#missing"}}},{"from":[9.2,17,0.5],"to":[9.2,22,5.5],"rotation":{"angle":0,"axis":"y","origin":[0,-5,0]},"faces":{"north":{"uv":[0,0,0,6],"texture":"#missing"},"east":{"uv":[1.625,15.375,1,16],"texture":"#0"},"south":{"uv":[0,0,0,6],"texture":"#missing"},"west":{"uv":[1,15.375,1.625,16],"texture":"#0"},"up":{"uv":[0,0,0,5],"texture":"#missing"},"down":{"uv":[0,0,0,5],"texture":"#missing"}}},{"from":[11.2,15,5.5],"to":[11.2,20,10.5],"rotation":{"angle":0,"axis":"y","origin":[0,-5,16]},"faces":{"north":{"uv":[0,0,0,6],"texture":"#missing"},"east":{"uv":[1,15.375,1.625,16],"texture":"#0"},"south":{"uv":[0,0,0,6],"texture":"#missing"},"west":{"uv":[1.625,15.375,1,16],"texture":"#0"},"up":{"uv":[0,5,0,0],"texture":"#missing"},"down":{"uv":[0,5,0,0],"texture":"#missing"}}},{"from":[11,17.5,4],"to":[11,23,9],"rotation":{"angle":0,"axis":"y","origin":[0,-4,0]},"faces":{"east":{"uv":[0,0,10,11],"texture":"#2"},"west":{"uv":[0,0,10,11],"texture":"#2"}}},{"from":[8.5,-3,2.5],"to":[10.5,7,8.5],"rotation":{"angle":0,"axis":"y","origin":[10,-14,0]},"faces":{"north":{"uv":[1.25,1.5,1.5,2.75],"texture":"#0"},"east":{"uv":[4.4375,0.5,5.1875,1.75],"texture":"#0"},"south":{"uv":[1.25,0,1.5,1.5],"texture":"#0"},"west":{"uv":[4.4375,0.5,5.1875,1.75],"texture":"#0"},"up":{"uv":[0,1.375,0.75,1.625],"rotation":90,"texture":"#0"},"down":{"uv":[1.625,2.125,2.375,1.875],"rotation":270,"texture":"#0"}}},{"from":[8.5,7,2.5],"to":[10.5,19,8.5],"rotation":{"angle":0,"axis":"y","origin":[10,-14,0]},"faces":{"north":{"uv":[1.25,0,1.5,1.5],"texture":"#0"},"east":{"uv":[3.6875,0.5,4.4375,2],"texture":"#0"},"south":{"uv":[1.25,0,1.5,1.5],"texture":"#0"},"west":{"uv":[3.6875,0.5,4.4375,2],"texture":"#0"},"up":{"uv":[0,1.625,0.75,1.875],"rotation":90,"texture":"#0"},"down":{"uv":[1.5,1.875,2.25,1.625],"rotation":270,"texture":"#0"}}},{"from":[14.6,12,5],"to":[14.6,23,11],"rotation":{"angle":0,"axis":"y","origin":[0,-4,0]},"faces":{"north":{"uv":[0,0,0,11],"texture":"#1"},"east":{"uv":[6,0,0,11],"texture":"#1"},"south":{"uv":[0,0,0,11],"texture":"#1"},"west":{"uv":[0,0,6,11],"texture":"#1"},"up":{"uv":[0,6,0,0],"texture":"#1"},"down":{"uv":[0,0,0,6],"texture":"#1"}}},{"from":[8.6,21,10],"to":[8.6,32,16],"rotation":{"angle":0,"axis":"y","origin":[0,-4,0]},"faces":{"north":{"uv":[0,0,0,11],"texture":"#1"},"east":{"uv":[6,0,0,11],"texture":"#1"},"south":{"uv":[0,0,0,11],"texture":"#1"},"west":{"uv":[0,0,6,11],"texture":"#1"},"up":{"uv":[0,6,0,0],"texture":"#1"},"down":{"uv":[0,0,0,6],"texture":"#1"}}},{"from":[0.5,3.5,8],"to":[3.5,5.5,10],"rotation":{"angle":0,"axis":"y","origin":[0,-5,0]},"faces":{"north":{"uv":[1,2.75,1.375,3],"texture":"#0"},"east":{"uv":[0.75,2.875,1,3.125],"texture":"#0"},"south":{"uv":[1.375,2.75,1,3],"texture":"#0"},"west":{"uv":[0.75,2.875,1,3.125],"texture":"#0"},"up":{"uv":[2.5,1.625,2.75,2],"rotation":90,"texture":"#0"},"down":{"uv":[2.5,1.625,2.75,2],"rotation":270,"texture":"#0"}}},{"from":[0.5,12.5,8],"to":[3.5,14.5,10],"rotation":{"angle":0,"axis":"y","origin":[0,-5,0]},"faces":{"north":{"uv":[1,2.75,1.375,3],"texture":"#0"},"east":{"uv":[0.75,2.875,1,3.125],"texture":"#0"},"south":{"uv":[1.375,2.75,1,3],"texture":"#0"},"west":{"uv":[0.75,2.875,1,3.125],"texture":"#0"},"up":{"uv":[2.5,1.625,2.75,2],"rotation":90,"texture":"#0"},"down":{"uv":[2.5,1.625,2.75,2],"rotation":270,"texture":"#0"}}},{"from":[1.5,6.2,8],"to":[3.5,7.7,10],"rotation":{"angle":0,"axis":"y","origin":[0,-5,0]},"faces":{"north":{"uv":[2.75,1.4375,3,1.625],"texture":"#0"},"east":{"uv":[2.75,1.25,3,1.4375],"texture":"#0"},"south":{"uv":[3,1.4375,2.75,1.625],"texture":"#0"},"west":{"uv":[2.75,1.25,3,1.4375],"texture":"#0"},"up":{"uv":[2.75,1.625,3,1.875],"rotation":90,"texture":"#0"},"down":{"uv":[2.75,1.875,3,1.625],"rotation":270,"texture":"#0"}}},{"from":[1.5,8.3,8],"to":[3.5,9.8,10],"rotation":{"angle":0,"axis":"y","origin":[0,-5,0]},"faces":{"north":{"uv":[2.75,1.4375,3,1.625],"texture":"#0"},"east":{"uv":[2.75,1.25,3,1.4375],"texture":"#0"},"south":{"uv":[3,1.4375,2.75,1.625],"texture":"#0"},"west":{"uv":[2.75,1.25,3,1.4375],"texture":"#0"},"up":{"uv":[2.75,1.625,3,1.875],"rotation":90,"texture":"#0"},"down":{"uv":[2.75,1.875,3,1.625],"rotation":270,"texture":"#0"}}},{"from":[1.5,10.4,8],"to":[3.5,11.9,10],"rotation":{"angle":0,"axis":"y","origin":[0,-5,0]},"faces":{"north":{"uv":[2.75,1.4375,3,1.625],"texture":"#0"},"east":{"uv":[2.75,1.25,3,1.4375],"texture":"#0"},"south":{"uv":[3,1.4375,2.75,1.625],"texture":"#0"},"west":{"uv":[2.75,1.25,3,1.4375],"texture":"#0"},"up":{"uv":[2.75,1.625,3,1.875],"rotation":90,"texture":"#0"},"down":{"uv":[2.75,1.875,3,1.625],"rotation":270,"texture":"#0"}}},{"from":[1,5.5,8.2],"to":[3,12.5,9.8],"rotation":{"angle":0,"axis":"y","origin":[0,-5,0]},"faces":{"north":{"uv":[2.75,0,3,0.875],"texture":"#0"},"east":{"uv":[2.75,0,2.95,0.875],"texture":"#0"},"south":{"uv":[2.75,0,3,0.875],"texture":"#0"},"west":{"uv":[2.75,0,2.95,0.875],"texture":"#0"},"up":{"uv":[2.75,0,2.95,0.25],"rotation":90,"texture":"#0"},"down":{"uv":[2.75,0,2.95,0.25],"rotation":270,"texture":"#0"}}},{"from":[3.5,12.5,8.2],"to":[6,14.5,9.8],"rotation":{"angle":0,"axis":"y","origin":[0,-5,0]},"faces":{"north":{"uv":[2.75,0,3,0.3125],"rotation":270,"texture":"#0"},"east":{"uv":[2.75,0,2.95,0.25],"rotation":180,"texture":"#0"},"south":{"uv":[2.75,0,3,0.3125],"rotation":90,"texture":"#0"},"west":{"uv":[2.75,0,2.95,0.25],"texture":"#0"},"up":{"uv":[2.75,0,2.95,0.3125],"rotation":90,"texture":"#0"},"down":{"uv":[2.75,0,2.95,0.3125],"rotation":90,"texture":"#0"}}},{"from":[3.5,3.5,8.2],"to":[6,5.5,9.8],"rotation":{"angle":0,"axis":"y","origin":[0,13,0]},"faces":{"north":{"uv":[3,0,2.75,0.3125],"rotation":270,"texture":"#0"},"east":{"uv":[2.75,0.25,2.95,0],"rotation":180,"texture":"#0"},"south":{"uv":[3,0,2.75,0.3125],"rotation":90,"texture":"#0"},"west":{"uv":[2.75,0.25,2.95,0],"texture":"#0"},"up":{"uv":[2.95,0,2.75,0.3125],"rotation":90,"texture":"#0"},"down":{"uv":[2.95,0,2.75,0.3125],"rotation":90,"texture":"#0"}}},{"from":[8.5,7,8.5],"to":[10.5,19,14.5],"rotation":{"angle":0,"axis":"y","origin":[10,-14,16]},"faces":{"north":{"uv":[1.5,0,1.25,1.5],"texture":"#0"},"east":{"uv":[4.4375,0.5,3.6875,2],"texture":"#0"},"south":{"uv":[1.5,0,1.25,1.5],"texture":"#0"},"west":{"uv":[4.4375,0.5,3.6875,2],"texture":"#0"},"up":{"uv":[0.75,1.625,0,1.875],"rotation":90,"texture":"#0"},"down":{"uv":[2.25,1.875,1.5,1.625],"rotation":270,"texture":"#0"}}},{"from":[8.5,-3,8.5],"to":[10.5,7,14.5],"rotation":{"angle":0,"axis":"y","origin":[10,-14,16]},"faces":{"north":{"uv":[1.5,0,1.25,1.5],"texture":"#0"},"east":{"uv":[5.1875,0.5,4.4375,1.75],"texture":"#0"},"south":{"uv":[1.5,1.5,1.25,2.75],"texture":"#0"},"west":{"uv":[5.1875,0.5,4.4375,1.75],"texture":"#0"},"up":{"uv":[0.75,1.375,0,1.625],"rotation":90,"texture":"#0"},"down":{"uv":[2.375,2.125,1.625,1.875],"rotation":270,"texture":"#0"}}},{"from":[10.5,-1.5,4],"to":[12.5,6.5,9],"rotation":{"angle":0,"axis":"y","origin":[10,22,0]},"faces":{"north":{"uv":[1,1,1.25,0],"texture":"#0"},"east":{"uv":[0.375,0.375,1,1.375],"texture":"#0"},"south":{"uv":[1.25,2.375,1,1.375],"texture":"#0"},"west":{"uv":[0.3125,1,0.9375,0],"texture":"#0"},"up":{"uv":[2.125,1.875,1.5,1.625],"rotation":270,"texture":"#0"},"down":{"uv":[0.625,1.375,0,1.625],"rotation":90,"texture":"#0"}}},{"from":[11.3,17,-2],"to":[11.3,24,5],"rotation":{"angle":45,"axis":"x","origin":[8.3,5.5,5.5]},"faces":{"north":{"uv":[0,0,0,7],"texture":"#missing"},"east":{"uv":[5.0625,15.125,4.1875,16],"texture":"#0"},"south":{"uv":[0,0,0,7],"texture":"#missing"},"west":{"uv":[4.1875,15.125,5.0625,16],"texture":"#0"},"up":{"uv":[0,7,0,0],"texture":"#missing"},"down":{"uv":[0,7,0,0],"texture":"#missing"}}},{"from":[10.5,-1.5,9],"to":[12.5,6.5,13],"rotation":{"angle":0,"axis":"y","origin":[10,22,0]},"faces":{"north":{"uv":[1,1,1.25,0],"texture":"#0"},"east":{"uv":[0,0.3125,0.5,1.3125],"texture":"#0"},"south":{"uv":[1.25,2.375,1,1.375],"texture":"#0"},"west":{"uv":[0,1,0.5,0],"texture":"#0"},"up":{"uv":[2,1.875,1.5,1.625],"rotation":270,"texture":"#0"},"down":{"uv":[0.5,1.375,0,1.625],"rotation":90,"texture":"#0"}}},{"from":[7.5,-3.5,2],"to":[8.5,19.5,15],"rotation":{"angle":0,"axis":"y","origin":[10,-14,0]},"faces":{"north":{"uv":[1.625,3.375,1.75,6.25],"texture":"#0"},"east":{"uv":[0,3.375,1.625,6.25],"texture":"#0"},"south":{"uv":[1.625,3.375,1.75,6.25],"texture":"#0"},"west":{"uv":[0,3.375,1.625,6.25],"texture":"#0"},"up":{"uv":[0,6.25,1.625,6.375],"rotation":90,"texture":"#0"},"down":{"uv":[0,6.25,1.625,6.375],"rotation":90,"texture":"#0"}}},{"from":[13,15,-1],"to":[13,21,8],"rotation":{"angle":0,"axis":"y","origin":[0,0,16]},"faces":{"east":{"uv":[0,0,9,6],"texture":"#3"},"west":{"uv":[9,0,0,6],"texture":"#3"}}},{"from":[13,9,10],"to":[13,15,19],"faces":{"east":{"uv":[9,0,0,6],"texture":"#3"},"west":{"uv":[0,0,9,6],"texture":"#3"}}},{"from":[13,4,2],"to":[13,8,7],"rotation":{"angle":0,"axis":"y","origin":[0,0,16]},"faces":{"east":{"uv":[4,2,9,6],"texture":"#3"},"west":{"uv":[9,2,4,6],"texture":"#3"}}},{"from":[5.5,1,4],"to":[7.5,17,13],"rotation":{"angle":0,"axis":"y","origin":[10,-14,0]},"faces":{"north":{"uv":[0.75,1.875,1,2.875],"texture":"#0"},"east":{"uv":[0,1.875,0.75,2.875],"texture":"#0"},"south":{"uv":[1,1.875,0.75,2.875],"texture":"#0"},"west":{"uv":[0,1.875,0.75,2.875],"texture":"#0"},"up":{"uv":[0,2.875,0.75,3.125],"rotation":90,"texture":"#0"},"down":{"uv":[0.75,3.125,0,2.875],"rotation":270,"texture":"#0"}}},{"from":[15.2,8.2,10.5],"to":[20.2,8.2,15.5],"rotation":{"angle":-22.5,"axis":"z","origin":[4.5,14,-6]},"faces":{"north":{"uv":[4,0,0,0],"texture":"#missing"},"east":{"uv":[4,0,0,0],"texture":"#missing"},"south":{"uv":[1.1875,13.5,0.6875,13.5],"texture":"#0"},"west":{"uv":[4,0,0,0],"texture":"#missing"},"up":{"uv":[0,13.625,0.625,14.25],"rotation":90,"texture":"#0"},"down":{"uv":[0,14.25,0.625,13.625],"rotation":270,"texture":"#0"}}},{"from":[9.3,17.7,12.5],"to":[9.3,22.7,17.5],"rotation":{"angle":22.5,"axis":"x","origin":[9.3,21.2,15]},"faces":{"north":{"uv":[4,0,0,0],"rotation":90,"texture":"#missing"},"east":{"uv":[0,14.25,0.625,13.625],"rotation":180,"texture":"#0"},"south":{"uv":[1.1875,13.5,0.6875,13.5],"rotation":270,"texture":"#0"},"west":{"uv":[0,13.625,0.625,14.25],"texture":"#0"},"up":{"uv":[4,0,0,0],"rotation":270,"texture":"#missing"},"down":{"uv":[4,0,0,0],"rotation":270,"texture":"#missing"}}},{"from":[10,14.7,-4.5],"to":[10,19.7,0.5],"rotation":{"angle":-45,"axis":"x","origin":[9.3,21.2,1]},"faces":{"north":{"uv":[1.1875,13.5,0.6875,13.5],"rotation":270,"texture":"#0"},"east":{"uv":[0.625,14.25,0,13.625],"rotation":180,"texture":"#0"},"south":{"uv":[4,0,0,0],"rotation":90,"texture":"#missing"},"west":{"uv":[0.625,13.625,0,14.25],"texture":"#0"},"up":{"uv":[0,0,4,0],"rotation":270,"texture":"#missing"},"down":{"uv":[0,0,4,0],"rotation":270,"texture":"#missing"}}},{"from":[15.2,8,10.5],"to":[20.2,8,15.5],"rotation":{"angle":-22.5,"axis":"z","origin":[4.5,14,-6]},"faces":{"north":{"uv":[4,0,0,0],"texture":"#missing"},"east":{"uv":[4,0,0,0],"texture":"#missing"},"south":{"uv":[1.1875,13.5,0.6875,13.5],"texture":"#0"},"west":{"uv":[4,0,0,0],"texture":"#missing"},"up":{"uv":[0,13.625,0.625,14.25],"rotation":90,"texture":"#0"},"down":{"uv":[0,14.25,0.625,13.625],"rotation":270,"texture":"#0"}}},{"from":[14.5,7.2,8.5],"to":[19.5,7.2,13.5],"rotation":{"angle":-22.5,"axis":"z","origin":[4.5,14,-6]},"faces":{"north":{"uv":[4,0,0,0],"texture":"#missing"},"east":{"uv":[1.1875,13.5,0.6875,13.5],"texture":"#0"},"south":{"uv":[4,0,0,0],"texture":"#missing"},"west":{"uv":[4,0,0,0],"texture":"#missing"},"up":{"uv":[0,14.25,0.625,13.625],"rotation":180,"texture":"#0"},"down":{"uv":[0,13.625,0.625,14.25],"rotation":180,"texture":"#0"}}},{"from":[14.5,7,8.5],"to":[19.5,7,13.5],"rotation":{"angle":-22.5,"axis":"z","origin":[4.5,14,-6]},"faces":{"north":{"uv":[4,0,0,0],"texture":"#missing"},"east":{"uv":[1.1875,13.5,0.6875,13.5],"texture":"#0"},"south":{"uv":[4,0,0,0],"texture":"#missing"},"west":{"uv":[4,0,0,0],"texture":"#missing"},"up":{"uv":[0,14.25,0.625,13.625],"rotation":180,"texture":"#0"},"down":{"uv":[0,13.625,0.625,14.25],"rotation":180,"texture":"#0"}}},{"from":[14.5,5.2,11.5],"to":[19.5,5.2,16.5],"rotation":{"angle":-22.5,"axis":"z","origin":[4.5,14,22]},"faces":{"north":{"uv":[0,0,4,0],"texture":"#missing"},"east":{"uv":[0.6875,13.5,1.1875,13.5],"texture":"#0"},"south":{"uv":[0,0,4,0],"texture":"#missing"},"west":{"uv":[0,0,4,0],"texture":"#missing"},"up":{"uv":[0,13.625,0.625,14.25],"rotation":180,"texture":"#0"},"down":{"uv":[0,14.25,0.625,13.625],"rotation":180,"texture":"#0"}}},{"from":[14.5,5,11.5],"to":[19.5,5,16.5],"rotation":{"angle":-22.5,"axis":"z","origin":[4.5,14,22]},"faces":{"north":{"uv":[0,0,4,0],"texture":"#missing"},"east":{"uv":[0.6875,13.5,1.1875,13.5],"texture":"#0"},"south":{"uv":[0,0,4,0],"texture":"#missing"},"west":{"uv":[0,0,4,0],"texture":"#missing"},"up":{"uv":[0,13.625,0.625,14.25],"rotation":180,"texture":"#0"},"down":{"uv":[0,14.25,0.625,13.625],"rotation":180,"texture":"#0"}}},{"from":[15,8.2,3],"to":[19,8.2,7],"rotation":{"angle":-22.5,"axis":"z","origin":[4,13.1,19]},"faces":{"north":{"uv":[0.6875,13.5,1.1875,13.5],"texture":"#0"},"east":{"uv":[0,0,4,0],"texture":"#missing"},"south":{"uv":[0,0,4,0],"texture":"#missing"},"west":{"uv":[0,0,4,0],"texture":"#missing"},"up":{"uv":[0,14.3125,0.5,14.8125],"rotation":90,"texture":"#0"},"down":{"uv":[0,14.3125,0.5,14.8125],"rotation":270,"texture":"#0"}}},{"from":[8.6,19,8.5],"to":[8.6,28,16.5],"rotation":{"angle":-22.5,"axis":"x","origin":[0,-5,16]},"faces":{"north":{"uv":[0,0,0,6],"texture":"#missing"},"east":{"uv":[1.8125,14.875,2.8125,16],"texture":"#0"},"south":{"uv":[0,0,0,6],"texture":"#missing"},"west":{"uv":[2.8125,14.875,1.8125,16],"texture":"#0"},"up":{"uv":[0,5,0,0],"texture":"#missing"},"down":{"uv":[0,5,0,0],"texture":"#missing"}}},{"from":[15,8,3],"to":[19,8,7],"rotation":{"angle":-22.5,"axis":"z","origin":[4,13.1,19]},"faces":{"north":{"uv":[0.6875,13.5,1.1875,13.5],"texture":"#0"},"east":{"uv":[0,0,4,0],"texture":"#missing"},"south":{"uv":[0,0,4,0],"texture":"#missing"},"west":{"uv":[0,0,4,0],"texture":"#missing"},"up":{"uv":[0,14.3125,0.5,14.8125],"rotation":90,"texture":"#0"},"down":{"uv":[0,14.3125,0.5,14.8125],"rotation":270,"texture":"#0"}}},{"from":[15,6.2,1],"to":[19,6.2,5],"rotation":{"angle":-22.5,"axis":"z","origin":[4,13.1,19]},"faces":{"north":{"uv":[0.6875,13.5,1.1875,13.5],"texture":"#0"},"east":{"uv":[0,0,4,0],"texture":"#missing"},"south":{"uv":[0,0,4,0],"texture":"#missing"},"west":{"uv":[0,0,4,0],"texture":"#missing"},"up":{"uv":[0,14.3125,0.5,14.8125],"rotation":90,"texture":"#0"},"down":{"uv":[0,14.3125,0.5,14.8125],"rotation":270,"texture":"#0"}}},{"from":[7.6,16.1,-1],"to":[7.6,20.1,3],"rotation":{"angle":0,"axis":"y","origin":[4,13.1,19]},"faces":{"north":{"uv":[0.6875,13.5,1.1875,13.5],"rotation":90,"texture":"#0"},"east":{"uv":[0,14.3125,0.5,14.8125],"rotation":180,"texture":"#0"},"south":{"uv":[0,0,4,0],"rotation":270,"texture":"#missing"},"west":{"uv":[0,14.3125,0.5,14.8125],"texture":"#0"},"up":{"uv":[0,0,4,0],"rotation":270,"texture":"#missing"},"down":{"uv":[0,0,4,0],"rotation":270,"texture":"#missing"}}},{"from":[8.1,18.1,1],"to":[8.1,22.1,5],"rotation":{"angle":0,"axis":"y","origin":[4,13.1,19]},"faces":{"north":{"uv":[0.6875,13.5,1.1875,13.5],"rotation":90,"texture":"#0"},"east":{"uv":[0,14.3125,0.5,14.8125],"rotation":180,"texture":"#0"},"south":{"uv":[0,0,4,0],"rotation":270,"texture":"#missing"},"west":{"uv":[0,14.3125,0.5,14.8125],"texture":"#0"},"up":{"uv":[0,0,4,0],"rotation":270,"texture":"#missing"},"down":{"uv":[0,0,4,0],"rotation":270,"texture":"#missing"}}},{"from":[15,6,1],"to":[19,6,5],"rotation":{"angle":-22.5,"axis":"z","origin":[4,13.1,19]},"faces":{"north":{"uv":[0.6875,13.5,1.1875,13.5],"texture":"#0"},"east":{"uv":[0,0,4,0],"texture":"#missing"},"south":{"uv":[0,0,4,0],"texture":"#missing"},"west":{"uv":[0,0,4,0],"texture":"#missing"},"up":{"uv":[0,14.3125,0.5,14.8125],"rotation":90,"texture":"#0"},"down":{"uv":[0,14.3125,0.5,14.8125],"rotation":270,"texture":"#0"}}},{"from":[11,13,-1.5],"to":[11,22,7],"rotation":{"angle":45,"axis":"x","origin":[0,-1,0]},"faces":{"north":{"uv":[0,0,0,9],"texture":"#missing"},"east":{"uv":[2.9375,14.875,4,16],"texture":"#0"},"south":{"uv":[0,0,0,9],"texture":"#missing"},"west":{"uv":[4,14.875,2.9375,16],"texture":"#0"},"up":{"uv":[0,0,0,7],"texture":"#missing"},"down":{"uv":[0,0,0,7],"texture":"#missing"}}}],"gui_light":"front","display":{"thirdperson_righthand":{"translation":[4,-2.75,1.25],"scale":[0.7,0.7,0.7]},"thirdperson_lefthand":{"rotation":[0,180,0],"translation":[4,-2.75,2.75],"scale":[0.7,0.7,0.7]},"firstperson_righthand":{"rotation":[0,90,0],"translation":[-1.25,3.25,1],"scale":[0.44961,0.44961,0.44961]},"firstperson_lefthand":{"rotation":[0,-90,0],"translation":[-1.25,3.25,1],"scale":[0.44961,0.44961,0.44961]},"ground":{"translation":[0,11,0],"scale":[0.7,0.7,0.7]},"gui":{"rotation":[0,-90,0],"translation":[0.25,-1.75,-1.5],"scale":[0.51172,0.51172,0.51172]},"head":{"scale":[0,0,0]},"fixed":{"rotation":[0,90,0],"translation":[-0.5,-2,-5],"scale":[2,2,2]}},"mcmodels":"a829502a9c27af5a1fa25c86dd639713"}