{"credit":"Made with Blockbench","texture_size":[128,128],"textures":{"1":"item/furniture/basic/cherry","particle":"item/furniture/basic/cherry"},"elements":[{"from":[-6,29,0.5],"to":[22,32,15.5],"rotation":{"angle":0,"axis":"y","origin":[8,30.5,8]},"faces":{"north":{"uv":[2.125,4.75,3.875,4.9375],"texture":"#1"},"east":{"uv":[11.875,12.125,12.8125,12.3125],"texture":"#1"},"south":{"uv":[10.0625,9.375,11.8125,9.5625],"texture":"#1"},"west":{"uv":[12.1875,4.125,13.125,4.3125],"texture":"#1"},"up":{"uv":[3.875,4.6875,2.125,3.75],"texture":"#1"},"down":{"uv":[5.5,2.25,3.75,3.1875],"texture":"#1"}}},{"from":[-5,12,1.5],"to":[-3,29,13.5],"rotation":{"angle":0,"axis":"y","origin":[-4,20.5,7.5]},"faces":{"north":{"uv":[5.5,12.375,5.625,13.4375],"texture":"#1"},"east":{"uv":[5.4375,7.9375,6.1875,9],"texture":"#1"},"south":{"uv":[6.625,12.5,6.75,13.5625],"texture":"#1"},"west":{"uv":[6.25,8.1875,7,9.25],"texture":"#1"},"up":{"uv":[0.9375,13.9375,0.8125,13.1875],"texture":"#1"},"down":{"uv":[1.125,13.1875,1,13.9375],"texture":"#1"}}},{"from":[-2.9,20,2.5],"to":[19.1,21,13.5],"rotation":{"angle":0,"axis":"y","origin":[8.1,20.5,8]},"faces":{"north":{"uv":[13,12.75,14.375,12.8125],"texture":"#1"},"east":{"uv":[11.1875,10.5,11.875,10.5625],"texture":"#1"},"south":{"uv":[13.125,5.0625,14.5,5.125],"texture":"#1"},"west":{"uv":[14,5.625,14.6875,5.6875],"texture":"#1"},"up":{"uv":[9.0625,4.125,7.6875,3.4375],"texture":"#1"},"down":{"uv":[1.375,7.8125,0,8.5],"texture":"#1"}}},{"from":[16,21,4.5],"to":[20,28,13.5],"rotation":{"angle":0,"axis":"y","origin":[18,24.5,8.5]},"faces":{"north":{"uv":[8.5,9.5625,8.75,10],"texture":"#1"},"east":{"uv":[3.9375,11.1875,4.5,11.625],"texture":"#1"},"south":{"uv":[10.375,12.875,10.625,13.3125],"texture":"#1"},"west":{"uv":[8.5,11.1875,9.0625,11.625],"texture":"#1"},"up":{"uv":[9.25,8.5625,9,8],"texture":"#1"},"down":{"uv":[9.625,12.4375,9.375,13],"texture":"#1"}}},{"from":[7,21,4.5],"to":[10,28,13.5],"rotation":{"angle":0,"axis":"y","origin":[8.5,24.5,9]},"faces":{"north":{"uv":[12.8125,13.3125,13,13.75],"texture":"#1"},"east":{"uv":[2.8125,11.25,3.375,11.6875],"texture":"#1"},"south":{"uv":[13.0625,13.3125,13.25,13.75],"texture":"#1"},"west":{"uv":[10.8125,11.25,11.375,11.6875],"texture":"#1"},"up":{"uv":[1.6875,13.5,1.5,12.9375],"texture":"#1"},"down":{"uv":[2.4375,12.9375,2.25,13.5],"texture":"#1"}}},{"from":[-4,21,4.5],"to":[0,28,13.5],"rotation":{"angle":0,"axis":"y","origin":[-2,24.5,9]},"faces":{"north":{"uv":[1.1875,12.9375,1.4375,13.375],"texture":"#1"},"east":{"uv":[11.3125,0.8125,11.875,1.25],"texture":"#1"},"south":{"uv":[2.6875,12.9375,2.9375,13.375],"texture":"#1"},"west":{"uv":[6.3125,11.4375,6.875,11.875],"texture":"#1"},"up":{"uv":[12.75,1.375,12.5,0.8125],"texture":"#1"},"down":{"uv":[6.1875,12.5,5.9375,13.0625],"texture":"#1"}}},{"from":[-4,12,3.5],"to":[0,18,13.5],"rotation":{"angle":0,"axis":"y","origin":[-2,15,8.5]},"faces":{"north":{"uv":[7.875,8.1875,8.125,8.5625],"texture":"#1"},"east":{"uv":[11.4375,8.9375,12.0625,9.3125],"texture":"#1"},"south":{"uv":[7.3125,13.1875,7.5625,13.5625],"texture":"#1"},"west":{"uv":[11.4375,11.25,12.0625,11.625],"texture":"#1"},"up":{"uv":[10.625,12.8125,10.375,12.1875],"texture":"#1"},"down":{"uv":[0.4375,12.3125,0.1875,12.9375],"texture":"#1"}}},{"from":[7.2,12,5.5],"to":[10.2,18,13.5],"rotation":{"angle":0,"axis":"y","origin":[8.7,15,9.5]},"faces":{"north":{"uv":[0.1875,13.625,0.375,14],"texture":"#1"},"east":{"uv":[11.875,11.6875,12.375,12.0625],"texture":"#1"},"south":{"uv":[13.625,2,13.8125,2.375],"texture":"#1"},"west":{"uv":[11.9375,0.8125,12.4375,1.1875],"texture":"#1"},"up":{"uv":[3.5625,7.75,3.375,7.25],"texture":"#1"},"down":{"uv":[10.875,13.1875,10.6875,13.6875],"texture":"#1"}}},{"from":[2,21,3.5],"to":[5,29,13.5],"rotation":{"angle":0,"axis":"y","origin":[3.5,25,8.5]},"faces":{"north":{"uv":[10.9375,13.1875,11.125,13.6875],"texture":"#1"},"east":{"uv":[10.625,0.8125,11.25,1.3125],"texture":"#1"},"south":{"uv":[1.75,13.25,1.9375,13.75],"texture":"#1"},"west":{"uv":[3.9375,10.625,4.5625,11.125],"texture":"#1"},"up":{"uv":[13,1.25,12.8125,0.625],"texture":"#1"},"down":{"uv":[5.875,12.8125,5.6875,13.4375],"texture":"#1"}}},{"from":[4.2,12,2.5],"to":[7.2,20,13.5],"rotation":{"angle":0,"axis":"y","origin":[5.7,16,8]},"faces":{"north":{"uv":[2,13.25,2.1875,13.75],"texture":"#1"},"east":{"uv":[10.25,6.0625,10.9375,6.5625],"texture":"#1"},"south":{"uv":[3,13.25,3.1875,13.75],"texture":"#1"},"west":{"uv":[10.4375,10.0625,11.125,10.5625],"texture":"#1"},"up":{"uv":[11.5,13.375,11.3125,12.6875],"texture":"#1"},"down":{"uv":[11.75,12.6875,11.5625,13.375],"texture":"#1"}}},{"from":[12.18112,12,1.68397],"to":[18.18112,15,9.68397],"rotation":{"angle":-22.5,"axis":"y","origin":[15.18112,13.5,5.68397]},"faces":{"north":{"uv":[7.4375,9.3125,7.8125,9.5],"texture":"#1"},"east":{"uv":[2.125,3.5,2.625,3.6875],"texture":"#1"},"south":{"uv":[13.375,5.1875,13.75,5.375],"texture":"#1"},"west":{"uv":[13.1875,3.375,13.6875,3.5625],"texture":"#1"},"up":{"uv":[6.3125,12.4375,5.9375,11.9375],"texture":"#1"},"down":{"uv":[6.75,11.9375,6.375,12.4375],"texture":"#1"}}},{"from":[13.1,15,1.7],"to":[18.1,17,8.7],"rotation":{"angle":0,"axis":"y","origin":[15.6,16,5.2]},"faces":{"north":{"uv":[14.0625,4.5625,14.375,4.6875],"texture":"#1"},"east":{"uv":[0.9375,8.5625,1.375,8.6875],"texture":"#1"},"south":{"uv":[14.0625,9.5625,14.375,9.6875],"texture":"#1"},"west":{"uv":[13.625,11.6875,14.0625,11.8125],"texture":"#1"},"up":{"uv":[6.5625,12.9375,6.25,12.5],"texture":"#1"},"down":{"uv":[4.125,12.625,3.8125,13.0625],"texture":"#1"}}},{"from":[1.03806,11.99134,5.5],"to":[3.03806,18.99134,13.5],"rotation":{"angle":-22.5,"axis":"z","origin":[2.03806,15.49134,9.5]},"faces":{"north":{"uv":[3.75,3.25,3.875,3.6875],"texture":"#1"},"east":{"uv":[11.5,5.5625,12,6],"texture":"#1"},"south":{"uv":[11.125,13.9375,11.25,14.375],"texture":"#1"},"west":{"uv":[6.9375,11.5,7.4375,11.9375],"texture":"#1"},"up":{"uv":[13.3125,14.3125,13.1875,13.8125],"texture":"#1"},"down":{"uv":[13.5,13.8125,13.375,14.3125],"texture":"#1"}}},{"from":[0,21,5.5],"to":[7,27,13.5],"rotation":{"angle":0,"axis":"y","origin":[3.5,24,9.5]},"faces":{"north":{"uv":[1.25,12.1875,1.6875,12.5625],"texture":"#1"},"east":{"uv":[6.8125,12,7.3125,12.375],"texture":"#1"},"south":{"uv":[3.8125,12.1875,4.25,12.5625],"texture":"#1"},"west":{"uv":[12,10.5,12.5,10.875],"texture":"#1"},"up":{"uv":[2.4375,11.6875,2,11.1875],"texture":"#1"},"down":{"uv":[3.875,11.25,3.4375,11.75],"texture":"#1"}}},{"from":[14,21,5.5],"to":[16,26,13.5],"rotation":{"angle":0,"axis":"y","origin":[15,23.5,9]},"faces":{"north":{"uv":[9.125,11.125,9.25,11.4375],"texture":"#1"},"east":{"uv":[12.25,0,12.75,0.3125],"texture":"#1"},"south":{"uv":[14.0625,9.9375,14.1875,10.25],"texture":"#1"},"west":{"uv":[11.3125,12.3125,11.8125,12.625],"texture":"#1"},"up":{"uv":[13.9375,13.875,13.8125,13.375],"texture":"#1"},"down":{"uv":[13.6875,13.8125,13.5625,14.3125],"texture":"#1"}}},{"from":[11,21.2,5.5],"to":[13,27.2,13.5],"rotation":{"angle":22.5,"axis":"z","origin":[12,24.2,9.5]},"faces":{"north":{"uv":[0.8125,14,0.9375,14.375],"texture":"#1"},"east":{"uv":[12.0625,5.5625,12.5625,5.9375],"texture":"#1"},"south":{"uv":[14,0.875,14.125,1.25],"texture":"#1"},"west":{"uv":[12.0625,6.5625,12.5625,6.9375],"texture":"#1"},"up":{"uv":[3.75,14.375,3.625,13.875],"texture":"#1"},"down":{"uv":[6.875,13.875,6.75,14.375],"texture":"#1"}}},{"from":[19,12,1.5],"to":[21,29,13.5],"rotation":{"angle":0,"axis":"y","origin":[20,20.5,7.5]},"faces":{"north":{"uv":[7.6875,12.6875,7.8125,13.75],"texture":"#1"},"east":{"uv":[7.0625,8.1875,7.8125,9.25],"texture":"#1"},"south":{"uv":[7.875,12.6875,8,13.75],"texture":"#1"},"west":{"uv":[8.1875,7.5,8.9375,8.5625],"texture":"#1"},"up":{"uv":[3.375,14,3.25,13.25],"texture":"#1"},"down":{"uv":[3.5625,13.25,3.4375,14],"texture":"#1"}}},{"from":[-5,1,1.5],"to":[21,12,14.5],"rotation":{"angle":0,"axis":"y","origin":[8,6.5,8]},"faces":{"north":{"uv":[4.6875,7.1875,6.3125,7.875],"texture":"#1"},"east":{"uv":[5.0625,9.0625,5.875,9.75],"texture":"#1"},"south":{"uv":[7.375,5.625,9,6.3125],"texture":"#1"},"west":{"uv":[9.0625,5.375,9.875,6.0625],"texture":"#1"},"up":{"uv":[7.625,3.5625,6,2.75],"texture":"#1"},"down":{"uv":[7.625,3.625,6,4.4375],"texture":"#1"}}},{"from":[12,0,1.5],"to":[21,1,14.5],"rotation":{"angle":0,"axis":"y","origin":[16.5,0.5,8]},"faces":{"north":{"uv":[11.5,8.8125,12.0625,8.875],"texture":"#1"},"east":{"uv":[13.75,11.125,14.5625,11.1875],"texture":"#1"},"south":{"uv":[14.125,11.6875,14.6875,11.75],"texture":"#1"},"west":{"uv":[13.8125,5.75,14.625,5.8125],"texture":"#1"},"up":{"uv":[1.5,10.5,0.9375,9.6875],"texture":"#1"},"down":{"uv":[2.125,9.6875,1.5625,10.5],"texture":"#1"}}},{"from":[-5,0,1.5],"to":[4,1,14.5],"rotation":{"angle":0,"axis":"y","origin":[-0.5,0.5,8]},"faces":{"north":{"uv":[14.125,12.125,14.6875,12.1875],"texture":"#1"},"east":{"uv":[13.875,2.3125,14.6875,2.375],"texture":"#1"},"south":{"uv":[14.125,13,14.6875,13.0625],"texture":"#1"},"west":{"uv":[13.9375,12.5,14.75,12.5625],"texture":"#1"},"up":{"uv":[2.75,10.5,2.1875,9.6875],"texture":"#1"},"down":{"uv":[4.6875,9.75,4.125,10.5625],"texture":"#1"}}},{"from":[-5,12,13.5],"to":[21,29,14.5],"rotation":{"angle":0,"axis":"y","origin":[8,20.5,14]},"faces":{"north":{"uv":[3.75,0,5.375,1.0625],"texture":"#1"},"east":{"uv":[13.75,10,13.8125,11.0625],"texture":"#1"},"south":{"uv":[3.75,1.125,5.375,2.1875],"texture":"#1"},"west":{"uv":[10.625,13.75,10.6875,14.8125],"texture":"#1"},"up":{"uv":[14.4375,0.3125,12.8125,0.25],"texture":"#1"},"down":{"uv":[14.625,6.875,13,6.9375],"texture":"#1"}}}],"gui_light":"front","display":{"thirdperson_righthand":{"rotation":[75,45,0],"translation":[0,2.5,0],"scale":[0.375,0.375,0.375]},"thirdperson_lefthand":{"rotation":[75,45,0],"translation":[0,2.5,0],"scale":[0.375,0.375,0.375]},"firstperson_righthand":{"rotation":[0,120,0],"scale":[0.4,0.4,0.4]},"firstperson_lefthand":{"rotation":[0,120,0],"scale":[0.4,0.4,0.4]},"ground":{"translation":[0,2,0],"scale":[0.5,0.5,0.5]},"gui":{"rotation":[15,150,0],"translation":[-0.25,-3,0],"scale":[0.4,0.4,0.4]},"fixed":{"rotation":[-90,0,0],"translation":[0,0,-16],"scale":[2,2,2]}},"groups":[{"name":"book","origin":[-8,0,-8],"color":0,"children":[0,1,2,3,4,5,6,7,8,9,10,11,12,13,14,15,16,17,18,19,20]}],"mcmodels":"175f334c99c447e9681cb9b03b4ab6a6"}