{"credit":"Made with Blockbench","textures":{"0":"item/assets/discord_wumpus","particle":"item/assets/discord_wumpus"},"elements":[{"from":[2.5,0,4.5],"to":[13.5,8,11.5],"rotation":{"angle":0,"axis":"y","origin":[-0.5,16,0.5]},"faces":{"north":{"uv":[0,0,2.75,2],"texture":"#0"},"east":{"uv":[5,3.5,6.75,5.5],"texture":"#0"},"south":{"uv":[0,2,2.75,4],"texture":"#0"},"west":{"uv":[5.5,0,7.25,2],"texture":"#0"},"up":{"uv":[5.5,1.75,2.75,0],"texture":"#0"},"down":{"uv":[5.5,1.75,2.75,3.5],"texture":"#0"}}},{"from":[5.5,1,3.5],"to":[10.5,4,4.5],"rotation":{"angle":0,"axis":"y","origin":[-0.5,14.5,-3.5]},"faces":{"north":{"uv":[7.25,6.75,8.5,7.5],"texture":"#0"},"east":{"uv":[6.5,8.75,6.75,9.5],"texture":"#0"},"south":{"uv":[7.25,7.5,8.5,8.25],"texture":"#0"},"west":{"uv":[6.75,8.75,7,9.5],"texture":"#0"},"up":{"uv":[6.75,3.5,5.5,3.25],"texture":"#0"},"down":{"uv":[8,5.25,6.75,5.5],"texture":"#0"}}},{"from":[-0.5,1,7.5],"to":[2.5,6,8.5],"rotation":{"angle":0,"axis":"y","origin":[-7.5,15.5,0.5]},"faces":{"north":{"uv":[5,7.25,5.75,8.5],"texture":"#0"},"east":{"uv":[2,6,2.25,7.25],"texture":"#0"},"south":{"uv":[7.75,2,8.5,3.25],"texture":"#0"},"west":{"uv":[5.75,8.75,6,10],"texture":"#0"},"up":{"uv":[9.5,8.5,8.75,8.25],"texture":"#0"},"down":{"uv":[9.5,8.5,8.75,8.75],"texture":"#0"}}},{"from":[13.5,1,7.5],"to":[16.5,6,8.5],"rotation":{"angle":0,"axis":"y","origin":[6.5,15.5,0.5]},"faces":{"north":{"uv":[0,8,0.75,9.25],"texture":"#0"},"east":{"uv":[6,8.75,6.25,10],"texture":"#0"},"south":{"uv":[8,0,8.75,1.25],"texture":"#0"},"west":{"uv":[6.25,8.75,6.5,10],"texture":"#0"},"up":{"uv":[9.5,9,8.75,8.75],"texture":"#0"},"down":{"uv":[1.5,9,0.75,9.25],"texture":"#0"}}},{"from":[4.22456,9.36131,4.5],"to":[11.22456,9.36131,11.5],"rotation":{"angle":0,"axis":"y","origin":[-0.77544,21.36131,0.5]},"faces":{"north":{"uv":[0,0,1.75,0],"texture":"#0"},"east":{"uv":[0,0,1.75,0],"texture":"#0"},"south":{"uv":[0,0,1.75,0],"texture":"#0"},"west":{"uv":[0,0,1.75,0],"texture":"#0"},"up":{"uv":[4,7.25,2.25,5.5],"texture":"#0"},"down":{"uv":[5.75,5.5,4,7.25],"texture":"#0"}}},{"from":[2.5,0,4.5],"to":[13.5,8,11.5],"rotation":{"angle":0,"axis":"y","origin":[-0.5,16,0.5]},"faces":{"north":{"uv":[0,0,2.75,2],"texture":"#0"},"east":{"uv":[5,3.5,6.75,5.5],"texture":"#0"},"south":{"uv":[0,2,2.75,4],"texture":"#0"},"west":{"uv":[5.5,0,7.25,2],"texture":"#0"},"up":{"uv":[5.5,1.75,2.75,0],"texture":"#0"},"down":{"uv":[5.5,1.75,2.75,3.5],"texture":"#0"}}},{"from":[5.5,1,3.5],"to":[10.5,4,4.5],"rotation":{"angle":0,"axis":"y","origin":[-0.5,14.5,-3.5]},"faces":{"north":{"uv":[7.25,6.75,8.5,7.5],"texture":"#0"},"east":{"uv":[6.5,8.75,6.75,9.5],"texture":"#0"},"south":{"uv":[7.25,7.5,8.5,8.25],"texture":"#0"},"west":{"uv":[6.75,8.75,7,9.5],"texture":"#0"},"up":{"uv":[6.75,3.5,5.5,3.25],"texture":"#0"},"down":{"uv":[8,5.25,6.75,5.5],"texture":"#0"}}},{"from":[-0.5,1,7.5],"to":[2.5,6,8.5],"rotation":{"angle":0,"axis":"y","origin":[-7.5,15.5,0.5]},"faces":{"north":{"uv":[5,7.25,5.75,8.5],"texture":"#0"},"east":{"uv":[2,6,2.25,7.25],"texture":"#0"},"south":{"uv":[7.75,2,8.5,3.25],"texture":"#0"},"west":{"uv":[5.75,8.75,6,10],"texture":"#0"},"up":{"uv":[9.5,8.5,8.75,8.25],"texture":"#0"},"down":{"uv":[9.5,8.5,8.75,8.75],"texture":"#0"}}},{"from":[13.5,1,7.5],"to":[16.5,6,8.5],"rotation":{"angle":0,"axis":"y","origin":[6.5,15.5,0.5]},"faces":{"north":{"uv":[0,8,0.75,9.25],"texture":"#0"},"east":{"uv":[6,8.75,6.25,10],"texture":"#0"},"south":{"uv":[8,0,8.75,1.25],"texture":"#0"},"west":{"uv":[6.25,8.75,6.5,10],"texture":"#0"},"up":{"uv":[9.5,9,8.75,8.75],"texture":"#0"},"down":{"uv":[1.5,9,0.75,9.25],"texture":"#0"}}},{"from":[4.22456,9.36131,4.5],"to":[11.22456,9.36131,11.5],"rotation":{"angle":0,"axis":"y","origin":[-0.77544,21.36131,0.5]},"faces":{"north":{"uv":[0,0,1.75,0],"texture":"#0"},"east":{"uv":[0,0,1.75,0],"texture":"#0"},"south":{"uv":[0,0,1.75,0],"texture":"#0"},"west":{"uv":[0,0,1.75,0],"texture":"#0"},"up":{"uv":[4,7.25,2.25,5.5],"texture":"#0"},"down":{"uv":[5.75,5.5,4,7.25],"texture":"#0"}}}],"display":{"ground":{"scale":[2,2,2]}},"groups":[{"name":"wumpus","origin":[0,8,2],"color":0,"children":[{"name":"head","origin":[-0.55509,16.57226,-0.3],"color":0,"children":[0,1,2,3,4,5,6,7,8,9]}]}]}