{
	"credit": "Made by DisneyArchitect - Bricks and Bits",
	"texture_size": [128, 128],
	"textures": {
		"0": "item/assets/red_rocket",
		"particle": "item/assets/red_rocket"
	},
	"elements": [
		{
			"from": [2.15, -6.5125, 2.15],
			"to": [13.85, 15.0875, 13.85],
			"rotation": {"angle": 0, "axis": "y", "origin": [4.4, -13.5125, 4.4]},
			"faces": {
				"north": {"uv": [0, 0, 3.25, 6], "texture": "#0"},
				"east": {"uv": [3.25, 0, 6.5, 6], "texture": "#0"},
				"south": {"uv": [0, 0, 3.25, 6], "texture": "#0"},
				"west": {"uv": [3.25, 0, 6.5, 6], "texture": "#0"},
				"up": {"uv": [9.75, 3.25, 6.5, 0], "texture": "#0"},
				"down": {"uv": [15.625, 0, 12.375, 3.25], "texture": "#0"}
			}
		},
		{
			"from": [3.5, -10.5625, 3.5],
			"to": [12.5, -6.5125, 12.5],
			"rotation": {"angle": 0, "axis": "y", "origin": [4.4, -13.5125, 4.4]},
			"faces": {
				"north": {"uv": [0, 6, 2.5, 7.125], "texture": "#0"},
				"east": {"uv": [0, 6, 2.5, 7.125], "texture": "#0"},
				"south": {"uv": [0, 6, 2.5, 7.125], "texture": "#0"},
				"west": {"uv": [0, 6, 2.5, 7.125], "texture": "#0"},
				"up": {"uv": [0, 0, 2.5, 2.5], "texture": "#missing"},
				"down": {"uv": [3.625, 8.625, 6.125, 11.125], "texture": "#0"}
			}
		},
		{
			"from": [12.5, -13.7125, 6.65],
			"to": [17.9, -0.2125, 9.35],
			"rotation": {"angle": 0, "axis": "y", "origin": [4.4, -13.5125, 4.4]},
			"faces": {
				"north": {"uv": [0, 7.125, 1.5, 10.875], "texture": "#0"},
				"east": {"uv": [2.875, 7.125, 3.625, 10.875], "texture": "#0"},
				"south": {"uv": [1.5, 7.125, 0, 10.875], "texture": "#0"},
				"west": {"uv": [2.875, 7.125, 3.625, 10.875], "texture": "#0"},
				"up": {"uv": [0, 10.875, 1.5, 11.625], "texture": "#0"},
				"down": {"uv": [0, 11.625, 1.5, 12.375], "texture": "#0"}
			}
		},
		{
			"from": [4.4, 2.9375, 0.35],
			"to": [11.6, 10.1375, 2.15],
			"rotation": {"angle": 0, "axis": "y", "origin": [4.4, -13.5125, 4.4]},
			"faces": {
				"north": {"uv": [6.625, 0, 8.625, 2], "texture": "#0"},
				"east": {"uv": [11.875, 0, 12.375, 2], "texture": "#0"},
				"south": {"uv": [0, 0, 2, 2], "texture": "#missing"},
				"west": {"uv": [11.875, 0, 12.375, 2], "texture": "#0"},
				"up": {"uv": [8.625, 3.25, 10.625, 3.75], "texture": "#0"},
				"down": {"uv": [6.625, 1.625, 8.625, 2], "texture": "#0"}
			}
		},
		{
			"from": [6.65, -13.7125, 12.5],
			"to": [9.35, -0.2125, 17.9],
			"rotation": {"angle": 0, "axis": "y", "origin": [4.4, -13.5125, 4.4]},
			"faces": {
				"north": {"uv": [2.875, 7.125, 3.625, 10.875], "texture": "#0"},
				"east": {"uv": [0, 7.125, 1.5, 10.875], "texture": "#0"},
				"south": {"uv": [2.875, 7.125, 3.625, 10.875], "texture": "#0"},
				"west": {"uv": [1.5, 7.125, 0, 10.875], "texture": "#0"},
				"up": {"uv": [0, 10.875, 1.5, 11.625], "rotation": 90, "texture": "#0"},
				"down": {"uv": [0, 11.625, 1.5, 12.375], "rotation": 270, "texture": "#0"}
			}
		},
		{
			"from": [-1.9, -13.7125, 6.65],
			"to": [3.5, -0.2125, 9.35],
			"rotation": {"angle": 0, "axis": "y", "origin": [4.4, -13.5125, 4.4]},
			"faces": {
				"north": {"uv": [1.5, 7.125, 0, 10.875], "texture": "#0"},
				"east": {"uv": [2.875, 7.125, 3.625, 10.875], "texture": "#0"},
				"south": {"uv": [0, 7.125, 1.5, 10.875], "texture": "#0"},
				"west": {"uv": [2.875, 7.125, 3.625, 10.875], "texture": "#0"},
				"up": {"uv": [0, 10.875, 1.5, 11.625], "rotation": 180, "texture": "#0"},
				"down": {"uv": [0, 11.625, 1.5, 12.375], "rotation": 180, "texture": "#0"}
			}
		},
		{
			"from": [6.65, -13.7125, -1.9],
			"to": [9.35, -0.2125, 3.5],
			"rotation": {"angle": 0, "axis": "y", "origin": [4.4, -13.5125, 4.4]},
			"faces": {
				"north": {"uv": [2.875, 7.125, 3.625, 10.875], "texture": "#0"},
				"east": {"uv": [1.5, 7.125, 0, 10.875], "texture": "#0"},
				"south": {"uv": [2.875, 7.125, 3.625, 10.875], "texture": "#0"},
				"west": {"uv": [0, 7.125, 1.5, 10.875], "texture": "#0"},
				"up": {"uv": [0, 10.875, 1.5, 11.625], "rotation": 270, "texture": "#0"},
				"down": {"uv": [0, 11.625, 1.5, 12.375], "rotation": 90, "texture": "#0"}
			}
		},
		{
			"from": [4.4, 2.9375, 13.85],
			"to": [11.6, 10.1375, 15.65],
			"rotation": {"angle": 0, "axis": "y", "origin": [4.4, -13.5125, 4.4]},
			"faces": {
				"north": {"uv": [3.25, 0, 5.25, 2], "texture": "#0"},
				"east": {"uv": [11.875, 0, 12.375, 2], "texture": "#0"},
				"south": {"uv": [6.625, 0, 8.625, 2], "texture": "#0"},
				"west": {"uv": [11.875, 0, 12.375, 2], "texture": "#0"},
				"up": {"uv": [8.625, 3.25, 10.625, 3.75], "texture": "#0"},
				"down": {"uv": [6.625, 1.625, 8.625, 2], "texture": "#0"}
			}
		},
		{
			"from": [1.25, 15.0875, 1.25],
			"to": [14.75, 16.8875, 14.75],
			"rotation": {"angle": 0, "axis": "y", "origin": [4.4, -13.5125, 4.4]},
			"faces": {
				"north": {"uv": [0, 12.375, 3.75, 12.875], "texture": "#0"},
				"east": {"uv": [0, 12.375, 3.75, 12.875], "texture": "#0"},
				"south": {"uv": [0, 12.375, 3.75, 12.875], "texture": "#0"},
				"west": {"uv": [0, 12.375, 3.75, 12.875], "texture": "#0"},
				"up": {"uv": [6.5, 4, 10.25, 7.75], "texture": "#0"},
				"down": {"uv": [6.5, 7.75, 10.25, 11.5], "texture": "#0"}
			}
		},
		{
			"from": [2.15, 16.8875, 2.15],
			"to": [13.85, 20.0375, 13.85],
			"rotation": {"angle": 0, "axis": "y", "origin": [4.4, -13.5125, 4.4]},
			"faces": {
				"north": {"uv": [2.5, 6, 5.75, 6.875], "texture": "#0"},
				"east": {"uv": [2.5, 6, 5.75, 6.875], "texture": "#0"},
				"south": {"uv": [2.5, 6, 5.75, 6.875], "texture": "#0"},
				"west": {"uv": [2.5, 6, 5.75, 6.875], "texture": "#0"},
				"up": {"uv": [8.625, 0, 11.875, 3.25], "texture": "#0"},
				"down": {"uv": [0, 0, 3.25, 3.25], "texture": "#missing"}
			}
		},
		{
			"from": [4.4, 20.0375, 4.4],
			"to": [11.6, 22.7375, 11.6],
			"rotation": {"angle": 0, "axis": "y", "origin": [4.4, -13.5125, 4.4]},
			"faces": {
				"north": {"uv": [3.625, 6.875, 5.625, 7.625], "texture": "#0"},
				"east": {"uv": [3.625, 6.875, 5.625, 7.625], "texture": "#0"},
				"south": {"uv": [3.625, 6.875, 5.625, 7.625], "texture": "#0"},
				"west": {"uv": [3.625, 6.875, 5.625, 7.625], "texture": "#0"},
				"up": {"uv": [6.625, 2, 8.625, 4], "texture": "#0"},
				"down": {"uv": [0, 0, 2, 2], "texture": "#missing"}
			}
		},
		{
			"from": [12.725, -13.4875, 6.875],
			"to": [17.675, -0.4375, 9.125],
			"rotation": {"angle": 0, "axis": "y", "origin": [4.4, -13.5125, 4.4]},
			"faces": {
				"north": {"uv": [1.5, 7.125, 2.875, 10.75], "texture": "#0"},
				"south": {"uv": [1.5, 7.125, 2.875, 10.75], "texture": "#0"}
			}
		},
		{
			"from": [6.875, -13.4875, -1.675],
			"to": [9.125, -0.4375, 3.275],
			"rotation": {"angle": 0, "axis": "y", "origin": [4.4, -13.5125, 4.4]},
			"faces": {
				"east": {"uv": [1.5, 7.125, 2.875, 10.75], "texture": "#0"},
				"west": {"uv": [1.5, 7.125, 2.875, 10.75], "texture": "#0"}
			}
		},
		{
			"from": [-1.675, -13.4875, 6.875],
			"to": [3.275, -0.4375, 9.125],
			"rotation": {"angle": 0, "axis": "y", "origin": [4.4, -13.5125, 4.4]},
			"faces": {
				"north": {"uv": [1.5, 7.125, 2.875, 10.75], "texture": "#0"},
				"south": {"uv": [1.5, 7.125, 2.875, 10.75], "texture": "#0"}
			}
		},
		{
			"from": [6.875, -13.4875, 12.725],
			"to": [9.125, -0.4375, 17.675],
			"rotation": {"angle": 0, "axis": "y", "origin": [4.4, -13.5125, 4.4]},
			"faces": {
				"east": {"uv": [1.5, 7.125, 2.875, 10.75], "texture": "#0"},
				"west": {"uv": [1.5, 7.125, 2.875, 10.75], "texture": "#0"}
			}
		},
		{
			"from": [7.1, 22.7375, 7.1],
			"to": [8.9, 26.3375, 8.9],
			"rotation": {"angle": 0, "axis": "y", "origin": [4.4, -13.5125, 4.4]},
			"faces": {
				"north": {"uv": [3.75, 7.625, 4.25, 8.625], "texture": "#0"},
				"east": {"uv": [3.75, 7.625, 4.25, 8.625], "texture": "#0"},
				"south": {"uv": [3.75, 7.625, 4.25, 8.625], "texture": "#0"},
				"west": {"uv": [3.75, 7.625, 4.25, 8.625], "texture": "#0"},
				"up": {"uv": [4.125, 1.125, 4.625, 1.625], "texture": "#0"},
				"down": {"uv": [0, 0, 0.5, 0.5], "texture": "#missing"}
			}
		}
	],
	"display": {
		"thirdperson_righthand": {
			"rotation": [75, 45, 0],
			"translation": [0, 2.5, 2],
			"scale": [0.375, 0.375, 0.375]
		},
		"thirdperson_lefthand": {
			"rotation": [75, 45, 0],
			"translation": [0, 2.5, 2],
			"scale": [0.375, 0.375, 0.375]
		},
		"firstperson_righthand": {
			"rotation": [0, 116, 0],
			"translation": [1, 7, 0],
			"scale": [0.4, 0.4, 0.4]
		},
		"firstperson_lefthand": {
			"rotation": [0, 116, 0],
			"translation": [1, 7, 0],
			"scale": [0.4, 0.4, 0.4]
		},
		"ground": {
			"translation": [0, 3, 0],
			"scale": [0.25, 0.25, 0.25]
		},
		"gui": {
			"rotation": [30, 225, 0],
			"translation": [0, 1, 0],
			"scale": [0.37, 0.37, 0.37]
		},
		"head": {
			"translation": [0, 35, 0],
			"scale": [3.6, 3.6, 3.6]
		},
		"fixed": {
			"scale": [0.5, 0.5, 0.5]
		}
	},
	"groups": [
		{
			"name": "group",
			"origin": [4, -13.9625, 4],
			"color": 0,
			"children": [0, 1, 2, 3, 4, 5, 6, 7, 8, 9, 10, 11, 12, 13, 14, 15]
		}
	]
}