{"credit":"This is SunWithFace copy!","texture_size":[64,64],"textures":{"0":"item/crates/frog/frog_chest_texture","particle":"item/crates/frog/frog_chest_texture"},"elements":[{"from":[2,6,1.5],"to":[14,12,14.5],"rotation":{"angle":0,"axis":"y","origin":[2,-1,1.5]},"faces":{"north":{"uv":[6.25,6.75,9.25,8.25],"texture":"#0"},"east":{"uv":[6,1.75,9.25,3.25],"texture":"#0"},"south":{"uv":[7,3.25,10,4.75],"texture":"#0"},"west":{"uv":[3,6.75,6.25,8.25],"texture":"#0"},"up":{"uv":[3,3.25,0,0],"texture":"#0"},"down":{"uv":[6,0,3,3.25],"texture":"#0"}}},{"from":[0,10,3.5],"to":[5,15,7.5],"rotation":{"angle":0,"axis":"y","origin":[-4,1,-0.5]},"faces":{"north":{"uv":[1.75,8.5,3,9.75],"texture":"#0"},"east":{"uv":[2.75,11,3.75,12.25],"texture":"#0"},"south":{"uv":[0,10,1.25,11.25],"texture":"#0"},"west":{"uv":[3.75,11,4.75,12.25],"texture":"#0"},"up":{"uv":[12,2.75,10.75,1.75],"texture":"#0"},"down":{"uv":[6,11,4.75,12],"texture":"#0"}}},{"from":[11,10,3.5],"to":[16,15,7.5],"rotation":{"angle":0,"axis":"y","origin":[20,1,-0.5]},"faces":{"north":{"uv":[10,2.75,11.25,4],"texture":"#0"},"east":{"uv":[6,11,7,12.25],"texture":"#0"},"south":{"uv":[10,4,11.25,5.25],"texture":"#0"},"west":{"uv":[7,11,8,12.25],"texture":"#0"},"up":{"uv":[9.25,12,8,11],"texture":"#0"},"down":{"uv":[10.5,11,9.25,12],"texture":"#0"}}},{"from":[5,12,7.5],"to":[5,17,13.5],"rotation":{"angle":0,"axis":"y","origin":[2,5,1.5]},"faces":{"north":{"uv":[0,0,0,1.25],"texture":"#0"},"east":{"uv":[9.25,9.75,10.75,11],"texture":"#0"},"south":{"uv":[0,0,0,1.25],"texture":"#0"},"west":{"uv":[9.25,9.75,10.75,11],"texture":"#0"},"up":{"uv":[0,1.5,0,0],"texture":"#0"},"down":{"uv":[0,0,0,1.5],"texture":"#0"}}},{"from":[11,12,7.5],"to":[11,17,13.5],"rotation":{"angle":0,"axis":"y","origin":[14,5,1.5]},"faces":{"north":{"uv":[0,0,0,1.25],"texture":"#0"},"east":{"uv":[9.25,9.75,10.75,11],"texture":"#0"},"south":{"uv":[0,0,0,1.25],"texture":"#0"},"west":{"uv":[9.25,9.75,10.75,11],"texture":"#0"},"up":{"uv":[0,1.5,0,0],"texture":"#0"},"down":{"uv":[0,0,0,1.5],"texture":"#0"}}},{"from":[5,12,7.5],"to":[11,17,7.5],"rotation":{"angle":0,"axis":"y","origin":[2,5,-5.5]},"faces":{"north":{"uv":[9.25,9.75,10.75,11],"texture":"#0"},"east":{"uv":[0,0,0,1.25],"texture":"#0"},"south":{"uv":[9.25,9.75,10.75,11],"texture":"#0"},"west":{"uv":[0,0,0,1.25],"texture":"#0"},"up":{"uv":[1.5,0,0,0],"texture":"#0"},"down":{"uv":[1.5,0,0,0],"texture":"#0"}}},{"from":[5,12,13.5],"to":[11,17,13.5],"rotation":{"angle":0,"axis":"y","origin":[2,5,0.5]},"faces":{"north":{"uv":[9.25,9.75,10.75,11],"texture":"#0"},"east":{"uv":[0,0,0,1.25],"texture":"#0"},"south":{"uv":[9.25,9.75,10.75,11],"texture":"#0"},"west":{"uv":[0,0,0,1.25],"texture":"#0"},"up":{"uv":[1.5,0,0,0],"texture":"#0"},"down":{"uv":[1.5,0,0,0],"texture":"#0"}}},{"from":[12,6,12.5],"to":[15,13,15.5],"rotation":{"angle":0,"axis":"y","origin":[16,-3,4.5]},"faces":{"north":{"uv":[10,7.5,10.75,9.25],"texture":"#0"},"east":{"uv":[10.75,0,11.5,1.75],"texture":"#0"},"south":{"uv":[10.75,5.25,11.5,7],"texture":"#0"},"west":{"uv":[10.75,7,11.5,8.75],"texture":"#0"},"up":{"uv":[10,8.25,9.25,7.5],"texture":"#0"},"down":{"uv":[3.5,12.25,2.75,13],"texture":"#0"}}},{"from":[1,6,12.5],"to":[4,13,15.5],"rotation":{"angle":0,"axis":"y","origin":[0,-3,4.5]},"faces":{"north":{"uv":[10.75,8.75,11.5,10.5],"texture":"#0"},"east":{"uv":[10.75,10.5,11.5,12.25],"texture":"#0"},"south":{"uv":[1.25,11,2,12.75],"texture":"#0"},"west":{"uv":[2,11,2.75,12.75],"texture":"#0"},"up":{"uv":[13,3.5,12.25,2.75],"texture":"#0"},"down":{"uv":[4.25,12.25,3.5,13],"texture":"#0"}}},{"from":[1,10,7.5],"to":[4,13,12.5],"rotation":{"angle":0,"axis":"y","origin":[0,-3,1.5]},"faces":{"north":{"uv":[12.25,3.5,13,4.25],"texture":"#0"},"east":{"uv":[11.5,1,12.75,1.75],"texture":"#0"},"south":{"uv":[5.5,12.25,6.25,13],"texture":"#0"},"west":{"uv":[11.5,4.75,12.75,5.5],"texture":"#0"},"up":{"uv":[12.25,6.75,11.5,5.5],"texture":"#0"},"down":{"uv":[12.25,6.75,11.5,8],"texture":"#0"}}},{"from":[12,10,7.5],"to":[15,13,12.5],"rotation":{"angle":0,"axis":"y","origin":[16,-3,1.5]},"faces":{"north":{"uv":[12.25,5.5,13,6.25],"texture":"#0"},"east":{"uv":[11.5,8,12.75,8.75],"texture":"#0"},"south":{"uv":[6.25,12.25,7,13],"texture":"#0"},"west":{"uv":[11.5,8.75,12.75,9.5],"texture":"#0"},"up":{"uv":[12.25,10.75,11.5,9.5],"texture":"#0"},"down":{"uv":[12.25,10.75,11.5,12],"texture":"#0"}}},{"from":[1,0,-0.5],"to":[15,6,7.5],"rotation":{"angle":0,"axis":"y","origin":[2,0,-0.5]},"faces":{"north":{"uv":[0,5.25,3.5,6.75],"texture":"#0"},"east":{"uv":[6,8.25,8,9.75],"texture":"#0"},"south":{"uv":[3.5,5.25,7,6.75],"texture":"#0"},"west":{"uv":[8,8.25,10,9.75],"texture":"#0"},"up":{"uv":[3.5,5.25,0,3.25],"texture":"#0"},"down":{"uv":[7,3.25,3.5,5.25],"texture":"#0"}}},{"from":[2,0,7.5],"to":[14,6,14.5],"rotation":{"angle":0,"axis":"y","origin":[2,-7,1.5]},"faces":{"north":{"uv":[7,4.75,10,6.25],"texture":"#0"},"east":{"uv":[0,8.5,1.75,10],"texture":"#0"},"south":{"uv":[3,8.25,6,9.75],"texture":"#0"},"west":{"uv":[9,0,10.75,1.5],"texture":"#0"},"up":{"uv":[9,1.75,6,0],"texture":"#0"},"down":{"uv":[3,6.75,0,8.5],"texture":"#0"}}},{"from":[1,2,12.5],"to":[4,6,15.5],"rotation":{"angle":0,"axis":"y","origin":[0,-7,4.5]},"faces":{"north":{"uv":[10,5.25,10.75,6.25],"texture":"#0"},"east":{"uv":[12,1.75,12.75,2.75],"texture":"#0"},"south":{"uv":[4.75,12,5.5,13],"texture":"#0"},"west":{"uv":[8,12,8.75,13],"texture":"#0"},"up":{"uv":[13,7,12.25,6.25],"texture":"#0"},"down":{"uv":[7.75,12.25,7,13],"texture":"#0"}}},{"from":[0,0,12.5],"to":[4,2,16.5],"rotation":{"angle":0,"axis":"y","origin":[0,-9,4.5]},"faces":{"north":{"uv":[7,6.25,8,6.75],"texture":"#0"},"east":{"uv":[8,6.25,9,6.75],"texture":"#0"},"south":{"uv":[12.25,4.25,13.25,4.75],"texture":"#0"},"west":{"uv":[10.25,12.25,11.25,12.75],"texture":"#0"},"up":{"uv":[1,12.25,0,11.25],"texture":"#0"},"down":{"uv":[12.25,2.75,11.25,3.75],"texture":"#0"}}},{"from":[12,2,12.5],"to":[15,6,15.5],"rotation":{"angle":0,"axis":"y","origin":[16,-7,4.5]},"faces":{"north":{"uv":[8.75,12,9.5,13],"texture":"#0"},"east":{"uv":[9.5,12,10.25,13],"texture":"#0"},"south":{"uv":[11.5,12,12.25,13],"texture":"#0"},"west":{"uv":[0,12.25,0.75,13.25],"texture":"#0"},"up":{"uv":[13,7.75,12.25,7],"texture":"#0"},"down":{"uv":[13,9.5,12.25,10.25],"texture":"#0"}}},{"from":[12,0,12.5],"to":[16,2,16.5],"rotation":{"angle":0,"axis":"y","origin":[16,-9,4.5]},"faces":{"north":{"uv":[12.25,10.25,13.25,10.75],"texture":"#0"},"east":{"uv":[12.25,10.75,13.25,11.25],"texture":"#0"},"south":{"uv":[12.25,11.25,13.25,11.75],"texture":"#0"},"west":{"uv":[12.25,11.75,13.25,12.25],"texture":"#0"},"up":{"uv":[12.25,4.75,11.25,3.75],"texture":"#0"},"down":{"uv":[12.5,0,11.5,1],"texture":"#0"}}},{"from":[3,-0.38724,15.06787],"to":[13,6.61276,17.06787],"rotation":{"angle":-22.5,"axis":"x","origin":[8,2.61276,16.56787]},"faces":{"north":{"uv":[13.5,2,16,3.75],"texture":"#0"},"east":{"uv":[14.75,4.75,15.25,6.5],"texture":"#0"},"south":{"uv":[13.5,0,16,1.75],"texture":"#0"},"west":{"uv":[15.25,4.75,15.75,6.5],"texture":"#0"},"up":{"uv":[13.5,6.75,16,7.25],"texture":"#0"},"down":{"uv":[13.5,4,16,4.5],"texture":"#0"}}}],"gui_light":"front","display":{"thirdperson_righthand":{"translation":[0,0,-3.5],"scale":[0.8,0.8,0.8]},"thirdperson_lefthand":{"translation":[0,0,-3.5],"scale":[0.8,0.8,0.8]},"firstperson_righthand":{"rotation":[0,125,0],"translation":[17.5,-3.75,-18.5]},"firstperson_lefthand":{"rotation":[0,125,0],"translation":[17.5,-3.75,-18.5]},"ground":{"translation":[0,6,0],"scale":[0.8,0.8,0.8]},"gui":{"rotation":[26,145,0],"translation":[-0.25,0.5,0],"scale":[0.65,0.65,0.65]},"head":{"translation":[0,2.5,0],"scale":[1.3,1.3,1.3]},"fixed":{"rotation":[-90,0,0],"translation":[0,0,-16],"scale":[2,2,2]}},"groups":[{"name":"frog_crate","origin":[8,8,8],"color":0,"children":[{"name":"top","origin":[16,-3,2],"color":0,"children":[0,1,2,3,4,5,6,7,8,9,10]},{"name":"bottom","origin":[16,-9,5],"color":0,"children":[11,12,13,14,15,16,17]}]}],"mcmodels":"9204aa0cb57852696a8cee80f6197a3f"}