{"credit":"This is SunWithFace copy!","texture_size":[128,128],"textures":{"0":"item/crates/frog/frog_texture","1":"item/crates/frog/frog_flag_texture","particle":"item/crates/frog/frog_texture"},"elements":[{"from":[-7,9.23528,16.44239],"to":[5,9.23528,18.94239],"rotation":{"angle":-45,"axis":"x","origin":[17,-1.70711,8]},"faces":{"north":{"uv":[6.75,6,8.25,6],"texture":"#1"},"east":{"uv":[6.875,1,7.1875,1],"texture":"#1"},"south":{"uv":[6.875,1.125,8.375,1.125],"texture":"#1"},"west":{"uv":[6.875,1.25,7.1875,1.25],"texture":"#1"},"up":{"uv":[4.75,1.3125,3.25,1],"texture":"#1"},"down":{"uv":[4.75,1,3.25,1.3125],"texture":"#1"}}},{"from":[-7,6.73528,18.94239],"to":[5,9.23528,18.94239],"rotation":{"angle":-45,"axis":"x","origin":[17,-1.70711,8]},"faces":{"north":{"uv":[3.25,1,4.75,1.3125],"texture":"#1"},"east":{"uv":[4.125,6.125,4.125,6.4375],"texture":"#1"},"south":{"uv":[3.25,1,4.75,1.3125],"texture":"#1"},"west":{"uv":[6.125,6.625,6.125,6.9375],"texture":"#1"},"up":{"uv":[8.375,1.375,6.875,1.375],"texture":"#1"},"down":{"uv":[8.375,1.5,6.875,1.5],"texture":"#1"}}},{"from":[-7,6.73528,16.44239],"to":[5,6.73528,18.94239],"rotation":{"angle":-45,"axis":"x","origin":[17,-1.70711,8]},"faces":{"north":{"uv":[6.875,1.625,8.375,1.625],"texture":"#1"},"east":{"uv":[6.875,1.75,7.1875,1.75],"texture":"#1"},"south":{"uv":[6.875,1.875,8.375,1.875],"texture":"#1"},"west":{"uv":[6.875,2,7.1875,2],"texture":"#1"},"up":{"uv":[4.75,4.3125,3.25,4],"texture":"#1"},"down":{"uv":[4.75,4,3.25,4.3125],"texture":"#1"}}},{"from":[-7,6.73528,16.44239],"to":[5,9.23528,16.44239],"rotation":{"angle":-45,"axis":"x","origin":[17,-1.70711,8]},"faces":{"north":{"uv":[3.25,4,4.75,4.3125],"texture":"#1"},"east":{"uv":[1,6.875,1,7.1875],"texture":"#1"},"south":{"uv":[3.25,4,4.75,4.3125],"texture":"#1"},"west":{"uv":[1.125,6.875,1.125,7.1875],"texture":"#1"},"up":{"uv":[8.375,2.125,6.875,2.125],"texture":"#1"},"down":{"uv":[8.375,2.25,6.875,2.25],"texture":"#1"}}},{"from":[-7,-8.76777,8],"to":[5,10.23223,8],"rotation":{"angle":0,"axis":"y","origin":[-0.5,10.23223,8]},"faces":{"north":{"uv":[0,0,1.5,2.375],"texture":"#1"},"east":{"uv":[1.25,6.875,1.25,9.25],"texture":"#1"},"south":{"uv":[0,0,1.5,2.375],"texture":"#1"},"west":{"uv":[6.875,2.375,6.875,4.75],"texture":"#1"},"up":{"uv":[8.375,4.875,6.875,4.875],"texture":"#1"},"down":{"uv":[8.375,5,6.875,5],"texture":"#1"}}},{"from":[11,-8.76777,8],"to":[23,10.23223,8],"rotation":{"angle":0,"axis":"y","origin":[16.5,10.23223,8]},"faces":{"north":{"uv":[0,2.5,1.5,4.875],"texture":"#1"},"east":{"uv":[4,6.875,4,9.25],"texture":"#1"},"south":{"uv":[0,2.5,1.5,4.875],"texture":"#1"},"west":{"uv":[4.125,6.875,4.125,9.25],"texture":"#1"},"up":{"uv":[8.375,5.125,6.875,5.125],"texture":"#1"},"down":{"uv":[8.375,5.25,6.875,5.25],"texture":"#1"}}},{"from":[11,6.73528,16.44239],"to":[23,6.73528,18.94239],"rotation":{"angle":-45,"axis":"x","origin":[-1,-1.70711,8]},"faces":{"north":{"uv":[6.875,5.375,8.375,5.375],"texture":"#1"},"east":{"uv":[6.25,6.875,6.5625,6.875],"texture":"#1"},"south":{"uv":[6.75,6.875,8.25,6.875],"texture":"#1"},"west":{"uv":[1.375,7,1.6875,7],"texture":"#1"},"up":{"uv":[4.75,4.3125,3.25,4],"texture":"#1"},"down":{"uv":[4.75,4,3.25,4.3125],"texture":"#1"}}},{"from":[11,6.73528,18.94239],"to":[23,9.23528,18.94239],"rotation":{"angle":-45,"axis":"x","origin":[-1,-1.70711,8]},"faces":{"north":{"uv":[3.25,1,4.75,1.3125],"texture":"#1"},"east":{"uv":[1.875,7,1.875,7.3125],"texture":"#1"},"south":{"uv":[3.25,1,4.75,1.3125],"texture":"#1"},"west":{"uv":[2,7,2,7.3125],"texture":"#1"},"up":{"uv":[3.625,7,2.125,7],"texture":"#1"},"down":{"uv":[8.5,2.375,7,2.375],"texture":"#1"}}},{"from":[11,6.73528,16.44239],"to":[23,9.23528,16.44239],"rotation":{"angle":-45,"axis":"x","origin":[-1,-1.70711,8]},"faces":{"north":{"uv":[4.875,3,6.375,3.3125],"texture":"#1"},"east":{"uv":[7,2.5,7,2.8125],"texture":"#1"},"south":{"uv":[3.25,4,4.75,4.3125],"texture":"#1"},"west":{"uv":[7,3,7,3.3125],"texture":"#1"},"up":{"uv":[8.5,3.5,7,3.5],"texture":"#1"},"down":{"uv":[8.5,3.625,7,3.625],"texture":"#1"}}},{"from":[11,9.23528,16.44239],"to":[23,9.23528,18.94239],"rotation":{"angle":-45,"axis":"x","origin":[-1,-1.70711,8]},"faces":{"north":{"uv":[7,3.75,8.5,3.75],"texture":"#1"},"east":{"uv":[7,3.875,7.3125,3.875],"texture":"#1"},"south":{"uv":[7,4,8.5,4],"texture":"#1"},"west":{"uv":[7,4.125,7.3125,4.125],"texture":"#1"},"up":{"uv":[4.75,1.3125,3.25,1],"texture":"#1"},"down":{"uv":[4.75,1,3.25,1.3125],"texture":"#1"}}},{"from":[6.01066,-12.32449,16.69239],"to":[10.01066,-10.32449,18.69239],"rotation":{"angle":45,"axis":"x","origin":[7.95,-1.63211,8]},"faces":{"north":{"uv":[5.75,5.75,6.25,6],"texture":"#1"},"east":{"uv":[6.25,6.125,6.5,6.375],"texture":"#1"},"south":{"uv":[5.875,5,6.375,5.25],"texture":"#1"},"west":{"uv":[6.375,5.75,6.625,6],"texture":"#1"},"up":{"uv":[6.375,5.625,5.875,5.375],"texture":"#1"},"down":{"uv":[1.5,6.125,1,6.375],"texture":"#1"}}},{"from":[7.25,-15,7.25],"to":[8.75,-13,8.75],"rotation":{"angle":45,"axis":"y","origin":[8,-1.70711,8]},"faces":{"north":{"uv":[2.125,6.625,2.3125,6.875],"texture":"#1"},"east":{"uv":[2.5,6.625,2.6875,6.875],"texture":"#1"},"south":{"uv":[2.875,6.625,3.0625,6.875],"texture":"#1"},"west":{"uv":[3.25,6.625,3.4375,6.875],"texture":"#1"},"up":{"uv":[3.8125,6.8125,3.625,6.625],"texture":"#1"},"down":{"uv":[5.9375,6.625,5.75,6.8125],"texture":"#1"}}},{"from":[7.25,-1,7.25],"to":[8.75,8,8.75],"rotation":{"angle":45,"axis":"y","origin":[8,0.29289,8]},"faces":{"north":{"uv":[4.25,5.75,4.4375,6.875],"texture":"#1"},"east":{"uv":[4.625,5.75,4.8125,6.875],"texture":"#1"},"south":{"uv":[5,5.75,5.1875,6.875],"texture":"#1"},"west":{"uv":[5.375,5.75,5.5625,6.875],"texture":"#1"},"up":{"uv":[6.8125,6.3125,6.625,6.125],"texture":"#1"},"down":{"uv":[6.8125,6.5,6.625,6.6875],"texture":"#1"}}},{"from":[7.5,-13,7.5],"to":[8.5,12,8.5],"rotation":{"angle":45,"axis":"y","origin":[8,-1.70711,8]},"faces":{"north":{"uv":[0,5,0.125,8.125],"texture":"#1"},"east":{"uv":[0.25,5,0.375,8.125],"texture":"#1"},"south":{"uv":[0.5,5,0.625,8.125],"texture":"#1"},"west":{"uv":[0.75,5,0.875,8.125],"texture":"#1"},"up":{"uv":[6.625,5.625,6.5,5.5],"texture":"#1"},"down":{"uv":[4.125,6.625,4,6.75],"texture":"#1"}}},{"from":[-9,7.48528,17.19239],"to":[25,8.48528,18.19239],"rotation":{"angle":-45,"axis":"x","origin":[8,-1.70711,8]},"faces":{"north":{"uv":[3.25,0,7.5,0.125],"texture":"#1"},"east":{"uv":[6.75,5.5,6.875,5.625],"texture":"#1"},"south":{"uv":[3.25,0.25,7.5,0.375],"texture":"#1"},"west":{"uv":[6.75,5.75,6.875,5.875],"texture":"#1"},"up":{"uv":[7.5,0.625,3.25,0.5],"texture":"#1"},"down":{"uv":[7.5,0.75,3.25,0.875],"texture":"#1"}}},{"from":[25,6.98528,16.69239],"to":[27,8.98528,18.69239],"rotation":{"angle":-45,"axis":"x","origin":[12,-1.70711,8]},"faces":{"north":{"uv":[1,6.5,1.25,6.75],"texture":"#1"},"east":{"uv":[6.5,1,6.75,1.25],"texture":"#1"},"south":{"uv":[6.5,1.375,6.75,1.625],"texture":"#1"},"west":{"uv":[6.5,1.75,6.75,2],"texture":"#1"},"up":{"uv":[6.75,2.375,6.5,2.125],"texture":"#1"},"down":{"uv":[6.75,2.5,6.5,2.75],"texture":"#1"}}},{"from":[-7,6.98528,16.69239],"to":[5,8.98528,18.69239],"rotation":{"angle":-45,"axis":"x","origin":[17,-1.70711,8]},"faces":{"north":{"uv":[1,5,2.5,5.25],"texture":"#1"},"east":{"uv":[6.5,2.875,6.75,3.125],"texture":"#1"},"south":{"uv":[2.625,5,4.125,5.25],"texture":"#1"},"west":{"uv":[6.5,3.25,6.75,3.5],"texture":"#1"},"up":{"uv":[5.75,5.25,4.25,5],"texture":"#1"},"down":{"uv":[2.5,5.375,1,5.625],"texture":"#1"}}},{"from":[11,6.98528,16.69239],"to":[23,8.98528,18.69239],"rotation":{"angle":-45,"axis":"x","origin":[-1,-1.70711,8]},"faces":{"north":{"uv":[2.625,5.375,4.125,5.625],"texture":"#1"},"east":{"uv":[6.5,3.625,6.75,3.875],"texture":"#1"},"south":{"uv":[4.25,5.375,5.75,5.625],"texture":"#1"},"west":{"uv":[6.5,4,6.75,4.25],"texture":"#1"},"up":{"uv":[2.5,6,1,5.75],"texture":"#1"},"down":{"uv":[4.125,5.75,2.625,6],"texture":"#1"}}},{"from":[-11,6.98528,16.69239],"to":[-9,8.98528,18.69239],"rotation":{"angle":-45,"axis":"x","origin":[4,-1.70711,8]},"faces":{"north":{"uv":[6.5,4.375,6.75,4.625],"texture":"#1"},"east":{"uv":[6.5,4.75,6.75,5],"texture":"#1"},"south":{"uv":[6.5,5.125,6.75,5.375],"texture":"#1"},"west":{"uv":[6.25,6.5,6.5,6.75],"texture":"#1"},"up":{"uv":[1.625,6.875,1.375,6.625],"texture":"#1"},"down":{"uv":[2,6.625,1.75,6.875],"texture":"#1"}}},{"from":[6.75,7.08579,6.81066],"to":[9.25,9.58579,9.31066],"rotation":{"angle":45,"axis":"z","origin":[8,8.33579,8.06066]},"faces":{"north":{"uv":[1.625,6.125,1.9375,6.4375],"texture":"#1"},"east":{"uv":[2.125,6.125,2.4375,6.4375],"texture":"#1"},"south":{"uv":[2.625,6.125,2.9375,6.4375],"texture":"#1"},"west":{"uv":[3.125,6.125,3.4375,6.4375],"texture":"#1"},"up":{"uv":[3.9375,6.4375,3.625,6.125],"texture":"#1"},"down":{"uv":[6.0625,6.125,5.75,6.4375],"texture":"#1"}}},{"from":[5.76066,-14.58921,5.92157],"to":[10.26066,-12.08921,8.42157],"rotation":{"angle":45,"axis":"x","origin":[5.01066,-15.33921,5.17157]},"faces":{"north":{"uv":[1.6875,0.0625,2.25,0.375],"texture":"#1"},"east":{"uv":[2.375,0.4375,2.6875,0.75],"texture":"#1"},"south":{"uv":[1.6875,0.8125,2.25,1.125],"texture":"#1"},"west":{"uv":[2.375,0.0625,2.6875,0.375],"texture":"#1"},"up":{"uv":[1.6875,1.1875,2.25,1.5],"texture":"#1"},"down":{"uv":[1.6875,0.4375,2.25,0.75],"texture":"#1"}}},{"from":[5.75,16.25,5],"to":[7.25,17.75,6.5],"rotation":{"angle":0,"axis":"y","origin":[2.75,18.25,4]},"faces":{"north":{"uv":[1.5,12.5,2.25,13.25],"texture":"#0"},"east":{"uv":[12.5,1.5,13.25,2.25],"texture":"#0"},"south":{"uv":[3,12.5,3.75,13.25],"texture":"#0"},"west":{"uv":[4.5,12.5,5.25,13.25],"texture":"#0"},"up":{"uv":[13.25,9.75,12.5,9],"texture":"#0"},"down":{"uv":[10.75,12.5,10,13.25],"texture":"#0"}}},{"from":[8.75,16.25,5],"to":[10.25,17.75,6.5],"rotation":{"angle":0,"axis":"y","origin":[13.25,18.25,4]},"faces":{"north":{"uv":[12.5,10.5,13.25,11.25],"texture":"#0"},"east":{"uv":[11.5,12.5,12.25,13.25],"texture":"#0"},"south":{"uv":[6,13,6.75,13.75],"texture":"#0"},"west":{"uv":[7.5,13,8.25,13.75],"texture":"#0"},"up":{"uv":[13.75,12.75,13,12],"texture":"#0"},"down":{"uv":[0.75,13.5,0,14.25],"texture":"#0"}}},{"from":[6.75,17,6.75],"to":[6.75,19,9.25],"rotation":{"angle":0,"axis":"y","origin":[5.25,17,4]},"faces":{"north":{"uv":[9,13,9,14],"texture":"#0"},"east":{"uv":[3,9.5,4.25,10.5],"texture":"#0"},"south":{"uv":[9.5,13,9.5,14],"texture":"#0"},"west":{"uv":[5,9.5,6.25,10.5],"texture":"#0"},"up":{"uv":[13,14.75,13,13.5],"texture":"#0"},"down":{"uv":[13.5,13.5,13.5,14.75],"texture":"#0"}}},{"from":[9.25,17,6.75],"to":[9.25,19,9.25],"rotation":{"angle":0,"axis":"y","origin":[10.75,17,4]},"faces":{"north":{"uv":[14,0,14,1],"texture":"#0"},"east":{"uv":[10,3.5,11.25,4.5],"texture":"#0"},"south":{"uv":[1.5,14,1.5,15],"texture":"#0"},"west":{"uv":[10,5,11.25,6],"texture":"#0"},"up":{"uv":[2,15.25,2,14],"texture":"#0"},"down":{"uv":[2.5,14,2.5,15.25],"texture":"#0"}}},{"from":[6.75,17,9.25],"to":[9.25,19,9.25],"rotation":{"angle":0,"axis":"y","origin":[10.5,17,4]},"faces":{"north":{"uv":[10,6.5,11.25,7.5],"texture":"#0"},"east":{"uv":[14,1.5,14,2.5],"texture":"#0"},"south":{"uv":[7,10,8.25,11],"texture":"#0"},"west":{"uv":[3,14,3,15],"texture":"#0"},"up":{"uv":[9.25,1.5,8,1.5],"texture":"#0"},"down":{"uv":[4.75,14,3.5,14],"texture":"#0"}}},{"from":[6.75,17,6.75],"to":[9.25,19,6.75],"rotation":{"angle":0,"axis":"y","origin":[10.5,17,1.5]},"faces":{"north":{"uv":[10,8,11.25,9],"texture":"#0"},"east":{"uv":[5.5,14,5.5,15],"texture":"#0"},"south":{"uv":[9,10,10.25,11],"texture":"#0"},"west":{"uv":[14,9,14,10],"texture":"#0"},"up":{"uv":[11.25,14,10,14],"texture":"#0"},"down":{"uv":[15.25,10.5,14,10.5],"texture":"#0"}}},{"from":[4.00733,12.5,7.99582],"to":[6.00733,14,10.99582],"rotation":{"angle":22.5,"axis":"y","origin":[3.50733,12.5,6.99582]},"faces":{"north":{"uv":[4,11,5,11.75],"texture":"#0"},"east":{"uv":[0,10.5,1.5,11.25],"texture":"#0"},"south":{"uv":[5.5,11,6.5,11.75],"texture":"#0"},"west":{"uv":[10.5,0,12,0.75],"texture":"#0"},"up":{"uv":[8,9.5,7,8],"texture":"#0"},"down":{"uv":[1,8.5,0,10],"texture":"#0"}}},{"from":[4.26956,12.5,5.34149],"to":[5.76956,14,7.34149],"rotation":{"angle":22.5,"axis":"y","origin":[3.76956,12.5,4.34149]},"faces":{"north":{"uv":[13.5,6,14.25,6.75],"texture":"#0"},"east":{"uv":[0,12,1,12.75],"texture":"#0"},"south":{"uv":[13.5,7.5,14.25,8.25],"texture":"#0"},"west":{"uv":[12,3,13,3.75],"texture":"#0"},"up":{"uv":[12.75,5.5,12,4.5],"texture":"#0"},"down":{"uv":[12.75,6,12,7],"texture":"#0"}}},{"from":[10.23044,12.5,5.34149],"to":[11.73044,14,7.34149],"rotation":{"angle":-22.5,"axis":"y","origin":[12.23044,12.5,4.34149]},"faces":{"north":{"uv":[13.5,3,14.25,3.75],"texture":"#0"},"east":{"uv":[11,9.5,12,10.25],"texture":"#0"},"south":{"uv":[13.5,4.5,14.25,5.25],"texture":"#0"},"west":{"uv":[11,11,12,11.75],"texture":"#0"},"up":{"uv":[7.75,12.5,7,11.5],"texture":"#0"},"down":{"uv":[9.25,11.5,8.5,12.5],"texture":"#0"}}},{"from":[9.99267,12.5,7.99582],"to":[11.99267,14,10.99582],"rotation":{"angle":-22.5,"axis":"y","origin":[12.49267,12.5,6.99582]},"faces":{"north":{"uv":[12,7.5,13,8.25],"texture":"#0"},"east":{"uv":[10.5,1.5,12,2.25],"texture":"#0"},"south":{"uv":[12.5,0,13.5,0.75],"texture":"#0"},"west":{"uv":[2,11,3.5,11.75],"texture":"#0"},"up":{"uv":[2.5,10,1.5,8.5],"texture":"#0"},"down":{"uv":[9.5,8,8.5,9.5],"texture":"#0"}}},{"from":[6,13,4],"to":[10,15,7],"rotation":{"angle":0,"axis":"y","origin":[5,14,4]},"faces":{"north":{"uv":[7.5,3.5,9.5,4.5],"texture":"#0"},"east":{"uv":[3,8,4.5,9],"texture":"#0"},"south":{"uv":[8,0,10,1],"texture":"#0"},"west":{"uv":[5,8,6.5,9],"texture":"#0"},"up":{"uv":[7,3.5,5,2],"texture":"#0"},"down":{"uv":[7,4,5,5.5],"texture":"#0"}}},{"from":[6.5,15,4.5],"to":[9.5,17,9.5],"rotation":{"angle":0,"axis":"y","origin":[5,15,4]},"faces":{"north":{"uv":[8,5,9.5,6],"texture":"#0"},"east":{"uv":[0,7,2.5,8],"texture":"#0"},"south":{"uv":[8,6.5,9.5,7.5],"texture":"#0"},"west":{"uv":[7.5,2,10,3],"texture":"#0"},"up":{"uv":[4.5,2.5,3,0],"texture":"#0"},"down":{"uv":[4.5,3,3,5.5],"texture":"#0"}}},{"from":[5.5,13,7],"to":[10.5,16,10.5],"rotation":{"angle":0,"axis":"y","origin":[5,15,6.5]},"faces":{"north":{"uv":[0,5,2.5,6.5],"texture":"#0"},"east":{"uv":[3,6,4.75,7.5],"texture":"#0"},"south":{"uv":[5,0,7.5,1.5],"texture":"#0"},"west":{"uv":[5.5,6,7.25,7.5],"texture":"#0"},"up":{"uv":[2.5,1.75,0,0],"texture":"#0"},"down":{"uv":[2.5,2.5,0,4.25],"texture":"#0"}}}],"gui_light":"front","display":{"thirdperson_righthand":{"rotation":[22.5,0,0],"translation":[0,15.25,8.25]},"thirdperson_lefthand":{"rotation":[22.5,0,0],"translation":[0,15.25,8.25]},"firstperson_righthand":{"rotation":[173.75,22.5,-180],"translation":[13.25,5.25,-14.75]},"firstperson_lefthand":{"rotation":[173.75,22.5,-180],"translation":[13.25,5.25,-14.75]},"ground":{"translation":[0,23.5,0]},"gui":{"rotation":[22.5,180,0],"translation":[0,3,0],"scale":[0.45,0.45,0.45]},"head":{"translation":[0,33.5,0],"scale":[1.6,1.6,1.6]},"fixed":{"rotation":[-90,0,0],"translation":[0,0,-46.75],"scale":[2,2,2]}},"groups":[{"name":"frog_flag","origin":[8,8,8],"color":0,"children":[{"name":"flag","origin":[8,26.33579,8.06066],"color":0,"children":[{"name":"ribbon","origin":[-0.5,9.23223,8],"color":0,"children":[0,1,2,3,4]},{"name":"ribbon","origin":[-1,-2.70711,8],"color":0,"children":[5,6,7,8,9]},{"name":"pole","origin":[8,7.33579,8.06066],"color":0,"children":[10,11,12,13,14,15,16,17,18,19,20]}]},{"name":"frog","origin":[12.49267,0,7.99582],"color":0,"children":[{"name":"eyes","origin":[13.25,5.75,5],"color":0,"children":[21,22]},{"name":"crown","origin":[10.5,4.5,2.5],"color":0,"children":[23,24,25,26]},{"name":"feet","origin":[12.49267,0,7.99582],"color":0,"children":[27,28,29,30]},{"name":"body","origin":[5,2.5,7.5],"color":0,"children":[31,32,33]}]}]}],"mcmodels":"9204aa0cb57852696a8cee80f6197a3f"}