{
	"credit": "This is SunWithFace copy!",
	"texture_size": [128, 128],
	"textures": {
		"0": "item/crates/frog/frog_texture",
		"1": "item/crates/frog/frog_shield_texture",
		"particle": "item/crates/frog/frog_texture"
	},
	"elements": [
		{
			"from": [2.75, 21, 7.25],
			"to": [13.25, 22.5, 8.75],
			"rotation": {"angle": 0, "axis": "y", "origin": [8, 21, 7]},
			"faces": {
				"north": {"uv": [1, 3.875, 2.3125, 4.0625], "texture": "#1"},
				"east": {"uv": [2.5, 5.625, 2.6875, 5.8125], "texture": "#1"},
				"south": {"uv": [4, 2.875, 5.3125, 3.0625], "texture": "#1"},
				"west": {"uv": [2.875, 5.625, 3.0625, 5.8125], "texture": "#1"},
				"up": {"uv": [5.3125, 3.4375, 4, 3.25], "texture": "#1"},
				"down": {"uv": [5.3125, 3.625, 4, 3.8125], "texture": "#1"}
			}
		},
		{
			"from": [6.25, 8, 7.5],
			"to": [9.75, 21, 8.5],
			"rotation": {"angle": 0, "axis": "y", "origin": [8, 19, 7]},
			"faces": {
				"north": {"uv": [2.75, 2.875, 3.1875, 4.5], "texture": "#1"},
				"east": {"uv": [2.5, 3.875, 2.625, 5.5], "texture": "#1"},
				"south": {"uv": [2.75, 2.875, 3.1875, 4.5], "texture": "#1"},
				"west": {"uv": [4, 4, 4.125, 5.625], "texture": "#1"},
				"up": {"uv": [5.1875, 2.625, 4.75, 2.5], "texture": "#1"},
				"down": {"uv": [5.9375, 4, 5.5, 4.125], "texture": "#1"}
			}
		},
		{
			"from": [8, 13.5, 8.5],
			"to": [8, 19.5, 11.5],
			"rotation": {"angle": 0, "axis": "y", "origin": [8, 17.5, 8]},
			"faces": {
				"north": {"uv": [5, 5.75, 5, 6.5], "texture": "#1"},
				"east": {"uv": [0, 3.875, 0.375, 4.625], "texture": "#1"},
				"south": {"uv": [5.75, 5, 5.75, 5.75], "texture": "#1"},
				"west": {"uv": [0.5, 3.875, 0.875, 4.625], "texture": "#1"},
				"up": {"uv": [5.125, 6.125, 5.125, 5.75], "texture": "#1"},
				"down": {"uv": [5.25, 5.75, 5.25, 6.125], "texture": "#1"}
			}
		},
		{
			"from": [3.25, 14, 7.75],
			"to": [12.75, 21, 8.25],
			"rotation": {"angle": 0, "axis": "y", "origin": [8, 19, 7]},
			"faces": {
				"north": {"uv": [1.1875, 2.875, 0, 3.75], "texture": "#1"},
				"east": {"uv": [2.25, 4.25, 2.3125, 5.125], "texture": "#1"},
				"south": {"uv": [0, 2.875, 1.1875, 3.75], "texture": "#1"},
				"west": {"uv": [3.75, 5.125, 3.8125, 6], "texture": "#1"},
				"up": {"uv": [6.6875, 3.5625, 5.5, 3.5], "texture": "#1"},
				"down": {"uv": [6.6875, 3.75, 5.5, 3.8125], "texture": "#1"}
			}
		},
		{
			"from": [-0.75, 0, 8],
			"to": [16.75, 22, 8],
			"rotation": {"angle": 0, "axis": "y", "origin": [8, 19, 7]},
			"faces": {
				"north": {"uv": [0, 0, 2.1875, 2.75], "texture": "#1"},
				"east": {"uv": [5.375, 5.75, 5.375, 8.5], "texture": "#1"},
				"south": {"uv": [2.1875, 0, 0, 2.75], "texture": "#1"},
				"west": {"uv": [5.5, 5.75, 5.5, 8.5], "texture": "#1"},
				"up": {"uv": [8.0625, 5, 5.875, 5], "texture": "#1"},
				"down": {"uv": [8.0625, 5.125, 5.875, 5.125], "texture": "#1"}
			}
		},
		{
			"from": [11.05546, 11.22703, 7.775],
			"to": [15.55546, 13.72703, 8.225],
			"rotation": {"angle": 45, "axis": "z", "origin": [10.80546, 9.22703, 7]},
			"faces": {
				"north": {"uv": [4.25, 4, 4.8125, 4.3125], "texture": "#1"},
				"east": {"uv": [3.25, 5.625, 3.3125, 5.9375], "texture": "#1"},
				"south": {"uv": [4.25, 4, 4.8125, 4.3125], "texture": "#1"},
				"west": {"uv": [3.5, 5.625, 3.5625, 5.9375], "texture": "#1"},
				"up": {"uv": [6.3125, 0.0625, 5.75, 0], "texture": "#1"},
				"down": {"uv": [6.3125, 0.25, 5.75, 0.3125], "texture": "#1"}
			}
		},
		{
			"from": [0.44454, 11.22703, 7.775],
			"to": [4.94454, 13.72703, 8.225],
			"rotation": {"angle": -45, "axis": "z", "origin": [5.19454, 9.22703, 7]},
			"faces": {
				"north": {"uv": [3.3125, 4.625, 2.75, 4.9375], "texture": "#1"},
				"east": {"uv": [0, 5.75, 0.0625, 6.0625], "texture": "#1"},
				"south": {"uv": [2.75, 4.625, 3.3125, 4.9375], "texture": "#1"},
				"west": {"uv": [0.25, 5.75, 0.3125, 6.0625], "texture": "#1"},
				"up": {"uv": [6.3125, 0.5625, 5.75, 0.5], "texture": "#1"},
				"down": {"uv": [6.3125, 0.75, 5.75, 0.8125], "texture": "#1"}
			}
		},
		{
			"from": [6.42678, 5.84835, 7.475],
			"to": [9.92678, 9.34835, 8.525],
			"rotation": {"angle": 45, "axis": "z", "origin": [8.17678, 7.34835, 8]},
			"faces": {
				"north": {"uv": [1, 4.25, 1.4375, 4.6875], "texture": "#1"},
				"east": {"uv": [4.25, 5.5, 4.375, 5.9375], "texture": "#1"},
				"south": {"uv": [1.625, 4.25, 2.0625, 4.6875], "texture": "#1"},
				"west": {"uv": [5.5, 4.25, 5.625, 4.6875], "texture": "#1"},
				"up": {"uv": [4.9375, 5.625, 4.5, 5.5], "texture": "#1"},
				"down": {"uv": [5.5625, 5.5, 5.125, 5.625], "texture": "#1"}
			}
		},
		{
			"from": [6.92678, 6.34835, 6.925],
			"to": [9.42678, 8.84835, 7.475],
			"rotation": {"angle": 45, "axis": "z", "origin": [8.17678, 7.34835, 6.95]},
			"faces": {
				"north": {"uv": [4.75, 5, 5.0625, 5.3125], "texture": "#1"},
				"east": {"uv": [5.75, 1, 5.8125, 1.3125], "texture": "#1"},
				"south": {"uv": [2.75, 5.125, 3.0625, 5.4375], "texture": "#1"},
				"west": {"uv": [5.75, 1.5, 5.8125, 1.8125], "texture": "#1"},
				"up": {"uv": [6.0625, 2.0625, 5.75, 2], "texture": "#1"},
				"down": {"uv": [6.0625, 2.25, 5.75, 2.3125], "texture": "#1"}
			}
		},
		{
			"from": [6.92678, 6.34835, 8.525],
			"to": [9.42678, 8.84835, 9.075],
			"rotation": {"angle": 45, "axis": "z", "origin": [8.17678, 7.34835, 9.05]},
			"faces": {
				"north": {"uv": [3.25, 5.125, 3.5625, 5.4375], "texture": "#1"},
				"east": {"uv": [4, 5.75, 4.0625, 6.0625], "texture": "#1"},
				"south": {"uv": [0, 5.25, 0.3125, 5.5625], "texture": "#1"},
				"west": {"uv": [5.75, 4.25, 5.8125, 4.5625], "texture": "#1"},
				"up": {"uv": [4.8125, 5.8125, 4.5, 5.75], "texture": "#1"},
				"down": {"uv": [6.0625, 4.75, 5.75, 4.8125], "texture": "#1"}
			}
		},
		{
			"from": [1.65004, 18.69813, 6.75],
			"to": [4.15004, 21.19813, 9.25],
			"rotation": {"angle": -45, "axis": "z", "origin": [4.7019, 21.75, 8]},
			"faces": {
				"north": {"uv": [5.25, 0, 5.5625, 0.3125], "texture": "#1"},
				"east": {"uv": [5.25, 0.5, 5.5625, 0.8125], "texture": "#1"},
				"south": {"uv": [5.25, 1, 5.5625, 1.3125], "texture": "#1"},
				"west": {"uv": [5.25, 1.5, 5.5625, 1.8125], "texture": "#1"},
				"up": {"uv": [5.5625, 2.3125, 5.25, 2], "texture": "#1"},
				"down": {"uv": [5.5625, 5, 5.25, 5.3125], "texture": "#1"}
			}
		},
		{
			"name": "pommel_outline",
			"from": [1.40004, 18.44813, 6.5],
			"to": [4.40004, 21.44813, 9.5],
			"rotation": {"angle": -45, "axis": "z", "origin": [4.7019, 21.75, 8]},
			"faces": {
				"north": {"uv": [3.5, 4.625, 3.875, 5], "texture": "#1"},
				"east": {"uv": [4.75, 0, 5.125, 0.375], "texture": "#1"},
				"south": {"uv": [4.75, 0.5, 5.125, 0.875], "texture": "#1"},
				"west": {"uv": [4.75, 1, 5.125, 1.375], "texture": "#1"},
				"up": {"uv": [5.125, 1.875, 4.75, 1.5], "texture": "#1"},
				"down": {"uv": [5.125, 2, 4.75, 2.375], "texture": "#1"}
			}
		},
		{
			"from": [11.84996, 18.69813, 6.75],
			"to": [14.34996, 21.19813, 9.25],
			"rotation": {"angle": 45, "axis": "z", "origin": [11.2981, 21.75, 8]},
			"faces": {
				"north": {"uv": [0.5, 5.375, 0.8125, 5.6875], "texture": "#1"},
				"east": {"uv": [1, 5.375, 1.3125, 5.6875], "texture": "#1"},
				"south": {"uv": [1.5, 5.375, 1.8125, 5.6875], "texture": "#1"},
				"west": {"uv": [2, 5.375, 2.3125, 5.6875], "texture": "#1"},
				"up": {"uv": [5.8125, 2.8125, 5.5, 2.5], "texture": "#1"},
				"down": {"uv": [5.8125, 3, 5.5, 3.3125], "texture": "#1"}
			}
		},
		{
			"name": "pommel_outline",
			"from": [11.59996, 18.44813, 6.5],
			"to": [14.59996, 21.44813, 9.5],
			"rotation": {"angle": 45, "axis": "z", "origin": [11.2981, 21.75, 8]},
			"faces": {
				"north": {"uv": [0.75, 4.875, 1.125, 5.25], "texture": "#1"},
				"east": {"uv": [1.25, 4.875, 1.625, 5.25], "texture": "#1"},
				"south": {"uv": [1.75, 4.875, 2.125, 5.25], "texture": "#1"},
				"west": {"uv": [5, 4, 5.375, 4.375], "texture": "#1"},
				"up": {"uv": [4.625, 5.375, 4.25, 5], "texture": "#1"},
				"down": {"uv": [5.375, 4.5, 5, 4.875], "texture": "#1"}
			}
		},
		{
			"from": [5.75, 26.25, 5],
			"to": [7.25, 27.75, 6.5],
			"rotation": {"angle": 0, "axis": "y", "origin": [2.75, 28.25, 4]},
			"faces": {
				"north": {"uv": [1.5, 12.5, 2.25, 13.25], "texture": "#0"},
				"east": {"uv": [12.5, 1.5, 13.25, 2.25], "texture": "#0"},
				"south": {"uv": [3, 12.5, 3.75, 13.25], "texture": "#0"},
				"west": {"uv": [4.5, 12.5, 5.25, 13.25], "texture": "#0"},
				"up": {"uv": [13.25, 9.75, 12.5, 9], "texture": "#0"},
				"down": {"uv": [10.75, 12.5, 10, 13.25], "texture": "#0"}
			}
		},
		{
			"from": [8.75, 26.25, 5],
			"to": [10.25, 27.75, 6.5],
			"rotation": {"angle": 0, "axis": "y", "origin": [13.25, 28.25, 4]},
			"faces": {
				"north": {"uv": [12.5, 10.5, 13.25, 11.25], "texture": "#0"},
				"east": {"uv": [11.5, 12.5, 12.25, 13.25], "texture": "#0"},
				"south": {"uv": [6, 13, 6.75, 13.75], "texture": "#0"},
				"west": {"uv": [7.5, 13, 8.25, 13.75], "texture": "#0"},
				"up": {"uv": [13.75, 12.75, 13, 12], "texture": "#0"},
				"down": {"uv": [0.75, 13.5, 0, 14.25], "texture": "#0"}
			}
		},
		{
			"from": [6.75, 27, 6.75],
			"to": [6.75, 29, 9.25],
			"rotation": {"angle": 0, "axis": "y", "origin": [5.25, 27, 4]},
			"faces": {
				"north": {"uv": [9, 13, 9, 14], "texture": "#0"},
				"east": {"uv": [3, 9.5, 4.25, 10.5], "texture": "#0"},
				"south": {"uv": [9.5, 13, 9.5, 14], "texture": "#0"},
				"west": {"uv": [5, 9.5, 6.25, 10.5], "texture": "#0"},
				"up": {"uv": [13, 14.75, 13, 13.5], "texture": "#0"},
				"down": {"uv": [13.5, 13.5, 13.5, 14.75], "texture": "#0"}
			}
		},
		{
			"from": [9.25, 27, 6.75],
			"to": [9.25, 29, 9.25],
			"rotation": {"angle": 0, "axis": "y", "origin": [10.75, 27, 4]},
			"faces": {
				"north": {"uv": [14, 0, 14, 1], "texture": "#0"},
				"east": {"uv": [10, 3.5, 11.25, 4.5], "texture": "#0"},
				"south": {"uv": [1.5, 14, 1.5, 15], "texture": "#0"},
				"west": {"uv": [10, 5, 11.25, 6], "texture": "#0"},
				"up": {"uv": [2, 15.25, 2, 14], "texture": "#0"},
				"down": {"uv": [2.5, 14, 2.5, 15.25], "texture": "#0"}
			}
		},
		{
			"from": [6.75, 27, 9.25],
			"to": [9.25, 29, 9.25],
			"rotation": {"angle": 0, "axis": "y", "origin": [10.5, 27, 4]},
			"faces": {
				"north": {"uv": [10, 6.5, 11.25, 7.5], "texture": "#0"},
				"east": {"uv": [14, 1.5, 14, 2.5], "texture": "#0"},
				"south": {"uv": [7, 10, 8.25, 11], "texture": "#0"},
				"west": {"uv": [3, 14, 3, 15], "texture": "#0"},
				"up": {"uv": [9.25, 1.5, 8, 1.5], "texture": "#0"},
				"down": {"uv": [4.75, 14, 3.5, 14], "texture": "#0"}
			}
		},
		{
			"from": [6.75, 27, 6.75],
			"to": [9.25, 29, 6.75],
			"rotation": {"angle": 0, "axis": "y", "origin": [10.5, 27, 1.5]},
			"faces": {
				"north": {"uv": [10, 8, 11.25, 9], "texture": "#0"},
				"east": {"uv": [5.5, 14, 5.5, 15], "texture": "#0"},
				"south": {"uv": [9, 10, 10.25, 11], "texture": "#0"},
				"west": {"uv": [14, 9, 14, 10], "texture": "#0"},
				"up": {"uv": [11.25, 14, 10, 14], "texture": "#0"},
				"down": {"uv": [15.25, 10.5, 14, 10.5], "texture": "#0"}
			}
		},
		{
			"from": [4.00733, 22.5, 7.99582],
			"to": [6.00733, 24, 10.99582],
			"rotation": {"angle": 22.5, "axis": "y", "origin": [3.50733, 22.5, 6.99582]},
			"faces": {
				"north": {"uv": [4, 11, 5, 11.75], "texture": "#0"},
				"east": {"uv": [0, 10.5, 1.5, 11.25], "texture": "#0"},
				"south": {"uv": [5.5, 11, 6.5, 11.75], "texture": "#0"},
				"west": {"uv": [10.5, 0, 12, 0.75], "texture": "#0"},
				"up": {"uv": [8, 9.5, 7, 8], "texture": "#0"},
				"down": {"uv": [1, 8.5, 0, 10], "texture": "#0"}
			}
		},
		{
			"from": [4.26956, 22.5, 5.34149],
			"to": [5.76956, 24, 7.34149],
			"rotation": {"angle": 22.5, "axis": "y", "origin": [3.76956, 22.5, 4.34149]},
			"faces": {
				"north": {"uv": [13.5, 6, 14.25, 6.75], "texture": "#0"},
				"east": {"uv": [0, 12, 1, 12.75], "texture": "#0"},
				"south": {"uv": [13.5, 7.5, 14.25, 8.25], "texture": "#0"},
				"west": {"uv": [12, 3, 13, 3.75], "texture": "#0"},
				"up": {"uv": [12.75, 5.5, 12, 4.5], "texture": "#0"},
				"down": {"uv": [12.75, 6, 12, 7], "texture": "#0"}
			}
		},
		{
			"from": [10.23044, 22.5, 5.34149],
			"to": [11.73044, 24, 7.34149],
			"rotation": {"angle": -22.5, "axis": "y", "origin": [12.23044, 22.5, 4.34149]},
			"faces": {
				"north": {"uv": [13.5, 3, 14.25, 3.75], "texture": "#0"},
				"east": {"uv": [11, 9.5, 12, 10.25], "texture": "#0"},
				"south": {"uv": [13.5, 4.5, 14.25, 5.25], "texture": "#0"},
				"west": {"uv": [11, 11, 12, 11.75], "texture": "#0"},
				"up": {"uv": [7.75, 12.5, 7, 11.5], "texture": "#0"},
				"down": {"uv": [9.25, 11.5, 8.5, 12.5], "texture": "#0"}
			}
		},
		{
			"from": [9.99267, 22.5, 7.99582],
			"to": [11.99267, 24, 10.99582],
			"rotation": {"angle": -22.5, "axis": "y", "origin": [12.49267, 22.5, 6.99582]},
			"faces": {
				"north": {"uv": [12, 7.5, 13, 8.25], "texture": "#0"},
				"east": {"uv": [10.5, 1.5, 12, 2.25], "texture": "#0"},
				"south": {"uv": [12.5, 0, 13.5, 0.75], "texture": "#0"},
				"west": {"uv": [2, 11, 3.5, 11.75], "texture": "#0"},
				"up": {"uv": [2.5, 10, 1.5, 8.5], "texture": "#0"},
				"down": {"uv": [9.5, 8, 8.5, 9.5], "texture": "#0"}
			}
		},
		{
			"from": [6, 23, 4],
			"to": [10, 25, 7],
			"rotation": {"angle": 0, "axis": "y", "origin": [5, 24, 4]},
			"faces": {
				"north": {"uv": [7.5, 3.5, 9.5, 4.5], "texture": "#0"},
				"east": {"uv": [3, 8, 4.5, 9], "texture": "#0"},
				"south": {"uv": [8, 0, 10, 1], "texture": "#0"},
				"west": {"uv": [5, 8, 6.5, 9], "texture": "#0"},
				"up": {"uv": [7, 3.5, 5, 2], "texture": "#0"},
				"down": {"uv": [7, 4, 5, 5.5], "texture": "#0"}
			}
		},
		{
			"from": [6.5, 25, 4.5],
			"to": [9.5, 27, 9.5],
			"rotation": {"angle": 0, "axis": "y", "origin": [5, 25, 4]},
			"faces": {
				"north": {"uv": [8, 5, 9.5, 6], "texture": "#0"},
				"east": {"uv": [0, 7, 2.5, 8], "texture": "#0"},
				"south": {"uv": [8, 6.5, 9.5, 7.5], "texture": "#0"},
				"west": {"uv": [7.5, 2, 10, 3], "texture": "#0"},
				"up": {"uv": [4.5, 2.5, 3, 0], "texture": "#0"},
				"down": {"uv": [4.5, 3, 3, 5.5], "texture": "#0"}
			}
		},
		{
			"from": [5.5, 23, 7],
			"to": [10.5, 26, 10.5],
			"rotation": {"angle": 0, "axis": "y", "origin": [5, 25, 6.5]},
			"faces": {
				"north": {"uv": [0, 5, 2.5, 6.5], "texture": "#0"},
				"east": {"uv": [3, 6, 4.75, 7.5], "texture": "#0"},
				"south": {"uv": [5, 0, 7.5, 1.5], "texture": "#0"},
				"west": {"uv": [5.5, 6, 7.25, 7.5], "texture": "#0"},
				"up": {"uv": [2.5, 1.75, 0, 0], "texture": "#0"},
				"down": {"uv": [2.5, 2.5, 0, 4.25], "texture": "#0"}
			}
		}
	],
	"gui_light": "front",
	"display": {
		"thirdperson_righthand": {
			"rotation": [0, -90, 0],
			"translation": [2.5, -10.5, 1.25],
			"scale": [2, 2, 2]
		},
		"thirdperson_lefthand": {
			"rotation": [0, -90, 0],
			"translation": [2.5, -10.5, 1.25],
			"scale": [2, 2, 2]
		},
		"firstperson_righthand": {
			"translation": [4.75, -10.5, -6.25],
			"scale": [1.5, 1.5, 1.5]
		},
		"firstperson_lefthand": {
			"translation": [4.75, -10.5, -6.25],
			"scale": [1.5, 1.5, 1.5]
		},
		"ground": {
			"translation": [0, 4, 0],
			"scale": [1.6, 1.6, 1.6]
		},
		"gui": {
			"rotation": [0, 180, 0],
			"translation": [0, -4, 0],
			"scale": [1.2, 1.2, 1.2]
		},
		"head": {
			"scale": [2, 2, 2]
		},
		"fixed": {
			"translation": [0, -6, -3.5],
			"scale": [2, 2, 2]
		}
	},
	"groups": [
		{
			"name": "frog_shield",
			"origin": [8, 8, 8],
			"color": 0,
			"children": [
				{
					"name": "shield",
					"origin": [19.77253, 2.33305, 7.925],
					"color": 0,
					"children": [0, 1, 2, 3, 4, 5, 6, 7, 8, 9, 10, 11, 12, 13]
				},
				{
					"name": "frog",
					"origin": [12.49267, 0, 7.99582],
					"color": 0,
					"children": [
						{
							"name": "eyes",
							"origin": [13.25, 5.75, 5],
							"color": 0,
							"children": [14, 15]
						},
						{
							"name": "crown",
							"origin": [10.5, 4.5, 2.5],
							"color": 0,
							"children": [16, 17, 18, 19]
						},
						{
							"name": "feet",
							"origin": [12.49267, 0, 7.99582],
							"color": 0,
							"children": [20, 21, 22, 23]
						},
						{
							"name": "body",
							"origin": [5, 2.5, 7.5],
							"color": 0,
							"children": [24, 25, 26]
						}
					]
				}
			]
		}
	],
	"mcmodels": "9204aa0cb57852696a8cee80f6197a3f"
}