{"credit":"Made with Blockbench","texture_size":[64,64],"textures":{"1":"item/furniture/basic/birch","particle":"item/furniture/basic/birch"},"elements":[{"from":[16.9,-0.1,11.9],"to":[20.1,13.1,15.1],"rotation":{"angle":0,"axis":"y","origin":[18.5,6.5,13.5]},"faces":{"north":{"uv":[1.75,12.375,1.9375,13.1875],"texture":"#1"},"east":{"uv":[2,12.375,2.1875,13.1875],"texture":"#1"},"south":{"uv":[4.5,12.375,4.6875,13.1875],"texture":"#1"},"west":{"uv":[4.75,12.375,4.9375,13.1875],"texture":"#1"},"up":{"uv":[10.9375,14.5,10.75,14.3125],"texture":"#1"},"down":{"uv":[1.8125,14.375,1.625,14.5625],"texture":"#1"}}},{"from":[16.9,-0.1,0.9],"to":[20.1,13.1,4.1],"rotation":{"angle":0,"axis":"y","origin":[18.5,6.5,2.5]},"faces":{"north":{"uv":[5,12.375,5.1875,13.1875],"texture":"#1"},"east":{"uv":[5.25,12.375,5.4375,13.1875],"texture":"#1"},"south":{"uv":[11.875,12.375,12.0625,13.1875],"texture":"#1"},"west":{"uv":[12.125,12.375,12.3125,13.1875],"texture":"#1"},"up":{"uv":[2.0625,14.5625,1.875,14.375],"texture":"#1"},"down":{"uv":[3.0625,14.375,2.875,14.5625],"texture":"#1"}}},{"from":[-4.1,-0.1,0.9],"to":[-0.9,13.1,4.1],"rotation":{"angle":0,"axis":"y","origin":[-2.5,6.5,2.5]},"faces":{"north":{"uv":[12.375,12.375,12.5625,13.1875],"texture":"#1"},"east":{"uv":[6.8125,12.4375,7,13.25],"texture":"#1"},"south":{"uv":[7.0625,12.4375,7.25,13.25],"texture":"#1"},"west":{"uv":[8.125,12.4375,8.3125,13.25],"texture":"#1"},"up":{"uv":[5.3125,14.5625,5.125,14.375],"texture":"#1"},"down":{"uv":[7.375,14.375,7.1875,14.5625],"texture":"#1"}}},{"from":[-1.025,8.95,0.975],"to":[17.025,13.1,1],"rotation":{"angle":0,"axis":"y","origin":[8,11.025,0.9875]},"faces":{"north":{"uv":[10.9375,3.375,12.0625,3.625],"texture":"#1"},"east":{"uv":[2.6875,10.5625,2.75,10.8125],"texture":"#1"},"south":{"uv":[10.9375,7.6875,12.0625,7.9375],"texture":"#1"},"west":{"uv":[5.125,14.0625,5.1875,14.3125],"texture":"#1"},"up":{"uv":[14.25,6.4375,13.125,6.375],"texture":"#1"},"down":{"uv":[14.375,9,13.25,9.0625],"texture":"#1"}}},{"from":[-1.025,8.95,14.975],"to":[17.025,13.1,15],"rotation":{"angle":0,"axis":"y","origin":[8,11.025,14.9875]},"faces":{"north":{"uv":[10.9375,8,12.0625,8.25],"texture":"#1"},"east":{"uv":[8.3125,14.5625,8.375,14.8125],"texture":"#1"},"south":{"uv":[10.8125,10.9375,11.9375,11.1875],"texture":"#1"},"west":{"uv":[8.4375,14.5625,8.5,14.8125],"texture":"#1"},"up":{"uv":[14.375,11.5,13.25,11.4375],"texture":"#1"},"down":{"uv":[14.4375,7.5,13.3125,7.5625],"texture":"#1"}}},{"from":[19.9875,8.95,3.9625],"to":[20.0125,13.1,12.0125],"rotation":{"angle":0,"axis":"y","origin":[20,11.025,7.9875]},"faces":{"north":{"uv":[8.5625,14.5625,8.625,14.8125],"texture":"#1"},"east":{"uv":[12.6875,8.8125,13.1875,9.0625],"texture":"#1"},"south":{"uv":[8.6875,14.5625,8.75,14.8125],"texture":"#1"},"west":{"uv":[12.6875,11.25,13.1875,11.5],"texture":"#1"},"up":{"uv":[11.375,12.25,11.3125,11.75],"texture":"#1"},"down":{"uv":[6.5625,13,6.5,13.5],"texture":"#1"}}},{"from":[-4.0125,8.95,3.9625],"to":[-3.9875,13.1,12.0125],"rotation":{"angle":0,"axis":"y","origin":[-4,11.025,7.9875]},"faces":{"north":{"uv":[10.75,14.5625,10.8125,14.8125],"texture":"#1"},"east":{"uv":[12.75,1.4375,13.25,1.6875],"texture":"#1"},"south":{"uv":[10.875,14.5625,10.9375,14.8125],"texture":"#1"},"west":{"uv":[12.75,2.4375,13.25,2.6875],"texture":"#1"},"up":{"uv":[0.625,14.5625,0.5625,14.0625],"texture":"#1"},"down":{"uv":[6.5625,14.0625,6.5,14.5625],"texture":"#1"}}},{"from":[8,13,0],"to":[22,16,16],"rotation":{"angle":0,"axis":"y","origin":[8,14.5,8]},"faces":{"north":{"uv":[12.1875,4.375,13.0625,4.5625],"texture":"#1"},"east":{"uv":[12.125,3.375,13.125,3.5625],"texture":"#1"},"south":{"uv":[12.1875,6,13.0625,6.1875],"texture":"#1"},"west":{"uv":[4.5,12.125,5.5,12.3125],"texture":"#1"},"up":{"uv":[4.4375,8.8125,3.5625,7.8125],"texture":"#1"},"down":{"uv":[8.75,0,7.875,1],"texture":"#1"}}},{"from":[-6,13,0],"to":[8,16,16],"rotation":{"angle":0,"axis":"y","origin":[8,14.5,8]},"faces":{"north":{"uv":[12.1875,6.25,13.0625,6.4375],"texture":"#1"},"east":{"uv":[12.125,7.625,13.125,7.8125],"texture":"#1"},"south":{"uv":[8.125,12.1875,9,12.375],"texture":"#1"},"west":{"uv":[12.125,7.875,13.125,8.0625],"texture":"#1"},"up":{"uv":[8.8125,2.0625,7.9375,1.0625],"texture":"#1"},"down":{"uv":[5.375,7.9375,4.5,8.9375],"texture":"#1"}}},{"from":[-4.1,-0.1,11.9],"to":[-0.9,13.1,15.1],"rotation":{"angle":0,"axis":"y","origin":[-2.5,6.5,13.5]},"faces":{"north":{"uv":[8.375,12.4375,8.5625,13.25],"texture":"#1"},"east":{"uv":[8.625,12.4375,8.8125,13.25],"texture":"#1"},"south":{"uv":[8.875,12.4375,9.0625,13.25],"texture":"#1"},"west":{"uv":[9.125,12.4375,9.3125,13.25],"texture":"#1"},"up":{"uv":[14.5625,7.4375,14.375,7.25],"texture":"#1"},"down":{"uv":[7.875,14.375,7.6875,14.5625],"texture":"#1"}}}],"gui_light":"front","display":{"thirdperson_righthand":{"rotation":[75,45,0],"translation":[0,2.5,0],"scale":[0.375,0.375,0.375]},"thirdperson_lefthand":{"rotation":[75,45,0],"translation":[0,2.5,0],"scale":[0.375,0.375,0.375]},"firstperson_righthand":{"rotation":[0,120,0],"scale":[0.4,0.4,0.4]},"firstperson_lefthand":{"rotation":[0,120,0],"scale":[0.4,0.4,0.4]},"ground":{"translation":[0,2,0],"scale":[0.5,0.5,0.5]},"gui":{"rotation":[15,150,0],"translation":[-0.25,-1,0],"scale":[0.45,0.45,0.45]},"fixed":{"rotation":[-90,0,0],"translation":[0,0,-16],"scale":[2,2,2]}},"groups":[{"name":"desk","origin":[-90,0,-4],"color":0,"children":[0,1,2,3,4,5,6,7,8,9]}],"mcmodels":"175f334c99c447e9681cb9b03b4ab6a6"}