{"credit":"Made by Nog's Menagerie","texture_size":[64,64],"textures":{"0":"item/crates/necromancer/plushies/plushie_charles_texture","particle":"item/crates/necromancer/plushies/plushie_charles_texture"},"elements":[{"name":"torso","from":[5.5,0,7.25],"to":[10.5,6,11.25],"rotation":{"angle":0,"axis":"y","origin":[8,2.0045,8.85355]},"faces":{"north":{"uv":[6.25,8,7.5,9.5],"texture":"#0"},"east":{"uv":[8.75,0,9.75,1.5],"texture":"#0"},"south":{"uv":[7.75,8,9,9.5],"texture":"#0"},"west":{"uv":[8.75,1.75,9.75,3.25],"texture":"#0"},"up":{"uv":[3.5,9.75,2.25,8.75],"texture":"#0"},"down":{"uv":[10,3.5,8.75,4.5],"texture":"#0"}}},{"name":"head","from":[4.5,4.575,4.85],"to":[11.5,11.575,11.85],"rotation":{"angle":-22.5,"axis":"x","origin":[8,6.725,8.25]},"faces":{"north":{"uv":[6.75,0,8.5,1.75],"texture":"#0"},"east":{"uv":[6.75,2,8.5,3.75],"texture":"#0"},"south":{"uv":[2.25,6.75,4,8.5],"texture":"#0"},"west":{"uv":[6.75,4,8.5,5.75],"texture":"#0"},"up":{"uv":[6,8.5,4.25,6.75],"texture":"#0"},"down":{"uv":[8.5,6,6.75,7.75],"texture":"#0"}}},{"name":"nose","from":[7,5.575,2.85],"to":[9,7.575,4.85],"rotation":{"angle":-22.5,"axis":"x","origin":[8,6.725,8.25]},"faces":{"north":{"uv":[3.75,9.5,4.25,10],"texture":"#0"},"east":{"uv":[9.5,5.5,10,6],"texture":"#0"},"south":{"uv":[9.5,6.25,10,6.75],"texture":"#0"},"west":{"uv":[0.75,9.75,1.25,10.25],"texture":"#0"},"up":{"uv":[2,10.25,1.5,9.75],"texture":"#0"},"down":{"uv":[5,9.75,4.5,10.25],"texture":"#0"}}},{"name":"head","from":[12,3.80642,3.22269],"to":[12,11.80642,11.22269],"rotation":{"angle":-22.5,"axis":"x","origin":[8,9.40642,7.02269]},"faces":{"north":{"uv":[9,9.75,9,11.75],"texture":"#0"},"east":{"uv":[0,0,2,2],"texture":"#0"},"south":{"uv":[0.5,10,0.5,12],"texture":"#0"},"west":{"uv":[2,0,0,2],"texture":"#0"},"up":{"uv":[10,10.25,10,8.25],"texture":"#0"},"down":{"uv":[10.25,3.5,10.25,5.5],"texture":"#0"}}},{"name":"head","from":[4,3.80642,3.22269],"to":[4,11.80642,11.22269],"rotation":{"angle":-22.5,"axis":"x","origin":[8,9.40642,7.02269]},"faces":{"north":{"uv":[3.75,10.25,3.75,12.25],"texture":"#0"},"east":{"uv":[4.25,2.25,2.25,4.25],"texture":"#0"},"south":{"uv":[4,10.25,4,12.25],"texture":"#0"},"west":{"uv":[2.25,2.25,4.25,4.25],"texture":"#0"},"up":{"uv":[4.25,12.25,4.25,10.25],"texture":"#0"},"down":{"uv":[7.25,10.25,7.25,12.25],"texture":"#0"}}},{"name":"head","from":[4,3.80642,3.22269],"to":[12,11.80642,3.22269],"rotation":{"angle":-22.5,"axis":"x","origin":[8,9.40642,7.02269]},"faces":{"north":{"uv":[0,4.5,2,6.5],"texture":"#0"},"east":{"uv":[7.5,10.25,7.5,12.25],"texture":"#0"},"south":{"uv":[2,4.5,0,6.5],"texture":"#0"},"west":{"uv":[10.25,7.5,10.25,9.5],"texture":"#0"},"up":{"uv":[12.25,5.75,10.25,5.75],"texture":"#0"},"down":{"uv":[12.25,6,10.25,6],"texture":"#0"}}},{"name":"head","from":[4,11.88254,3.60538],"to":[12,11.88254,11.60538],"rotation":{"angle":-22.5,"axis":"x","origin":[8,8.48254,7.40538]},"faces":{"north":{"uv":[10.25,6.25,12.25,6.25],"texture":"#0"},"east":{"uv":[10.25,6.5,12.25,6.5],"texture":"#0"},"south":{"uv":[10.25,6.75,12.25,6.75],"texture":"#0"},"west":{"uv":[10.25,9.75,12.25,9.75],"texture":"#0"},"up":{"uv":[4.25,6.5,2.25,4.5],"texture":"#0"},"down":{"uv":[4.25,4.5,2.25,6.5],"texture":"#0"}}},{"name":"head","from":[4,3.80642,11.22269],"to":[12,11.80642,11.22269],"rotation":{"angle":-22.5,"axis":"x","origin":[8,9.40642,7.02269]},"faces":{"north":{"uv":[2,6.75,0,8.75],"texture":"#0"},"east":{"uv":[7.75,10.25,7.75,12.25],"texture":"#0"},"south":{"uv":[0,6.75,2,8.75],"texture":"#0"},"west":{"uv":[8,10.25,8,12.25],"texture":"#0"},"up":{"uv":[12.25,10,10.25,10],"texture":"#0"},"down":{"uv":[12.25,10.25,10.25,10.25],"texture":"#0"}}},{"name":"right_arm","from":[9.83187,1.24074,8.25],"to":[11.83187,4.24074,10.25],"rotation":{"angle":45,"axis":"z","origin":[10.83187,2.74074,9.25]},"faces":{"north":{"uv":[5,8.75,5.5,9.5],"texture":"#0"},"east":{"uv":[8.75,5.5,9.25,6.25],"texture":"#0"},"south":{"uv":[8.75,6.5,9.25,7.25],"texture":"#0"},"west":{"uv":[0,9,0.5,9.75],"texture":"#0"},"up":{"uv":[5.75,10.25,5.25,9.75],"texture":"#0"},"down":{"uv":[6.5,9.75,6,10.25],"texture":"#0"}}},{"name":"left_arm","from":[4.16813,1.24074,8.25],"to":[6.16813,4.24074,10.25],"rotation":{"angle":-45,"axis":"z","origin":[5.16813,2.74074,9.25]},"faces":{"north":{"uv":[5.5,8.75,5,9.5],"texture":"#0"},"east":{"uv":[0.5,9,0,9.75],"texture":"#0"},"south":{"uv":[9.25,6.5,8.75,7.25],"texture":"#0"},"west":{"uv":[9.25,5.5,8.75,6.25],"texture":"#0"},"up":{"uv":[5.25,10.25,5.75,9.75],"texture":"#0"},"down":{"uv":[6,9.75,6.5,10.25],"texture":"#0"}}},{"name":"right_arm","from":[11.54076,0.63186,3.25],"to":[12.54076,2.63186,7.25],"rotation":{"angle":0,"axis":"y","origin":[11.71576,2.10686,7.25]},"faces":{"north":{"uv":[5.75,8.75,6,9.25],"texture":"#0"},"east":{"uv":[3.75,8.75,4.75,9.25],"texture":"#0"},"south":{"uv":[1.75,9,2,9.5],"texture":"#0"},"west":{"uv":[8.75,4.75,9.75,5.25],"texture":"#0"},"up":{"uv":[6.5,7.75,6.25,6.75],"texture":"#0"},"down":{"uv":[7,9.75,6.75,10.75],"texture":"#0"}}},{"name":"right_arm","from":[11.51576,0.79264,2.25],"to":[12.56576,2.21764,3.675],"rotation":{"angle":45,"axis":"x","origin":[12.04076,1.21764,3.25]},"faces":{"north":{"uv":[8.75,7.5,9,7.75],"texture":"#0"},"east":{"uv":[10,1.5,10.25,1.75],"texture":"#0"},"south":{"uv":[10,2,10.25,2.25],"texture":"#0"},"west":{"uv":[2.25,10,2.5,10.25],"texture":"#0"},"up":{"uv":[10.25,2.75,10,2.5],"texture":"#0"},"down":{"uv":[3,10,2.75,10.25],"texture":"#0"}}},{"name":"right_arm","from":[11.54076,1.13186,7.25],"to":[12.54076,2.13186,11.25],"rotation":{"angle":0,"axis":"y","origin":[11.71576,2.10686,7.25]},"faces":{"north":{"uv":[10,3,10.25,3.25],"texture":"#0"},"east":{"uv":[9.5,7,10.5,7.25],"texture":"#0"},"south":{"uv":[3.25,10,3.5,10.25],"texture":"#0"},"west":{"uv":[7.25,9.75,8.25,10],"texture":"#0"},"up":{"uv":[8.75,10.75,8.5,9.75],"texture":"#0"},"down":{"uv":[0.25,10,0,11],"texture":"#0"}}},{"name":"right_leg","from":[9,0.01,4.75],"to":[11,2.01,7.75],"rotation":{"angle":-22.5,"axis":"y","origin":[8,0.01,6.25]},"faces":{"north":{"uv":[10,0,10.5,0.5],"texture":"#0"},"east":{"uv":[0.75,9,1.5,9.5],"texture":"#0"},"south":{"uv":[10,0.75,10.5,1.25],"texture":"#0"},"west":{"uv":[9.25,7.5,10,8],"texture":"#0"},"up":{"uv":[9.75,9,9.25,8.25],"texture":"#0"},"down":{"uv":[9.75,9.25,9.25,10],"texture":"#0"}}},{"name":"left_leg","from":[5,0.01,4.75],"to":[7,2.01,7.75],"rotation":{"angle":22.5,"axis":"y","origin":[8,0.01,6.25]},"faces":{"north":{"uv":[10.5,0,10,0.5],"texture":"#0"},"east":{"uv":[10,7.5,9.25,8],"texture":"#0"},"south":{"uv":[10.5,0.75,10,1.25],"texture":"#0"},"west":{"uv":[1.5,9,0.75,9.5],"texture":"#0"},"up":{"uv":[9.25,9,9.75,8.25],"texture":"#0"},"down":{"uv":[9.25,9.25,9.75,10],"texture":"#0"}}}],"gui_light":"front","display":{"thirdperson_righthand":{"rotation":[24,13,0],"translation":[0,1.25,-0.5],"scale":[0.6,0.6,0.6]},"thirdperson_lefthand":{"rotation":[24,13,0],"translation":[0,0.75,-0.5],"scale":[0.6,0.6,0.6]},"firstperson_righthand":{"rotation":[0,109,5],"translation":[2,5.25,0],"scale":[0.71,0.71,0.71]},"firstperson_lefthand":{"rotation":[0,109,5],"translation":[2,5.25,0],"scale":[0.71,0.71,0.71]},"ground":{"translation":[0,3.5,0],"scale":[0.65,0.65,0.65]},"gui":{"rotation":[25,151,0],"translation":[0.25,0.25,0],"scale":[0.73,0.73,0.73]},"head":{"translation":[0,14.4,0]},"fixed":{"rotation":[-90,0,0],"translation":[0,0,-13.5],"scale":[1.7,1.7,1.7]}},"groups":[{"name":"base","origin":[8,8,8],"color":0,"nbt":"{}","children":[0,{"name":"group","origin":[8,7.5,8.25],"color":0,"nbt":"{}","children":[1,2,{"name":"group","origin":[8,7.725,8.25],"color":0,"nbt":"{}","children":[3,4,5,6,7]}]},{"name":"group","origin":[5.16813,3.74074,9.25],"color":0,"nbt":"{}","children":[8,9,{"name":"group","origin":[5.16813,3.74074,9.25],"color":0,"nbt":"{}","children":[10,11,12]}]},{"name":"group","origin":[8,0.01,6.25],"color":0,"nbt":"{}","children":[13,14]}]}],"mcmodels":"d3de2d4252105dcc0a8a3b0cc20c32f2"}