{"credit":"Made by Nog's Menagerie","texture_size":[64,64],"textures":{"0":"item/crates/necromancer/plushies/plushie_gargoyle_texture","particle":"item/crates/necromancer/plushies/plushie_gargoyle_texture"},"elements":[{"name":"torso","from":[5.5,0,7.25],"to":[10.5,7,11.25],"rotation":{"angle":0,"axis":"y","origin":[8,2.0045,8.85355]},"faces":{"north":{"uv":[0,4,1.25,5.75],"texture":"#0"},"east":{"uv":[5.5,5,6.5,6.75],"texture":"#0"},"south":{"uv":[4.25,0,5.5,1.75],"texture":"#0"},"west":{"uv":[5.75,0,6.75,1.75],"texture":"#0"},"up":{"uv":[5.25,7.25,4,6.25],"texture":"#0"},"down":{"uv":[8.25,0,7,1],"texture":"#0"}}},{"name":"head","from":[4.5,7.6,4.85],"to":[11.5,12.6,11.85],"rotation":{"angle":-22.5,"axis":"x","origin":[8,7.75,8.25]},"faces":{"north":{"uv":[1.5,4.75,3.25,6],"texture":"#0"},"east":{"uv":[3.5,4.75,5.25,6],"texture":"#0"},"south":{"uv":[5.5,2,7.25,3.25],"texture":"#0"},"west":{"uv":[5.5,3.5,7.25,4.75],"texture":"#0"},"up":{"uv":[1.75,1.75,0,0],"texture":"#0"},"down":{"uv":[1.75,2,0,3.75],"texture":"#0"}}},{"name":"head","from":[4.5,5.6,7.85],"to":[11.5,7.6,11.85],"rotation":{"angle":-22.5,"axis":"x","origin":[8,7.75,8.25]},"faces":{"north":{"uv":[7,1.25,8.75,1.75],"texture":"#0"},"east":{"uv":[4.25,2,5.25,2.5],"texture":"#0"},"south":{"uv":[0,7.5,1.75,8],"texture":"#0"},"west":{"uv":[7.25,8,8.25,8.5],"texture":"#0"},"up":{"uv":[1.75,7.25,0,6.25],"texture":"#0"},"down":{"uv":[3.75,6.25,2,7.25],"texture":"#0"}}},{"name":"head","from":[4,5.6,2.85],"to":[12,8.6,7.85],"rotation":{"angle":-22.5,"axis":"x","origin":[8,7.75,8.25]},"faces":{"north":{"uv":[6.75,5,8.75,5.75],"texture":"#0"},"east":{"uv":[5.5,7,6.75,7.75],"texture":"#0"},"south":{"uv":[6.75,6,8.75,6.75],"texture":"#0"},"west":{"uv":[7,7,8.25,7.75],"texture":"#0"},"up":{"uv":[4,1.25,2,0],"texture":"#0"},"down":{"uv":[4,1.5,2,2.75],"texture":"#0"}}},{"name":"head","from":[11,8.6,2.85],"to":[12,9.6,3.85],"rotation":{"angle":-22.5,"axis":"x","origin":[8,7.75,8.25]},"faces":{"north":{"uv":[0.75,9,1,9.25],"texture":"#0"},"east":{"uv":[2.25,9.75,2.5,10],"texture":"#0"},"south":{"uv":[2.75,10,3,10.25],"texture":"#0"},"west":{"uv":[3.25,10,3.5,10.25],"texture":"#0"},"up":{"uv":[4,10.25,3.75,10],"texture":"#0"},"down":{"uv":[4.5,10,4.25,10.25],"texture":"#0"}}},{"name":"head","from":[4,8.6,2.85],"to":[5,9.6,3.85],"rotation":{"angle":-22.5,"axis":"x","origin":[8,7.75,8.25]},"faces":{"north":{"uv":[4.75,10,5,10.25],"texture":"#0"},"east":{"uv":[10,5.5,10.25,5.75],"texture":"#0"},"south":{"uv":[10,6,10.25,6.25],"texture":"#0"},"west":{"uv":[10,9,10.25,9.25],"texture":"#0"},"up":{"uv":[10.5,0.25,10.25,0],"texture":"#0"},"down":{"uv":[1,10.25,0.75,10.5],"texture":"#0"}}},{"name":"head","from":[12.5,11.6,5.85],"to":[14.5,14.6,7.85],"rotation":{"angle":-22.5,"axis":"x","origin":[8,7.75,8.25]},"faces":{"north":{"uv":[2.75,9,3.25,9.75],"texture":"#0"},"east":{"uv":[3.5,9,4,9.75],"texture":"#0"},"south":{"uv":[4.25,9,4.75,9.75],"texture":"#0"},"west":{"uv":[9,4.75,9.5,5.5],"texture":"#0"},"up":{"uv":[10,7.5,9.5,7],"texture":"#0"},"down":{"uv":[10,7.75,9.5,8.25],"texture":"#0"}}},{"name":"head","from":[11.5,9.6,5.85],"to":[14.5,11.6,7.85],"rotation":{"angle":-22.5,"axis":"x","origin":[8,7.75,8.25]},"faces":{"north":{"uv":[9,1.25,9.75,1.75],"texture":"#0"},"east":{"uv":[8,9.5,8.5,10],"texture":"#0"},"south":{"uv":[9,5.75,9.75,6.25],"texture":"#0"},"west":{"uv":[1.5,9.75,2,10.25],"texture":"#0"},"up":{"uv":[10,0.5,9.25,0],"texture":"#0"},"down":{"uv":[10,4,9.25,4.5],"texture":"#0"}}},{"name":"head","from":[1.5,9.6,5.85],"to":[4.5,11.6,7.85],"rotation":{"angle":-22.5,"axis":"x","origin":[8,7.75,8.25]},"faces":{"north":{"uv":[9.75,1.25,9,1.75],"texture":"#0"},"east":{"uv":[2,9.75,1.5,10.25],"texture":"#0"},"south":{"uv":[9.75,5.75,9,6.25],"texture":"#0"},"west":{"uv":[8.5,9.5,8,10],"texture":"#0"},"up":{"uv":[9.25,0.5,10,0],"texture":"#0"},"down":{"uv":[9.25,4,10,4.5],"texture":"#0"}}},{"name":"head","from":[1.5,11.6,5.85],"to":[3.5,14.6,7.85],"rotation":{"angle":-22.5,"axis":"x","origin":[8,7.75,8.25]},"faces":{"north":{"uv":[3.25,9,2.75,9.75],"texture":"#0"},"east":{"uv":[9.5,4.75,9,5.5],"texture":"#0"},"south":{"uv":[4.75,9,4.25,9.75],"texture":"#0"},"west":{"uv":[4,9,3.5,9.75],"texture":"#0"},"up":{"uv":[9.5,7.5,10,7],"texture":"#0"},"down":{"uv":[9.5,7.75,10,8.25],"texture":"#0"}}},{"name":"left_arm","from":[5.75,0.19686,5.5021],"to":[7.75,5.19686,7.5021],"rotation":{"angle":22.5,"axis":"x","origin":[8,2.69686,6.5021]},"faces":{"north":{"uv":[3,7.5,3.5,8.75],"texture":"#0"},"east":{"uv":[7.5,3.25,8,4.5],"texture":"#0"},"south":{"uv":[3.75,7.5,4.25,8.75],"texture":"#0"},"west":{"uv":[4.5,7.5,5,8.75],"texture":"#0"},"up":{"uv":[10.25,5.25,9.75,4.75],"texture":"#0"},"down":{"uv":[7.75,9.75,7.25,10.25],"texture":"#0"}}},{"name":"right_arm","from":[8.25,0.19686,5.5021],"to":[10.25,5.19686,7.5021],"rotation":{"angle":22.5,"axis":"x","origin":[8,2.69686,6.5021]},"faces":{"north":{"uv":[3.5,7.5,3,8.75],"texture":"#0"},"east":{"uv":[5,7.5,4.5,8.75],"texture":"#0"},"south":{"uv":[4.25,7.5,3.75,8.75],"texture":"#0"},"west":{"uv":[8,3.25,7.5,4.5],"texture":"#0"},"up":{"uv":[9.75,5.25,10.25,4.75],"texture":"#0"},"down":{"uv":[7.25,9.75,7.75,10.25],"texture":"#0"}}},{"name":"left_arm","from":[-0.74526,7.44786,13.25],"to":[5.25474,8.44786,14.25],"rotation":{"angle":-45,"axis":"z","origin":[2.29135,4.85947,13.25]},"faces":{"north":{"uv":[8.5,2.75,10,3],"texture":"#0"},"east":{"uv":[10.25,1.75,10.5,2],"texture":"#0"},"south":{"uv":[9,6.5,10.5,6.75],"texture":"#0"},"west":{"uv":[2.25,10.25,2.5,10.5],"texture":"#0"},"up":{"uv":[10.75,1,9.25,0.75],"texture":"#0"},"down":{"uv":[10.75,8.5,9.25,8.75],"texture":"#0"}}},{"name":"left_arm","from":[-1.03816,0.15497,13.25],"to":[-0.03816,9.15497,14.25],"rotation":{"angle":-45,"axis":"z","origin":[2.99846,5.56658,12.25]},"faces":{"north":{"uv":[5.25,8,5.5,10.25],"texture":"#0"},"east":{"uv":[5.75,8,6,10.25],"texture":"#0"},"south":{"uv":[6.25,8,6.5,10.25],"texture":"#0"},"west":{"uv":[6.75,8,7,10.25],"texture":"#0"},"up":{"uv":[10.5,2.5,10.25,2.25],"texture":"#0"},"down":{"uv":[10.5,2.75,10.25,3],"texture":"#0"}}},{"name":"left_arm","from":[-0.03816,1.15497,13.749],"to":[5.96184,7.15497,13.749],"rotation":{"angle":-45,"axis":"z","origin":[2.99846,5.56658,13.249]},"faces":{"north":{"uv":[5.25,3,3.75,4.5],"texture":"#0"},"east":{"uv":[1.25,10.25,1.25,11.75],"texture":"#0"},"south":{"uv":[3.75,3,5.25,4.5],"texture":"#0"},"west":{"uv":[8,10.25,8,11.75],"texture":"#0"},"up":{"uv":[11.5,9.5,10,9.5],"texture":"#0"},"down":{"uv":[11.75,0.5,10.25,0.5],"texture":"#0"}}},{"name":"left_arm","from":[5.96114,3.15567,10.75],"to":[5.96114,7.15567,13.75],"rotation":{"angle":-45,"axis":"z","origin":[2.99775,5.56728,13.25]},"faces":{"north":{"uv":[10.25,7,10.25,8],"texture":"#0"},"east":{"uv":[2,7.5,2.75,8.5],"texture":"#0"},"south":{"uv":[8.25,10.25,8.25,11.25],"texture":"#0"},"west":{"uv":[2.75,7.5,2,8.5],"texture":"#0"},"up":{"uv":[5,9.75,5,9],"texture":"#0"},"down":{"uv":[8.5,10.25,8.5,11],"texture":"#0"}}},{"name":"left_arm","from":[4.25474,7.44786,11.25],"to":[5.25474,8.44786,13.25],"rotation":{"angle":-45,"axis":"z","origin":[2.29135,4.85947,13.25]},"faces":{"north":{"uv":[10.25,3.25,10.5,3.5],"texture":"#0"},"east":{"uv":[0,10,0.5,10.25],"texture":"#0"},"south":{"uv":[10.25,3.75,10.5,4],"texture":"#0"},"west":{"uv":[10,1.25,10.5,1.5],"texture":"#0"},"up":{"uv":[1.75,4.5,1.5,4],"texture":"#0"},"down":{"uv":[8.25,8.75,8,9.25],"texture":"#0"}}},{"name":"right_arm","from":[16.03816,0.15497,13.25],"to":[17.03816,9.15497,14.25],"rotation":{"angle":45,"axis":"z","origin":[13.00154,5.56658,12.25]},"faces":{"north":{"uv":[5.5,8,5.25,10.25],"texture":"#0"},"east":{"uv":[7,8,6.75,10.25],"texture":"#0"},"south":{"uv":[6.5,8,6.25,10.25],"texture":"#0"},"west":{"uv":[6,8,5.75,10.25],"texture":"#0"},"up":{"uv":[10.25,2.5,10.5,2.25],"texture":"#0"},"down":{"uv":[10.25,2.75,10.5,3],"texture":"#0"}}},{"name":"right_arm","from":[10.03816,1.15497,13.749],"to":[16.03816,7.15497,13.749],"rotation":{"angle":45,"axis":"z","origin":[13.00154,5.56658,13.249]},"faces":{"north":{"uv":[3.75,3,5.25,4.5],"texture":"#0"},"east":{"uv":[8,10.25,8,11.75],"texture":"#0"},"south":{"uv":[5.25,3,3.75,4.5],"texture":"#0"},"west":{"uv":[1.25,10.25,1.25,11.75],"texture":"#0"},"up":{"uv":[10,9.5,11.5,9.5],"texture":"#0"},"down":{"uv":[10.25,0.5,11.75,0.5],"texture":"#0"}}},{"name":"right_arm","from":[10.74526,7.44786,13.25],"to":[16.74526,8.44786,14.25],"rotation":{"angle":45,"axis":"z","origin":[13.70865,4.85947,13.25]},"faces":{"north":{"uv":[10,2.75,8.5,3],"texture":"#0"},"east":{"uv":[2.5,10.25,2.25,10.5],"texture":"#0"},"south":{"uv":[10.5,6.5,9,6.75],"texture":"#0"},"west":{"uv":[10.5,1.75,10.25,2],"texture":"#0"},"up":{"uv":[9.25,1,10.75,0.75],"texture":"#0"},"down":{"uv":[9.25,8.5,10.75,8.75],"texture":"#0"}}},{"name":"right_arm","from":[10.74526,7.44786,11.25],"to":[11.74526,8.44786,13.25],"rotation":{"angle":45,"axis":"z","origin":[13.70865,4.85947,13.25]},"faces":{"north":{"uv":[10.5,3.25,10.25,3.5],"texture":"#0"},"east":{"uv":[10.5,1.25,10,1.5],"texture":"#0"},"south":{"uv":[10.5,3.75,10.25,4],"texture":"#0"},"west":{"uv":[0.5,10,0,10.25],"texture":"#0"},"up":{"uv":[1.5,4.5,1.75,4],"texture":"#0"},"down":{"uv":[8,8.75,8.25,9.25],"texture":"#0"}}},{"name":"right_arm","from":[10.03886,3.15567,10.75],"to":[10.03886,7.15567,13.75],"rotation":{"angle":45,"axis":"z","origin":[13.00225,5.56728,13.25]},"faces":{"north":{"uv":[10.25,7,10.25,8],"texture":"#0"},"east":{"uv":[2,7.5,2.75,8.5],"texture":"#0"},"south":{"uv":[8.25,10.25,8.25,11.25],"texture":"#0"},"west":{"uv":[2.75,7.5,2,8.5],"texture":"#0"},"up":{"uv":[5,9.75,5,9],"texture":"#0"},"down":{"uv":[8.5,10.25,8.5,11],"texture":"#0"}}},{"name":"left_leg","from":[4.08295,0.01,5.54407],"to":[6.08295,2.01,9.54407],"rotation":{"angle":45,"axis":"y","origin":[5.58295,1.01,7.29407]},"faces":{"north":{"uv":[8.75,9.75,9.25,10.25],"texture":"#0"},"east":{"uv":[0,8.25,1,8.75],"texture":"#0"},"south":{"uv":[9.5,9.75,10,10.25],"texture":"#0"},"west":{"uv":[8.25,3.25,9.25,3.75],"texture":"#0"},"up":{"uv":[1.75,9.25,1.25,8.25],"texture":"#0"},"down":{"uv":[9,0,8.5,1],"texture":"#0"}}},{"name":"right_leg","from":[9.91705,0.01,5.54407],"to":[11.91705,2.01,9.54407],"rotation":{"angle":-45,"axis":"y","origin":[10.41705,1.01,7.29407]},"faces":{"north":{"uv":[9.25,9.75,8.75,10.25],"texture":"#0"},"east":{"uv":[9.25,3.25,8.25,3.75],"texture":"#0"},"south":{"uv":[10,9.75,9.5,10.25],"texture":"#0"},"west":{"uv":[1,8.25,0,8.75],"texture":"#0"},"up":{"uv":[1.25,9.25,1.75,8.25],"texture":"#0"},"down":{"uv":[8.5,0,9,1],"texture":"#0"}}}],"gui_light":"front","display":{"thirdperson_righthand":{"rotation":[24,13,0],"translation":[0,1.25,-0.5],"scale":[0.6,0.6,0.6]},"thirdperson_lefthand":{"rotation":[24,13,0],"translation":[0,0.75,-0.5],"scale":[0.6,0.6,0.6]},"firstperson_righthand":{"rotation":[0,109,5],"translation":[2,5.25,0],"scale":[0.71,0.71,0.71]},"firstperson_lefthand":{"rotation":[0,109,5],"translation":[2,5.25,0],"scale":[0.71,0.71,0.71]},"ground":{"translation":[0,3.5,0],"scale":[0.65,0.65,0.65]},"gui":{"rotation":[25,151,0],"translation":[-1.5,0.5,0],"scale":[0.69,0.69,0.69]},"head":{"translation":[0,14.4,0]},"fixed":{"rotation":[-90,0,0],"translation":[0,0,-13.5],"scale":[1.7,1.7,1.7]}},"groups":[{"name":"base","origin":[8,8,8],"color":0,"children":[0,{"name":"group","origin":[8,7.5,8.25],"color":0,"children":[1,2,3,4,5,6,7,8,9]},{"name":"group","origin":[8,0.01,6.25],"color":0,"children":[10,11,{"name":"wing","origin":[5.16813,3.74074,9.25],"color":0,"children":[12,13,14,15,16,17,18,19,20,21]},{"name":"wing","origin":[5.16813,3.74074,9.25],"color":0,"children":[]}]},{"name":"group","origin":[2.69325,1.97297,9.25],"color":0,"children":[22,23]}]}],"mcmodels":"69b0f76d6826aa046009c04ed346ffed"}