{"credit":"Made by Nog's Menagerie","texture_size":[64,64],"textures":{"1":"item/crates/necromancer/plushies/plushie_jack_lantern_texture"},"elements":[{"name":"torso","from":[5.5,0,7.25],"to":[10.5,8,11.25],"rotation":{"angle":0,"axis":"y","origin":[8,2.0045,8.85355]},"faces":{"north":{"uv":[5,4,6.25,6],"texture":"#1"},"east":{"uv":[1.5,5.75,2.5,7.75],"texture":"#1"},"south":{"uv":[0,5.75,1.25,7.75],"texture":"#1"},"west":{"uv":[2.75,5.75,3.75,7.75],"texture":"#1"},"up":{"uv":[5.25,7.25,4,6.25],"texture":"#1"},"down":{"uv":[6.75,6.25,5.5,7.25],"texture":"#1"}}},{"name":"head","from":[3.5,5.575,5.85],"to":[12.5,12.575,11.85],"rotation":{"angle":-22.5,"axis":"x","origin":[8,7.725,8.25]},"faces":{"north":{"uv":[0,0,2.25,1.75],"texture":"#1"},"east":{"uv":[5,0,6.5,1.75],"texture":"#1"},"south":{"uv":[0,2,2.25,3.75],"texture":"#1"},"west":{"uv":[5,2,6.5,3.75],"texture":"#1"},"up":{"uv":[2.25,5.5,0,4],"texture":"#1"},"down":{"uv":[4.75,4,2.5,5.5],"texture":"#1"}}},{"name":"head","from":[6.5,12.575,7.85],"to":[9.5,15.575,7.85],"rotation":{"angle":-22.5,"axis":"x","origin":[8,7.725,8.25]},"faces":{"north":{"uv":[6.5,4,7.25,4.75],"texture":"#1"},"east":{"uv":[6.75,7.5,6.75,8.25],"texture":"#1"},"south":{"uv":[7.25,4,6.5,4.75],"texture":"#1"},"west":{"uv":[7.75,8,7.75,8.75],"texture":"#1"},"up":{"uv":[9,3.25,8,3.25],"texture":"#1"},"down":{"uv":[9,3.5,8,3.5],"texture":"#1"}}},{"name":"head","from":[3.5,5.575,4.85],"to":[12.5,12.575,4.85],"rotation":{"angle":-22.5,"axis":"x","origin":[8,7.725,8.25]},"faces":{"north":{"uv":[2.5,0,4.75,1.75],"texture":"#1"},"east":{"uv":[8,8,8,9.75],"texture":"#1"},"south":{"uv":[2.5,2,4.75,3.75],"texture":"#1"},"west":{"uv":[8.25,3.75,8.25,5.5],"texture":"#1"},"up":{"uv":[10.5,2,8.25,2],"texture":"#1"},"down":{"uv":[10.5,2.25,8.25,2.25],"texture":"#1"}}},{"name":"head","from":[3.5,12.575,4.85],"to":[12.5,12.575,5.85],"rotation":{"angle":-22.5,"axis":"x","origin":[8,7.725,8.25]},"faces":{"north":{"uv":[8.25,2.5,10.5,2.5],"texture":"#1"},"east":{"uv":[4,5.75,4.25,5.75],"texture":"#1"},"south":{"uv":[8.25,2.75,10.5,2.75],"texture":"#1"},"west":{"uv":[4.5,5.75,4.75,5.75],"texture":"#1"},"up":{"uv":[9,0.25,6.75,0],"texture":"#1"},"down":{"uv":[9,0.5,6.75,0.75],"texture":"#1"}}},{"name":"head","from":[3.5,5.575,4.85],"to":[12.5,5.575,5.85],"rotation":{"angle":-22.5,"axis":"x","origin":[8,7.725,8.25]},"faces":{"north":{"uv":[8.25,3,10.5,3],"texture":"#1"},"east":{"uv":[4,6,4.25,6],"texture":"#1"},"south":{"uv":[8.25,5.75,10.5,5.75],"texture":"#1"},"west":{"uv":[4.5,6,4.75,6],"texture":"#1"},"up":{"uv":[9,1.25,6.75,1],"texture":"#1"},"down":{"uv":[9,1.5,6.75,1.75],"texture":"#1"}}},{"name":"head","from":[12.5,5.575,4.85],"to":[12.5,12.575,5.85],"rotation":{"angle":-22.5,"axis":"x","origin":[8,7.725,8.25]},"faces":{"north":{"uv":[4,8.25,4,10],"texture":"#1"},"east":{"uv":[7.75,4,8,5.75],"texture":"#1"},"south":{"uv":[4.25,8.25,4.25,10],"texture":"#1"},"west":{"uv":[7.75,6,8,7.75],"texture":"#1"},"up":{"uv":[4.5,8.5,4.5,8.25],"texture":"#1"},"down":{"uv":[4.75,8.25,4.75,8.5],"texture":"#1"}}},{"name":"head","from":[3.5,5.575,4.85],"to":[3.5,12.575,5.85],"rotation":{"angle":-22.5,"axis":"x","origin":[8,7.725,8.25]},"faces":{"north":{"uv":[5,8.25,5,10],"texture":"#1"},"east":{"uv":[0,8,0.25,9.75],"texture":"#1"},"south":{"uv":[8.25,6,8.25,7.75],"texture":"#1"},"west":{"uv":[0.5,8,0.75,9.75],"texture":"#1"},"up":{"uv":[8.25,8.25,8.25,8],"texture":"#1"},"down":{"uv":[8.5,3.75,8.5,4],"texture":"#1"}}},{"name":"right_arm","from":[9.83187,1.74074,8.25],"to":[11.83187,5.74074,10.25],"rotation":{"angle":45,"axis":"z","origin":[10.83187,3.74074,9.25]},"faces":{"north":{"uv":[6.75,2,7.25,3],"texture":"#1"},"east":{"uv":[7,6,7.5,7],"texture":"#1"},"south":{"uv":[7,7.25,7.5,8.25],"texture":"#1"},"west":{"uv":[7.5,2,8,3],"texture":"#1"},"up":{"uv":[1.5,8.5,1,8],"texture":"#1"},"down":{"uv":[2.25,8,1.75,8.5],"texture":"#1"}}},{"name":"left_arm","from":[4.16813,1.74074,8.25],"to":[6.16813,5.74074,10.25],"rotation":{"angle":-45,"axis":"z","origin":[5.16813,3.74074,9.25]},"faces":{"north":{"uv":[7.25,2,6.75,3],"texture":"#1"},"east":{"uv":[8,2,7.5,3],"texture":"#1"},"south":{"uv":[7.5,7.25,7,8.25],"texture":"#1"},"west":{"uv":[7.5,6,7,7],"texture":"#1"},"up":{"uv":[1,8.5,1.5,8],"texture":"#1"},"down":{"uv":[1.75,8,2.25,8.5],"texture":"#1"}}},{"name":"right_leg","from":[9,0.01,4.25],"to":[11,2.01,8.25],"rotation":{"angle":-22.5,"axis":"y","origin":[8,0.01,6.25]},"faces":{"north":{"uv":[2.5,8,3,8.5],"texture":"#1"},"east":{"uv":[6.75,3.25,7.75,3.75],"texture":"#1"},"south":{"uv":[3.25,8,3.75,8.5],"texture":"#1"},"west":{"uv":[4,7.5,5,8],"texture":"#1"},"up":{"uv":[5.75,8.5,5.25,7.5],"texture":"#1"},"down":{"uv":[6.5,7.5,6,8.5],"texture":"#1"}}},{"name":"left_leg","from":[5,0.01,4.25],"to":[7,2.01,8.25],"rotation":{"angle":22.5,"axis":"y","origin":[8,0.01,6.25]},"faces":{"north":{"uv":[3,8,2.5,8.5],"texture":"#1"},"east":{"uv":[5,7.5,4,8],"texture":"#1"},"south":{"uv":[3.75,8,3.25,8.5],"texture":"#1"},"west":{"uv":[7.75,3.25,6.75,3.75],"texture":"#1"},"up":{"uv":[5.25,8.5,5.75,7.5],"texture":"#1"},"down":{"uv":[6,7.5,6.5,8.5],"texture":"#1"}}}],"gui_light":"front","display":{"thirdperson_righthand":{"rotation":[24,13,0],"translation":[0,1.25,-0.5],"scale":[0.6,0.6,0.6]},"thirdperson_lefthand":{"rotation":[24,13,0],"translation":[0,0.75,-0.5],"scale":[0.6,0.6,0.6]},"firstperson_righthand":{"rotation":[0,109,5],"translation":[2,5.25,0],"scale":[0.71,0.71,0.71]},"firstperson_lefthand":{"rotation":[0,109,5],"translation":[2,5.25,0],"scale":[0.71,0.71,0.71]},"ground":{"translation":[0,3.5,0],"scale":[0.65,0.65,0.65]},"gui":{"rotation":[25,151,0],"translation":[0.25,0.25,0],"scale":[0.73,0.73,0.73]},"head":{"translation":[0,14.4,0]},"fixed":{"rotation":[-90,0,0],"translation":[0,0,-13.5],"scale":[1.7,1.7,1.7]}},"groups":[{"name":"base","origin":[8,8,8],"color":0,"nbt":"{}","children":[0,{"name":"group","origin":[8,7.5,8.25],"color":0,"nbt":"{}","children":[1,2,{"name":"group","origin":[8,7.75,8.25],"color":0,"nbt":"{}","children":[3,4,5,6,7]}]},{"name":"group","origin":[5.16813,3.74074,9.25],"color":0,"nbt":"{}","children":[8,9]},{"name":"group","origin":[8,0.01,6.25],"color":0,"nbt":"{}","children":[10,11]}]}],"mcmodels":"2bba870376773be42ff2f3e4d6611717"}