{"credit":"Made with Blockbench","texture_size":[128,128],"textures":{"2":"item/furniture/basic/bamboo","particle":"item/furniture/basic/bamboo"},"elements":[{"from":[-6.25,5,1.5],"to":[22.25,9,13.5],"rotation":{"angle":0,"axis":"y","origin":[8,3.25,3.5]},"faces":{"north":{"uv":[9.5,3.0625,11.3125,3.3125],"texture":"#2","tintindex":0},"east":{"uv":[11.9375,2.4375,12.6875,2.6875],"texture":"#2","tintindex":0},"south":{"uv":[9.6875,1.4375,11.5,1.6875],"texture":"#2","tintindex":0},"west":{"uv":[12,10.9375,12.75,11.1875],"texture":"#2","tintindex":0},"up":{"uv":[5.4375,6.375,3.625,5.625],"texture":"#2","tintindex":0},"down":{"uv":[7.3125,5.625,5.5,6.375],"texture":"#2","tintindex":0}}},{"from":[18.5,0,2.5],"to":[21.5,3,5.5],"rotation":{"angle":0,"axis":"y","origin":[20,2,4]},"faces":{"north":{"uv":[13.5,10.8125,13.6875,11],"texture":"#2"},"east":{"uv":[14.125,13.125,14.3125,13.3125],"texture":"#2"},"south":{"uv":[14.1875,0.875,14.375,1.0625],"texture":"#2"},"west":{"uv":[14.1875,2,14.375,2.1875],"texture":"#2"},"up":{"uv":[14.375,3.125,14.1875,2.9375],"texture":"#2"},"down":{"uv":[14.375,3.1875,14.1875,3.375],"texture":"#2"}}},{"from":[18.5,0,11.5],"to":[21.5,3,14.5],"rotation":{"angle":0,"axis":"y","origin":[20,2,13]},"faces":{"north":{"uv":[14.1875,3.4375,14.375,3.625],"texture":"#2"},"east":{"uv":[6.9375,14.1875,7.125,14.375],"texture":"#2"},"south":{"uv":[14.1875,7,14.375,7.1875],"texture":"#2"},"west":{"uv":[8.0625,14.1875,8.25,14.375],"texture":"#2"},"up":{"uv":[14.375,13.5625,14.1875,13.375],"texture":"#2"},"down":{"uv":[14.4375,1.125,14.25,1.3125],"texture":"#2"}}},{"from":[-5.5,0,2.5],"to":[-2.5,3,5.5],"rotation":{"angle":0,"axis":"y","origin":[-4,2,4]},"faces":{"north":{"uv":[14.25,1.375,14.4375,1.5625],"texture":"#2"},"east":{"uv":[14.25,3.6875,14.4375,3.875],"texture":"#2"},"south":{"uv":[14.25,3.9375,14.4375,4.125],"texture":"#2"},"west":{"uv":[5.4375,14.25,5.625,14.4375],"texture":"#2"},"up":{"uv":[5.875,14.4375,5.6875,14.25],"texture":"#2"},"down":{"uv":[14.4375,9.9375,14.25,10.125],"texture":"#2"}}},{"from":[-5.5,0,11.5],"to":[-2.5,3,14.5],"rotation":{"angle":0,"axis":"y","origin":[-4,2,13]},"faces":{"north":{"uv":[13.9375,14.25,14.125,14.4375],"texture":"#2"},"east":{"uv":[14.1875,14.25,14.375,14.4375],"texture":"#2"},"south":{"uv":[14.3125,0.625,14.5,0.8125],"texture":"#2"},"west":{"uv":[14.3125,2.4375,14.5,2.625],"texture":"#2"},"up":{"uv":[14.5,2.875,14.3125,2.6875],"texture":"#2"},"down":{"uv":[14.5,5.1875,14.3125,5.375],"texture":"#2"}}},{"from":[-6,3,1.9],"to":[22.1,5.1,11.5],"rotation":{"angle":0,"axis":"y","origin":[8.05,-1.7,6.45]},"faces":{"north":{"uv":[11.5,7.25,13.25,7.375],"texture":"#2"},"east":{"uv":[13.3125,3.1875,13.9375,3.3125],"texture":"#2"},"south":{"uv":[11.5,7.4375,13.25,7.5625],"texture":"#2"},"west":{"uv":[13.3125,12.875,13.9375,13],"texture":"#2"},"up":{"uv":[8.125,8.125,6.375,7.5],"texture":"#2"},"down":{"uv":[9.4375,2.75,7.6875,3.375],"texture":"#2"}}},{"from":[-6,3,11.5],"to":[22,6.25,15.5],"rotation":{"angle":0,"axis":"y","origin":[8,11.25,13.5]},"faces":{"north":{"uv":[10.25,6.625,12,6.8125],"texture":"#2"},"east":{"uv":[14,2.4375,14.25,2.625],"texture":"#2"},"south":{"uv":[10.4375,4.9375,12.1875,5.125],"texture":"#2"},"west":{"uv":[14,2.6875,14.25,2.875],"texture":"#2"},"up":{"uv":[11.5,4.875,9.75,4.625],"texture":"#2"},"down":{"uv":[11.0625,9.75,9.3125,10],"texture":"#2"}}},{"from":[-6,6.25,11.5],"to":[22,19.5,15.5],"rotation":{"angle":0,"axis":"y","origin":[8,11.25,13.5]},"faces":{"north":{"uv":[0,5.375,1.75,6.1875],"texture":"#2","tintindex":0},"east":{"uv":[7.5,11.8125,7.75,12.625],"texture":"#2","tintindex":0},"south":{"uv":[1.8125,5.625,3.5625,6.4375],"texture":"#2","tintindex":0},"west":{"uv":[7.8125,11.8125,8.0625,12.625],"texture":"#2","tintindex":0},"up":{"uv":[11.625,0.25,9.875,0],"texture":"#2","tintindex":0},"down":{"uv":[11.625,0.3125,9.875,0.5625],"texture":"#2","tintindex":0}}},{"from":[-7.5,3.5,2],"to":[-5.5,9.5,14],"rotation":{"angle":0,"axis":"y","origin":[-4.5,3.5,3]},"faces":{"north":{"uv":[1,14,1.125,14.375],"texture":"#2"},"east":{"uv":[10.625,8.9375,11.375,9.3125],"texture":"#2"},"south":{"uv":[14,2.9375,14.125,3.3125],"texture":"#2"},"west":{"uv":[10.6875,5.1875,11.4375,5.5625],"texture":"#2"},"up":{"uv":[4.625,14,4.5,13.25],"texture":"#2"},"down":{"uv":[4.8125,13.25,4.6875,14],"texture":"#2"}}},{"from":[21.5,3.5,2],"to":[23.5,9.5,14],"rotation":{"angle":0,"axis":"y","origin":[20.5,3.5,3]},"faces":{"north":{"uv":[14,3.375,14.125,3.75],"texture":"#2"},"east":{"uv":[10.6875,5.625,11.4375,6],"texture":"#2"},"south":{"uv":[3.8125,14,3.9375,14.375],"texture":"#2"},"west":{"uv":[10.6875,7.25,11.4375,7.625],"texture":"#2"},"up":{"uv":[5,14,4.875,13.25],"texture":"#2"},"down":{"uv":[5.1875,13.25,5.0625,14],"texture":"#2"}}},{"from":[-8,8,0.5],"to":[-4,12,14.5],"rotation":{"angle":0,"axis":"y","origin":[-6,9,2.5]},"faces":{"north":{"uv":[13.875,2,14.125,2.25],"texture":"#2"},"east":{"uv":[7.6875,4.1875,8.5625,4.4375],"texture":"#2"},"south":{"uv":[6.9375,13.875,7.1875,14.125],"texture":"#2"},"west":{"uv":[7.5,11.5,8.375,11.75],"texture":"#2"},"up":{"uv":[9.375,12.375,9.125,11.5],"texture":"#2"},"down":{"uv":[9.6875,11.5,9.4375,12.375],"texture":"#2"}}},{"from":[20,8,0.5],"to":[24,12,14.5],"rotation":{"angle":0,"axis":"y","origin":[22,9,2.5]},"faces":{"north":{"uv":[13.875,7,14.125,7.25],"texture":"#2"},"east":{"uv":[11.5,8.5,12.375,8.75],"texture":"#2"},"south":{"uv":[8.0625,13.875,8.3125,14.125],"texture":"#2"},"west":{"uv":[11.5625,1.3125,12.4375,1.5625],"texture":"#2"},"up":{"uv":[0.875,12.5,0.625,11.625],"texture":"#2"},"down":{"uv":[1.1875,11.625,0.9375,12.5],"texture":"#2"}}}],"gui_light":"front","display":{"thirdperson_righthand":{"rotation":[75,45,0],"translation":[0,2.5,0],"scale":[0.375,0.375,0.375]},"thirdperson_lefthand":{"rotation":[75,45,0],"translation":[0,2.5,0],"scale":[0.375,0.375,0.375]},"firstperson_righthand":{"rotation":[0,120,0],"scale":[0.4,0.4,0.4]},"firstperson_lefthand":{"rotation":[0,120,0],"scale":[0.4,0.4,0.4]},"ground":{"translation":[0,2,0],"scale":[0.5,0.5,0.5]},"gui":{"rotation":[15,150,0],"translation":[-0.25,-1,0],"scale":[0.4,0.4,0.5]},"fixed":{"rotation":[-90,0,0],"translation":[-16,0,-16],"scale":[2,2,2]}},"groups":[{"name":"sofa","origin":[24.5,-16,13],"color":0,"children":[0,1,2,3,4,5,6,7,8,9,10,11]}],"mcmodels":"175f334c99c447e9681cb9b03b4ab6a6"}